<?xml version="1.0" encoding="UTF-8" ?>
<step-assembly root="id72">
<product id="id72" name="Assem1" shape="id32"/>
<shape id="id32" unit="mm 0.001000">
    <child ref="id37" xform="1 0 0 0 0 1 0 0 0 0 1 0 0 0 0 1"/>
    <child ref="id42" xform="1 0 0 0 0 1 0 0 0 0 1 0 5.09575e-015 -1.75 2.1684e-016 1"/>
    <child ref="id42" xform="-1 5.665e-017 -6.93889e-018 0 -5.665e-017 -1 3.69763e-017 0 -6.93889e-018 3.69763e-017 1 0 4.8247e-015 1.75 -1.6263e-016 1"/>
</shape>
<shape id="id37" unit="mm 0.001000" shell="id79"/>
<shape id="id42" unit="mm 0.001000" shell="id82"/>
<shell id="id79">
    <verts>
        <v p="-0.8 -1.75 0.78"/>
        <v p="-0.8 -1.75 -0.78"/>
        <v p="-0.8 1.75 0.78"/>
        <v p="-0.8 1.75 -0.78"/>
        <v p="0.78 1.75 0.8"/>
        <v p="-0.78 1.75 0.8"/>
        <v p="-0.78 -1.75 0.8"/>
        <v p="0.78 -1.75 0.8"/>
        <v p="-0.78 -1.75 -0.8"/>
        <v p="0.78 -1.75 -0.8"/>
        <v p="0.8 -1.75 -0.78"/>
        <v p="0.8 -1.75 0.78"/>
        <v p="0.8 1.75 0.78"/>
        <v p="0.8 1.75 -0.78"/>
        <v p="0.78 1.75 -0.8"/>
        <v p="-0.78 1.75 -0.8"/>
        <v p="-0.8 -1.75 0.39"/>
        <v p="-0.8 -1.75 0"/>
        <v p="-0.8 -1.75 -0.39"/>
        <v p="-0.8 -0.875 0.78"/>
        <v p="-0.8 0 0.78"/>
        <v p="-0.8 0.875 0.78"/>
        <v p="-0.8 1.75 0.39"/>
        <v p="-0.8 1.75 0"/>
        <v p="-0.8 1.75 -0.39"/>
        <v p="-0.8 0.875 -0.78"/>
        <v p="-0.8 0 -0.78"/>
        <v p="-0.8 -0.875 -0.78"/>
        <v p="0.39 1.75 0.8"/>
        <v p="0 1.75 0.8"/>
        <v p="-0.39 1.75 0.8"/>
        <v p="-0.78 0.875 0.8"/>
        <v p="-0.78 0 0.8"/>
        <v p="-0.78 -0.875 0.8"/>
        <v p="-0.39 -1.75 0.8"/>
        <v p="0 -1.75 0.8"/>
        <v p="0.39 -1.75 0.8"/>
        <v p="0.78 -0.875 0.8"/>
        <v p="0.78 0 0.8"/>
        <v p="0.78 0.875 0.8"/>
        <v p="-0.787255498501727 -1.75 0.798637535821332"/>
        <v p="-0.794085797299239 -1.75 0.794198250400833"/>
        <v p="-0.798581696552059 -1.75 0.787397334198697"/>
        <v p="-0.798637535821332 -1.75 -0.787255498501727"/>
        <v p="-0.794198250400833 -1.75 -0.794085797299239"/>
        <v p="-0.787397334198697 -1.75 -0.798581696552059"/>
        <v p="-0.39 -1.75 -0.8"/>
        <v p="0 -1.75 -0.8"/>
        <v p="0.39 -1.75 -0.8"/>
        <v p="0.787255498501727 -1.75 -0.798637535821332"/>
        <v p="0.794085797299239 -1.75 -0.794198250400833"/>
        <v p="0.798581696552059 -1.75 -0.787397334198697"/>
        <v p="0.8 -1.75 0.39"/>
        <v p="0.8 -1.75 0"/>
        <v p="0.8 -1.75 -0.39"/>
        <v p="0.798637535821332 -1.75 0.787255498501727"/>
        <v p="0.794198250400833 -1.75 0.794085797299239"/>
        <v p="0.787397334198697 -1.75 0.798581696552059"/>
        <v p="0.8 0.875 0.78"/>
        <v p="0.8 0 0.78"/>
        <v p="0.8 -0.875 0.78"/>
        <v p="0.787255498501727 1.75 0.798637535821332"/>
        <v p="0.794085797299239 1.75 0.794198250400833"/>
        <v p="0.798581696552059 1.75 0.787397334198697"/>
        <v p="-0.798637535821332 1.75 0.787255498501727"/>
        <v p="-0.794198250400833 1.75 0.794085797299239"/>
        <v p="-0.787397334198697 1.75 0.798581696552059"/>
        <v p="0.8 1.75 0.39"/>
        <v p="0.8 1.75 0"/>
        <v p="0.8 1.75 -0.39"/>
        <v p="0.798637535821332 1.75 -0.787255498501727"/>
        <v p="0.794198250400833 1.75 -0.794085797299239"/>
        <v p="0.787397334198697 1.75 -0.798581696552059"/>
        <v p="0.39 1.75 -0.8"/>
        <v p="0 1.75 -0.8"/>
        <v p="-0.39 1.75 -0.8"/>
        <v p="-0.787255498501727 1.75 -0.798637535821332"/>
        <v p="-0.794085797299239 1.75 -0.794198250400833"/>
        <v p="-0.798581696552059 1.75 -0.787397334198697"/>
        <v p="-0.78 -0.875 -0.8"/>
        <v p="-0.78 0 -0.8"/>
        <v p="-0.78 0.875 -0.8"/>
        <v p="0.8 -0.875 -0.78"/>
        <v p="0.8 0 -0.78"/>
        <v p="0.8 0.875 -0.78"/>
        <v p="0.78 0.875 -0.8"/>
        <v p="0.78 0 -0.8"/>
        <v p="0.78 -0.875 -0.8"/>
    </verts>
    <facets color="333333">
        <f v="17 26 27" fn="-1 0 0">
            <n d="-1 -0 -0"/>
            <n d="-1 -0 -0"/>
            <n d="-1 -0 -0"/>
        </f>
        <f v="24 25 26" fn="-1 -0 -0">
            <n d="-1 -0 -0"/>
            <n d="-1 -0 -0"/>
            <n d="-1 -0 -0"/>
        </f>
        <f v="24 3 25" fn="-1 -0 -0">
            <n d="-1 -0 -0"/>
            <n d="-1 -0 -0"/>
            <n d="-1 -0 -0"/>
        </f>
        <f v="23 24 26" fn="-1 -0 -0">
            <n d="-1 -0 -0"/>
            <n d="-1 -0 -0"/>
            <n d="-1 -0 -0"/>
        </f>
        <f v="20 23 26" fn="-1 0 0">
            <n d="-1 -0 -0"/>
            <n d="-1 -0 -0"/>
            <n d="-1 -0 -0"/>
        </f>
        <f v="20 22 23" fn="-1 0 0">
            <n d="-1 -0 -0"/>
            <n d="-1 -0 -0"/>
            <n d="-1 -0 -0"/>
        </f>
        <f v="21 2 22" fn="-1 0 -0">
            <n d="-1 -0 -0"/>
            <n d="-1 -0 -0"/>
            <n d="-1 -0 -0"/>
        </f>
        <f v="20 21 22" fn="-1 0 -0">
            <n d="-1 -0 -0"/>
            <n d="-1 -0 -0"/>
            <n d="-1 -0 -0"/>
        </f>
        <f v="17 20 26" fn="-1 0 0">
            <n d="-1 -0 -0"/>
            <n d="-1 -0 -0"/>
            <n d="-1 -0 -0"/>
        </f>
        <f v="18 17 27" fn="-1 0 -0">
            <n d="-1 -0 -0"/>
            <n d="-1 -0 -0"/>
            <n d="-1 -0 -0"/>
        </f>
        <f v="16 0 19" fn="-1 0 0">
            <n d="-1 -0 -0"/>
            <n d="-1 -0 -0"/>
            <n d="-1 -0 -0"/>
        </f>
        <f v="17 19 20" fn="-1 0 0">
            <n d="-1 -0 -0"/>
            <n d="-1 -0 -0"/>
            <n d="-1 -0 -0"/>
        </f>
        <f v="17 16 19" fn="-1 -0 -0">
            <n d="-1 -0 -0"/>
            <n d="-1 -0 -0"/>
            <n d="-1 -0 -0"/>
        </f>
        <f v="18 27 1" fn="-1 0 0">
            <n d="-1 -0 -0"/>
            <n d="-1 -0 -0"/>
            <n d="-1 -0 -0"/>
        </f>
    </facets>
    <facets color="333333">
        <f v="38 28 29" fn="-0 -0 1">
            <n d="0 0 1"/>
            <n d="0 0 1"/>
            <n d="0 0 1"/>
        </f>
        <f v="31 30 5" fn="-0 -0 1">
            <n d="0 0 1"/>
            <n d="0 0 1"/>
            <n d="0 0 1"/>
        </f>
        <f v="31 29 30" fn="0 0 1">
            <n d="0 0 1"/>
            <n d="0 0 1"/>
            <n d="0 0 1"/>
        </f>
        <f v="32 29 31" fn="0 0 1">
            <n d="0 0 1"/>
            <n d="0 0 1"/>
            <n d="0 0 1"/>
        </f>
        <f v="35 29 32" fn="-0 -0 1">
            <n d="0 0 1"/>
            <n d="0 0 1"/>
            <n d="0 0 1"/>
        </f>
        <f v="34 32 33" fn="0 0 1">
            <n d="0 0 1"/>
            <n d="0 0 1"/>
            <n d="0 0 1"/>
        </f>
        <f v="34 33 6" fn="0 0 1">
            <n d="0 0 1"/>
            <n d="0 0 1"/>
            <n d="0 0 1"/>
        </f>
        <f v="35 32 34" fn="0 0 1">
            <n d="0 0 1"/>
            <n d="0 0 1"/>
            <n d="0 0 1"/>
        </f>
        <f v="38 29 35" fn="0 -0 1">
            <n d="0 0 1"/>
            <n d="0 0 1"/>
            <n d="0 0 1"/>
        </f>
        <f v="39 28 38" fn="0 0 1">
            <n d="0 0 1"/>
            <n d="0 0 1"/>
            <n d="0 0 1"/>
        </f>
        <f v="37 36 7" fn="-0 0 1">
            <n d="0 0 1"/>
            <n d="0 0 1"/>
            <n d="0 0 1"/>
        </f>
        <f v="38 35 36" fn="-0 -0 1">
            <n d="0 0 1"/>
            <n d="0 0 1"/>
            <n d="0 0 1"/>
        </f>
        <f v="38 36 37" fn="0 0 1">
            <n d="0 0 1"/>
            <n d="0 0 1"/>
            <n d="0 0 1"/>
        </f>
        <f v="39 4 28" fn="-0 -0 1">
            <n d="0 0 1"/>
            <n d="0 0 1"/>
            <n d="0 0 1"/>
        </f>
    </facets>
    <facets color="333333">
        <f v="56 57 7" fn="1.33376197352198e-014 -1 6.9563978526439e-014">
            <n d="-0 -1 -0"/>
            <n d="-0 -1 -0"/>
            <n d="-0 -1 -0"/>
        </f>
        <f v="11 56 7" fn="-2.68038781238672e-014 -1 -2.68038781238672e-014">
            <n d="-0 -1 -0"/>
            <n d="-0 -1 -0"/>
            <n d="-0 -1 -0"/>
        </f>
        <f v="11 55 56" fn="7.03414768247293e-014 -1 1.3208981081794e-014">
            <n d="-0 -1 -0"/>
            <n d="-0 -1 -0"/>
            <n d="-0 -1 -0"/>
        </f>
        <f v="52 11 7" fn="-0 -1 0">
            <n d="-0 -1 -0"/>
            <n d="-0 -1 -0"/>
            <n d="-0 -1 -0"/>
        </f>
        <f v="36 53 52" fn="0 -1 0">
            <n d="-0 -1 -0"/>
            <n d="-0 -1 -0"/>
            <n d="-0 -1 -0"/>
        </f>
        <f v="9 10 54" fn="0 -1 0">
            <n d="-0 -1 -0"/>
            <n d="-0 -1 -0"/>
            <n d="-0 -1 -0"/>
        </f>
        <f v="50 51 10" fn="6.9563978526439e-014 -1 -1.33376197352198e-014">
            <n d="-0 -1 -0"/>
            <n d="-0 -1 -0"/>
            <n d="-0 -1 -0"/>
        </f>
        <f v="49 50 10" fn="-5.85147325582322e-014 -1 4.00128592056607e-014">
            <n d="-0 -1 -0"/>
            <n d="-0 -1 -0"/>
            <n d="-0 -1 -0"/>
        </f>
        <f v="9 49 10" fn="-0 -1 -0">
            <n d="-0 -1 -0"/>
            <n d="-0 -1 -0"/>
            <n d="-0 -1 -0"/>
        </f>
        <f v="48 9 54" fn="0 -1 0">
            <n d="-0 -1 -0"/>
            <n d="-0 -1 -0"/>
            <n d="-0 -1 -0"/>
        </f>
        <f v="48 54 53" fn="-0 -1 -0">
            <n d="-0 -1 -0"/>
            <n d="-0 -1 -0"/>
            <n d="-0 -1 -0"/>
        </f>
        <f v="47 48 53" fn="-0 -1 -0">
            <n d="-0 -1 -0"/>
            <n d="-0 -1 -0"/>
            <n d="-0 -1 -0"/>
        </f>
        <f v="17 47 53" fn="0 -1 0">
            <n d="-0 -1 -0"/>
            <n d="-0 -1 -0"/>
            <n d="-0 -1 -0"/>
        </f>
        <f v="18 46 47" fn="-0 -1 -0">
            <n d="-0 -1 -0"/>
            <n d="-0 -1 -0"/>
            <n d="-0 -1 -0"/>
        </f>
        <f v="1 8 46" fn="0 -1 0">
            <n d="-0 -1 -0"/>
            <n d="-0 -1 -0"/>
            <n d="-0 -1 -0"/>
        </f>
        <f v="43 45 8" fn="0 -1 0">
            <n d="-0 -1 -0"/>
            <n d="-0 -1 -0"/>
            <n d="-0 -1 -0"/>
        </f>
        <f v="43 44 45" fn="9.4925217906302e-014 -1 9.42044791727974e-014">
            <n d="-0 -1 -0"/>
            <n d="-0 -1 -0"/>
            <n d="-0 -1 -0"/>
        </f>
        <f v="1 43 8" fn="-0 -1 -0">
            <n d="-0 -1 -0"/>
            <n d="-0 -1 -0"/>
            <n d="-0 -1 -0"/>
        </f>
        <f v="18 1 46" fn="-0 -1 -0">
            <n d="-0 -1 -0"/>
            <n d="-0 -1 -0"/>
            <n d="-0 -1 -0"/>
        </f>
        <f v="17 18 47" fn="-0 -1 -0">
            <n d="-0 -1 -0"/>
            <n d="-0 -1 -0"/>
            <n d="-0 -1 -0"/>
        </f>
        <f v="35 17 53" fn="0 -1 -0">
            <n d="-0 -1 -0"/>
            <n d="-0 -1 -0"/>
            <n d="-0 -1 -0"/>
        </f>
        <f v="6 0 16" fn="0 -1 0">
            <n d="-0 -1 -0"/>
            <n d="-0 -1 -0"/>
            <n d="-0 -1 -0"/>
        </f>
        <f v="41 42 0" fn="-6.9563978526439e-014 -1 1.33376197352198e-014">
            <n d="-0 -1 -0"/>
            <n d="-0 -1 -0"/>
            <n d="-0 -1 -0"/>
        </f>
        <f v="40 41 0" fn="5.85147325582322e-014 -1 -4.00128592056607e-014">
            <n d="-0 -1 -0"/>
            <n d="-0 -1 -0"/>
            <n d="-0 -1 -0"/>
        </f>
        <f v="6 40 0" fn="-0 -1 -0">
            <n d="-0 -1 -0"/>
            <n d="-0 -1 -0"/>
            <n d="-0 -1 -0"/>
        </f>
        <f v="36 35 53" fn="-0 -1 -0">
            <n d="-0 -1 -0"/>
            <n d="-0 -1 -0"/>
            <n d="-0 -1 -0"/>
        </f>
        <f v="34 6 16" fn="-0 -1 0">
            <n d="-0 -1 -0"/>
            <n d="-0 -1 -0"/>
            <n d="-0 -1 -0"/>
        </f>
        <f v="34 16 17" fn="-0 -1 -0">
            <n d="-0 -1 -0"/>
            <n d="-0 -1 -0"/>
            <n d="-0 -1 -0"/>
        </f>
        <f v="35 34 17" fn="-0 -1 -0">
            <n d="-0 -1 -0"/>
            <n d="-0 -1 -0"/>
            <n d="-0 -1 -0"/>
        </f>
        <f v="36 52 7" fn="0 -1 0">
            <n d="-0 -1 -0"/>
            <n d="-0 -1 -0"/>
            <n d="-0 -1 -0"/>
        </f>
    </facets>
    <facets color="333333">
        <f v="37 57 56" fn="0.551462290972102 0.00330995622310453 0.834193254483397">
            <n d="-1.22460635382238e-016 -0 1"/>
            <n d="0.369866709934828 0 0.929084827602941"/>
            <n d="0.70991252004167 0 0.704289864961924"/>
        </f>
        <f v="60 56 55" fn="0.838462217846511 0.00321315548722001 0.544950259084005">
            <n d="1 0 1.83690953073357e-016"/>
            <n d="0.70991252004167 0 0.704289864961924"/>
            <n d="0.931876791066598 0 0.362774925086368"/>
        </f>
        <f v="60 55 11" fn="0.982821649910755 0 0.184557862110236">
            <n d="1 0 1.83690953073357e-016"/>
            <n d="0.931876791066598 0 0.362774925086368"/>
            <n d="1 0 1.83690953073357e-016"/>
        </f>
        <f v="59 56 60" fn="0.92463844827091 0 0.380846084368952">
            <n d="1 0 1.83690953073357e-016"/>
            <n d="0.70991252004167 0 0.704289864961924"/>
            <n d="1 0 1.83690953073357e-016"/>
        </f>
        <f v="38 56 59" fn="0.707102819953023 0.00334724199391213 0.707102819953023">
            <n d="-1.22460635382238e-016 -0 1"/>
            <n d="0.70991252004167 0 0.704289864961924"/>
            <n d="1 0 1.83690953073357e-016"/>
        </f>
        <f v="62 59 58" fn="0.9231169657638 -0 0.384519268072532">
            <n d="0.704289864961924 0 0.70991252004167"/>
            <n d="1 0 1.83690953073357e-016"/>
            <n d="1 0 1.83690953073357e-016"/>
        </f>
        <f v="63 58 12" fn="0.982111202360238 0 0.188301848632792">
            <n d="0.92908482760294 0 0.369866709934828"/>
            <n d="1 0 1.83690953073357e-016"/>
            <n d="1 0 1.83690953073357e-016"/>
        </f>
        <f v="62 58 63" fn="0.834193254483397 -0.00330995622310453 0.551462290972102">
            <n d="0.704289864961924 0 0.70991252004167"/>
            <n d="1 0 1.83690953073357e-016"/>
            <n d="0.92908482760294 0 0.369866709934828"/>
        </f>
        <f v="38 59 62" fn="0.707102819953023 -0.00334724199391213 0.707102819953023">
            <n d="-1.22460635382238e-016 -0 1"/>
            <n d="1 0 1.83690953073357e-016"/>
            <n d="0.704289864961924 0 0.70991252004167"/>
        </f>
        <f v="39 62 61" fn="0.544950259084005 -0.00321315548722001 0.838462217846511">
            <n d="-1.22460635382238e-016 -0 1"/>
            <n d="0.704289864961924 0 0.70991252004167"/>
            <n d="0.362774925086367 0 0.931876791066598"/>
        </f>
        <f v="39 61 4" fn="0.184557862110236 -0 0.982821649910755">
            <n d="-1.22460635382238e-016 -0 1"/>
            <n d="0.362774925086367 0 0.931876791066598"/>
            <n d="-1.22460635382238e-016 -0 1"/>
        </f>
        <f v="37 56 38" fn="0.384519268072532 -0 0.9231169657638">
            <n d="-1.22460635382238e-016 -0 1"/>
            <n d="0.70991252004167 0 0.704289864961924"/>
            <n d="-1.22460635382238e-016 -0 1"/>
        </f>
        <f v="38 62 39" fn="0.380846084368952 -0 0.92463844827091">
            <n d="-1.22460635382238e-016 -0 1"/>
            <n d="0.704289864961924 0 0.70991252004167"/>
            <n d="-1.22460635382238e-016 -0 1"/>
        </f>
        <f v="37 7 57" fn="0.188301848632792 0 0.982111202360238">
            <n d="-1.22460635382238e-016 -0 1"/>
            <n d="-1.22460635382238e-016 -0 1"/>
            <n d="0.369866709934828 0 0.929084827602941"/>
        </f>
    </facets>
    <facets color="333333">
        <f v="77 78 3" fn="-6.9563978526439e-014 1 -1.33376197352198e-014">
            <n d="-0 1 -0"/>
            <n d="-0 1 -0"/>
            <n d="-0 1 -0"/>
        </f>
        <f v="76 77 3" fn="5.85147325582322e-014 1 4.00128592056607e-014">
            <n d="-0 1 -0"/>
            <n d="-0 1 -0"/>
            <n d="-0 1 -0"/>
        </f>
        <f v="15 76 3" fn="-0 1 -0">
            <n d="-0 1 -0"/>
            <n d="-0 1 -0"/>
            <n d="-0 1 -0"/>
        </f>
        <f v="75 15 3" fn="-0 1 -0">
            <n d="-0 1 -0"/>
            <n d="-0 1 -0"/>
            <n d="-0 1 -0"/>
        </f>
        <f v="23 74 75" fn="0 1 0">
            <n d="-0 1 -0"/>
            <n d="-0 1 -0"/>
            <n d="-0 1 -0"/>
        </f>
        <f v="69 73 74" fn="-0 1 -0">
            <n d="-0 1 -0"/>
            <n d="-0 1 -0"/>
            <n d="-0 1 -0"/>
        </f>
        <f v="13 14 73" fn="0 1 0">
            <n d="-0 1 -0"/>
            <n d="-0 1 -0"/>
            <n d="-0 1 -0"/>
        </f>
        <f v="70 72 14" fn="0 1 0">
            <n d="-0 1 -0"/>
            <n d="-0 1 -0"/>
            <n d="-0 1 -0"/>
        </f>
        <f v="70 71 72" fn="-9.4925217906302e-014 1 9.42044791727974e-014">
            <n d="-0 1 -0"/>
            <n d="-0 1 -0"/>
            <n d="-0 1 -0"/>
        </f>
        <f v="13 70 14" fn="-0 1 -0">
            <n d="-0 1 -0"/>
            <n d="-0 1 -0"/>
            <n d="-0 1 -0"/>
        </f>
        <f v="69 13 73" fn="-0 1 0">
            <n d="-0 1 -0"/>
            <n d="-0 1 -0"/>
            <n d="-0 1 -0"/>
        </f>
        <f v="68 69 74" fn="-0 1 0">
            <n d="-0 1 -0"/>
            <n d="-0 1 -0"/>
            <n d="-0 1 -0"/>
        </f>
        <f v="29 68 74" fn="0 1 0">
            <n d="-0 1 -0"/>
            <n d="-0 1 -0"/>
            <n d="-0 1 -0"/>
        </f>
        <f v="28 67 68" fn="-0 1 -0">
            <n d="-0 1 -0"/>
            <n d="-0 1 -0"/>
            <n d="-0 1 -0"/>
        </f>
        <f v="4 12 67" fn="0 1 0">
            <n d="-0 1 -0"/>
            <n d="-0 1 -0"/>
            <n d="-0 1 -0"/>
        </f>
        <f v="62 63 12" fn="6.9563978526439e-014 1 1.33376197352198e-014">
            <n d="-0 1 -0"/>
            <n d="-0 1 -0"/>
            <n d="-0 1 -0"/>
        </f>
        <f v="61 62 12" fn="-5.85147325582322e-014 1 -4.00128592056607e-014">
            <n d="-0 1 -0"/>
            <n d="-0 1 -0"/>
            <n d="-0 1 -0"/>
        </f>
        <f v="4 61 12" fn="-0 1 -0">
            <n d="-0 1 -0"/>
            <n d="-0 1 -0"/>
            <n d="-0 1 -0"/>
        </f>
        <f v="28 4 67" fn="-0 1 -0">
            <n d="-0 1 -0"/>
            <n d="-0 1 -0"/>
            <n d="-0 1 -0"/>
        </f>
        <f v="29 28 68" fn="-0 1 -0">
            <n d="-0 1 -0"/>
            <n d="-0 1 -0"/>
            <n d="-0 1 -0"/>
        </f>
        <f v="23 29 74" fn="-0 1 0">
            <n d="-0 1 -0"/>
            <n d="-0 1 -0"/>
            <n d="-0 1 -0"/>
        </f>
        <f v="22 5 30" fn="0 1 0">
            <n d="-0 1 -0"/>
            <n d="-0 1 -0"/>
            <n d="-0 1 -0"/>
        </f>
        <f v="65 66 5" fn="-1.33376197352198e-014 1 6.9563978526439e-014">
            <n d="-0 1 -0"/>
            <n d="-0 1 -0"/>
            <n d="-0 1 -0"/>
        </f>
        <f v="2 65 5" fn="2.68038781238672e-014 1 -2.68038781238672e-014">
            <n d="-0 1 -0"/>
            <n d="-0 1 -0"/>
            <n d="-0 1 -0"/>
        </f>
        <f v="2 64 65" fn="-7.03414768247293e-014 1 1.3208981081794e-014">
            <n d="-0 1 -0"/>
            <n d="-0 1 -0"/>
            <n d="-0 1 -0"/>
        </f>
        <f v="24 23 75" fn="-0 1 -0">
            <n d="-0 1 -0"/>
            <n d="-0 1 -0"/>
            <n d="-0 1 -0"/>
        </f>
        <f v="22 2 5" fn="-0 1 -0">
            <n d="-0 1 -0"/>
            <n d="-0 1 -0"/>
            <n d="-0 1 -0"/>
        </f>
        <f v="23 30 29" fn="0 1 0">
            <n d="-0 1 -0"/>
            <n d="-0 1 -0"/>
            <n d="-0 1 -0"/>
        </f>
        <f v="23 22 30" fn="-0 1 -0">
            <n d="-0 1 -0"/>
            <n d="-0 1 -0"/>
            <n d="-0 1 -0"/>
        </f>
        <f v="24 75 3" fn="0 1 0">
            <n d="-0 1 -0"/>
            <n d="-0 1 -0"/>
            <n d="-0 1 -0"/>
        </f>
    </facets>
    <facets color="333333">
        <f v="25 78 77" fn="-0.834193254483397 -0.00330995622310453 -0.551462290972102">
            <n d="-1 0 -6.12303176911189e-017"/>
            <n d="-0.929084827602941 0 -0.369866709934828"/>
            <n d="-0.704289864961924 0 -0.70991252004167"/>
        </f>
        <f v="81 76 15" fn="-0.184557862110236 0 -0.982821649910755">
            <n d="0 0 -1"/>
            <n d="-0.362774925086367 0 -0.931876791066598"/>
            <n d="0 0 -1"/>
        </f>
        <f v="81 77 76" fn="-0.544950259084005 -0.00321315548722001 -0.838462217846511">
            <n d="0 0 -1"/>
            <n d="-0.704289864961924 0 -0.70991252004167"/>
            <n d="-0.362774925086367 0 -0.931876791066598"/>
        </f>
        <f v="80 77 81" fn="-0.380846084368952 0 -0.92463844827091">
            <n d="0 0 -1"/>
            <n d="-0.704289864961924 0 -0.70991252004167"/>
            <n d="0 0 -1"/>
        </f>
        <f v="26 77 80" fn="-0.707102819953023 -0.00334724199391213 -0.707102819953023">
            <n d="-1 0 -6.12303176911189e-017"/>
            <n d="-0.704289864961924 0 -0.70991252004167"/>
            <n d="0 0 -1"/>
        </f>
        <f v="44 80 79" fn="-0.384519268072532 -0 -0.9231169657638">
            <n d="-0.70991252004167 0 -0.704289864961924"/>
            <n d="0 0 -1"/>
            <n d="0 0 -1"/>
        </f>
        <f v="45 79 8" fn="-0.188301848632792 0 -0.982111202360238">
            <n d="-0.369866709934828 0 -0.929084827602941"/>
            <n d="0 0 -1"/>
            <n d="0 0 -1"/>
        </f>
        <f v="44 79 45" fn="-0.551462290972102 0.00330995622310453 -0.834193254483397">
            <n d="-0.70991252004167 0 -0.704289864961924"/>
            <n d="0 0 -1"/>
            <n d="-0.369866709934828 0 -0.929084827602941"/>
        </f>
        <f v="26 80 44" fn="-0.707102819953023 0.00334724199391213 -0.707102819953023">
            <n d="-1 0 -6.12303176911189e-017"/>
            <n d="0 0 -1"/>
            <n d="-0.70991252004167 0 -0.704289864961924"/>
        </f>
        <f v="25 77 26" fn="-0.9231169657638 -0 -0.384519268072532">
            <n d="-1 0 -6.12303176911189e-017"/>
            <n d="-0.704289864961924 0 -0.70991252004167"/>
            <n d="-1 0 -6.12303176911189e-017"/>
        </f>
        <f v="27 43 1" fn="-0.982821649910755 -0 -0.184557862110236">
            <n d="-1 0 -6.12303176911189e-017"/>
            <n d="-0.931876791066598 0 -0.362774925086367"/>
            <n d="-1 0 -6.12303176911189e-017"/>
        </f>
        <f v="27 44 43" fn="-0.838462217846511 0.00321315548722001 -0.544950259084005">
            <n d="-1 0 -6.12303176911189e-017"/>
            <n d="-0.70991252004167 0 -0.704289864961924"/>
            <n d="-0.931876791066598 0 -0.362774925086367"/>
        </f>
        <f v="26 44 27" fn="-0.92463844827091 -0 -0.380846084368952">
            <n d="-1 0 -6.12303176911189e-017"/>
            <n d="-0.70991252004167 0 -0.704289864961924"/>
            <n d="-1 0 -6.12303176911189e-017"/>
        </f>
        <f v="25 3 78" fn="-0.982111202360238 0 -0.188301848632792">
            <n d="-1 0 -6.12303176911189e-017"/>
            <n d="-1 0 -6.12303176911189e-017"/>
            <n d="-0.929084827602941 0 -0.369866709934828"/>
        </f>
    </facets>
    <facets color="333333">
        <f v="52 59 60" fn="1 0 0">
            <n d="1 -0 -0"/>
            <n d="1 -0 -0"/>
            <n d="1 -0 -0"/>
        </f>
        <f v="68 58 59" fn="1 0 0">
            <n d="1 -0 -0"/>
            <n d="1 -0 -0"/>
            <n d="1 -0 -0"/>
        </f>
        <f v="67 12 58" fn="1 -0 -0">
            <n d="1 -0 -0"/>
            <n d="1 -0 -0"/>
            <n d="1 -0 -0"/>
        </f>
        <f v="68 67 58" fn="1 -0 -0">
            <n d="1 -0 -0"/>
            <n d="1 -0 -0"/>
            <n d="1 -0 -0"/>
        </f>
        <f v="83 68 59" fn="1 0 0">
            <n d="1 -0 -0"/>
            <n d="1 -0 -0"/>
            <n d="1 -0 -0"/>
        </f>
        <f v="84 69 68" fn="1 -0 -0">
            <n d="1 -0 -0"/>
            <n d="1 -0 -0"/>
            <n d="1 -0 -0"/>
        </f>
        <f v="84 13 69" fn="1 -0 -0">
            <n d="1 -0 -0"/>
            <n d="1 -0 -0"/>
            <n d="1 -0 -0"/>
        </f>
        <f v="83 84 68" fn="1 -0 -0">
            <n d="1 -0 -0"/>
            <n d="1 -0 -0"/>
            <n d="1 -0 -0"/>
        </f>
        <f v="53 83 59" fn="1 -0 0">
            <n d="1 -0 -0"/>
            <n d="1 -0 -0"/>
            <n d="1 -0 -0"/>
        </f>
        <f v="52 53 59" fn="1 -0 -0">
            <n d="1 -0 -0"/>
            <n d="1 -0 -0"/>
            <n d="1 -0 -0"/>
        </f>
        <f v="54 10 82" fn="1 0 0">
            <n d="1 -0 -0"/>
            <n d="1 -0 -0"/>
            <n d="1 -0 -0"/>
        </f>
        <f v="54 82 83" fn="1 -0 -0">
            <n d="1 -0 -0"/>
            <n d="1 -0 -0"/>
            <n d="1 -0 -0"/>
        </f>
        <f v="53 54 83" fn="1 -0 -0">
            <n d="1 -0 -0"/>
            <n d="1 -0 -0"/>
            <n d="1 -0 -0"/>
        </f>
        <f v="52 60 11" fn="1 0 0">
            <n d="1 -0 -0"/>
            <n d="1 -0 -0"/>
            <n d="1 -0 -0"/>
        </f>
    </facets>
    <facets color="333333">
        <f v="82 51 50" fn="0.834193254483397 0.00330995622310453 -0.551462290972102">
            <n d="1 0 -1.83690953073357e-016"/>
            <n d="0.92908482760294 0 -0.369866709934828"/>
            <n d="0.704289864961924 0 -0.70991252004167"/>
        </f>
        <f v="87 49 9" fn="0.184557862110236 -0 -0.982821649910755">
            <n d="-1.22460635382238e-016 0 -1"/>
            <n d="0.362774925086367 0 -0.931876791066598"/>
            <n d="-1.22460635382238e-016 0 -1"/>
        </f>
        <f v="87 50 49" fn="0.544950259084005 0.00321315548722001 -0.838462217846511">
            <n d="-1.22460635382238e-016 0 -1"/>
            <n d="0.704289864961924 0 -0.70991252004167"/>
            <n d="0.362774925086367 0 -0.931876791066598"/>
        </f>
        <f v="86 50 87" fn="0.380846084368952 0 -0.92463844827091">
            <n d="-1.22460635382238e-016 0 -1"/>
            <n d="0.704289864961924 0 -0.70991252004167"/>
            <n d="-1.22460635382238e-016 0 -1"/>
        </f>
        <f v="83 50 86" fn="0.707102819953023 0.00334724199391213 -0.707102819953023">
            <n d="1 0 -1.83690953073357e-016"/>
            <n d="0.704289864961924 0 -0.70991252004167"/>
            <n d="-1.22460635382238e-016 0 -1"/>
        </f>
        <f v="71 86 85" fn="0.384519268072532 -0 -0.9231169657638">
            <n d="0.70991252004167 0 -0.704289864961924"/>
            <n d="-1.22460635382238e-016 0 -1"/>
            <n d="-1.22460635382238e-016 0 -1"/>
        </f>
        <f v="72 85 14" fn="0.188301848632792 0 -0.982111202360238">
            <n d="0.369866709934828 0 -0.929084827602941"/>
            <n d="-1.22460635382238e-016 0 -1"/>
            <n d="-1.22460635382238e-016 0 -1"/>
        </f>
        <f v="71 85 72" fn="0.551462290972102 -0.00330995622310453 -0.834193254483397">
            <n d="0.70991252004167 0 -0.704289864961924"/>
            <n d="-1.22460635382238e-016 0 -1"/>
            <n d="0.369866709934828 0 -0.929084827602941"/>
        </f>
        <f v="83 86 71" fn="0.707102819953023 -0.00334724199391213 -0.707102819953023">
            <n d="1 0 -1.83690953073357e-016"/>
            <n d="-1.22460635382238e-016 0 -1"/>
            <n d="0.70991252004167 0 -0.704289864961924"/>
        </f>
        <f v="82 50 83" fn="0.9231169657638 0 -0.384519268072532">
            <n d="1 0 -1.83690953073357e-016"/>
            <n d="0.704289864961924 0 -0.70991252004167"/>
            <n d="1 0 -1.83690953073357e-016"/>
        </f>
        <f v="84 70 13" fn="0.982821649910755 -0 -0.184557862110236">
            <n d="1 0 -1.83690953073357e-016"/>
            <n d="0.931876791066598 0 -0.362774925086368"/>
            <n d="1 0 -1.83690953073357e-016"/>
        </f>
        <f v="84 71 70" fn="0.838462217846511 -0.00321315548722001 -0.544950259084005">
            <n d="1 0 -1.83690953073357e-016"/>
            <n d="0.70991252004167 0 -0.704289864961924"/>
            <n d="0.931876791066598 0 -0.362774925086368"/>
        </f>
        <f v="83 71 84" fn="0.92463844827091 0 -0.380846084368952">
            <n d="1 0 -1.83690953073357e-016"/>
            <n d="0.70991252004167 0 -0.704289864961924"/>
            <n d="1 0 -1.83690953073357e-016"/>
        </f>
        <f v="82 10 51" fn="0.982111202360238 -0 -0.188301848632792">
            <n d="1 0 -1.83690953073357e-016"/>
            <n d="1 0 -1.83690953073357e-016"/>
            <n d="0.92908482760294 0 -0.369866709934828"/>
        </f>
    </facets>
    <facets color="333333">
        <f v="48 86 87" fn="0 0 -1">
            <n d="-0 -0 -1"/>
            <n d="-0 -0 -1"/>
            <n d="-0 -0 -1"/>
        </f>
        <f v="73 85 86" fn="-0 -0 -1">
            <n d="-0 -0 -1"/>
            <n d="-0 -0 -1"/>
            <n d="-0 -0 -1"/>
        </f>
        <f v="73 14 85" fn="0 -0 -1">
            <n d="-0 -0 -1"/>
            <n d="-0 -0 -1"/>
            <n d="-0 -0 -1"/>
        </f>
        <f v="74 73 86" fn="0 -0 -1">
            <n d="-0 -0 -1"/>
            <n d="-0 -0 -1"/>
            <n d="-0 -0 -1"/>
        </f>
        <f v="80 74 86" fn="0 0 -1">
            <n d="-0 -0 -1"/>
            <n d="-0 -0 -1"/>
            <n d="-0 -0 -1"/>
        </f>
        <f v="81 75 74" fn="-0 -0 -1">
            <n d="-0 -0 -1"/>
            <n d="-0 -0 -1"/>
            <n d="-0 -0 -1"/>
        </f>
        <f v="81 15 75" fn="-0 -0 -1">
            <n d="-0 -0 -1"/>
            <n d="-0 -0 -1"/>
            <n d="-0 -0 -1"/>
        </f>
        <f v="80 81 74" fn="-0 -0 -1">
            <n d="-0 -0 -1"/>
            <n d="-0 -0 -1"/>
            <n d="-0 -0 -1"/>
        </f>
        <f v="47 80 86" fn="0 0 -1">
            <n d="-0 -0 -1"/>
            <n d="-0 -0 -1"/>
            <n d="-0 -0 -1"/>
        </f>
        <f v="48 47 86" fn="-0 0 -1">
            <n d="-0 -0 -1"/>
            <n d="-0 -0 -1"/>
            <n d="-0 -0 -1"/>
        </f>
        <f v="46 8 79" fn="0 0 -1">
            <n d="-0 -0 -1"/>
            <n d="-0 -0 -1"/>
            <n d="-0 -0 -1"/>
        </f>
        <f v="46 79 80" fn="-0 -0 -1">
            <n d="-0 -0 -1"/>
            <n d="-0 -0 -1"/>
            <n d="-0 -0 -1"/>
        </f>
        <f v="47 46 80" fn="-0 -0 -1">
            <n d="-0 -0 -1"/>
            <n d="-0 -0 -1"/>
            <n d="-0 -0 -1"/>
        </f>
        <f v="48 87 9" fn="0 0 -1">
            <n d="-0 -0 -1"/>
            <n d="-0 -0 -1"/>
            <n d="-0 -0 -1"/>
        </f>
    </facets>
    <facets color="333333">
        <f v="31 66 65" fn="-0.551462290972102 -0.00330995622310453 0.834193254483397">
            <n d="0 0 1"/>
            <n d="-0.369866709934828 0 0.929084827602941"/>
            <n d="-0.70991252004167 0 0.704289864961924"/>
        </f>
        <f v="21 65 64" fn="-0.838462217846511 -0.00321315548722001 0.544950259084005">
            <n d="-1 0 6.12303176911189e-017"/>
            <n d="-0.70991252004167 0 0.704289864961924"/>
            <n d="-0.931876791066598 0 0.362774925086367"/>
        </f>
        <f v="21 64 2" fn="-0.982821649910755 0 0.184557862110236">
            <n d="-1 0 6.12303176911189e-017"/>
            <n d="-0.931876791066598 0 0.362774925086367"/>
            <n d="-1 0 6.12303176911189e-017"/>
        </f>
        <f v="20 65 21" fn="-0.92463844827091 0 0.380846084368952">
            <n d="-1 0 6.12303176911189e-017"/>
            <n d="-0.70991252004167 0 0.704289864961924"/>
            <n d="-1 0 6.12303176911189e-017"/>
        </f>
        <f v="32 65 20" fn="-0.707102819953023 -0.00334724199391213 0.707102819953023">
            <n d="0 0 1"/>
            <n d="-0.70991252004167 0 0.704289864961924"/>
            <n d="-1 0 6.12303176911189e-017"/>
        </f>
        <f v="41 20 19" fn="-0.9231169657638 -0 0.384519268072532">
            <n d="-0.704289864961924 0 0.70991252004167"/>
            <n d="-1 0 6.12303176911189e-017"/>
            <n d="-1 0 6.12303176911189e-017"/>
        </f>
        <f v="42 19 0" fn="-0.982111202360238 0 0.188301848632792">
            <n d="-0.929084827602941 0 0.369866709934828"/>
            <n d="-1 0 6.12303176911189e-017"/>
            <n d="-1 0 6.12303176911189e-017"/>
        </f>
        <f v="41 19 42" fn="-0.834193254483397 0.00330995622310453 0.551462290972102">
            <n d="-0.704289864961924 0 0.70991252004167"/>
            <n d="-1 0 6.12303176911189e-017"/>
            <n d="-0.929084827602941 0 0.369866709934828"/>
        </f>
        <f v="32 20 41" fn="-0.707102819953023 0.00334724199391213 0.707102819953023">
            <n d="0 0 1"/>
            <n d="-1 0 6.12303176911189e-017"/>
            <n d="-0.704289864961924 0 0.70991252004167"/>
        </f>
        <f v="33 41 40" fn="-0.544950259084005 0.00321315548722001 0.838462217846511">
            <n d="0 0 1"/>
            <n d="-0.704289864961924 0 0.70991252004167"/>
            <n d="-0.362774925086367 0 0.931876791066598"/>
        </f>
        <f v="33 40 6" fn="-0.184557862110236 0 0.982821649910755">
            <n d="0 0 1"/>
            <n d="-0.362774925086367 0 0.931876791066598"/>
            <n d="0 0 1"/>
        </f>
        <f v="31 65 32" fn="-0.384519268072532 0 0.9231169657638">
            <n d="0 0 1"/>
            <n d="-0.70991252004167 0 0.704289864961924"/>
            <n d="0 0 1"/>
        </f>
        <f v="32 41 33" fn="-0.380846084368952 0 0.92463844827091">
            <n d="0 0 1"/>
            <n d="-0.704289864961924 0 0.70991252004167"/>
            <n d="0 0 1"/>
        </f>
        <f v="31 5 66" fn="-0.188301848632792 -0 0.982111202360238">
            <n d="0 0 1"/>
            <n d="0 0 1"/>
            <n d="-0.369866709934828 0 0.929084827602941"/>
        </f>
    </facets>
</shell>
<shell id="id82">
    <verts>
        <v p="-0.8 0 0.78"/>
        <v p="-0.8 0 -0.78"/>
        <v p="-0.8 -0.48 -0.78"/>
        <v p="-0.8 -0.48 0.78"/>
        <v p="0.8 -0.48 -0.78"/>
        <v p="0.78 -0.48 -0.8"/>
        <v p="0.78 0 -0.8"/>
        <v p="0.8 0 -0.78"/>
        <v p="0.8 -0.48 0.78"/>
        <v p="0.8 0 0.78"/>
        <v p="-0.78 0 -0.8"/>
        <v p="-0.78 0 0.8"/>
        <v p="0.78 0 0.8"/>
        <v p="-0.78 -0.5 0.78"/>
        <v p="-0.78 -0.5 -0.78"/>
        <v p="0.78 -0.5 -0.78"/>
        <v p="0.78 -0.5 0.78"/>
        <v p="-0.78 -0.48 -0.8"/>
        <v p="-0.78 -0.48 0.8"/>
        <v p="0.78 -0.48 0.8"/>
        <v p="-0.8 0 0.39"/>
        <v p="-0.8 0 0"/>
        <v p="-0.8 0 -0.39"/>
        <v p="-0.8 -0.12 -0.78"/>
        <v p="-0.8 -0.24 -0.78"/>
        <v p="-0.8 -0.36 -0.78"/>
        <v p="-0.8 -0.48 -0.39"/>
        <v p="-0.8 -0.48 0"/>
        <v p="-0.8 -0.48 0.39"/>
        <v p="-0.8 -0.36 0.78"/>
        <v p="-0.8 -0.24 0.78"/>
        <v p="-0.8 -0.12 0.78"/>
        <v p="0.798637535821332 -0.48 -0.787255498501727"/>
        <v p="0.794198250400833 -0.48 -0.794085797299239"/>
        <v p="0.787397334198697 -0.48 -0.798581696552059"/>
        <v p="0.78 -0.12 -0.8"/>
        <v p="0.78 -0.24 -0.8"/>
        <v p="0.78 -0.36 -0.8"/>
        <v p="0.798637535821332 0 -0.787255498501727"/>
        <v p="0.794198250400833 0 -0.794085797299239"/>
        <v p="0.787397334198697 0 -0.798581696552059"/>
        <v p="0.8 -0.36 -0.78"/>
        <v p="0.8 -0.24 -0.78"/>
        <v p="0.8 -0.12 -0.78"/>
        <v p="0.8 -0.48 0.39"/>
        <v p="0.8 -0.48 0"/>
        <v p="0.8 -0.48 -0.39"/>
        <v p="0.8 0 -0.39"/>
        <v p="0.8 0 0"/>
        <v p="0.8 0 0.39"/>
        <v p="0.8 -0.12 0.78"/>
        <v p="0.8 -0.24 0.78"/>
        <v p="0.8 -0.36 0.78"/>
        <v p="-0.39 0 -0.8"/>
        <v p="0 0 -0.8"/>
        <v p="0.39 0 -0.8"/>
        <v p="-0.787255498501727 0 -0.798637535821332"/>
        <v p="-0.794085797299239 0 -0.794198250400833"/>
        <v p="-0.798581696552059 0 -0.787397334198697"/>
        <v p="-0.798637535821332 0 0.787255498501727"/>
        <v p="-0.794198250400833 0 0.794085797299239"/>
        <v p="-0.787397334198697 0 0.798581696552059"/>
        <v p="0.39 0 0.8"/>
        <v p="0 0 0.8"/>
        <v p="-0.39 0 0.8"/>
        <v p="0.787255498501727 0 0.798637535821332"/>
        <v p="0.794085797299239 0 0.794198250400833"/>
        <v p="0.798581696552059 0 0.787397334198697"/>
        <v p="-0.78 -0.5 0.39"/>
        <v p="-0.78 -0.5 0"/>
        <v p="-0.78 -0.5 -0.39"/>
        <v p="-0.39 -0.5 -0.78"/>
        <v p="0 -0.5 -0.78"/>
        <v p="0.39 -0.5 -0.78"/>
        <v p="0.78 -0.5 -0.39"/>
        <v p="0.78 -0.5 0"/>
        <v p="0.78 -0.5 0.39"/>
        <v p="0.39 -0.5 0.78"/>
        <v p="0 -0.5 0.78"/>
        <v p="-0.39 -0.5 0.78"/>
        <v p="-0.78 -0.498637535821332 -0.787255498501727"/>
        <v p="-0.78 -0.494198250400833 -0.794085797299239"/>
        <v p="-0.78 -0.487397334198697 -0.798581696552059"/>
        <v p="0.39 -0.48 -0.8"/>
        <v p="0 -0.48 -0.8"/>
        <v p="-0.39 -0.48 -0.8"/>
        <v p="0.78 -0.498581696552059 -0.787397334198697"/>
        <v p="0.78 -0.494085797299239 -0.794198250400833"/>
        <v p="0.78 -0.487255498501727 -0.798637535821332"/>
        <v p="0.798637535821332 -0.487255498501727 0.78"/>
        <v p="0.794198250400833 -0.494085797299238 0.78"/>
        <v p="0.787397334198697 -0.498581696552059 0.78"/>
        <v p="0.798581696552059 -0.487397334198697 -0.78"/>
        <v p="0.794085797299239 -0.494198250400833 -0.78"/>
        <v p="0.787255498501727 -0.498637535821332 -0.78"/>
        <v p="-0.78 -0.487255498501727 0.798637535821332"/>
        <v p="-0.78 -0.494085797299238 0.794198250400833"/>
        <v p="-0.78 -0.498581696552059 0.787397334198697"/>
        <v p="-0.787397334198697 -0.48 0.798581696552059"/>
        <v p="-0.794198250400833 -0.48 0.794085797299239"/>
        <v p="-0.798637535821332 -0.48 0.787255498501727"/>
        <v p="-0.787255498501727 -0.498637535821332 0.78"/>
        <v p="-0.794085797299239 -0.494198250400833 0.78"/>
        <v p="-0.798581696552059 -0.487397334198697 0.78"/>
        <v p="-0.787397334198697 -0.498581696552059 -0.78"/>
        <v p="-0.794198250400833 -0.494085797299239 -0.78"/>
        <v p="-0.798637535821332 -0.487255498501727 -0.78"/>
        <v p="-0.798581696552059 -0.48 -0.787397334198697"/>
        <v p="-0.794085797299239 -0.48 -0.794198250400833"/>
        <v p="-0.787255498501727 -0.48 -0.798637535821332"/>
        <v p="-0.78 -0.36 -0.8"/>
        <v p="-0.78 -0.24 -0.8"/>
        <v p="-0.78 -0.12 -0.8"/>
        <v p="-0.78 -0.12 0.8"/>
        <v p="-0.78 -0.24 0.8"/>
        <v p="-0.78 -0.36 0.8"/>
        <v p="-0.39 -0.48 0.8"/>
        <v p="0 -0.48 0.8"/>
        <v p="0.39 -0.48 0.8"/>
        <v p="0.78 -0.36 0.8"/>
        <v p="0.78 -0.24 0.8"/>
        <v p="0.78 -0.12 0.8"/>
        <v p="0.798581696552059 -0.48 0.787397334198697"/>
        <v p="0.794085797299239 -0.48 0.794198250400833"/>
        <v p="0.787255498501727 -0.48 0.798637535821332"/>
        <v p="0.78 -0.487397334198697 0.798581696552059"/>
        <v p="0.78 -0.494198250400833 0.794085797299239"/>
        <v p="0.78 -0.498637535821332 0.787255498501727"/>
    </verts>
    <facets>
        <f v="21 30 31" fn="-1 0 0">
            <n d="-1 -0 6.7762635780344e-017"/>
            <n d="-1 -0 6.7762635780344e-017"/>
            <n d="-1 -0 6.7762635780344e-017"/>
        </f>
        <f v="28 3 29" fn="-1 0 0">
            <n d="-1 -0 6.7762635780344e-017"/>
            <n d="-1 -0 6.7762635780344e-017"/>
            <n d="-1 -0 6.7762635780344e-017"/>
        </f>
        <f v="27 29 30" fn="-1 0 0">
            <n d="-1 -0 6.7762635780344e-017"/>
            <n d="-1 -0 6.7762635780344e-017"/>
            <n d="-1 -0 6.7762635780344e-017"/>
        </f>
        <f v="27 28 29" fn="-1 -0 -0">
            <n d="-1 -0 6.7762635780344e-017"/>
            <n d="-1 -0 6.7762635780344e-017"/>
            <n d="-1 -0 6.7762635780344e-017"/>
        </f>
        <f v="24 27 30" fn="-1 0 0">
            <n d="-1 -0 6.7762635780344e-017"/>
            <n d="-1 -0 6.7762635780344e-017"/>
            <n d="-1 -0 6.7762635780344e-017"/>
        </f>
        <f v="25 26 27" fn="-1 -0 -0">
            <n d="-1 -0 6.7762635780344e-017"/>
            <n d="-1 -0 6.7762635780344e-017"/>
            <n d="-1 -0 6.7762635780344e-017"/>
        </f>
        <f v="25 2 26" fn="-1 -0 -0">
            <n d="-1 -0 6.7762635780344e-017"/>
            <n d="-1 -0 6.7762635780344e-017"/>
            <n d="-1 -0 6.7762635780344e-017"/>
        </f>
        <f v="24 25 27" fn="-1 -0 -0">
            <n d="-1 -0 6.7762635780344e-017"/>
            <n d="-1 -0 6.7762635780344e-017"/>
            <n d="-1 -0 6.7762635780344e-017"/>
        </f>
        <f v="21 24 30" fn="-1 -0 0">
            <n d="-1 -0 6.7762635780344e-017"/>
            <n d="-1 -0 6.7762635780344e-017"/>
            <n d="-1 -0 6.7762635780344e-017"/>
        </f>
        <f v="22 23 24" fn="-1 -0 -0">
            <n d="-1 -0 6.7762635780344e-017"/>
            <n d="-1 -0 6.7762635780344e-017"/>
            <n d="-1 -0 6.7762635780344e-017"/>
        </f>
        <f v="22 1 23" fn="-1 -0 -0">
            <n d="-1 -0 6.7762635780344e-017"/>
            <n d="-1 -0 6.7762635780344e-017"/>
            <n d="-1 -0 6.7762635780344e-017"/>
        </f>
        <f v="20 21 31" fn="-1 -0 -0">
            <n d="-1 -0 6.7762635780344e-017"/>
            <n d="-1 -0 6.7762635780344e-017"/>
            <n d="-1 -0 6.7762635780344e-017"/>
        </f>
        <f v="21 22 24" fn="-1 -0 -0">
            <n d="-1 -0 6.7762635780344e-017"/>
            <n d="-1 -0 6.7762635780344e-017"/>
            <n d="-1 -0 6.7762635780344e-017"/>
        </f>
        <f v="20 31 0" fn="-1 0 0">
            <n d="-1 -0 6.7762635780344e-017"/>
            <n d="-1 -0 6.7762635780344e-017"/>
            <n d="-1 -0 6.7762635780344e-017"/>
        </f>
    </facets>
    <facets>
        <f v="41 32 33" fn="0.838236508712678 0.0234229517413083 -0.544803561655855">
            <n d="1 0 -1.83690953073357e-016"/>
            <n d="0.931876791066598 0 -0.362774925086368"/>
            <n d="0.70991252004167 0 -0.704289864961924"/>
        </f>
        <f v="37 34 5" fn="0.188301848632792 -0 -0.982111202360238">
            <n d="-1.22460635382238e-016 0 -1"/>
            <n d="0.369866709934828 0 -0.929084827602941"/>
            <n d="-1.22460635382238e-016 0 -1"/>
        </f>
        <f v="37 33 34" fn="0.551304765152079 0.0241282032425615 -0.833954966247517">
            <n d="-1.22460635382238e-016 0 -1"/>
            <n d="0.70991252004167 0 -0.704289864961924"/>
            <n d="0.369866709934828 0 -0.929084827602941"/>
        </f>
        <f v="36 33 37" fn="0.384519268072532 0 -0.9231169657638">
            <n d="-1.22460635382238e-016 0 -1"/>
            <n d="0.70991252004167 0 -0.704289864961924"/>
            <n d="-1.22460635382238e-016 0 -1"/>
        </f>
        <f v="42 33 36" fn="0.706896261008803 0.0243998431049977 -0.706896261008803">
            <n d="1 0 -1.83690953073357e-016"/>
            <n d="0.70991252004167 0 -0.704289864961924"/>
            <n d="-1.22460635382238e-016 0 -1"/>
        </f>
        <f v="39 36 35" fn="0.384519268072532 -0 -0.9231169657638">
            <n d="0.70991252004167 0 -0.704289864961924"/>
            <n d="-1.22460635382238e-016 0 -1"/>
            <n d="-1.22460635382238e-016 0 -1"/>
        </f>
        <f v="40 35 6" fn="0.188301848632792 0 -0.982111202360238">
            <n d="0.369866709934828 0 -0.929084827602941"/>
            <n d="-1.22460635382238e-016 0 -1"/>
            <n d="-1.22460635382238e-016 0 -1"/>
        </f>
        <f v="39 35 40" fn="0.551304765152079 -0.0241282032425615 -0.833954966247517">
            <n d="0.70991252004167 0 -0.704289864961924"/>
            <n d="-1.22460635382238e-016 0 -1"/>
            <n d="0.369866709934828 0 -0.929084827602941"/>
        </f>
        <f v="42 36 39" fn="0.706896261008803 -0.0243998431049977 -0.706896261008803">
            <n d="1 0 -1.83690953073357e-016"/>
            <n d="-1.22460635382238e-016 0 -1"/>
            <n d="0.70991252004167 0 -0.704289864961924"/>
        </f>
        <f v="43 39 38" fn="0.838236508712678 -0.0234229517413083 -0.544803561655854">
            <n d="1 0 -1.83690953073357e-016"/>
            <n d="0.70991252004167 0 -0.704289864961924"/>
            <n d="0.931876791066598 0 -0.362774925086368"/>
        </f>
        <f v="42 39 43" fn="0.92463844827091 0 -0.380846084368952">
            <n d="1 0 -1.83690953073357e-016"/>
            <n d="0.70991252004167 0 -0.704289864961924"/>
            <n d="1 0 -1.83690953073357e-016"/>
        </f>
        <f v="43 38 7" fn="0.982821649910755 0 -0.184557862110236">
            <n d="1 0 -1.83690953073357e-016"/>
            <n d="0.931876791066598 0 -0.362774925086368"/>
            <n d="1 0 -1.83690953073357e-016"/>
        </f>
        <f v="41 33 42" fn="0.92463844827091 0 -0.380846084368952">
            <n d="1 0 -1.83690953073357e-016"/>
            <n d="0.70991252004167 0 -0.704289864961924"/>
            <n d="1 0 -1.83690953073357e-016"/>
        </f>
        <f v="41 4 32" fn="0.982821649910755 -0 -0.184557862110236">
            <n d="1 0 -1.83690953073357e-016"/>
            <n d="1 0 -1.83690953073357e-016"/>
            <n d="0.931876791066598 0 -0.362774925086368"/>
        </f>
    </facets>
    <facets>
        <f v="45 51 52" fn="1 0 0">
            <n d="1 -0 -0"/>
            <n d="1 -0 -0"/>
            <n d="1 -0 -0"/>
        </f>
        <f v="49 50 51" fn="1 -0 -0">
            <n d="1 -0 -0"/>
            <n d="1 -0 -0"/>
            <n d="1 -0 -0"/>
        </f>
        <f v="49 9 50" fn="1 -0 -0">
            <n d="1 -0 -0"/>
            <n d="1 -0 -0"/>
            <n d="1 -0 -0"/>
        </f>
        <f v="48 49 51" fn="1 -0 -0">
            <n d="1 -0 -0"/>
            <n d="1 -0 -0"/>
            <n d="1 -0 -0"/>
        </f>
        <f v="42 48 51" fn="1 0 0">
            <n d="1 -0 -0"/>
            <n d="1 -0 -0"/>
            <n d="1 -0 -0"/>
        </f>
        <f v="43 47 48" fn="1 -0 -0">
            <n d="1 -0 -0"/>
            <n d="1 -0 -0"/>
            <n d="1 -0 -0"/>
        </f>
        <f v="43 7 47" fn="1 -0 -0">
            <n d="1 -0 -0"/>
            <n d="1 -0 -0"/>
            <n d="1 -0 -0"/>
        </f>
        <f v="42 43 48" fn="1 -0 -0">
            <n d="1 -0 -0"/>
            <n d="1 -0 -0"/>
            <n d="1 -0 -0"/>
        </f>
        <f v="45 42 51" fn="1 -0 0">
            <n d="1 -0 -0"/>
            <n d="1 -0 -0"/>
            <n d="1 -0 -0"/>
        </f>
        <f v="44 45 52" fn="1 -0 -0">
            <n d="1 -0 -0"/>
            <n d="1 -0 -0"/>
            <n d="1 -0 -0"/>
        </f>
        <f v="46 4 41" fn="1 0 0">
            <n d="1 -0 -0"/>
            <n d="1 -0 -0"/>
            <n d="1 -0 -0"/>
        </f>
        <f v="45 41 42" fn="1 0 0">
            <n d="1 -0 -0"/>
            <n d="1 -0 -0"/>
            <n d="1 -0 -0"/>
        </f>
        <f v="45 46 41" fn="1 -0 -0">
            <n d="1 -0 -0"/>
            <n d="1 -0 -0"/>
            <n d="1 -0 -0"/>
        </f>
        <f v="44 52 8" fn="1 0 0">
            <n d="1 -0 -0"/>
            <n d="1 -0 -0"/>
            <n d="1 -0 -0"/>
        </f>
    </facets>
    <facets>
        <f v="66 67 9" fn="-0 1 -0">
            <n d="-0 1 -0"/>
            <n d="-0 1 -0"/>
            <n d="-0 1 -0"/>
        </f>
        <f v="65 66 9" fn="-0 1 -0">
            <n d="-0 1 -0"/>
            <n d="-0 1 -0"/>
            <n d="-0 1 -0"/>
        </f>
        <f v="12 65 9" fn="0 1 0">
            <n d="-0 1 -0"/>
            <n d="-0 1 -0"/>
            <n d="-0 1 -0"/>
        </f>
        <f v="62 12 9" fn="-0 1 -0">
            <n d="-0 1 -0"/>
            <n d="-0 1 -0"/>
            <n d="-0 1 -0"/>
        </f>
        <f v="48 63 62" fn="0 1 0">
            <n d="-0 1 -0"/>
            <n d="-0 1 -0"/>
            <n d="-0 1 -0"/>
        </f>
        <f v="0 11 64" fn="0 1 0">
            <n d="-0 1 -0"/>
            <n d="-0 1 -0"/>
            <n d="-0 1 -0"/>
        </f>
        <f v="59 61 11" fn="0 1 0">
            <n d="-0 1 -0"/>
            <n d="-0 1 -0"/>
            <n d="-0 1 -0"/>
        </f>
        <f v="59 60 61" fn="-0 1 -0">
            <n d="-0 1 -0"/>
            <n d="-0 1 -0"/>
            <n d="-0 1 -0"/>
        </f>
        <f v="0 59 11" fn="-0 1 -0">
            <n d="-0 1 -0"/>
            <n d="-0 1 -0"/>
            <n d="-0 1 -0"/>
        </f>
        <f v="20 0 64" fn="0 1 0">
            <n d="-0 1 -0"/>
            <n d="-0 1 -0"/>
            <n d="-0 1 -0"/>
        </f>
        <f v="20 64 63" fn="-0 1 -0">
            <n d="-0 1 -0"/>
            <n d="-0 1 -0"/>
            <n d="-0 1 -0"/>
        </f>
        <f v="21 20 63" fn="-0 1 -0">
            <n d="-0 1 -0"/>
            <n d="-0 1 -0"/>
            <n d="-0 1 -0"/>
        </f>
        <f v="54 21 63" fn="0 1 -0">
            <n d="-0 1 -0"/>
            <n d="-0 1 -0"/>
            <n d="-0 1 -0"/>
        </f>
        <f v="53 22 21" fn="-0 1 -0">
            <n d="-0 1 -0"/>
            <n d="-0 1 -0"/>
            <n d="-0 1 -0"/>
        </f>
        <f v="10 1 22" fn="0 1 0">
            <n d="-0 1 -0"/>
            <n d="-0 1 -0"/>
            <n d="-0 1 -0"/>
        </f>
        <f v="57 58 1" fn="-0 1 -0">
            <n d="-0 1 -0"/>
            <n d="-0 1 -0"/>
            <n d="-0 1 -0"/>
        </f>
        <f v="56 57 1" fn="-0 1 -0">
            <n d="-0 1 -0"/>
            <n d="-0 1 -0"/>
            <n d="-0 1 -0"/>
        </f>
        <f v="10 56 1" fn="-0 1 -0">
            <n d="-0 1 -0"/>
            <n d="-0 1 -0"/>
            <n d="-0 1 -0"/>
        </f>
        <f v="53 10 22" fn="-0 1 -0">
            <n d="-0 1 -0"/>
            <n d="-0 1 -0"/>
            <n d="-0 1 -0"/>
        </f>
        <f v="54 53 21" fn="-0 1 -0">
            <n d="-0 1 -0"/>
            <n d="-0 1 -0"/>
            <n d="-0 1 -0"/>
        </f>
        <f v="48 54 63" fn="0 1 0">
            <n d="-0 1 -0"/>
            <n d="-0 1 -0"/>
            <n d="-0 1 -0"/>
        </f>
        <f v="47 6 55" fn="0 1 0">
            <n d="-0 1 -0"/>
            <n d="-0 1 -0"/>
            <n d="-0 1 -0"/>
        </f>
        <f v="39 40 6" fn="-0 1 -0">
            <n d="-0 1 -0"/>
            <n d="-0 1 -0"/>
            <n d="-0 1 -0"/>
        </f>
        <f v="7 39 6" fn="0 1 0">
            <n d="-0 1 -0"/>
            <n d="-0 1 -0"/>
            <n d="-0 1 -0"/>
        </f>
        <f v="7 38 39" fn="-0 1 -0">
            <n d="-0 1 -0"/>
            <n d="-0 1 -0"/>
            <n d="-0 1 -0"/>
        </f>
        <f v="49 48 62" fn="0 1 0">
            <n d="-0 1 -0"/>
            <n d="-0 1 -0"/>
            <n d="-0 1 -0"/>
        </f>
        <f v="47 7 6" fn="-0 1 0">
            <n d="-0 1 -0"/>
            <n d="-0 1 -0"/>
            <n d="-0 1 -0"/>
        </f>
        <f v="48 55 54" fn="0 1 0">
            <n d="-0 1 -0"/>
            <n d="-0 1 -0"/>
            <n d="-0 1 -0"/>
        </f>
        <f v="48 47 55" fn="-0 1 0">
            <n d="-0 1 -0"/>
            <n d="-0 1 -0"/>
            <n d="-0 1 -0"/>
        </f>
        <f v="49 62 9" fn="0 1 -0">
            <n d="-0 1 -0"/>
            <n d="-0 1 -0"/>
            <n d="-0 1 -0"/>
        </f>
    </facets>
    <facets>
        <f v="78 68 69" fn="-0 -1 -0">
            <n d="0 -1 0"/>
            <n d="0 -1 0"/>
            <n d="0 -1 0"/>
        </f>
        <f v="71 69 70" fn="0 -1 0">
            <n d="0 -1 0"/>
            <n d="0 -1 0"/>
            <n d="0 -1 0"/>
        </f>
        <f v="71 70 14" fn="0 -1 0">
            <n d="0 -1 0"/>
            <n d="0 -1 0"/>
            <n d="0 -1 0"/>
        </f>
        <f v="72 69 71" fn="0 -1 0">
            <n d="0 -1 0"/>
            <n d="0 -1 0"/>
            <n d="0 -1 0"/>
        </f>
        <f v="75 69 72" fn="-0 -1 -0">
            <n d="0 -1 0"/>
            <n d="0 -1 0"/>
            <n d="0 -1 0"/>
        </f>
        <f v="75 72 73" fn="-0 -1 -0">
            <n d="0 -1 0"/>
            <n d="0 -1 0"/>
            <n d="0 -1 0"/>
        </f>
        <f v="74 73 15" fn="0 -1 -0">
            <n d="0 -1 0"/>
            <n d="0 -1 0"/>
            <n d="0 -1 0"/>
        </f>
        <f v="75 73 74" fn="0 -1 -0">
            <n d="0 -1 0"/>
            <n d="0 -1 0"/>
            <n d="0 -1 0"/>
        </f>
        <f v="78 69 75" fn="-0 -1 -0">
            <n d="0 -1 0"/>
            <n d="0 -1 0"/>
            <n d="0 -1 0"/>
        </f>
        <f v="77 75 76" fn="0 -1 0">
            <n d="0 -1 0"/>
            <n d="0 -1 0"/>
            <n d="0 -1 0"/>
        </f>
        <f v="77 76 16" fn="0 -1 0">
            <n d="0 -1 0"/>
            <n d="0 -1 0"/>
            <n d="0 -1 0"/>
        </f>
        <f v="79 68 78" fn="0 -1 -0">
            <n d="0 -1 0"/>
            <n d="0 -1 0"/>
            <n d="0 -1 0"/>
        </f>
        <f v="78 75 77" fn="0 -1 0">
            <n d="0 -1 0"/>
            <n d="0 -1 0"/>
            <n d="0 -1 0"/>
        </f>
        <f v="79 13 68" fn="-0 -1 -0">
            <n d="0 -1 0"/>
            <n d="0 -1 0"/>
            <n d="0 -1 0"/>
        </f>
    </facets>
    <facets>
        <f v="71 80 81" fn="0.00720885258964806 -0.838444759364841 -0.544938912115821">
            <n d="0 -1 6.12303176911189e-017"/>
            <n d="0 -0.931876791066598 -0.362774925086367"/>
            <n d="0 -0.70991252004167 -0.704289864961924"/>
        </f>
        <f v="85 81 82" fn="0.00742601974889736 -0.551450106155937 -0.834174822594937">
            <n d="0 -1.22460635382238e-016 -1"/>
            <n d="0 -0.70991252004167 -0.704289864961924"/>
            <n d="0 -0.369866709934828 -0.929084827602941"/>
        </f>
        <f v="85 82 17" fn="-0 -0.188301848632808 -0.982111202360235">
            <n d="0 -1.22460635382238e-016 -1"/>
            <n d="0 -0.369866709934828 -0.929084827602941"/>
            <n d="0 -1.22460635382238e-016 -1"/>
        </f>
        <f v="84 81 85" fn="-0 -0.384519268072532 -0.9231169657638">
            <n d="0 -1.22460635382238e-016 -1"/>
            <n d="0 -0.70991252004167 -0.704289864961924"/>
            <n d="0 -1.22460635382238e-016 -1"/>
        </f>
        <f v="72 81 84" fn="0.00750966811417183 -0.707086842221242 -0.707086842221242">
            <n d="0 -1 6.12303176911189e-017"/>
            <n d="0 -0.70991252004167 -0.704289864961924"/>
            <n d="0 -1.22460635382238e-016 -1"/>
        </f>
        <f v="87 84 83" fn="-0 -0.380846084368952 -0.92463844827091">
            <n d="0 -0.704289864961924 -0.70991252004167"/>
            <n d="0 -1.22460635382238e-016 -1"/>
            <n d="0 -1.22460635382238e-016 -1"/>
        </f>
        <f v="88 83 5" fn="0 -0.184557862110249 -0.982821649910753">
            <n d="0 -0.362774925086372 -0.931876791066597"/>
            <n d="0 -1.22460635382238e-016 -1"/>
            <n d="0 -1.22460635382238e-016 -1"/>
        </f>
        <f v="87 83 88" fn="-0.00720885258964776 -0.544938912115815 -0.838444759364845">
            <n d="0 -0.704289864961924 -0.70991252004167"/>
            <n d="0 -1.22460635382238e-016 -1"/>
            <n d="0 -0.362774925086372 -0.931876791066597"/>
        </f>
        <f v="72 84 87" fn="-0.00750966811417183 -0.707086842221242 -0.707086842221242">
            <n d="0 -1 6.12303176911189e-017"/>
            <n d="0 -1.22460635382238e-016 -1"/>
            <n d="0 -0.704289864961924 -0.70991252004167"/>
        </f>
        <f v="72 87 73" fn="0 -0.9231169657638 -0.384519268072532">
            <n d="0 -1 6.12303176911189e-017"/>
            <n d="0 -0.704289864961924 -0.70991252004167"/>
            <n d="0 -1 6.12303176911189e-017"/>
        </f>
        <f v="73 87 86" fn="-0.00742601974889772 -0.834174822594932 -0.551450106155945">
            <n d="0 -1 6.12303176911189e-017"/>
            <n d="0 -0.704289864961924 -0.70991252004167"/>
            <n d="0 -0.92908482760294 -0.369866709934829"/>
        </f>
        <f v="73 86 15" fn="0 -0.982111202360237 -0.188301848632799">
            <n d="0 -1 6.12303176911189e-017"/>
            <n d="0 -0.92908482760294 -0.369866709934829"/>
            <n d="0 -1 6.12303176911189e-017"/>
        </f>
        <f v="71 81 72" fn="0 -0.92463844827091 -0.380846084368952">
            <n d="0 -1 6.12303176911189e-017"/>
            <n d="0 -0.70991252004167 -0.704289864961924"/>
            <n d="0 -1 6.12303176911189e-017"/>
        </f>
        <f v="71 14 80" fn="-0 -0.982821649910755 -0.184557862110236">
            <n d="0 -1 6.12303176911189e-017"/>
            <n d="0 -1 6.12303176911189e-017"/>
            <n d="0 -0.931876791066598 -0.362774925086367"/>
        </f>
    </facets>
    <facets>
        <f v="44 89 90" fn="0.838444759364843 -0.544938912115818 -0.00720885258964783">
            <n d="1 -1.22460635382238e-016 -0"/>
            <n d="0.931876791066597 -0.362774925086372 -0"/>
            <n d="0.709912520041671 -0.704289864961923 -0"/>
        </f>
        <f v="76 91 16" fn="0.188301848632799 -0.982111202360237 -0">
            <n d="-6.12303176911189e-017 -1 0"/>
            <n d="0.369866709934829 -0.92908482760294 -0"/>
            <n d="-6.12303176911189e-017 -1 0"/>
        </f>
        <f v="76 90 91" fn="0.55145010615595 -0.834174822594929 -0.00742601974889782">
            <n d="-6.12303176911189e-017 -1 0"/>
            <n d="0.709912520041671 -0.704289864961923 -0"/>
            <n d="0.369866709934829 -0.92908482760294 -0"/>
        </f>
        <f v="75 90 76" fn="0.384519268072535 -0.923116965763798 0">
            <n d="-6.12303176911189e-017 -1 0"/>
            <n d="0.709912520041671 -0.704289864961923 -0"/>
            <n d="-6.12303176911189e-017 -1 0"/>
        </f>
        <f v="45 90 75" fn="0.707086842221242 -0.707086842221242 -0.00750966811417178">
            <n d="1 -1.22460635382238e-016 -0"/>
            <n d="0.709912520041671 -0.704289864961923 -0"/>
            <n d="-6.12303176911189e-017 -1 0"/>
        </f>
        <f v="93 75 74" fn="0.380846084368949 -0.924638448270912 -0">
            <n d="0.704289864961923 -0.709912520041671 -0"/>
            <n d="-6.12303176911189e-017 -1 0"/>
            <n d="-6.12303176911189e-017 -1 0"/>
        </f>
        <f v="94 74 15" fn="0.184557862110228 -0.982821649910757 0">
            <n d="0.362774925086366 -0.931876791066599 -0"/>
            <n d="-6.12303176911189e-017 -1 0"/>
            <n d="-6.12303176911189e-017 -1 0"/>
        </f>
        <f v="93 74 94" fn="0.544938912115821 -0.838444759364841 0.00720885258964817">
            <n d="0.704289864961923 -0.709912520041671 -0"/>
            <n d="-6.12303176911189e-017 -1 0"/>
            <n d="0.362774925086366 -0.931876791066599 -0"/>
        </f>
        <f v="45 75 93" fn="0.707086842221242 -0.707086842221242 0.00750966811417188">
            <n d="1 -1.22460635382238e-016 -0"/>
            <n d="-6.12303176911189e-017 -1 0"/>
            <n d="0.704289864961923 -0.709912520041671 -0"/>
        </f>
        <f v="46 93 92" fn="0.834174822594929 -0.55145010615595 0.00742601974889802">
            <n d="1 -1.22460635382238e-016 -0"/>
            <n d="0.704289864961923 -0.709912520041671 -0"/>
            <n d="0.929084827602939 -0.369866709934831 -0"/>
        </f>
        <f v="45 93 46" fn="0.9231169657638 -0.384519268072531 0">
            <n d="1 -1.22460635382238e-016 -0"/>
            <n d="0.704289864961923 -0.709912520041671 -0"/>
            <n d="1 -1.22460635382238e-016 -0"/>
        </f>
        <f v="46 92 4" fn="0.982111202360239 -0.188301848632791 0">
            <n d="1 -1.22460635382238e-016 -0"/>
            <n d="0.929084827602939 -0.369866709934831 -0"/>
            <n d="1 -1.22460635382238e-016 -0"/>
        </f>
        <f v="44 90 45" fn="0.92463844827091 -0.380846084368953 0">
            <n d="1 -1.22460635382238e-016 -0"/>
            <n d="0.709912520041671 -0.704289864961923 -0"/>
            <n d="1 -1.22460635382238e-016 -0"/>
        </f>
        <f v="44 8 89" fn="0.982821649910753 -0.184557862110249 -0">
            <n d="1 -1.22460635382238e-016 -0"/>
            <n d="1 -1.22460635382238e-016 -0"/>
            <n d="0.931876791066597 -0.362774925086372 -0"/>
        </f>
    </facets>
    <facets>
        <f v="102 97 96" fn="-0.481385779706565 -0.731181759801609 0.483364215917692">
            <n d="-0.704289864961924 -0.70991252004167 5.55111512312576e-015"/>
            <n d="5.60568718016582e-015 -0.92908482760294 0.369866709934829"/>
            <n d="-5.75918720998902e-015 -0.704289864961923 0.709912520041671"/>
        </f>
        <f v="98 96 95" fn="-0.475716387692226 -0.479340027978649 0.73751410566747">
            <n d="-0.369866709934824 4.52941123053563e-017 0.929084827602942"/>
            <n d="-5.75918720998902e-015 -0.704289864961923 0.709912520041671"/>
            <n d="-6.66384717402311e-017 -0.362774925086371 0.931876791066597"/>
        </f>
        <f v="98 95 18" fn="-0.185178991587075 -0.181365898582203 0.965823561478112">
            <n d="-0.369866709934824 4.52941123053563e-017 0.929084827602942"/>
            <n d="-6.66384717402311e-017 -0.362774925086371 0.931876791066597"/>
            <n d="-0.000265203753549494 -0.000265203753549494 0.999999929666967"/>
        </f>
        <f v="99 96 98" fn="-0.483364215917694 -0.481385779706569 0.731181759801605">
            <n d="-0.70991252004167 -2.75044407252164e-015 0.704289864961924"/>
            <n d="-5.75918720998902e-015 -0.704289864961923 0.709912520041671"/>
            <n d="-0.369866709934824 4.52941123053563e-017 0.929084827602942"/>
        </f>
        <f v="102 96 99" fn="-0.577350269189625 -0.577350269189625 0.577350269189627">
            <n d="-0.704289864961924 -0.70991252004167 5.55111512312576e-015"/>
            <n d="-5.75918720998902e-015 -0.704289864961923 0.709912520041671"/>
            <n d="-0.70991252004167 -2.75044407252164e-015 0.704289864961924"/>
        </f>
        <f v="101 97 102" fn="-0.479340027978648 -0.737514105667463 0.475716387692238">
            <n d="-0.362774925086368 -0.931876791066598 0"/>
            <n d="5.60568718016582e-015 -0.92908482760294 0.369866709934829"/>
            <n d="-0.704289864961924 -0.70991252004167 5.55111512312576e-015"/>
        </f>
        <f v="103 100 3" fn="-0.965823561478112 -0.185178991587085 0.181365898582191">
            <n d="-0.929084827602941 -0.369866709934828 5.5511151231258e-015"/>
            <n d="-0.931876791066598 2.59713679086624e-015 0.362774925086367"/>
            <n d="-1 1.22460635382238e-016 0"/>
        </f>
        <f v="103 99 100" fn="-0.737514105667466 -0.475716387692231 0.47934002797865">
            <n d="-0.929084827602941 -0.369866709934828 5.5511151231258e-015"/>
            <n d="-0.70991252004167 -2.75044407252164e-015 0.704289864961924"/>
            <n d="-0.931876791066598 2.59713679086624e-015 0.362774925086367"/>
        </f>
        <f v="102 99 103" fn="-0.731181759801607 -0.483364215917691 0.481385779706568">
            <n d="-0.704289864961924 -0.70991252004167 5.55111512312576e-015"/>
            <n d="-0.70991252004167 -2.75044407252164e-015 0.704289864961924"/>
            <n d="-0.929084827602941 -0.369866709934828 5.5511151231258e-015"/>
        </f>
        <f v="101 13 97" fn="-0.18136589858219 -0.965823561478113 0.185178991587082">
            <n d="-0.362774925086368 -0.931876791066598 0"/>
            <n d="-1.83690953073357e-016 -1 0"/>
            <n d="5.60568718016582e-015 -0.92908482760294 0.369866709934829"/>
        </f>
    </facets>
    <facets>
        <f v="68 101 102" fn="-0.544938912115821 -0.838444759364841 -0.00720885258964806">
            <n d="6.12303176911189e-017 -1 -4.14912771641804e-033"/>
            <n d="-0.362774925086367 -0.931876791066598 2.45825851188691e-017"/>
            <n d="-0.704289864961924 -0.70991252004167 4.77245376032025e-017"/>
        </f>
        <f v="28 102 103" fn="-0.834174822594937 -0.551450106155937 -0.00742601974889735">
            <n d="-1 -1.22460635382238e-016 6.7762635780344e-017"/>
            <n d="-0.704289864961924 -0.70991252004167 4.77245376032025e-017"/>
            <n d="-0.929084827602941 -0.369866709934828 6.29572367819018e-017"/>
        </f>
        <f v="28 103 3" fn="-0.982111202360235 -0.188301848632808 0">
            <n d="-1 -1.22460635382238e-016 6.7762635780344e-017"/>
            <n d="-0.929084827602941 -0.369866709934828 6.29572367819018e-017"/>
            <n d="-1 -1.22460635382238e-016 6.7762635780344e-017"/>
        </f>
        <f v="27 102 28" fn="-0.9231169657638 -0.384519268072532 0">
            <n d="-1 -1.22460635382238e-016 6.7762635780344e-017"/>
            <n d="-0.704289864961924 -0.70991252004167 4.77245376032025e-017"/>
            <n d="-1 -1.22460635382238e-016 6.7762635780344e-017"/>
        </f>
        <f v="69 102 27" fn="-0.707086842221242 -0.707086842221242 -0.00750966811417183">
            <n d="6.12303176911189e-017 -1 -4.14912771641804e-033"/>
            <n d="-0.704289864961924 -0.70991252004167 4.77245376032025e-017"/>
            <n d="-1 -1.22460635382238e-016 6.7762635780344e-017"/>
        </f>
        <f v="105 27 26" fn="-0.92463844827091 -0.380846084368952 -0">
            <n d="-0.70991252004167 -0.704289864961924 4.81055435314898e-017"/>
            <n d="-1 -1.22460635382238e-016 6.7762635780344e-017"/>
            <n d="-1 -1.22460635382238e-016 6.7762635780344e-017"/>
        </f>
        <f v="106 26 2" fn="-0.982821649910753 -0.184557862110249 0">
            <n d="-0.931876791066597 -0.362774925086372 6.31464275852015e-017"/>
            <n d="-1 -1.22460635382238e-016 6.7762635780344e-017"/>
            <n d="-1 -1.22460635382238e-016 6.7762635780344e-017"/>
        </f>
        <f v="105 26 106" fn="-0.838444759364845 -0.544938912115815 0.00720885258964776">
            <n d="-0.70991252004167 -0.704289864961924 4.81055435314898e-017"/>
            <n d="-1 -1.22460635382238e-016 6.7762635780344e-017"/>
            <n d="-0.931876791066597 -0.362774925086372 6.31464275852015e-017"/>
        </f>
        <f v="69 27 105" fn="-0.707086842221242 -0.707086842221242 0.00750966811417183">
            <n d="6.12303176911189e-017 -1 -4.14912771641804e-033"/>
            <n d="-1 -1.22460635382238e-016 6.7762635780344e-017"/>
            <n d="-0.70991252004167 -0.704289864961924 4.81055435314898e-017"/>
        </f>
        <f v="69 105 70" fn="-0.384519268072532 -0.9231169657638 -0">
            <n d="6.12303176911189e-017 -1 -4.14912771641804e-033"/>
            <n d="-0.70991252004167 -0.704289864961924 4.81055435314898e-017"/>
            <n d="6.12303176911189e-017 -1 -4.14912771641804e-033"/>
        </f>
        <f v="70 105 104" fn="-0.551450106155945 -0.834174822594932 0.00742601974889773">
            <n d="6.12303176911189e-017 -1 -4.14912771641804e-033"/>
            <n d="-0.70991252004167 -0.704289864961924 4.81055435314898e-017"/>
            <n d="-0.369866709934829 -0.92908482760294 2.5063143152588e-017"/>
        </f>
        <f v="70 104 14" fn="-0.188301848632799 -0.982111202360237 -0">
            <n d="6.12303176911189e-017 -1 -4.14912771641804e-033"/>
            <n d="-0.369866709934829 -0.92908482760294 2.5063143152588e-017"/>
            <n d="6.12303176911189e-017 -1 -4.14912771641804e-033"/>
        </f>
        <f v="68 102 69" fn="-0.380846084368952 -0.92463844827091 -0">
            <n d="6.12303176911189e-017 -1 -4.14912771641804e-033"/>
            <n d="-0.704289864961924 -0.70991252004167 4.77245376032025e-017"/>
            <n d="6.12303176911189e-017 -1 -4.14912771641804e-033"/>
        </f>
        <f v="68 13 101" fn="-0.184557862110236 -0.982821649910755 0">
            <n d="6.12303176911189e-017 -1 -4.14912771641804e-033"/>
            <n d="6.12303176911189e-017 -1 -4.14912771641804e-033"/>
            <n d="-0.362774925086367 -0.931876791066598 2.45825851188691e-017"/>
        </f>
    </facets>
    <facets>
        <f v="81 104 105" fn="-0.483364215917689 -0.731181759801612 -0.481385779706564">
            <n d="-5.80516532898866e-015 -0.70991252004167 -0.704289864961924"/>
            <n d="-0.369866709934829 -0.92908482760294 5.55111512312578e-015"/>
            <n d="-0.70991252004167 -0.704289864961924 -5.55111512312576e-015"/>
        </f>
        <f v="107 106 2" fn="-0.965823561478112 -0.181365898582203 -0.185178991587075">
            <n d="-0.929084827602942 1.13776318312253e-016 -0.369866709934823"/>
            <n d="-0.931876791066597 -0.362774925086372 0"/>
            <n d="-1 1.22460635382238e-016 0"/>
        </f>
        <f v="107 105 106" fn="-0.737514105667473 -0.479340027978646 -0.475716387692224">
            <n d="-0.929084827602942 1.13776318312253e-016 -0.369866709934823"/>
            <n d="-0.70991252004167 -0.704289864961924 -5.55111512312576e-015"/>
            <n d="-0.931876791066597 -0.362774925086372 0"/>
        </f>
        <f v="108 105 107" fn="-0.731181759801605 -0.481385779706567 -0.483364215917694">
            <n d="-0.704289864961924 -2.72865998237063e-015 -0.70991252004167"/>
            <n d="-0.70991252004167 -0.704289864961924 -5.55111512312576e-015"/>
            <n d="-0.929084827602942 1.13776318312253e-016 -0.369866709934823"/>
        </f>
        <f v="81 105 108" fn="-0.577350269189627 -0.577350269189624 -0.577350269189627">
            <n d="-5.80516532898866e-015 -0.70991252004167 -0.704289864961924"/>
            <n d="-0.70991252004167 -0.704289864961924 -5.55111512312576e-015"/>
            <n d="-0.704289864961924 -2.72865998237063e-015 -0.70991252004167"/>
        </f>
        <f v="82 108 109" fn="-0.479340027978648 -0.475716387692237 -0.737514105667463">
            <n d="-6.79411684580353e-017 -0.369866709934828 -0.929084827602941"/>
            <n d="-0.704289864961924 -2.72865998237063e-015 -0.70991252004167"/>
            <n d="-0.362774925086368 2.78320095502217e-015 -0.931876791066598"/>
        </f>
        <f v="80 104 81" fn="-0.475716387692229 -0.737514105667471 -0.479340027978645">
            <n d="5.62253265361532e-015 -0.931876791066598 -0.362774925086367"/>
            <n d="-0.369866709934829 -0.92908482760294 5.55111512312578e-015"/>
            <n d="-5.80516532898866e-015 -0.70991252004167 -0.704289864961924"/>
        </f>
        <f v="82 109 17" fn="-0.181365898582191 -0.185178991587088 -0.965823561478112">
            <n d="-6.79411684580353e-017 -0.369866709934828 -0.929084827602941"/>
            <n d="-0.362774925086368 2.78320095502217e-015 -0.931876791066598"/>
            <n d="-0.000265203753549495 -0.000265203753549493 -0.999999929666967"/>
        </f>
        <f v="81 108 82" fn="-0.481385779706564 -0.483364215917687 -0.731181759801613">
            <n d="-5.80516532898866e-015 -0.70991252004167 -0.704289864961924"/>
            <n d="-0.704289864961924 -2.72865998237063e-015 -0.70991252004167"/>
            <n d="-6.79411684580353e-017 -0.369866709934828 -0.929084827602941"/>
        </f>
        <f v="80 14 104" fn="-0.185178991587082 -0.965823561478113 -0.181365898582192">
            <n d="5.62253265361532e-015 -0.931876791066598 -0.362774925086367"/>
            <n d="-1.83690953073357e-016 -1 0"/>
            <n d="-0.369866709934829 -0.92908482760294 5.55111512312578e-015"/>
        </f>
    </facets>
    <facets>
        <f v="23 58 57" fn="-0.833954966247517 -0.0241282032425615 -0.551304765152079">
            <n d="-1 0 6.12303176911189e-017"/>
            <n d="-0.92908482760294 0 -0.369866709934828"/>
            <n d="-0.704289864961924 0 -0.70991252004167"/>
        </f>
        <f v="112 57 56" fn="-0.544803561655854 -0.0234229517413083 -0.838236508712678">
            <n d="-1.22460635382238e-016 0 -1"/>
            <n d="-0.704289864961924 0 -0.70991252004167"/>
            <n d="-0.362774925086367 0 -0.931876791066598"/>
        </f>
        <f v="112 56 10" fn="-0.184557862110236 0 -0.982821649910755">
            <n d="-1.22460635382238e-016 0 -1"/>
            <n d="-0.362774925086367 0 -0.931876791066598"/>
            <n d="-1.22460635382238e-016 0 -1"/>
        </f>
        <f v="111 57 112" fn="-0.380846084368952 0 -0.92463844827091">
            <n d="-1.22460635382238e-016 0 -1"/>
            <n d="-0.704289864961924 0 -0.70991252004167"/>
            <n d="-1.22460635382238e-016 0 -1"/>
        </f>
        <f v="24 57 111" fn="-0.706896261008803 -0.0243998431049977 -0.706896261008803">
            <n d="-1 0 6.12303176911189e-017"/>
            <n d="-0.704289864961924 0 -0.70991252004167"/>
            <n d="-1.22460635382238e-016 0 -1"/>
        </f>
        <f v="108 111 110" fn="-0.380846084368952 -0 -0.92463844827091">
            <n d="-0.704289864961924 0 -0.70991252004167"/>
            <n d="-1.22460635382238e-016 0 -1"/>
            <n d="-1.22460635382238e-016 0 -1"/>
        </f>
        <f v="109 110 17" fn="-0.184557862110236 0 -0.982821649910755">
            <n d="-0.362774925086367 0 -0.931876791066598"/>
            <n d="-1.22460635382238e-016 0 -1"/>
            <n d="-1.22460635382238e-016 0 -1"/>
        </f>
        <f v="108 110 109" fn="-0.544803561655855 0.0234229517413083 -0.838236508712678">
            <n d="-0.704289864961924 0 -0.70991252004167"/>
            <n d="-1.22460635382238e-016 0 -1"/>
            <n d="-0.362774925086367 0 -0.931876791066598"/>
        </f>
        <f v="24 111 108" fn="-0.706896261008803 0.0243998431049977 -0.706896261008803">
            <n d="-1 0 6.12303176911189e-017"/>
            <n d="-1.22460635382238e-016 0 -1"/>
            <n d="-0.704289864961924 0 -0.70991252004167"/>
        </f>
        <f v="25 108 107" fn="-0.833954966247521 0.0241282032425606 -0.551304765152073">
            <n d="-1 0 6.12303176911189e-017"/>
            <n d="-0.704289864961924 0 -0.70991252004167"/>
            <n d="-0.929084827602942 0 -0.369866709934823"/>
        </f>
        <f v="25 107 2" fn="-0.982111202360238 -0 -0.188301848632795">
            <n d="-1 0 6.12303176911189e-017"/>
            <n d="-0.929084827602942 0 -0.369866709934823"/>
            <n d="-1 0 6.12303176911189e-017"/>
        </f>
        <f v="23 57 24" fn="-0.9231169657638 -0 -0.384519268072532">
            <n d="-1 0 6.12303176911189e-017"/>
            <n d="-0.704289864961924 0 -0.70991252004167"/>
            <n d="-1 0 6.12303176911189e-017"/>
        </f>
        <f v="24 108 25" fn="-0.9231169657638 -0 -0.384519268072532">
            <n d="-1 0 6.12303176911189e-017"/>
            <n d="-0.704289864961924 0 -0.70991252004167"/>
            <n d="-1 0 6.12303176911189e-017"/>
        </f>
        <f v="23 1 58" fn="-0.982111202360238 0 -0.188301848632792">
            <n d="-1 0 6.12303176911189e-017"/>
            <n d="-1 0 6.12303176911189e-017"/>
            <n d="-0.92908482760294 0 -0.369866709934828"/>
        </f>
    </facets>
    <facets>
        <f v="54 111 112" fn="0 0 -1">
            <n d="-0 -0 -1"/>
            <n d="-0 -0 -1"/>
            <n d="-0 -0 -1"/>
        </f>
        <f v="85 17 110" fn="0 0 -1">
            <n d="-0 -0 -1"/>
            <n d="-0 -0 -1"/>
            <n d="-0 -0 -1"/>
        </f>
        <f v="84 110 111" fn="0 0 -1">
            <n d="-0 -0 -1"/>
            <n d="-0 -0 -1"/>
            <n d="-0 -0 -1"/>
        </f>
        <f v="84 85 110" fn="-0 -0 -1">
            <n d="-0 -0 -1"/>
            <n d="-0 -0 -1"/>
            <n d="-0 -0 -1"/>
        </f>
        <f v="36 84 111" fn="-0 0 -1">
            <n d="-0 -0 -1"/>
            <n d="-0 -0 -1"/>
            <n d="-0 -0 -1"/>
        </f>
        <f v="37 83 84" fn="-0 -0 -1">
            <n d="-0 -0 -1"/>
            <n d="-0 -0 -1"/>
            <n d="-0 -0 -1"/>
        </f>
        <f v="37 5 83" fn="-0 -0 -1">
            <n d="-0 -0 -1"/>
            <n d="-0 -0 -1"/>
            <n d="-0 -0 -1"/>
        </f>
        <f v="36 37 84" fn="-0 -0 -1">
            <n d="-0 -0 -1"/>
            <n d="-0 -0 -1"/>
            <n d="-0 -0 -1"/>
        </f>
        <f v="54 36 111" fn="0 -0 -1">
            <n d="-0 -0 -1"/>
            <n d="-0 -0 -1"/>
            <n d="-0 -0 -1"/>
        </f>
        <f v="55 35 36" fn="-0 -0 -1">
            <n d="-0 -0 -1"/>
            <n d="-0 -0 -1"/>
            <n d="-0 -0 -1"/>
        </f>
        <f v="55 6 35" fn="0 -0 -1">
            <n d="-0 -0 -1"/>
            <n d="-0 -0 -1"/>
            <n d="-0 -0 -1"/>
        </f>
        <f v="53 54 112" fn="0 -0 -1">
            <n d="-0 -0 -1"/>
            <n d="-0 -0 -1"/>
            <n d="-0 -0 -1"/>
        </f>
        <f v="54 55 36" fn="0 -0 -1">
            <n d="-0 -0 -1"/>
            <n d="-0 -0 -1"/>
            <n d="-0 -0 -1"/>
        </f>
        <f v="53 112 10" fn="-0 0 -1">
            <n d="-0 -0 -1"/>
            <n d="-0 -0 -1"/>
            <n d="-0 -0 -1"/>
        </f>
    </facets>
    <facets>
        <f v="29 100 99" fn="-0.838236508712678 0.0234229517413083 0.544803561655855">
            <n d="-1 0 6.12303176911189e-017"/>
            <n d="-0.931876791066598 0 0.362774925086367"/>
            <n d="-0.70991252004167 0 0.704289864961924"/>
        </f>
        <f v="115 98 18" fn="-0.188301848632795 -0 0.982111202360238">
            <n d="0 0 1"/>
            <n d="-0.369866709934823 0 0.929084827602942"/>
            <n d="0 0 1"/>
        </f>
        <f v="115 99 98" fn="-0.551304765152073 0.0241282032425606 0.833954966247521">
            <n d="0 0 1"/>
            <n d="-0.70991252004167 0 0.704289864961924"/>
            <n d="-0.369866709934823 0 0.929084827602942"/>
        </f>
        <f v="114 99 115" fn="-0.384519268072532 0 0.9231169657638">
            <n d="0 0 1"/>
            <n d="-0.70991252004167 0 0.704289864961924"/>
            <n d="0 0 1"/>
        </f>
        <f v="30 99 114" fn="-0.706896261008803 0.0243998431049977 0.706896261008803">
            <n d="-1 0 6.12303176911189e-017"/>
            <n d="-0.70991252004167 0 0.704289864961924"/>
            <n d="0 0 1"/>
        </f>
        <f v="60 114 113" fn="-0.384519268072532 -0 0.9231169657638">
            <n d="-0.70991252004167 0 0.704289864961924"/>
            <n d="0 0 1"/>
            <n d="0 0 1"/>
        </f>
        <f v="61 113 11" fn="-0.188301848632792 0 0.982111202360238">
            <n d="-0.369866709934828 0 0.929084827602941"/>
            <n d="0 0 1"/>
            <n d="0 0 1"/>
        </f>
        <f v="60 113 61" fn="-0.551304765152079 -0.0241282032425615 0.833954966247517">
            <n d="-0.70991252004167 0 0.704289864961924"/>
            <n d="0 0 1"/>
            <n d="-0.369866709934828 0 0.929084827602941"/>
        </f>
        <f v="30 114 60" fn="-0.706896261008803 -0.0243998431049977 0.706896261008803">
            <n d="-1 0 6.12303176911189e-017"/>
            <n d="0 0 1"/>
            <n d="-0.70991252004167 0 0.704289864961924"/>
        </f>
        <f v="31 60 59" fn="-0.838236508712678 -0.0234229517413083 0.544803561655854">
            <n d="-1 0 6.12303176911189e-017"/>
            <n d="-0.70991252004167 0 0.704289864961924"/>
            <n d="-0.931876791066598 0 0.362774925086367"/>
        </f>
        <f v="30 60 31" fn="-0.92463844827091 0 0.380846084368952">
            <n d="-1 0 6.12303176911189e-017"/>
            <n d="-0.70991252004167 0 0.704289864961924"/>
            <n d="-1 0 6.12303176911189e-017"/>
        </f>
        <f v="31 59 0" fn="-0.982821649910755 0 0.184557862110236">
            <n d="-1 0 6.12303176911189e-017"/>
            <n d="-0.931876791066598 0 0.362774925086367"/>
            <n d="-1 0 6.12303176911189e-017"/>
        </f>
        <f v="29 99 30" fn="-0.92463844827091 0 0.380846084368952">
            <n d="-1 0 6.12303176911189e-017"/>
            <n d="-0.70991252004167 0 0.704289864961924"/>
            <n d="-1 0 6.12303176911189e-017"/>
        </f>
        <f v="29 3 100" fn="-0.982821649910755 -0 0.184557862110236">
            <n d="-1 0 6.12303176911189e-017"/>
            <n d="-1 0 6.12303176911189e-017"/>
            <n d="-0.931876791066598 0 0.362774925086367"/>
        </f>
    </facets>
    <facets>
        <f v="117 114 115" fn="0 0 1">
            <n d="-0 -0 1"/>
            <n d="-0 -0 1"/>
            <n d="-0 -0 1"/>
        </f>
        <f v="64 113 114" fn="-0 -0 1">
            <n d="-0 -0 1"/>
            <n d="-0 -0 1"/>
            <n d="-0 -0 1"/>
        </f>
        <f v="64 11 113" fn="0 -0 1">
            <n d="-0 -0 1"/>
            <n d="-0 -0 1"/>
            <n d="-0 -0 1"/>
        </f>
        <f v="63 64 114" fn="0 -0 1">
            <n d="-0 -0 1"/>
            <n d="-0 -0 1"/>
            <n d="-0 -0 1"/>
        </f>
        <f v="120 63 114" fn="0 0 1">
            <n d="-0 -0 1"/>
            <n d="-0 -0 1"/>
            <n d="-0 -0 1"/>
        </f>
        <f v="121 62 63" fn="-0 -0 1">
            <n d="-0 -0 1"/>
            <n d="-0 -0 1"/>
            <n d="-0 -0 1"/>
        </f>
        <f v="121 12 62" fn="-0 -0 1">
            <n d="-0 -0 1"/>
            <n d="-0 -0 1"/>
            <n d="-0 -0 1"/>
        </f>
        <f v="120 121 63" fn="-0 -0 1">
            <n d="-0 -0 1"/>
            <n d="-0 -0 1"/>
            <n d="-0 -0 1"/>
        </f>
        <f v="117 120 114" fn="0 -0 1">
            <n d="-0 -0 1"/>
            <n d="-0 -0 1"/>
            <n d="-0 -0 1"/>
        </f>
        <f v="116 117 115" fn="-0 -0 1">
            <n d="-0 -0 1"/>
            <n d="-0 -0 1"/>
            <n d="-0 -0 1"/>
        </f>
        <f v="118 19 119" fn="0 0 1">
            <n d="-0 -0 1"/>
            <n d="-0 -0 1"/>
            <n d="-0 -0 1"/>
        </f>
        <f v="117 119 120" fn="0 0 1">
            <n d="-0 -0 1"/>
            <n d="-0 -0 1"/>
            <n d="-0 -0 1"/>
        </f>
        <f v="117 118 119" fn="-0 -0 1">
            <n d="-0 -0 1"/>
            <n d="-0 -0 1"/>
            <n d="-0 -0 1"/>
        </f>
        <f v="116 115 18" fn="0 0 1">
            <n d="-0 -0 1"/>
            <n d="-0 -0 1"/>
            <n d="-0 -0 1"/>
        </f>
    </facets>
    <facets>
        <f v="50 67 66" fn="0.833954966247517 -0.0241282032425615 0.551304765152079">
            <n d="1 0 -1.83690953073357e-016"/>
            <n d="0.929084827602941 -0 0.369866709934828"/>
            <n d="0.704289864961924 -0 0.70991252004167"/>
        </f>
        <f v="121 66 65" fn="0.544803561655854 -0.0234229517413083 0.838236508712678">
            <n d="2.44921270764475e-016 -0 1"/>
            <n d="0.704289864961924 -0 0.70991252004167"/>
            <n d="0.362774925086368 -0 0.931876791066598"/>
        </f>
        <f v="121 65 12" fn="0.184557862110236 -0 0.982821649910755">
            <n d="2.44921270764475e-016 -0 1"/>
            <n d="0.362774925086368 -0 0.931876791066598"/>
            <n d="2.44921270764475e-016 -0 1"/>
        </f>
        <f v="120 66 121" fn="0.380846084368952 -0 0.92463844827091">
            <n d="2.44921270764475e-016 -0 1"/>
            <n d="0.704289864961924 -0 0.70991252004167"/>
            <n d="2.44921270764475e-016 -0 1"/>
        </f>
        <f v="51 66 120" fn="0.706896261008803 -0.0243998431049977 0.706896261008803">
            <n d="1 0 -1.83690953073357e-016"/>
            <n d="0.704289864961924 -0 0.70991252004167"/>
            <n d="2.44921270764475e-016 -0 1"/>
        </f>
        <f v="123 120 119" fn="0.380846084368952 -0 0.92463844827091">
            <n d="0.704289864961924 -0 0.70991252004167"/>
            <n d="2.44921270764475e-016 -0 1"/>
            <n d="2.44921270764475e-016 -0 1"/>
        </f>
        <f v="124 119 19" fn="0.184557862110236 0 0.982821649910755">
            <n d="0.362774925086368 -0 0.931876791066598"/>
            <n d="2.44921270764475e-016 -0 1"/>
            <n d="2.44921270764475e-016 -0 1"/>
        </f>
        <f v="123 119 124" fn="0.544803561655855 0.0234229517413083 0.838236508712678">
            <n d="0.704289864961924 -0 0.70991252004167"/>
            <n d="2.44921270764475e-016 -0 1"/>
            <n d="0.362774925086368 -0 0.931876791066598"/>
        </f>
        <f v="51 120 123" fn="0.706896261008803 0.0243998431049977 0.706896261008803">
            <n d="1 0 -1.83690953073357e-016"/>
            <n d="2.44921270764475e-016 -0 1"/>
            <n d="0.704289864961924 -0 0.70991252004167"/>
        </f>
        <f v="52 123 122" fn="0.833954966247521 0.0241282032425606 0.551304765152073">
            <n d="1 0 -1.83690953073357e-016"/>
            <n d="0.704289864961924 -0 0.70991252004167"/>
            <n d="0.929084827602943 -0 0.369866709934823"/>
        </f>
        <f v="52 122 8" fn="0.982111202360238 0 0.188301848632795">
            <n d="1 0 -1.83690953073357e-016"/>
            <n d="0.929084827602943 -0 0.369866709934823"/>
            <n d="1 0 -1.83690953073357e-016"/>
        </f>
        <f v="50 66 51" fn="0.9231169657638 0 0.384519268072532">
            <n d="1 0 -1.83690953073357e-016"/>
            <n d="0.704289864961924 -0 0.70991252004167"/>
            <n d="1 0 -1.83690953073357e-016"/>
        </f>
        <f v="51 123 52" fn="0.9231169657638 0 0.384519268072532">
            <n d="1 0 -1.83690953073357e-016"/>
            <n d="0.704289864961924 -0 0.70991252004167"/>
            <n d="1 0 -1.83690953073357e-016"/>
        </f>
        <f v="50 9 67" fn="0.982111202360238 -0 0.188301848632792">
            <n d="1 0 -1.83690953073357e-016"/>
            <n d="1 0 -1.83690953073357e-016"/>
            <n d="0.929084827602941 -0 0.369866709934828"/>
        </f>
    </facets>
    <facets>
        <f v="116 95 96" fn="0.00720885258964783 -0.544938912115818 0.838444759364843">
            <n d="0 -1.22460635382238e-016 1"/>
            <n d="0 -0.362774925086372 0.931876791066597"/>
            <n d="0 -0.704289864961923 0.709912520041671"/>
        </f>
        <f v="79 97 13" fn="-0 -0.982111202360237 0.188301848632799">
            <n d="0 -1 -6.12303176911189e-017"/>
            <n d="0 -0.92908482760294 0.369866709934829"/>
            <n d="0 -1 -6.12303176911189e-017"/>
        </f>
        <f v="79 96 97" fn="0.00742601974889783 -0.834174822594929 0.55145010615595">
            <n d="0 -1 -6.12303176911189e-017"/>
            <n d="0 -0.704289864961923 0.709912520041671"/>
            <n d="0 -0.92908482760294 0.369866709934829"/>
        </f>
        <f v="78 96 79" fn="0 -0.923116965763798 0.384519268072535">
            <n d="0 -1 -6.12303176911189e-017"/>
            <n d="0 -0.704289864961923 0.709912520041671"/>
            <n d="0 -1 -6.12303176911189e-017"/>
        </f>
        <f v="117 96 78" fn="0.00750966811417178 -0.707086842221242 0.707086842221242">
            <n d="0 -1.22460635382238e-016 1"/>
            <n d="0 -0.704289864961923 0.709912520041671"/>
            <n d="0 -1 -6.12303176911189e-017"/>
        </f>
        <f v="126 78 77" fn="-0 -0.924638448270912 0.380846084368949">
            <n d="0 -0.709912520041671 0.704289864961923"/>
            <n d="0 -1 -6.12303176911189e-017"/>
            <n d="0 -1 -6.12303176911189e-017"/>
        </f>
        <f v="127 77 16" fn="0 -0.982821649910757 0.184557862110228">
            <n d="0 -0.931876791066599 0.362774925086366"/>
            <n d="0 -1 -6.12303176911189e-017"/>
            <n d="0 -1 -6.12303176911189e-017"/>
        </f>
        <f v="126 77 127" fn="-0.00720885258964817 -0.838444759364841 0.544938912115821">
            <n d="0 -0.709912520041671 0.704289864961923"/>
            <n d="0 -1 -6.12303176911189e-017"/>
            <n d="0 -0.931876791066599 0.362774925086366"/>
        </f>
        <f v="117 78 126" fn="-0.00750966811417188 -0.707086842221242 0.707086842221242">
            <n d="0 -1.22460635382238e-016 1"/>
            <n d="0 -1 -6.12303176911189e-017"/>
            <n d="0 -0.709912520041671 0.704289864961923"/>
        </f>
        <f v="118 126 125" fn="-0.00742601974889802 -0.55145010615595 0.834174822594929">
            <n d="0 -1.22460635382238e-016 1"/>
            <n d="0 -0.709912520041671 0.704289864961923"/>
            <n d="0 -0.369866709934831 0.929084827602939"/>
        </f>
        <f v="117 126 118" fn="0 -0.384519268072531 0.9231169657638">
            <n d="0 -1.22460635382238e-016 1"/>
            <n d="0 -0.709912520041671 0.704289864961923"/>
            <n d="0 -1.22460635382238e-016 1"/>
        </f>
        <f v="118 125 19" fn="0 -0.188301848632791 0.982111202360239">
            <n d="0 -1.22460635382238e-016 1"/>
            <n d="0 -0.369866709934831 0.929084827602939"/>
            <n d="0 -1.22460635382238e-016 1"/>
        </f>
        <f v="116 96 117" fn="0 -0.380846084368953 0.92463844827091">
            <n d="0 -1.22460635382238e-016 1"/>
            <n d="0 -0.704289864961923 0.709912520041671"/>
            <n d="0 -1.22460635382238e-016 1"/>
        </f>
        <f v="116 18 95" fn="-0 -0.184557862110249 0.982821649910753">
            <n d="0 -1.22460635382238e-016 1"/>
            <n d="0 -1.22460635382238e-016 1"/>
            <n d="0 -0.362774925086372 0.931876791066597"/>
        </f>
    </facets>
    <facets>
        <f v="90 122 123" fn="0.731181759801603 -0.481385779706572 0.483364215917693">
            <n d="0.709912520041671 -0.704289864961923 0"/>
            <n d="0.929084827602942 -2.27552636624506e-016 0.369866709934823"/>
            <n d="0.704289864961924 -2.6746358058038e-015 0.70991252004167"/>
        </f>
        <f v="125 123 124" fn="0.479340027978652 -0.475716387692223 0.73751410566747">
            <n d="-6.79411684580357e-017 -0.36986670993483 0.92908482760294"/>
            <n d="0.704289864961924 -2.6746358058038e-015 0.70991252004167"/>
            <n d="0.362774925086368 2.81102844137673e-015 0.931876791066598"/>
        </f>
        <f v="125 124 19" fn="0.181365898582191 -0.185178991587071 0.965823561478115">
            <n d="-6.79411684580357e-017 -0.36986670993483 0.92908482760294"/>
            <n d="0.362774925086368 2.81102844137673e-015 0.931876791066598"/>
            <n d="0.000265203753549495 -0.000265203753549493 0.999999929666967"/>
        </f>
        <f v="126 123 125" fn="0.481385779706574 -0.483364215917695 0.731181759801601">
            <n d="5.54435631417834e-015 -0.709912520041671 0.704289864961923"/>
            <n d="0.704289864961924 -2.6746358058038e-015 0.70991252004167"/>
            <n d="-6.79411684580357e-017 -0.36986670993483 0.92908482760294"/>
        </f>
        <f v="90 123 126" fn="0.57735026918963 -0.577350269189626 0.577350269189621">
            <n d="0.709912520041671 -0.704289864961923 0"/>
            <n d="0.704289864961924 -2.6746358058038e-015 0.70991252004167"/>
            <n d="5.54435631417834e-015 -0.709912520041671 0.704289864961923"/>
        </f>
        <f v="91 126 127" fn="0.475716387692252 -0.737514105667453 0.479340027978649">
            <n d="0.369866709934829 -0.92908482760294 -5.55111512312578e-015"/>
            <n d="5.54435631417834e-015 -0.709912520041671 0.704289864961923"/>
            <n d="5.62253265361532e-015 -0.931876791066599 0.362774925086366"/>
        </f>
        <f v="91 127 16" fn="0.185178991587082 -0.965823561478115 0.18136589858218">
            <n d="0.369866709934829 -0.92908482760294 -5.55111512312578e-015"/>
            <n d="5.62253265361532e-015 -0.931876791066599 0.362774925086366"/>
            <n d="-1.83690953073357e-016 -1 0"/>
        </f>
        <f v="89 122 90" fn="0.737514105667481 -0.479340027978648 0.475716387692211">
            <n d="0.931876791066597 -0.362774925086372 -1.11022302462516e-014"/>
            <n d="0.929084827602942 -2.27552636624506e-016 0.369866709934823"/>
            <n d="0.709912520041671 -0.704289864961923 0"/>
        </f>
        <f v="90 126 91" fn="0.483364215917698 -0.731181759801605 0.481385779706564">
            <n d="0.709912520041671 -0.704289864961923 0"/>
            <n d="5.54435631417834e-015 -0.709912520041671 0.704289864961923"/>
            <n d="0.369866709934829 -0.92908482760294 -5.55111512312578e-015"/>
        </f>
        <f v="89 8 122" fn="0.965823561478111 -0.181365898582208 0.185178991587075">
            <n d="0.931876791066597 -0.362774925086372 -1.11022302462516e-014"/>
            <n d="1 -2.44921270764475e-016 0"/>
            <n d="0.929084827602942 -2.27552636624506e-016 0.369866709934823"/>
        </f>
    </facets>
    <facets>
        <f v="33 92 93" fn="0.731181759801601 -0.483364215917695 -0.481385779706574">
            <n d="0.70991252004167 -2.86986127378421e-015 -0.704289864961924"/>
            <n d="0.929084827602939 -0.369866709934831 0"/>
            <n d="0.704289864961922 -0.709912520041672 -5.55111512312575e-015"/>
        </f>
        <f v="86 94 15" fn="0.181365898582182 -0.965823561478114 -0.185178991587082">
            <n d="-5.34937567777934e-015 -0.92908482760294 -0.369866709934829"/>
            <n d="0.362774925086366 -0.931876791066599 0"/>
            <n d="-4.28612223837832e-016 -1 0"/>
        </f>
        <f v="86 93 94" fn="0.479340027978646 -0.737514105667461 -0.475716387692242">
            <n d="-5.34937567777934e-015 -0.92908482760294 -0.369866709934829"/>
            <n d="0.704289864961922 -0.709912520041672 -5.55111512312575e-015"/>
            <n d="0.362774925086366 -0.931876791066599 0"/>
        </f>
        <f v="87 93 86" fn="0.481385779706563 -0.731181759801609 -0.483364215917694">
            <n d="-3.01867245247777e-016 -0.704289864961924 -0.70991252004167"/>
            <n d="0.704289864961922 -0.709912520041672 -5.55111512312575e-015"/>
            <n d="-5.34937567777934e-015 -0.92908482760294 -0.369866709934829"/>
        </f>
        <f v="33 93 87" fn="0.577350269189623 -0.577350269189625 -0.57735026918963">
            <n d="0.70991252004167 -2.86986127378421e-015 -0.704289864961924"/>
            <n d="0.704289864961922 -0.709912520041672 -5.55111512312575e-015"/>
            <n d="-3.01867245247777e-016 -0.704289864961924 -0.70991252004167"/>
        </f>
        <f v="34 87 88" fn="0.475716387692213 -0.47934002797865 -0.737514105667478">
            <n d="0.369866709934828 -1.81176449221428e-016 -0.92908482760294"/>
            <n d="-3.01867245247777e-016 -0.704289864961924 -0.70991252004167"/>
            <n d="-5.95524924145468e-015 -0.362774925086371 -0.931876791066597"/>
        </f>
        <f v="32 92 33" fn="0.73751410566747 -0.475716387692223 -0.479340027978652">
            <n d="0.931876791066598 2.85421852685111e-015 -0.362774925086367"/>
            <n d="0.929084827602939 -0.369866709934831 0"/>
            <n d="0.70991252004167 -2.86986127378421e-015 -0.704289864961924"/>
        </f>
        <f v="34 88 5" fn="0.185178991587072 -0.181365898582206 -0.965823561478112">
            <n d="0.369866709934828 -1.81176449221428e-016 -0.92908482760294"/>
            <n d="-5.95524924145468e-015 -0.362774925086371 -0.931876791066597"/>
            <n d="0.000265203753549492 -0.000265203753549496 -0.999999929666967"/>
        </f>
        <f v="33 87 34" fn="0.483364215917698 -0.481385779706575 -0.731181759801599">
            <n d="0.70991252004167 -2.86986127378421e-015 -0.704289864961924"/>
            <n d="-3.01867245247777e-016 -0.704289864961924 -0.70991252004167"/>
            <n d="0.369866709934828 -1.81176449221428e-016 -0.92908482760294"/>
        </f>
        <f v="32 4 92" fn="0.965823561478115 -0.185178991587071 -0.181365898582191">
            <n d="0.931876791066598 2.85421852685111e-015 -0.362774925086367"/>
            <n d="1 -4.89842541528951e-016 0"/>
            <n d="0.929084827602939 -0.369866709934831 0"/>
        </f>
    </facets>
</shell>
</step-assembly>
