<?xml version="1.0" encoding="UTF-8" ?>
<step-assembly root="id75">
<product id="id75" name="Assem1" shape="id23" children="id87 id95 id95"/>
<product id="id87" name="74279243" shape="id28"/>
<product id="id95" name="Lötende" shape="id34"/>
<shape id="id23" unit="mm 0.001000">
    <child ref="id28" xform="1 0 0 0 0 1 0 0 0 0 1 0 0 0 0 1"/>
    <child ref="id34" xform="1 0 0 0 0 1 0 0 0 0 1 0 5.09575e-015 -1.75 2.1684e-016 1"/>
    <child ref="id34" xform="-1 5.665e-017 -6.93889e-018 0 -5.665e-017 -1 3.69763e-017 0 -6.93889e-018 3.69763e-017 1 0 4.8247e-015 1.75 -1.6263e-016 1"/>
</shape>
<shape id="id28" unit="mm 0.001000">
    <child ref="id29" xform="1 0 0 0 0 1 0 0 0 0 1 0 0 0 0 1"/>
</shape>
<shape id="id29" unit="mm 0.001000" shell="id88"/>
<shape id="id34" unit="mm 0.001000">
    <child ref="id35" xform="1 0 0 0 0 1 0 0 0 0 1 0 0 0 0 1"/>
</shape>
<shape id="id35" unit="mm 0.001000" shell="id96"/>
<shell id="id88">
    <verts>
        <v p="-0.78 -1.75 -0.8"/>
        <v p="0.78 -1.75 -0.8"/>
        <v p="-0.78 1.75 -0.8"/>
        <v p="0.78 1.75 -0.8"/>
        <v p="0.8 -1.75 0.78"/>
        <v p="0.78 -1.75 0.8"/>
        <v p="0.8 1.75 0.78"/>
        <v p="0.78 1.75 0.8"/>
        <v p="-0.78 1.75 0.8"/>
        <v p="-0.78 -1.75 0.8"/>
        <v p="-0.8 -1.75 0.78"/>
        <v p="-0.8 -1.75 -0.78"/>
        <v p="-0.8 1.75 0.78"/>
        <v p="-0.8 1.75 -0.78"/>
        <v p="0.8 -1.75 -0.78"/>
        <v p="0.8 1.75 -0.78"/>
        <v p="-0.39 -1.75 -0.8"/>
        <v p="0 -1.75 -0.8"/>
        <v p="0.39 -1.75 -0.8"/>
        <v p="-0.78 -0.875 -0.8"/>
        <v p="-0.78 0 -0.8"/>
        <v p="-0.78 0.875 -0.8"/>
        <v p="0.39 1.75 -0.8"/>
        <v p="0 1.75 -0.8"/>
        <v p="-0.39 1.75 -0.8"/>
        <v p="0.78 0.875 -0.8"/>
        <v p="0.78 0 -0.8"/>
        <v p="0.78 -0.875 -0.8"/>
        <v p="0.798637535821332 -1.75 0.787255498501727"/>
        <v p="0.794198250400833 -1.75 0.794085797299239"/>
        <v p="0.787397334198697 -1.75 0.798581696552059"/>
        <v p="0.8 0.875 0.78"/>
        <v p="0.8 0 0.78"/>
        <v p="0.8 -0.875 0.78"/>
        <v p="0.787255498501727 1.75 0.798637535821332"/>
        <v p="0.794085797299239 1.75 0.794198250400833"/>
        <v p="0.798581696552059 1.75 0.787397334198697"/>
        <v p="0.78 -0.875 0.8"/>
        <v p="0.78 0 0.8"/>
        <v p="0.78 0.875 0.8"/>
        <v p="0.39 1.75 0.8"/>
        <v p="0 1.75 0.8"/>
        <v p="-0.39 1.75 0.8"/>
        <v p="-0.78 0.875 0.8"/>
        <v p="-0.78 0 0.8"/>
        <v p="-0.78 -0.875 0.8"/>
        <v p="-0.39 -1.75 0.8"/>
        <v p="0 -1.75 0.8"/>
        <v p="0.39 -1.75 0.8"/>
        <v p="-0.8 -1.75 0.39"/>
        <v p="-0.8 -1.75 0"/>
        <v p="-0.8 -1.75 -0.39"/>
        <v p="-0.8 -0.875 0.78"/>
        <v p="-0.8 0 0.78"/>
        <v p="-0.8 0.875 0.78"/>
        <v p="-0.8 1.75 0.39"/>
        <v p="-0.8 1.75 0"/>
        <v p="-0.8 1.75 -0.39"/>
        <v p="-0.8 0.875 -0.78"/>
        <v p="-0.8 0 -0.78"/>
        <v p="-0.8 -0.875 -0.78"/>
        <v p="-0.787255498501727 -1.75 0.798637535821332"/>
        <v p="-0.794085797299239 -1.75 0.794198250400833"/>
        <v p="-0.798581696552059 -1.75 0.787397334198697"/>
        <v p="-0.798637535821332 -1.75 -0.787255498501727"/>
        <v p="-0.794198250400833 -1.75 -0.794085797299239"/>
        <v p="-0.787397334198697 -1.75 -0.798581696552059"/>
        <v p="0.787255498501727 -1.75 -0.798637535821332"/>
        <v p="0.794085797299239 -1.75 -0.794198250400833"/>
        <v p="0.798581696552059 -1.75 -0.787397334198697"/>
        <v p="0.8 -1.75 0.39"/>
        <v p="0.8 -1.75 0"/>
        <v p="0.8 -1.75 -0.39"/>
        <v p="0.8 -0.875 -0.78"/>
        <v p="0.8 0 -0.78"/>
        <v p="0.8 0.875 -0.78"/>
        <v p="0.8 1.75 0.39"/>
        <v p="0.8 1.75 0"/>
        <v p="0.8 1.75 -0.39"/>
        <v p="-0.798637535821332 1.75 0.787255498501727"/>
        <v p="-0.794198250400833 1.75 0.794085797299239"/>
        <v p="-0.787397334198697 1.75 0.798581696552059"/>
        <v p="0.798637535821332 1.75 -0.787255498501727"/>
        <v p="0.794198250400833 1.75 -0.794085797299239"/>
        <v p="0.787397334198697 1.75 -0.798581696552059"/>
        <v p="-0.787255498501727 1.75 -0.798637535821332"/>
        <v p="-0.794085797299239 1.75 -0.794198250400833"/>
        <v p="-0.798581696552059 1.75 -0.787397334198697"/>
    </verts>
    <facets color="333333">
        <f v="18 26 27" fn="0 0 -1">
            <n d="-0 -0 -1"/>
            <n d="-0 -0 -1"/>
            <n d="-0 -0 -1"/>
        </f>
        <f v="22 25 26" fn="-0 -0 -1">
            <n d="-0 -0 -1"/>
            <n d="-0 -0 -1"/>
            <n d="-0 -0 -1"/>
        </f>
        <f v="22 3 25" fn="0 -0 -1">
            <n d="-0 -0 -1"/>
            <n d="-0 -0 -1"/>
            <n d="-0 -0 -1"/>
        </f>
        <f v="23 22 26" fn="0 -0 -1">
            <n d="-0 -0 -1"/>
            <n d="-0 -0 -1"/>
            <n d="-0 -0 -1"/>
        </f>
        <f v="20 23 26" fn="0 0 -1">
            <n d="-0 -0 -1"/>
            <n d="-0 -0 -1"/>
            <n d="-0 -0 -1"/>
        </f>
        <f v="21 24 23" fn="-0 -0 -1">
            <n d="-0 -0 -1"/>
            <n d="-0 -0 -1"/>
            <n d="-0 -0 -1"/>
        </f>
        <f v="21 2 24" fn="-0 -0 -1">
            <n d="-0 -0 -1"/>
            <n d="-0 -0 -1"/>
            <n d="-0 -0 -1"/>
        </f>
        <f v="20 21 23" fn="-0 -0 -1">
            <n d="-0 -0 -1"/>
            <n d="-0 -0 -1"/>
            <n d="-0 -0 -1"/>
        </f>
        <f v="17 20 26" fn="0 0 -1">
            <n d="-0 -0 -1"/>
            <n d="-0 -0 -1"/>
            <n d="-0 -0 -1"/>
        </f>
        <f v="18 17 26" fn="-0 0 -1">
            <n d="-0 -0 -1"/>
            <n d="-0 -0 -1"/>
            <n d="-0 -0 -1"/>
        </f>
        <f v="16 0 19" fn="0 0 -1">
            <n d="-0 -0 -1"/>
            <n d="-0 -0 -1"/>
            <n d="-0 -0 -1"/>
        </f>
        <f v="16 19 20" fn="-0 -0 -1">
            <n d="-0 -0 -1"/>
            <n d="-0 -0 -1"/>
            <n d="-0 -0 -1"/>
        </f>
        <f v="17 16 20" fn="-0 -0 -1">
            <n d="-0 -0 -1"/>
            <n d="-0 -0 -1"/>
            <n d="-0 -0 -1"/>
        </f>
        <f v="18 27 1" fn="0 0 -1">
            <n d="-0 -0 -1"/>
            <n d="-0 -0 -1"/>
            <n d="-0 -0 -1"/>
        </f>
    </facets>
    <facets color="333333">
        <f v="37 30 29" fn="0.551462290972102 0.00330995622310453 0.834193254483397">
            <n d="-1.22460635382238e-016 -0 1"/>
            <n d="0.369866709934828 0 0.929084827602941"/>
            <n d="0.70991252004167 0 0.704289864961924"/>
        </f>
        <f v="33 29 28" fn="0.838462217846511 0.00321315548722001 0.544950259084005">
            <n d="1 0 1.83690953073357e-016"/>
            <n d="0.70991252004167 0 0.704289864961924"/>
            <n d="0.931876791066598 0 0.362774925086368"/>
        </f>
        <f v="33 28 4" fn="0.982821649910755 0 0.184557862110236">
            <n d="1 0 1.83690953073357e-016"/>
            <n d="0.931876791066598 0 0.362774925086368"/>
            <n d="1 0 1.83690953073357e-016"/>
        </f>
        <f v="32 29 33" fn="0.92463844827091 0 0.380846084368952">
            <n d="1 0 1.83690953073357e-016"/>
            <n d="0.70991252004167 0 0.704289864961924"/>
            <n d="1 0 1.83690953073357e-016"/>
        </f>
        <f v="38 29 32" fn="0.707102819953023 0.00334724199391213 0.707102819953023">
            <n d="-1.22460635382238e-016 -0 1"/>
            <n d="0.70991252004167 0 0.704289864961924"/>
            <n d="1 0 1.83690953073357e-016"/>
        </f>
        <f v="35 32 31" fn="0.9231169657638 -0 0.384519268072532">
            <n d="0.704289864961924 0 0.70991252004167"/>
            <n d="1 0 1.83690953073357e-016"/>
            <n d="1 0 1.83690953073357e-016"/>
        </f>
        <f v="36 31 6" fn="0.982111202360238 0 0.188301848632792">
            <n d="0.92908482760294 0 0.369866709934828"/>
            <n d="1 0 1.83690953073357e-016"/>
            <n d="1 0 1.83690953073357e-016"/>
        </f>
        <f v="35 31 36" fn="0.834193254483397 -0.00330995622310453 0.551462290972102">
            <n d="0.704289864961924 0 0.70991252004167"/>
            <n d="1 0 1.83690953073357e-016"/>
            <n d="0.92908482760294 0 0.369866709934828"/>
        </f>
        <f v="38 32 35" fn="0.707102819953023 -0.00334724199391213 0.707102819953023">
            <n d="-1.22460635382238e-016 -0 1"/>
            <n d="1 0 1.83690953073357e-016"/>
            <n d="0.704289864961924 0 0.70991252004167"/>
        </f>
        <f v="39 35 34" fn="0.544950259084005 -0.00321315548722001 0.838462217846511">
            <n d="-1.22460635382238e-016 -0 1"/>
            <n d="0.704289864961924 0 0.70991252004167"/>
            <n d="0.362774925086367 0 0.931876791066598"/>
        </f>
        <f v="39 34 7" fn="0.184557862110236 -0 0.982821649910755">
            <n d="-1.22460635382238e-016 -0 1"/>
            <n d="0.362774925086367 0 0.931876791066598"/>
            <n d="-1.22460635382238e-016 -0 1"/>
        </f>
        <f v="37 29 38" fn="0.384519268072532 -0 0.9231169657638">
            <n d="-1.22460635382238e-016 -0 1"/>
            <n d="0.70991252004167 0 0.704289864961924"/>
            <n d="-1.22460635382238e-016 -0 1"/>
        </f>
        <f v="38 35 39" fn="0.380846084368952 -0 0.92463844827091">
            <n d="-1.22460635382238e-016 -0 1"/>
            <n d="0.704289864961924 0 0.70991252004167"/>
            <n d="-1.22460635382238e-016 -0 1"/>
        </f>
        <f v="37 5 30" fn="0.188301848632792 0 0.982111202360238">
            <n d="-1.22460635382238e-016 -0 1"/>
            <n d="-1.22460635382238e-016 -0 1"/>
            <n d="0.369866709934828 0 0.929084827602941"/>
        </f>
    </facets>
    <facets color="333333">
        <f v="38 40 41" fn="-0 -0 1">
            <n d="0 0 1"/>
            <n d="0 0 1"/>
            <n d="0 0 1"/>
        </f>
        <f v="43 42 8" fn="-0 -0 1">
            <n d="0 0 1"/>
            <n d="0 0 1"/>
            <n d="0 0 1"/>
        </f>
        <f v="43 41 42" fn="0 0 1">
            <n d="0 0 1"/>
            <n d="0 0 1"/>
            <n d="0 0 1"/>
        </f>
        <f v="44 41 43" fn="0 0 1">
            <n d="0 0 1"/>
            <n d="0 0 1"/>
            <n d="0 0 1"/>
        </f>
        <f v="47 41 44" fn="-0 -0 1">
            <n d="0 0 1"/>
            <n d="0 0 1"/>
            <n d="0 0 1"/>
        </f>
        <f v="46 44 45" fn="0 0 1">
            <n d="0 0 1"/>
            <n d="0 0 1"/>
            <n d="0 0 1"/>
        </f>
        <f v="46 45 9" fn="0 0 1">
            <n d="0 0 1"/>
            <n d="0 0 1"/>
            <n d="0 0 1"/>
        </f>
        <f v="47 44 46" fn="0 0 1">
            <n d="0 0 1"/>
            <n d="0 0 1"/>
            <n d="0 0 1"/>
        </f>
        <f v="38 41 47" fn="0 -0 1">
            <n d="0 0 1"/>
            <n d="0 0 1"/>
            <n d="0 0 1"/>
        </f>
        <f v="39 40 38" fn="0 0 1">
            <n d="0 0 1"/>
            <n d="0 0 1"/>
            <n d="0 0 1"/>
        </f>
        <f v="37 48 5" fn="-0 0 1">
            <n d="0 0 1"/>
            <n d="0 0 1"/>
            <n d="0 0 1"/>
        </f>
        <f v="38 47 48" fn="-0 -0 1">
            <n d="0 0 1"/>
            <n d="0 0 1"/>
            <n d="0 0 1"/>
        </f>
        <f v="38 48 37" fn="0 0 1">
            <n d="0 0 1"/>
            <n d="0 0 1"/>
            <n d="0 0 1"/>
        </f>
        <f v="39 7 40" fn="-0 -0 1">
            <n d="0 0 1"/>
            <n d="0 0 1"/>
            <n d="0 0 1"/>
        </f>
    </facets>
    <facets color="333333">
        <f v="50 59 60" fn="-1 0 0">
            <n d="-1 -0 -0"/>
            <n d="-1 -0 -0"/>
            <n d="-1 -0 -0"/>
        </f>
        <f v="57 58 59" fn="-1 -0 -0">
            <n d="-1 -0 -0"/>
            <n d="-1 -0 -0"/>
            <n d="-1 -0 -0"/>
        </f>
        <f v="57 13 58" fn="-1 -0 -0">
            <n d="-1 -0 -0"/>
            <n d="-1 -0 -0"/>
            <n d="-1 -0 -0"/>
        </f>
        <f v="56 57 59" fn="-1 -0 -0">
            <n d="-1 -0 -0"/>
            <n d="-1 -0 -0"/>
            <n d="-1 -0 -0"/>
        </f>
        <f v="53 56 59" fn="-1 0 0">
            <n d="-1 -0 -0"/>
            <n d="-1 -0 -0"/>
            <n d="-1 -0 -0"/>
        </f>
        <f v="53 55 56" fn="-1 0 0">
            <n d="-1 -0 -0"/>
            <n d="-1 -0 -0"/>
            <n d="-1 -0 -0"/>
        </f>
        <f v="54 12 55" fn="-1 0 -0">
            <n d="-1 -0 -0"/>
            <n d="-1 -0 -0"/>
            <n d="-1 -0 -0"/>
        </f>
        <f v="53 54 55" fn="-1 0 -0">
            <n d="-1 -0 -0"/>
            <n d="-1 -0 -0"/>
            <n d="-1 -0 -0"/>
        </f>
        <f v="50 53 59" fn="-1 0 0">
            <n d="-1 -0 -0"/>
            <n d="-1 -0 -0"/>
            <n d="-1 -0 -0"/>
        </f>
        <f v="51 50 60" fn="-1 0 -0">
            <n d="-1 -0 -0"/>
            <n d="-1 -0 -0"/>
            <n d="-1 -0 -0"/>
        </f>
        <f v="49 10 52" fn="-1 0 0">
            <n d="-1 -0 -0"/>
            <n d="-1 -0 -0"/>
            <n d="-1 -0 -0"/>
        </f>
        <f v="50 52 53" fn="-1 0 0">
            <n d="-1 -0 -0"/>
            <n d="-1 -0 -0"/>
            <n d="-1 -0 -0"/>
        </f>
        <f v="50 49 52" fn="-1 -0 -0">
            <n d="-1 -0 -0"/>
            <n d="-1 -0 -0"/>
            <n d="-1 -0 -0"/>
        </f>
        <f v="51 60 11" fn="-1 0 0">
            <n d="-1 -0 -0"/>
            <n d="-1 -0 -0"/>
            <n d="-1 -0 -0"/>
        </f>
    </facets>
    <facets color="333333">
        <f v="29 30 5" fn="1.33376197352198e-014 -1 6.9563978526439e-014">
            <n d="-0 -1 -0"/>
            <n d="-0 -1 -0"/>
            <n d="-0 -1 -0"/>
        </f>
        <f v="4 29 5" fn="-2.68038781238672e-014 -1 -2.68038781238672e-014">
            <n d="-0 -1 -0"/>
            <n d="-0 -1 -0"/>
            <n d="-0 -1 -0"/>
        </f>
        <f v="4 28 29" fn="7.03414768247293e-014 -1 1.3208981081794e-014">
            <n d="-0 -1 -0"/>
            <n d="-0 -1 -0"/>
            <n d="-0 -1 -0"/>
        </f>
        <f v="70 4 5" fn="-0 -1 0">
            <n d="-0 -1 -0"/>
            <n d="-0 -1 -0"/>
            <n d="-0 -1 -0"/>
        </f>
        <f v="48 71 70" fn="0 -1 0">
            <n d="-0 -1 -0"/>
            <n d="-0 -1 -0"/>
            <n d="-0 -1 -0"/>
        </f>
        <f v="1 14 72" fn="0 -1 0">
            <n d="-0 -1 -0"/>
            <n d="-0 -1 -0"/>
            <n d="-0 -1 -0"/>
        </f>
        <f v="68 69 14" fn="6.9563978526439e-014 -1 -1.33376197352198e-014">
            <n d="-0 -1 -0"/>
            <n d="-0 -1 -0"/>
            <n d="-0 -1 -0"/>
        </f>
        <f v="67 68 14" fn="-5.85147325582322e-014 -1 4.00128592056607e-014">
            <n d="-0 -1 -0"/>
            <n d="-0 -1 -0"/>
            <n d="-0 -1 -0"/>
        </f>
        <f v="1 67 14" fn="-0 -1 -0">
            <n d="-0 -1 -0"/>
            <n d="-0 -1 -0"/>
            <n d="-0 -1 -0"/>
        </f>
        <f v="18 1 72" fn="0 -1 0">
            <n d="-0 -1 -0"/>
            <n d="-0 -1 -0"/>
            <n d="-0 -1 -0"/>
        </f>
        <f v="18 72 71" fn="-0 -1 -0">
            <n d="-0 -1 -0"/>
            <n d="-0 -1 -0"/>
            <n d="-0 -1 -0"/>
        </f>
        <f v="17 18 71" fn="-0 -1 -0">
            <n d="-0 -1 -0"/>
            <n d="-0 -1 -0"/>
            <n d="-0 -1 -0"/>
        </f>
        <f v="50 17 71" fn="0 -1 0">
            <n d="-0 -1 -0"/>
            <n d="-0 -1 -0"/>
            <n d="-0 -1 -0"/>
        </f>
        <f v="51 16 17" fn="-0 -1 -0">
            <n d="-0 -1 -0"/>
            <n d="-0 -1 -0"/>
            <n d="-0 -1 -0"/>
        </f>
        <f v="11 0 16" fn="0 -1 0">
            <n d="-0 -1 -0"/>
            <n d="-0 -1 -0"/>
            <n d="-0 -1 -0"/>
        </f>
        <f v="64 66 0" fn="0 -1 0">
            <n d="-0 -1 -0"/>
            <n d="-0 -1 -0"/>
            <n d="-0 -1 -0"/>
        </f>
        <f v="64 65 66" fn="9.4925217906302e-014 -1 9.42044791727974e-014">
            <n d="-0 -1 -0"/>
            <n d="-0 -1 -0"/>
            <n d="-0 -1 -0"/>
        </f>
        <f v="11 64 0" fn="-0 -1 -0">
            <n d="-0 -1 -0"/>
            <n d="-0 -1 -0"/>
            <n d="-0 -1 -0"/>
        </f>
        <f v="51 11 16" fn="-0 -1 -0">
            <n d="-0 -1 -0"/>
            <n d="-0 -1 -0"/>
            <n d="-0 -1 -0"/>
        </f>
        <f v="50 51 17" fn="-0 -1 -0">
            <n d="-0 -1 -0"/>
            <n d="-0 -1 -0"/>
            <n d="-0 -1 -0"/>
        </f>
        <f v="47 50 71" fn="0 -1 -0">
            <n d="-0 -1 -0"/>
            <n d="-0 -1 -0"/>
            <n d="-0 -1 -0"/>
        </f>
        <f v="9 10 49" fn="0 -1 0">
            <n d="-0 -1 -0"/>
            <n d="-0 -1 -0"/>
            <n d="-0 -1 -0"/>
        </f>
        <f v="62 63 10" fn="-6.9563978526439e-014 -1 1.33376197352198e-014">
            <n d="-0 -1 -0"/>
            <n d="-0 -1 -0"/>
            <n d="-0 -1 -0"/>
        </f>
        <f v="61 62 10" fn="5.85147325582322e-014 -1 -4.00128592056607e-014">
            <n d="-0 -1 -0"/>
            <n d="-0 -1 -0"/>
            <n d="-0 -1 -0"/>
        </f>
        <f v="9 61 10" fn="-0 -1 -0">
            <n d="-0 -1 -0"/>
            <n d="-0 -1 -0"/>
            <n d="-0 -1 -0"/>
        </f>
        <f v="48 47 71" fn="-0 -1 -0">
            <n d="-0 -1 -0"/>
            <n d="-0 -1 -0"/>
            <n d="-0 -1 -0"/>
        </f>
        <f v="46 9 49" fn="-0 -1 0">
            <n d="-0 -1 -0"/>
            <n d="-0 -1 -0"/>
            <n d="-0 -1 -0"/>
        </f>
        <f v="46 49 50" fn="-0 -1 -0">
            <n d="-0 -1 -0"/>
            <n d="-0 -1 -0"/>
            <n d="-0 -1 -0"/>
        </f>
        <f v="47 46 50" fn="-0 -1 -0">
            <n d="-0 -1 -0"/>
            <n d="-0 -1 -0"/>
            <n d="-0 -1 -0"/>
        </f>
        <f v="48 70 5" fn="0 -1 0">
            <n d="-0 -1 -0"/>
            <n d="-0 -1 -0"/>
            <n d="-0 -1 -0"/>
        </f>
    </facets>
    <facets color="333333">
        <f v="70 32 33" fn="1 0 0">
            <n d="1 -0 -0"/>
            <n d="1 -0 -0"/>
            <n d="1 -0 -0"/>
        </f>
        <f v="77 31 32" fn="1 0 0">
            <n d="1 -0 -0"/>
            <n d="1 -0 -0"/>
            <n d="1 -0 -0"/>
        </f>
        <f v="76 6 31" fn="1 -0 -0">
            <n d="1 -0 -0"/>
            <n d="1 -0 -0"/>
            <n d="1 -0 -0"/>
        </f>
        <f v="77 76 31" fn="1 -0 -0">
            <n d="1 -0 -0"/>
            <n d="1 -0 -0"/>
            <n d="1 -0 -0"/>
        </f>
        <f v="74 77 32" fn="1 0 0">
            <n d="1 -0 -0"/>
            <n d="1 -0 -0"/>
            <n d="1 -0 -0"/>
        </f>
        <f v="75 78 77" fn="1 -0 -0">
            <n d="1 -0 -0"/>
            <n d="1 -0 -0"/>
            <n d="1 -0 -0"/>
        </f>
        <f v="75 15 78" fn="1 -0 -0">
            <n d="1 -0 -0"/>
            <n d="1 -0 -0"/>
            <n d="1 -0 -0"/>
        </f>
        <f v="74 75 77" fn="1 -0 -0">
            <n d="1 -0 -0"/>
            <n d="1 -0 -0"/>
            <n d="1 -0 -0"/>
        </f>
        <f v="71 74 32" fn="1 -0 0">
            <n d="1 -0 -0"/>
            <n d="1 -0 -0"/>
            <n d="1 -0 -0"/>
        </f>
        <f v="70 71 32" fn="1 -0 -0">
            <n d="1 -0 -0"/>
            <n d="1 -0 -0"/>
            <n d="1 -0 -0"/>
        </f>
        <f v="72 14 73" fn="1 0 0">
            <n d="1 -0 -0"/>
            <n d="1 -0 -0"/>
            <n d="1 -0 -0"/>
        </f>
        <f v="72 73 74" fn="1 -0 -0">
            <n d="1 -0 -0"/>
            <n d="1 -0 -0"/>
            <n d="1 -0 -0"/>
        </f>
        <f v="71 72 74" fn="1 -0 -0">
            <n d="1 -0 -0"/>
            <n d="1 -0 -0"/>
            <n d="1 -0 -0"/>
        </f>
        <f v="70 33 4" fn="1 0 0">
            <n d="1 -0 -0"/>
            <n d="1 -0 -0"/>
            <n d="1 -0 -0"/>
        </f>
    </facets>
    <facets color="333333">
        <f v="86 87 13" fn="-6.9563978526439e-014 1 -1.33376197352198e-014">
            <n d="-0 1 -0"/>
            <n d="-0 1 -0"/>
            <n d="-0 1 -0"/>
        </f>
        <f v="85 86 13" fn="5.85147325582322e-014 1 4.00128592056607e-014">
            <n d="-0 1 -0"/>
            <n d="-0 1 -0"/>
            <n d="-0 1 -0"/>
        </f>
        <f v="2 85 13" fn="-0 1 -0">
            <n d="-0 1 -0"/>
            <n d="-0 1 -0"/>
            <n d="-0 1 -0"/>
        </f>
        <f v="24 2 13" fn="-0 1 -0">
            <n d="-0 1 -0"/>
            <n d="-0 1 -0"/>
            <n d="-0 1 -0"/>
        </f>
        <f v="56 23 24" fn="0 1 0">
            <n d="-0 1 -0"/>
            <n d="-0 1 -0"/>
            <n d="-0 1 -0"/>
        </f>
        <f v="78 22 23" fn="-0 1 -0">
            <n d="-0 1 -0"/>
            <n d="-0 1 -0"/>
            <n d="-0 1 -0"/>
        </f>
        <f v="15 3 22" fn="0 1 0">
            <n d="-0 1 -0"/>
            <n d="-0 1 -0"/>
            <n d="-0 1 -0"/>
        </f>
        <f v="82 84 3" fn="0 1 0">
            <n d="-0 1 -0"/>
            <n d="-0 1 -0"/>
            <n d="-0 1 -0"/>
        </f>
        <f v="82 83 84" fn="-9.4925217906302e-014 1 9.42044791727974e-014">
            <n d="-0 1 -0"/>
            <n d="-0 1 -0"/>
            <n d="-0 1 -0"/>
        </f>
        <f v="15 82 3" fn="-0 1 -0">
            <n d="-0 1 -0"/>
            <n d="-0 1 -0"/>
            <n d="-0 1 -0"/>
        </f>
        <f v="78 15 22" fn="-0 1 0">
            <n d="-0 1 -0"/>
            <n d="-0 1 -0"/>
            <n d="-0 1 -0"/>
        </f>
        <f v="77 78 23" fn="-0 1 0">
            <n d="-0 1 -0"/>
            <n d="-0 1 -0"/>
            <n d="-0 1 -0"/>
        </f>
        <f v="41 77 23" fn="0 1 0">
            <n d="-0 1 -0"/>
            <n d="-0 1 -0"/>
            <n d="-0 1 -0"/>
        </f>
        <f v="40 76 77" fn="-0 1 -0">
            <n d="-0 1 -0"/>
            <n d="-0 1 -0"/>
            <n d="-0 1 -0"/>
        </f>
        <f v="7 6 76" fn="0 1 0">
            <n d="-0 1 -0"/>
            <n d="-0 1 -0"/>
            <n d="-0 1 -0"/>
        </f>
        <f v="35 36 6" fn="6.9563978526439e-014 1 1.33376197352198e-014">
            <n d="-0 1 -0"/>
            <n d="-0 1 -0"/>
            <n d="-0 1 -0"/>
        </f>
        <f v="34 35 6" fn="-5.85147325582322e-014 1 -4.00128592056607e-014">
            <n d="-0 1 -0"/>
            <n d="-0 1 -0"/>
            <n d="-0 1 -0"/>
        </f>
        <f v="7 34 6" fn="-0 1 -0">
            <n d="-0 1 -0"/>
            <n d="-0 1 -0"/>
            <n d="-0 1 -0"/>
        </f>
        <f v="40 7 76" fn="-0 1 -0">
            <n d="-0 1 -0"/>
            <n d="-0 1 -0"/>
            <n d="-0 1 -0"/>
        </f>
        <f v="41 40 77" fn="-0 1 -0">
            <n d="-0 1 -0"/>
            <n d="-0 1 -0"/>
            <n d="-0 1 -0"/>
        </f>
        <f v="56 41 23" fn="-0 1 0">
            <n d="-0 1 -0"/>
            <n d="-0 1 -0"/>
            <n d="-0 1 -0"/>
        </f>
        <f v="55 8 42" fn="0 1 0">
            <n d="-0 1 -0"/>
            <n d="-0 1 -0"/>
            <n d="-0 1 -0"/>
        </f>
        <f v="80 81 8" fn="-1.33376197352198e-014 1 6.9563978526439e-014">
            <n d="-0 1 -0"/>
            <n d="-0 1 -0"/>
            <n d="-0 1 -0"/>
        </f>
        <f v="12 80 8" fn="2.68038781238672e-014 1 -2.68038781238672e-014">
            <n d="-0 1 -0"/>
            <n d="-0 1 -0"/>
            <n d="-0 1 -0"/>
        </f>
        <f v="12 79 80" fn="-7.03414768247293e-014 1 1.3208981081794e-014">
            <n d="-0 1 -0"/>
            <n d="-0 1 -0"/>
            <n d="-0 1 -0"/>
        </f>
        <f v="57 56 24" fn="-0 1 -0">
            <n d="-0 1 -0"/>
            <n d="-0 1 -0"/>
            <n d="-0 1 -0"/>
        </f>
        <f v="55 12 8" fn="-0 1 -0">
            <n d="-0 1 -0"/>
            <n d="-0 1 -0"/>
            <n d="-0 1 -0"/>
        </f>
        <f v="56 42 41" fn="0 1 0">
            <n d="-0 1 -0"/>
            <n d="-0 1 -0"/>
            <n d="-0 1 -0"/>
        </f>
        <f v="56 55 42" fn="-0 1 -0">
            <n d="-0 1 -0"/>
            <n d="-0 1 -0"/>
            <n d="-0 1 -0"/>
        </f>
        <f v="57 24 13" fn="0 1 0">
            <n d="-0 1 -0"/>
            <n d="-0 1 -0"/>
            <n d="-0 1 -0"/>
        </f>
    </facets>
    <facets color="333333">
        <f v="73 69 68" fn="0.834193254483397 0.00330995622310453 -0.551462290972102">
            <n d="1 0 -1.83690953073357e-016"/>
            <n d="0.92908482760294 0 -0.369866709934828"/>
            <n d="0.704289864961924 0 -0.70991252004167"/>
        </f>
        <f v="27 67 1" fn="0.184557862110236 -0 -0.982821649910755">
            <n d="-1.22460635382238e-016 0 -1"/>
            <n d="0.362774925086367 0 -0.931876791066598"/>
            <n d="-1.22460635382238e-016 0 -1"/>
        </f>
        <f v="27 68 67" fn="0.544950259084005 0.00321315548722001 -0.838462217846511">
            <n d="-1.22460635382238e-016 0 -1"/>
            <n d="0.704289864961924 0 -0.70991252004167"/>
            <n d="0.362774925086367 0 -0.931876791066598"/>
        </f>
        <f v="26 68 27" fn="0.380846084368952 0 -0.92463844827091">
            <n d="-1.22460635382238e-016 0 -1"/>
            <n d="0.704289864961924 0 -0.70991252004167"/>
            <n d="-1.22460635382238e-016 0 -1"/>
        </f>
        <f v="74 68 26" fn="0.707102819953023 0.00334724199391213 -0.707102819953023">
            <n d="1 0 -1.83690953073357e-016"/>
            <n d="0.704289864961924 0 -0.70991252004167"/>
            <n d="-1.22460635382238e-016 0 -1"/>
        </f>
        <f v="83 26 25" fn="0.384519268072532 -0 -0.9231169657638">
            <n d="0.70991252004167 0 -0.704289864961924"/>
            <n d="-1.22460635382238e-016 0 -1"/>
            <n d="-1.22460635382238e-016 0 -1"/>
        </f>
        <f v="84 25 3" fn="0.188301848632792 0 -0.982111202360238">
            <n d="0.369866709934828 0 -0.929084827602941"/>
            <n d="-1.22460635382238e-016 0 -1"/>
            <n d="-1.22460635382238e-016 0 -1"/>
        </f>
        <f v="83 25 84" fn="0.551462290972102 -0.00330995622310453 -0.834193254483397">
            <n d="0.70991252004167 0 -0.704289864961924"/>
            <n d="-1.22460635382238e-016 0 -1"/>
            <n d="0.369866709934828 0 -0.929084827602941"/>
        </f>
        <f v="74 26 83" fn="0.707102819953023 -0.00334724199391213 -0.707102819953023">
            <n d="1 0 -1.83690953073357e-016"/>
            <n d="-1.22460635382238e-016 0 -1"/>
            <n d="0.70991252004167 0 -0.704289864961924"/>
        </f>
        <f v="73 68 74" fn="0.9231169657638 0 -0.384519268072532">
            <n d="1 0 -1.83690953073357e-016"/>
            <n d="0.704289864961924 0 -0.70991252004167"/>
            <n d="1 0 -1.83690953073357e-016"/>
        </f>
        <f v="75 82 15" fn="0.982821649910755 -0 -0.184557862110236">
            <n d="1 0 -1.83690953073357e-016"/>
            <n d="0.931876791066598 0 -0.362774925086368"/>
            <n d="1 0 -1.83690953073357e-016"/>
        </f>
        <f v="75 83 82" fn="0.838462217846511 -0.00321315548722001 -0.544950259084005">
            <n d="1 0 -1.83690953073357e-016"/>
            <n d="0.70991252004167 0 -0.704289864961924"/>
            <n d="0.931876791066598 0 -0.362774925086368"/>
        </f>
        <f v="74 83 75" fn="0.92463844827091 0 -0.380846084368952">
            <n d="1 0 -1.83690953073357e-016"/>
            <n d="0.70991252004167 0 -0.704289864961924"/>
            <n d="1 0 -1.83690953073357e-016"/>
        </f>
        <f v="73 14 69" fn="0.982111202360238 -0 -0.188301848632792">
            <n d="1 0 -1.83690953073357e-016"/>
            <n d="1 0 -1.83690953073357e-016"/>
            <n d="0.92908482760294 0 -0.369866709934828"/>
        </f>
    </facets>
    <facets color="333333">
        <f v="58 87 86" fn="-0.834193254483397 -0.00330995622310453 -0.551462290972102">
            <n d="-1 0 -6.12303176911189e-017"/>
            <n d="-0.929084827602941 0 -0.369866709934828"/>
            <n d="-0.704289864961924 0 -0.70991252004167"/>
        </f>
        <f v="21 85 2" fn="-0.184557862110236 0 -0.982821649910755">
            <n d="0 0 -1"/>
            <n d="-0.362774925086367 0 -0.931876791066598"/>
            <n d="0 0 -1"/>
        </f>
        <f v="21 86 85" fn="-0.544950259084005 -0.00321315548722001 -0.838462217846511">
            <n d="0 0 -1"/>
            <n d="-0.704289864961924 0 -0.70991252004167"/>
            <n d="-0.362774925086367 0 -0.931876791066598"/>
        </f>
        <f v="20 86 21" fn="-0.380846084368952 0 -0.92463844827091">
            <n d="0 0 -1"/>
            <n d="-0.704289864961924 0 -0.70991252004167"/>
            <n d="0 0 -1"/>
        </f>
        <f v="59 86 20" fn="-0.707102819953023 -0.00334724199391213 -0.707102819953023">
            <n d="-1 0 -6.12303176911189e-017"/>
            <n d="-0.704289864961924 0 -0.70991252004167"/>
            <n d="0 0 -1"/>
        </f>
        <f v="65 20 19" fn="-0.384519268072532 -0 -0.9231169657638">
            <n d="-0.70991252004167 0 -0.704289864961924"/>
            <n d="0 0 -1"/>
            <n d="0 0 -1"/>
        </f>
        <f v="66 19 0" fn="-0.188301848632792 0 -0.982111202360238">
            <n d="-0.369866709934828 0 -0.929084827602941"/>
            <n d="0 0 -1"/>
            <n d="0 0 -1"/>
        </f>
        <f v="65 19 66" fn="-0.551462290972102 0.00330995622310453 -0.834193254483397">
            <n d="-0.70991252004167 0 -0.704289864961924"/>
            <n d="0 0 -1"/>
            <n d="-0.369866709934828 0 -0.929084827602941"/>
        </f>
        <f v="59 20 65" fn="-0.707102819953023 0.00334724199391213 -0.707102819953023">
            <n d="-1 0 -6.12303176911189e-017"/>
            <n d="0 0 -1"/>
            <n d="-0.70991252004167 0 -0.704289864961924"/>
        </f>
        <f v="58 86 59" fn="-0.9231169657638 -0 -0.384519268072532">
            <n d="-1 0 -6.12303176911189e-017"/>
            <n d="-0.704289864961924 0 -0.70991252004167"/>
            <n d="-1 0 -6.12303176911189e-017"/>
        </f>
        <f v="60 64 11" fn="-0.982821649910755 -0 -0.184557862110236">
            <n d="-1 0 -6.12303176911189e-017"/>
            <n d="-0.931876791066598 0 -0.362774925086367"/>
            <n d="-1 0 -6.12303176911189e-017"/>
        </f>
        <f v="60 65 64" fn="-0.838462217846511 0.00321315548722001 -0.544950259084005">
            <n d="-1 0 -6.12303176911189e-017"/>
            <n d="-0.70991252004167 0 -0.704289864961924"/>
            <n d="-0.931876791066598 0 -0.362774925086367"/>
        </f>
        <f v="59 65 60" fn="-0.92463844827091 -0 -0.380846084368952">
            <n d="-1 0 -6.12303176911189e-017"/>
            <n d="-0.70991252004167 0 -0.704289864961924"/>
            <n d="-1 0 -6.12303176911189e-017"/>
        </f>
        <f v="58 13 87" fn="-0.982111202360238 0 -0.188301848632792">
            <n d="-1 0 -6.12303176911189e-017"/>
            <n d="-1 0 -6.12303176911189e-017"/>
            <n d="-0.929084827602941 0 -0.369866709934828"/>
        </f>
    </facets>
    <facets color="333333">
        <f v="43 81 80" fn="-0.551462290972102 -0.00330995622310453 0.834193254483397">
            <n d="0 0 1"/>
            <n d="-0.369866709934828 0 0.929084827602941"/>
            <n d="-0.70991252004167 0 0.704289864961924"/>
        </f>
        <f v="54 80 79" fn="-0.838462217846511 -0.00321315548722001 0.544950259084005">
            <n d="-1 0 6.12303176911189e-017"/>
            <n d="-0.70991252004167 0 0.704289864961924"/>
            <n d="-0.931876791066598 0 0.362774925086367"/>
        </f>
        <f v="54 79 12" fn="-0.982821649910755 0 0.184557862110236">
            <n d="-1 0 6.12303176911189e-017"/>
            <n d="-0.931876791066598 0 0.362774925086367"/>
            <n d="-1 0 6.12303176911189e-017"/>
        </f>
        <f v="53 80 54" fn="-0.92463844827091 0 0.380846084368952">
            <n d="-1 0 6.12303176911189e-017"/>
            <n d="-0.70991252004167 0 0.704289864961924"/>
            <n d="-1 0 6.12303176911189e-017"/>
        </f>
        <f v="44 80 53" fn="-0.707102819953023 -0.00334724199391213 0.707102819953023">
            <n d="0 0 1"/>
            <n d="-0.70991252004167 0 0.704289864961924"/>
            <n d="-1 0 6.12303176911189e-017"/>
        </f>
        <f v="62 53 52" fn="-0.9231169657638 -0 0.384519268072532">
            <n d="-0.704289864961924 0 0.70991252004167"/>
            <n d="-1 0 6.12303176911189e-017"/>
            <n d="-1 0 6.12303176911189e-017"/>
        </f>
        <f v="63 52 10" fn="-0.982111202360238 0 0.188301848632792">
            <n d="-0.929084827602941 0 0.369866709934828"/>
            <n d="-1 0 6.12303176911189e-017"/>
            <n d="-1 0 6.12303176911189e-017"/>
        </f>
        <f v="62 52 63" fn="-0.834193254483397 0.00330995622310453 0.551462290972102">
            <n d="-0.704289864961924 0 0.70991252004167"/>
            <n d="-1 0 6.12303176911189e-017"/>
            <n d="-0.929084827602941 0 0.369866709934828"/>
        </f>
        <f v="44 53 62" fn="-0.707102819953023 0.00334724199391213 0.707102819953023">
            <n d="0 0 1"/>
            <n d="-1 0 6.12303176911189e-017"/>
            <n d="-0.704289864961924 0 0.70991252004167"/>
        </f>
        <f v="45 62 61" fn="-0.544950259084005 0.00321315548722001 0.838462217846511">
            <n d="0 0 1"/>
            <n d="-0.704289864961924 0 0.70991252004167"/>
            <n d="-0.362774925086367 0 0.931876791066598"/>
        </f>
        <f v="45 61 9" fn="-0.184557862110236 0 0.982821649910755">
            <n d="0 0 1"/>
            <n d="-0.362774925086367 0 0.931876791066598"/>
            <n d="0 0 1"/>
        </f>
        <f v="43 80 44" fn="-0.384519268072532 0 0.9231169657638">
            <n d="0 0 1"/>
            <n d="-0.70991252004167 0 0.704289864961924"/>
            <n d="0 0 1"/>
        </f>
        <f v="44 62 45" fn="-0.380846084368952 0 0.92463844827091">
            <n d="0 0 1"/>
            <n d="-0.704289864961924 0 0.70991252004167"/>
            <n d="0 0 1"/>
        </f>
        <f v="43 8 81" fn="-0.188301848632792 -0 0.982111202360238">
            <n d="0 0 1"/>
            <n d="0 0 1"/>
            <n d="-0.369866709934828 0 0.929084827602941"/>
        </f>
    </facets>
</shell>
<shell id="id96">
    <verts>
        <v p="0.8 -0.48 0.78"/>
        <v p="0.78 -0.48 0.8"/>
        <v p="0.78 -0.5 0.78"/>
        <v p="-0.78 -0.5 -0.78"/>
        <v p="-0.78 -0.48 -0.8"/>
        <v p="0.78 -0.48 -0.8"/>
        <v p="0.78 -0.5 -0.78"/>
        <v p="-0.8 -0.48 -0.78"/>
        <v p="-0.8 0 0.78"/>
        <v p="-0.8 0 -0.78"/>
        <v p="-0.8 -0.48 0.78"/>
        <v p="-0.78 0 -0.8"/>
        <v p="0.78 0 -0.8"/>
        <v p="0.8 -0.48 -0.78"/>
        <v p="0.8 0 -0.78"/>
        <v p="0.8 0 0.78"/>
        <v p="-0.78 -0.48 0.8"/>
        <v p="0.78 0 0.8"/>
        <v p="-0.78 0 0.8"/>
        <v p="-0.78 -0.5 0.78"/>
        <v p="0.798581696552059 -0.48 0.787397334198697"/>
        <v p="0.794085797299239 -0.48 0.794198250400833"/>
        <v p="0.787255498501727 -0.48 0.798637535821332"/>
        <v p="0.78 -0.487397334198697 0.798581696552059"/>
        <v p="0.78 -0.494198250400833 0.794085797299239"/>
        <v p="0.78 -0.498637535821332 0.787255498501727"/>
        <v p="0.798637535821332 -0.487255498501727 0.78"/>
        <v p="0.794198250400833 -0.494085797299238 0.78"/>
        <v p="0.787397334198697 -0.498581696552059 0.78"/>
        <v p="-0.78 -0.498637535821332 -0.787255498501727"/>
        <v p="-0.78 -0.494198250400833 -0.794085797299239"/>
        <v p="-0.78 -0.487397334198697 -0.798581696552059"/>
        <v p="0.39 -0.48 -0.8"/>
        <v p="0 -0.48 -0.8"/>
        <v p="-0.39 -0.48 -0.8"/>
        <v p="0.78 -0.498581696552059 -0.787397334198697"/>
        <v p="0.78 -0.494085797299239 -0.794198250400833"/>
        <v p="0.78 -0.487255498501727 -0.798637535821332"/>
        <v p="-0.39 -0.5 -0.78"/>
        <v p="0 -0.5 -0.78"/>
        <v p="0.39 -0.5 -0.78"/>
        <v p="-0.787397334198697 -0.498581696552059 -0.78"/>
        <v p="-0.794198250400833 -0.494085797299239 -0.78"/>
        <v p="-0.798637535821332 -0.487255498501727 -0.78"/>
        <v p="-0.798581696552059 -0.48 -0.787397334198697"/>
        <v p="-0.794085797299239 -0.48 -0.794198250400833"/>
        <v p="-0.787255498501727 -0.48 -0.798637535821332"/>
        <v p="-0.8 0 0.39"/>
        <v p="-0.8 0 0"/>
        <v p="-0.8 0 -0.39"/>
        <v p="-0.8 -0.12 -0.78"/>
        <v p="-0.8 -0.24 -0.78"/>
        <v p="-0.8 -0.36 -0.78"/>
        <v p="-0.8 -0.48 -0.39"/>
        <v p="-0.8 -0.48 0"/>
        <v p="-0.8 -0.48 0.39"/>
        <v p="-0.8 -0.36 0.78"/>
        <v p="-0.8 -0.24 0.78"/>
        <v p="-0.8 -0.12 0.78"/>
        <v p="-0.39 0 -0.8"/>
        <v p="0 0 -0.8"/>
        <v p="0.39 0 -0.8"/>
        <v p="0.78 -0.12 -0.8"/>
        <v p="0.78 -0.24 -0.8"/>
        <v p="0.78 -0.36 -0.8"/>
        <v p="-0.78 -0.36 -0.8"/>
        <v p="-0.78 -0.24 -0.8"/>
        <v p="-0.78 -0.12 -0.8"/>
        <v p="0.8 -0.48 0.39"/>
        <v p="0.8 -0.48 0"/>
        <v p="0.8 -0.48 -0.39"/>
        <v p="0.8 -0.36 -0.78"/>
        <v p="0.8 -0.24 -0.78"/>
        <v p="0.8 -0.12 -0.78"/>
        <v p="0.8 0 -0.39"/>
        <v p="0.8 0 0"/>
        <v p="0.8 0 0.39"/>
        <v p="0.8 -0.12 0.78"/>
        <v p="0.8 -0.24 0.78"/>
        <v p="0.8 -0.36 0.78"/>
        <v p="-0.39 -0.48 0.8"/>
        <v p="0 -0.48 0.8"/>
        <v p="0.39 -0.48 0.8"/>
        <v p="0.78 -0.36 0.8"/>
        <v p="0.78 -0.24 0.8"/>
        <v p="0.78 -0.12 0.8"/>
        <v p="0.39 0 0.8"/>
        <v p="0 0 0.8"/>
        <v p="-0.39 0 0.8"/>
        <v p="-0.78 -0.12 0.8"/>
        <v p="-0.78 -0.24 0.8"/>
        <v p="-0.78 -0.36 0.8"/>
        <v p="-0.78 -0.5 0.39"/>
        <v p="-0.78 -0.5 0"/>
        <v p="-0.78 -0.5 -0.39"/>
        <v p="0.78 -0.5 -0.39"/>
        <v p="0.78 -0.5 0"/>
        <v p="0.78 -0.5 0.39"/>
        <v p="0.39 -0.5 0.78"/>
        <v p="0 -0.5 0.78"/>
        <v p="-0.39 -0.5 0.78"/>
        <v p="0.798637535821332 0 -0.787255498501727"/>
        <v p="0.794198250400833 0 -0.794085797299239"/>
        <v p="0.787397334198697 0 -0.798581696552059"/>
        <v p="-0.787255498501727 0 -0.798637535821332"/>
        <v p="-0.794085797299239 0 -0.794198250400833"/>
        <v p="-0.798581696552059 0 -0.787397334198697"/>
        <v p="-0.798637535821332 0 0.787255498501727"/>
        <v p="-0.794198250400833 0 0.794085797299239"/>
        <v p="-0.787397334198697 0 0.798581696552059"/>
        <v p="0.787255498501727 0 0.798637535821332"/>
        <v p="0.794085797299239 0 0.794198250400833"/>
        <v p="0.798581696552059 0 0.787397334198697"/>
        <v p="-0.787397334198697 -0.48 0.798581696552059"/>
        <v p="-0.794198250400833 -0.48 0.794085797299239"/>
        <v p="-0.798637535821332 -0.48 0.787255498501727"/>
        <v p="-0.78 -0.487255498501727 0.798637535821332"/>
        <v p="-0.78 -0.494085797299238 0.794198250400833"/>
        <v p="-0.78 -0.498581696552059 0.787397334198697"/>
        <v p="-0.787255498501727 -0.498637535821332 0.78"/>
        <v p="-0.794085797299239 -0.494198250400833 0.78"/>
        <v p="-0.798581696552059 -0.487397334198697 0.78"/>
        <v p="0.798581696552059 -0.487397334198697 -0.78"/>
        <v p="0.794085797299239 -0.494198250400833 -0.78"/>
        <v p="0.787255498501727 -0.498637535821332 -0.78"/>
        <v p="0.798637535821332 -0.48 -0.787255498501727"/>
        <v p="0.794198250400833 -0.48 -0.794085797299239"/>
        <v p="0.787397334198697 -0.48 -0.798581696552059"/>
    </verts>
    <facets color="f9f9f9">
        <f v="27 20 21" fn="0.731181759801603 -0.481385779706572 0.483364215917693">
            <n d="0.709912520041671 -0.704289864961923 0"/>
            <n d="0.929084827602942 -2.27552636624506e-016 0.369866709934823"/>
            <n d="0.704289864961924 -2.6746358058038e-015 0.70991252004167"/>
        </f>
        <f v="23 21 22" fn="0.479340027978652 -0.475716387692223 0.73751410566747">
            <n d="-6.79411684580357e-017 -0.36986670993483 0.92908482760294"/>
            <n d="0.704289864961924 -2.6746358058038e-015 0.70991252004167"/>
            <n d="0.362774925086368 2.81102844137673e-015 0.931876791066598"/>
        </f>
        <f v="23 22 1" fn="0.181365898582191 -0.185178991587071 0.965823561478115">
            <n d="-6.79411684580357e-017 -0.36986670993483 0.92908482760294"/>
            <n d="0.362774925086368 2.81102844137673e-015 0.931876791066598"/>
            <n d="0.000265203753549495 -0.000265203753549493 0.999999929666967"/>
        </f>
        <f v="24 21 23" fn="0.481385779706574 -0.483364215917695 0.731181759801601">
            <n d="5.54435631417834e-015 -0.709912520041671 0.704289864961923"/>
            <n d="0.704289864961924 -2.6746358058038e-015 0.70991252004167"/>
            <n d="-6.79411684580357e-017 -0.36986670993483 0.92908482760294"/>
        </f>
        <f v="27 21 24" fn="0.57735026918963 -0.577350269189626 0.577350269189621">
            <n d="0.709912520041671 -0.704289864961923 0"/>
            <n d="0.704289864961924 -2.6746358058038e-015 0.70991252004167"/>
            <n d="5.54435631417834e-015 -0.709912520041671 0.704289864961923"/>
        </f>
        <f v="28 24 25" fn="0.475716387692252 -0.737514105667453 0.479340027978649">
            <n d="0.369866709934829 -0.92908482760294 -5.55111512312578e-015"/>
            <n d="5.54435631417834e-015 -0.709912520041671 0.704289864961923"/>
            <n d="5.62253265361532e-015 -0.931876791066599 0.362774925086366"/>
        </f>
        <f v="28 25 2" fn="0.185178991587082 -0.965823561478115 0.18136589858218">
            <n d="0.369866709934829 -0.92908482760294 -5.55111512312578e-015"/>
            <n d="5.62253265361532e-015 -0.931876791066599 0.362774925086366"/>
            <n d="-1.83690953073357e-016 -1 0"/>
        </f>
        <f v="26 20 27" fn="0.737514105667481 -0.479340027978648 0.475716387692211">
            <n d="0.931876791066597 -0.362774925086372 -1.11022302462516e-014"/>
            <n d="0.929084827602942 -2.27552636624506e-016 0.369866709934823"/>
            <n d="0.709912520041671 -0.704289864961923 0"/>
        </f>
        <f v="27 24 28" fn="0.483364215917698 -0.731181759801605 0.481385779706564">
            <n d="0.709912520041671 -0.704289864961923 0"/>
            <n d="5.54435631417834e-015 -0.709912520041671 0.704289864961923"/>
            <n d="0.369866709934829 -0.92908482760294 -5.55111512312578e-015"/>
        </f>
        <f v="26 0 20" fn="0.965823561478111 -0.181365898582208 0.185178991587075">
            <n d="0.931876791066597 -0.362774925086372 -1.11022302462516e-014"/>
            <n d="1 -2.44921270764475e-016 0"/>
            <n d="0.929084827602942 -2.27552636624506e-016 0.369866709934823"/>
        </f>
    </facets>
    <facets color="f9f9f9">
        <f v="38 29 30" fn="0.00720885258964806 -0.838444759364841 -0.544938912115821">
            <n d="0 -1 6.12303176911189e-017"/>
            <n d="0 -0.931876791066598 -0.362774925086367"/>
            <n d="0 -0.70991252004167 -0.704289864961924"/>
        </f>
        <f v="34 30 31" fn="0.00742601974889736 -0.551450106155937 -0.834174822594937">
            <n d="0 -1.22460635382238e-016 -1"/>
            <n d="0 -0.70991252004167 -0.704289864961924"/>
            <n d="0 -0.369866709934828 -0.929084827602941"/>
        </f>
        <f v="34 31 4" fn="-0 -0.188301848632808 -0.982111202360235">
            <n d="0 -1.22460635382238e-016 -1"/>
            <n d="0 -0.369866709934828 -0.929084827602941"/>
            <n d="0 -1.22460635382238e-016 -1"/>
        </f>
        <f v="33 30 34" fn="-0 -0.384519268072532 -0.9231169657638">
            <n d="0 -1.22460635382238e-016 -1"/>
            <n d="0 -0.70991252004167 -0.704289864961924"/>
            <n d="0 -1.22460635382238e-016 -1"/>
        </f>
        <f v="39 30 33" fn="0.00750966811417183 -0.707086842221242 -0.707086842221242">
            <n d="0 -1 6.12303176911189e-017"/>
            <n d="0 -0.70991252004167 -0.704289864961924"/>
            <n d="0 -1.22460635382238e-016 -1"/>
        </f>
        <f v="36 33 32" fn="-0 -0.380846084368952 -0.92463844827091">
            <n d="0 -0.704289864961924 -0.70991252004167"/>
            <n d="0 -1.22460635382238e-016 -1"/>
            <n d="0 -1.22460635382238e-016 -1"/>
        </f>
        <f v="37 32 5" fn="0 -0.184557862110249 -0.982821649910753">
            <n d="0 -0.362774925086372 -0.931876791066597"/>
            <n d="0 -1.22460635382238e-016 -1"/>
            <n d="0 -1.22460635382238e-016 -1"/>
        </f>
        <f v="36 32 37" fn="-0.00720885258964776 -0.544938912115815 -0.838444759364845">
            <n d="0 -0.704289864961924 -0.70991252004167"/>
            <n d="0 -1.22460635382238e-016 -1"/>
            <n d="0 -0.362774925086372 -0.931876791066597"/>
        </f>
        <f v="39 33 36" fn="-0.00750966811417183 -0.707086842221242 -0.707086842221242">
            <n d="0 -1 6.12303176911189e-017"/>
            <n d="0 -1.22460635382238e-016 -1"/>
            <n d="0 -0.704289864961924 -0.70991252004167"/>
        </f>
        <f v="39 36 40" fn="0 -0.9231169657638 -0.384519268072532">
            <n d="0 -1 6.12303176911189e-017"/>
            <n d="0 -0.704289864961924 -0.70991252004167"/>
            <n d="0 -1 6.12303176911189e-017"/>
        </f>
        <f v="40 36 35" fn="-0.00742601974889772 -0.834174822594932 -0.551450106155945">
            <n d="0 -1 6.12303176911189e-017"/>
            <n d="0 -0.704289864961924 -0.70991252004167"/>
            <n d="0 -0.92908482760294 -0.369866709934829"/>
        </f>
        <f v="40 35 6" fn="0 -0.982111202360237 -0.188301848632799">
            <n d="0 -1 6.12303176911189e-017"/>
            <n d="0 -0.92908482760294 -0.369866709934829"/>
            <n d="0 -1 6.12303176911189e-017"/>
        </f>
        <f v="38 30 39" fn="0 -0.92463844827091 -0.380846084368952">
            <n d="0 -1 6.12303176911189e-017"/>
            <n d="0 -0.70991252004167 -0.704289864961924"/>
            <n d="0 -1 6.12303176911189e-017"/>
        </f>
        <f v="38 3 29" fn="-0 -0.982821649910755 -0.184557862110236">
            <n d="0 -1 6.12303176911189e-017"/>
            <n d="0 -1 6.12303176911189e-017"/>
            <n d="0 -0.931876791066598 -0.362774925086367"/>
        </f>
    </facets>
    <facets color="f9f9f9">
        <f v="30 41 42" fn="-0.483364215917689 -0.731181759801612 -0.481385779706564">
            <n d="-5.80516532898866e-015 -0.70991252004167 -0.704289864961924"/>
            <n d="-0.369866709934829 -0.92908482760294 5.55111512312578e-015"/>
            <n d="-0.70991252004167 -0.704289864961924 -5.55111512312576e-015"/>
        </f>
        <f v="44 43 7" fn="-0.965823561478112 -0.181365898582203 -0.185178991587075">
            <n d="-0.929084827602942 1.13776318312253e-016 -0.369866709934823"/>
            <n d="-0.931876791066597 -0.362774925086372 0"/>
            <n d="-1 1.22460635382238e-016 0"/>
        </f>
        <f v="44 42 43" fn="-0.737514105667473 -0.479340027978646 -0.475716387692224">
            <n d="-0.929084827602942 1.13776318312253e-016 -0.369866709934823"/>
            <n d="-0.70991252004167 -0.704289864961924 -5.55111512312576e-015"/>
            <n d="-0.931876791066597 -0.362774925086372 0"/>
        </f>
        <f v="45 42 44" fn="-0.731181759801605 -0.481385779706567 -0.483364215917694">
            <n d="-0.704289864961924 -2.72865998237063e-015 -0.70991252004167"/>
            <n d="-0.70991252004167 -0.704289864961924 -5.55111512312576e-015"/>
            <n d="-0.929084827602942 1.13776318312253e-016 -0.369866709934823"/>
        </f>
        <f v="30 42 45" fn="-0.577350269189627 -0.577350269189624 -0.577350269189627">
            <n d="-5.80516532898866e-015 -0.70991252004167 -0.704289864961924"/>
            <n d="-0.70991252004167 -0.704289864961924 -5.55111512312576e-015"/>
            <n d="-0.704289864961924 -2.72865998237063e-015 -0.70991252004167"/>
        </f>
        <f v="31 45 46" fn="-0.479340027978648 -0.475716387692237 -0.737514105667463">
            <n d="-6.79411684580353e-017 -0.369866709934828 -0.929084827602941"/>
            <n d="-0.704289864961924 -2.72865998237063e-015 -0.70991252004167"/>
            <n d="-0.362774925086368 2.78320095502217e-015 -0.931876791066598"/>
        </f>
        <f v="29 41 30" fn="-0.475716387692229 -0.737514105667471 -0.479340027978645">
            <n d="5.62253265361532e-015 -0.931876791066598 -0.362774925086367"/>
            <n d="-0.369866709934829 -0.92908482760294 5.55111512312578e-015"/>
            <n d="-5.80516532898866e-015 -0.70991252004167 -0.704289864961924"/>
        </f>
        <f v="31 46 4" fn="-0.181365898582191 -0.185178991587088 -0.965823561478112">
            <n d="-6.79411684580353e-017 -0.369866709934828 -0.929084827602941"/>
            <n d="-0.362774925086368 2.78320095502217e-015 -0.931876791066598"/>
            <n d="-0.000265203753549495 -0.000265203753549493 -0.999999929666967"/>
        </f>
        <f v="30 45 31" fn="-0.481385779706564 -0.483364215917687 -0.731181759801613">
            <n d="-5.80516532898866e-015 -0.70991252004167 -0.704289864961924"/>
            <n d="-0.704289864961924 -2.72865998237063e-015 -0.70991252004167"/>
            <n d="-6.79411684580353e-017 -0.369866709934828 -0.929084827602941"/>
        </f>
        <f v="29 3 41" fn="-0.185178991587082 -0.965823561478113 -0.181365898582192">
            <n d="5.62253265361532e-015 -0.931876791066598 -0.362774925086367"/>
            <n d="-1.83690953073357e-016 -1 0"/>
            <n d="-0.369866709934829 -0.92908482760294 5.55111512312578e-015"/>
        </f>
    </facets>
    <facets color="f9f9f9">
        <f v="48 57 58" fn="-1 0 0">
            <n d="-1 -0 6.7762635780344e-017"/>
            <n d="-1 -0 6.7762635780344e-017"/>
            <n d="-1 -0 6.7762635780344e-017"/>
        </f>
        <f v="55 10 56" fn="-1 0 0">
            <n d="-1 -0 6.7762635780344e-017"/>
            <n d="-1 -0 6.7762635780344e-017"/>
            <n d="-1 -0 6.7762635780344e-017"/>
        </f>
        <f v="54 56 57" fn="-1 0 0">
            <n d="-1 -0 6.7762635780344e-017"/>
            <n d="-1 -0 6.7762635780344e-017"/>
            <n d="-1 -0 6.7762635780344e-017"/>
        </f>
        <f v="54 55 56" fn="-1 -0 -0">
            <n d="-1 -0 6.7762635780344e-017"/>
            <n d="-1 -0 6.7762635780344e-017"/>
            <n d="-1 -0 6.7762635780344e-017"/>
        </f>
        <f v="51 54 57" fn="-1 0 0">
            <n d="-1 -0 6.7762635780344e-017"/>
            <n d="-1 -0 6.7762635780344e-017"/>
            <n d="-1 -0 6.7762635780344e-017"/>
        </f>
        <f v="52 53 54" fn="-1 -0 -0">
            <n d="-1 -0 6.7762635780344e-017"/>
            <n d="-1 -0 6.7762635780344e-017"/>
            <n d="-1 -0 6.7762635780344e-017"/>
        </f>
        <f v="52 7 53" fn="-1 -0 -0">
            <n d="-1 -0 6.7762635780344e-017"/>
            <n d="-1 -0 6.7762635780344e-017"/>
            <n d="-1 -0 6.7762635780344e-017"/>
        </f>
        <f v="51 52 54" fn="-1 -0 -0">
            <n d="-1 -0 6.7762635780344e-017"/>
            <n d="-1 -0 6.7762635780344e-017"/>
            <n d="-1 -0 6.7762635780344e-017"/>
        </f>
        <f v="48 51 57" fn="-1 -0 0">
            <n d="-1 -0 6.7762635780344e-017"/>
            <n d="-1 -0 6.7762635780344e-017"/>
            <n d="-1 -0 6.7762635780344e-017"/>
        </f>
        <f v="49 50 51" fn="-1 -0 -0">
            <n d="-1 -0 6.7762635780344e-017"/>
            <n d="-1 -0 6.7762635780344e-017"/>
            <n d="-1 -0 6.7762635780344e-017"/>
        </f>
        <f v="49 9 50" fn="-1 -0 -0">
            <n d="-1 -0 6.7762635780344e-017"/>
            <n d="-1 -0 6.7762635780344e-017"/>
            <n d="-1 -0 6.7762635780344e-017"/>
        </f>
        <f v="47 48 58" fn="-1 -0 -0">
            <n d="-1 -0 6.7762635780344e-017"/>
            <n d="-1 -0 6.7762635780344e-017"/>
            <n d="-1 -0 6.7762635780344e-017"/>
        </f>
        <f v="48 49 51" fn="-1 -0 -0">
            <n d="-1 -0 6.7762635780344e-017"/>
            <n d="-1 -0 6.7762635780344e-017"/>
            <n d="-1 -0 6.7762635780344e-017"/>
        </f>
        <f v="47 58 8" fn="-1 0 0">
            <n d="-1 -0 6.7762635780344e-017"/>
            <n d="-1 -0 6.7762635780344e-017"/>
            <n d="-1 -0 6.7762635780344e-017"/>
        </f>
    </facets>
    <facets color="f9f9f9">
        <f v="60 66 67" fn="0 0 -1">
            <n d="-0 -0 -1"/>
            <n d="-0 -0 -1"/>
            <n d="-0 -0 -1"/>
        </f>
        <f v="34 4 65" fn="0 0 -1">
            <n d="-0 -0 -1"/>
            <n d="-0 -0 -1"/>
            <n d="-0 -0 -1"/>
        </f>
        <f v="33 65 66" fn="0 0 -1">
            <n d="-0 -0 -1"/>
            <n d="-0 -0 -1"/>
            <n d="-0 -0 -1"/>
        </f>
        <f v="33 34 65" fn="-0 -0 -1">
            <n d="-0 -0 -1"/>
            <n d="-0 -0 -1"/>
            <n d="-0 -0 -1"/>
        </f>
        <f v="63 33 66" fn="-0 0 -1">
            <n d="-0 -0 -1"/>
            <n d="-0 -0 -1"/>
            <n d="-0 -0 -1"/>
        </f>
        <f v="64 32 33" fn="-0 -0 -1">
            <n d="-0 -0 -1"/>
            <n d="-0 -0 -1"/>
            <n d="-0 -0 -1"/>
        </f>
        <f v="64 5 32" fn="-0 -0 -1">
            <n d="-0 -0 -1"/>
            <n d="-0 -0 -1"/>
            <n d="-0 -0 -1"/>
        </f>
        <f v="63 64 33" fn="-0 -0 -1">
            <n d="-0 -0 -1"/>
            <n d="-0 -0 -1"/>
            <n d="-0 -0 -1"/>
        </f>
        <f v="60 63 66" fn="0 -0 -1">
            <n d="-0 -0 -1"/>
            <n d="-0 -0 -1"/>
            <n d="-0 -0 -1"/>
        </f>
        <f v="61 62 63" fn="-0 -0 -1">
            <n d="-0 -0 -1"/>
            <n d="-0 -0 -1"/>
            <n d="-0 -0 -1"/>
        </f>
        <f v="61 12 62" fn="0 -0 -1">
            <n d="-0 -0 -1"/>
            <n d="-0 -0 -1"/>
            <n d="-0 -0 -1"/>
        </f>
        <f v="59 60 67" fn="0 -0 -1">
            <n d="-0 -0 -1"/>
            <n d="-0 -0 -1"/>
            <n d="-0 -0 -1"/>
        </f>
        <f v="60 61 63" fn="0 -0 -1">
            <n d="-0 -0 -1"/>
            <n d="-0 -0 -1"/>
            <n d="-0 -0 -1"/>
        </f>
        <f v="59 67 11" fn="-0 0 -1">
            <n d="-0 -0 -1"/>
            <n d="-0 -0 -1"/>
            <n d="-0 -0 -1"/>
        </f>
    </facets>
    <facets color="f9f9f9">
        <f v="69 78 79" fn="1 0 0">
            <n d="1 -0 -0"/>
            <n d="1 -0 -0"/>
            <n d="1 -0 -0"/>
        </f>
        <f v="76 77 78" fn="1 -0 -0">
            <n d="1 -0 -0"/>
            <n d="1 -0 -0"/>
            <n d="1 -0 -0"/>
        </f>
        <f v="76 15 77" fn="1 -0 -0">
            <n d="1 -0 -0"/>
            <n d="1 -0 -0"/>
            <n d="1 -0 -0"/>
        </f>
        <f v="75 76 78" fn="1 -0 -0">
            <n d="1 -0 -0"/>
            <n d="1 -0 -0"/>
            <n d="1 -0 -0"/>
        </f>
        <f v="72 75 78" fn="1 0 0">
            <n d="1 -0 -0"/>
            <n d="1 -0 -0"/>
            <n d="1 -0 -0"/>
        </f>
        <f v="73 74 75" fn="1 -0 -0">
            <n d="1 -0 -0"/>
            <n d="1 -0 -0"/>
            <n d="1 -0 -0"/>
        </f>
        <f v="73 14 74" fn="1 -0 -0">
            <n d="1 -0 -0"/>
            <n d="1 -0 -0"/>
            <n d="1 -0 -0"/>
        </f>
        <f v="72 73 75" fn="1 -0 -0">
            <n d="1 -0 -0"/>
            <n d="1 -0 -0"/>
            <n d="1 -0 -0"/>
        </f>
        <f v="69 72 78" fn="1 -0 0">
            <n d="1 -0 -0"/>
            <n d="1 -0 -0"/>
            <n d="1 -0 -0"/>
        </f>
        <f v="68 69 79" fn="1 -0 -0">
            <n d="1 -0 -0"/>
            <n d="1 -0 -0"/>
            <n d="1 -0 -0"/>
        </f>
        <f v="70 13 71" fn="1 0 0">
            <n d="1 -0 -0"/>
            <n d="1 -0 -0"/>
            <n d="1 -0 -0"/>
        </f>
        <f v="69 71 72" fn="1 0 0">
            <n d="1 -0 -0"/>
            <n d="1 -0 -0"/>
            <n d="1 -0 -0"/>
        </f>
        <f v="69 70 71" fn="1 -0 -0">
            <n d="1 -0 -0"/>
            <n d="1 -0 -0"/>
            <n d="1 -0 -0"/>
        </f>
        <f v="68 79 0" fn="1 0 0">
            <n d="1 -0 -0"/>
            <n d="1 -0 -0"/>
            <n d="1 -0 -0"/>
        </f>
    </facets>
    <facets color="f9f9f9">
        <f v="81 90 91" fn="0 0 1">
            <n d="-0 -0 1"/>
            <n d="-0 -0 1"/>
            <n d="-0 -0 1"/>
        </f>
        <f v="88 89 90" fn="-0 -0 1">
            <n d="-0 -0 1"/>
            <n d="-0 -0 1"/>
            <n d="-0 -0 1"/>
        </f>
        <f v="88 18 89" fn="0 -0 1">
            <n d="-0 -0 1"/>
            <n d="-0 -0 1"/>
            <n d="-0 -0 1"/>
        </f>
        <f v="87 88 90" fn="0 -0 1">
            <n d="-0 -0 1"/>
            <n d="-0 -0 1"/>
            <n d="-0 -0 1"/>
        </f>
        <f v="84 87 90" fn="0 0 1">
            <n d="-0 -0 1"/>
            <n d="-0 -0 1"/>
            <n d="-0 -0 1"/>
        </f>
        <f v="85 86 87" fn="-0 -0 1">
            <n d="-0 -0 1"/>
            <n d="-0 -0 1"/>
            <n d="-0 -0 1"/>
        </f>
        <f v="85 17 86" fn="-0 -0 1">
            <n d="-0 -0 1"/>
            <n d="-0 -0 1"/>
            <n d="-0 -0 1"/>
        </f>
        <f v="84 85 87" fn="-0 -0 1">
            <n d="-0 -0 1"/>
            <n d="-0 -0 1"/>
            <n d="-0 -0 1"/>
        </f>
        <f v="81 84 90" fn="0 -0 1">
            <n d="-0 -0 1"/>
            <n d="-0 -0 1"/>
            <n d="-0 -0 1"/>
        </f>
        <f v="80 81 91" fn="-0 -0 1">
            <n d="-0 -0 1"/>
            <n d="-0 -0 1"/>
            <n d="-0 -0 1"/>
        </f>
        <f v="82 1 83" fn="0 0 1">
            <n d="-0 -0 1"/>
            <n d="-0 -0 1"/>
            <n d="-0 -0 1"/>
        </f>
        <f v="81 83 84" fn="0 0 1">
            <n d="-0 -0 1"/>
            <n d="-0 -0 1"/>
            <n d="-0 -0 1"/>
        </f>
        <f v="81 82 83" fn="-0 -0 1">
            <n d="-0 -0 1"/>
            <n d="-0 -0 1"/>
            <n d="-0 -0 1"/>
        </f>
        <f v="80 91 16" fn="0 0 1">
            <n d="-0 -0 1"/>
            <n d="-0 -0 1"/>
            <n d="-0 -0 1"/>
        </f>
    </facets>
    <facets color="f9f9f9">
        <f v="99 92 93" fn="-0 -1 -0">
            <n d="0 -1 0"/>
            <n d="0 -1 0"/>
            <n d="0 -1 0"/>
        </f>
        <f v="38 93 94" fn="0 -1 0">
            <n d="0 -1 0"/>
            <n d="0 -1 0"/>
            <n d="0 -1 0"/>
        </f>
        <f v="38 94 3" fn="0 -1 0">
            <n d="0 -1 0"/>
            <n d="0 -1 0"/>
            <n d="0 -1 0"/>
        </f>
        <f v="39 93 38" fn="0 -1 0">
            <n d="0 -1 0"/>
            <n d="0 -1 0"/>
            <n d="0 -1 0"/>
        </f>
        <f v="96 93 39" fn="-0 -1 -0">
            <n d="0 -1 0"/>
            <n d="0 -1 0"/>
            <n d="0 -1 0"/>
        </f>
        <f v="96 39 40" fn="-0 -1 -0">
            <n d="0 -1 0"/>
            <n d="0 -1 0"/>
            <n d="0 -1 0"/>
        </f>
        <f v="95 40 6" fn="0 -1 -0">
            <n d="0 -1 0"/>
            <n d="0 -1 0"/>
            <n d="0 -1 0"/>
        </f>
        <f v="96 40 95" fn="0 -1 -0">
            <n d="0 -1 0"/>
            <n d="0 -1 0"/>
            <n d="0 -1 0"/>
        </f>
        <f v="99 93 96" fn="-0 -1 -0">
            <n d="0 -1 0"/>
            <n d="0 -1 0"/>
            <n d="0 -1 0"/>
        </f>
        <f v="98 96 97" fn="0 -1 0">
            <n d="0 -1 0"/>
            <n d="0 -1 0"/>
            <n d="0 -1 0"/>
        </f>
        <f v="98 97 2" fn="0 -1 0">
            <n d="0 -1 0"/>
            <n d="0 -1 0"/>
            <n d="0 -1 0"/>
        </f>
        <f v="100 92 99" fn="0 -1 -0">
            <n d="0 -1 0"/>
            <n d="0 -1 0"/>
            <n d="0 -1 0"/>
        </f>
        <f v="99 96 98" fn="0 -1 0">
            <n d="0 -1 0"/>
            <n d="0 -1 0"/>
            <n d="0 -1 0"/>
        </f>
        <f v="100 19 92" fn="-0 -1 -0">
            <n d="0 -1 0"/>
            <n d="0 -1 0"/>
            <n d="0 -1 0"/>
        </f>
    </facets>
    <facets color="f9f9f9">
        <f v="111 112 15" fn="-0 1 -0">
            <n d="-0 1 -0"/>
            <n d="-0 1 -0"/>
            <n d="-0 1 -0"/>
        </f>
        <f v="110 111 15" fn="-0 1 -0">
            <n d="-0 1 -0"/>
            <n d="-0 1 -0"/>
            <n d="-0 1 -0"/>
        </f>
        <f v="17 110 15" fn="0 1 0">
            <n d="-0 1 -0"/>
            <n d="-0 1 -0"/>
            <n d="-0 1 -0"/>
        </f>
        <f v="86 17 15" fn="-0 1 -0">
            <n d="-0 1 -0"/>
            <n d="-0 1 -0"/>
            <n d="-0 1 -0"/>
        </f>
        <f v="75 87 86" fn="0 1 0">
            <n d="-0 1 -0"/>
            <n d="-0 1 -0"/>
            <n d="-0 1 -0"/>
        </f>
        <f v="8 18 88" fn="0 1 0">
            <n d="-0 1 -0"/>
            <n d="-0 1 -0"/>
            <n d="-0 1 -0"/>
        </f>
        <f v="107 109 18" fn="0 1 0">
            <n d="-0 1 -0"/>
            <n d="-0 1 -0"/>
            <n d="-0 1 -0"/>
        </f>
        <f v="107 108 109" fn="-0 1 -0">
            <n d="-0 1 -0"/>
            <n d="-0 1 -0"/>
            <n d="-0 1 -0"/>
        </f>
        <f v="8 107 18" fn="-0 1 -0">
            <n d="-0 1 -0"/>
            <n d="-0 1 -0"/>
            <n d="-0 1 -0"/>
        </f>
        <f v="47 8 88" fn="0 1 0">
            <n d="-0 1 -0"/>
            <n d="-0 1 -0"/>
            <n d="-0 1 -0"/>
        </f>
        <f v="47 88 87" fn="-0 1 -0">
            <n d="-0 1 -0"/>
            <n d="-0 1 -0"/>
            <n d="-0 1 -0"/>
        </f>
        <f v="48 47 87" fn="-0 1 -0">
            <n d="-0 1 -0"/>
            <n d="-0 1 -0"/>
            <n d="-0 1 -0"/>
        </f>
        <f v="60 48 87" fn="0 1 -0">
            <n d="-0 1 -0"/>
            <n d="-0 1 -0"/>
            <n d="-0 1 -0"/>
        </f>
        <f v="59 49 48" fn="-0 1 -0">
            <n d="-0 1 -0"/>
            <n d="-0 1 -0"/>
            <n d="-0 1 -0"/>
        </f>
        <f v="11 9 49" fn="0 1 0">
            <n d="-0 1 -0"/>
            <n d="-0 1 -0"/>
            <n d="-0 1 -0"/>
        </f>
        <f v="105 106 9" fn="-0 1 -0">
            <n d="-0 1 -0"/>
            <n d="-0 1 -0"/>
            <n d="-0 1 -0"/>
        </f>
        <f v="104 105 9" fn="-0 1 -0">
            <n d="-0 1 -0"/>
            <n d="-0 1 -0"/>
            <n d="-0 1 -0"/>
        </f>
        <f v="11 104 9" fn="-0 1 -0">
            <n d="-0 1 -0"/>
            <n d="-0 1 -0"/>
            <n d="-0 1 -0"/>
        </f>
        <f v="59 11 49" fn="-0 1 -0">
            <n d="-0 1 -0"/>
            <n d="-0 1 -0"/>
            <n d="-0 1 -0"/>
        </f>
        <f v="60 59 48" fn="-0 1 -0">
            <n d="-0 1 -0"/>
            <n d="-0 1 -0"/>
            <n d="-0 1 -0"/>
        </f>
        <f v="75 60 87" fn="0 1 0">
            <n d="-0 1 -0"/>
            <n d="-0 1 -0"/>
            <n d="-0 1 -0"/>
        </f>
        <f v="74 12 61" fn="0 1 0">
            <n d="-0 1 -0"/>
            <n d="-0 1 -0"/>
            <n d="-0 1 -0"/>
        </f>
        <f v="102 103 12" fn="-0 1 -0">
            <n d="-0 1 -0"/>
            <n d="-0 1 -0"/>
            <n d="-0 1 -0"/>
        </f>
        <f v="14 102 12" fn="0 1 0">
            <n d="-0 1 -0"/>
            <n d="-0 1 -0"/>
            <n d="-0 1 -0"/>
        </f>
        <f v="14 101 102" fn="-0 1 -0">
            <n d="-0 1 -0"/>
            <n d="-0 1 -0"/>
            <n d="-0 1 -0"/>
        </f>
        <f v="76 75 86" fn="0 1 0">
            <n d="-0 1 -0"/>
            <n d="-0 1 -0"/>
            <n d="-0 1 -0"/>
        </f>
        <f v="74 14 12" fn="-0 1 0">
            <n d="-0 1 -0"/>
            <n d="-0 1 -0"/>
            <n d="-0 1 -0"/>
        </f>
        <f v="75 61 60" fn="0 1 0">
            <n d="-0 1 -0"/>
            <n d="-0 1 -0"/>
            <n d="-0 1 -0"/>
        </f>
        <f v="75 74 61" fn="-0 1 0">
            <n d="-0 1 -0"/>
            <n d="-0 1 -0"/>
            <n d="-0 1 -0"/>
        </f>
        <f v="76 86 15" fn="0 1 -0">
            <n d="-0 1 -0"/>
            <n d="-0 1 -0"/>
            <n d="-0 1 -0"/>
        </f>
    </facets>
    <facets color="f9f9f9">
        <f v="56 115 114" fn="-0.838236508712678 0.0234229517413083 0.544803561655855">
            <n d="-1 0 6.12303176911189e-017"/>
            <n d="-0.931876791066598 0 0.362774925086367"/>
            <n d="-0.70991252004167 0 0.704289864961924"/>
        </f>
        <f v="91 113 16" fn="-0.188301848632795 -0 0.982111202360238">
            <n d="0 0 1"/>
            <n d="-0.369866709934823 0 0.929084827602942"/>
            <n d="0 0 1"/>
        </f>
        <f v="91 114 113" fn="-0.551304765152073 0.0241282032425606 0.833954966247521">
            <n d="0 0 1"/>
            <n d="-0.70991252004167 0 0.704289864961924"/>
            <n d="-0.369866709934823 0 0.929084827602942"/>
        </f>
        <f v="90 114 91" fn="-0.384519268072532 0 0.9231169657638">
            <n d="0 0 1"/>
            <n d="-0.70991252004167 0 0.704289864961924"/>
            <n d="0 0 1"/>
        </f>
        <f v="57 114 90" fn="-0.706896261008803 0.0243998431049977 0.706896261008803">
            <n d="-1 0 6.12303176911189e-017"/>
            <n d="-0.70991252004167 0 0.704289864961924"/>
            <n d="0 0 1"/>
        </f>
        <f v="108 90 89" fn="-0.384519268072532 -0 0.9231169657638">
            <n d="-0.70991252004167 0 0.704289864961924"/>
            <n d="0 0 1"/>
            <n d="0 0 1"/>
        </f>
        <f v="109 89 18" fn="-0.188301848632792 0 0.982111202360238">
            <n d="-0.369866709934828 0 0.929084827602941"/>
            <n d="0 0 1"/>
            <n d="0 0 1"/>
        </f>
        <f v="108 89 109" fn="-0.551304765152079 -0.0241282032425615 0.833954966247517">
            <n d="-0.70991252004167 0 0.704289864961924"/>
            <n d="0 0 1"/>
            <n d="-0.369866709934828 0 0.929084827602941"/>
        </f>
        <f v="57 90 108" fn="-0.706896261008803 -0.0243998431049977 0.706896261008803">
            <n d="-1 0 6.12303176911189e-017"/>
            <n d="0 0 1"/>
            <n d="-0.70991252004167 0 0.704289864961924"/>
        </f>
        <f v="58 108 107" fn="-0.838236508712678 -0.0234229517413083 0.544803561655854">
            <n d="-1 0 6.12303176911189e-017"/>
            <n d="-0.70991252004167 0 0.704289864961924"/>
            <n d="-0.931876791066598 0 0.362774925086367"/>
        </f>
        <f v="57 108 58" fn="-0.92463844827091 0 0.380846084368952">
            <n d="-1 0 6.12303176911189e-017"/>
            <n d="-0.70991252004167 0 0.704289864961924"/>
            <n d="-1 0 6.12303176911189e-017"/>
        </f>
        <f v="58 107 8" fn="-0.982821649910755 0 0.184557862110236">
            <n d="-1 0 6.12303176911189e-017"/>
            <n d="-0.931876791066598 0 0.362774925086367"/>
            <n d="-1 0 6.12303176911189e-017"/>
        </f>
        <f v="56 114 57" fn="-0.92463844827091 0 0.380846084368952">
            <n d="-1 0 6.12303176911189e-017"/>
            <n d="-0.70991252004167 0 0.704289864961924"/>
            <n d="-1 0 6.12303176911189e-017"/>
        </f>
        <f v="56 10 115" fn="-0.982821649910755 -0 0.184557862110236">
            <n d="-1 0 6.12303176911189e-017"/>
            <n d="-1 0 6.12303176911189e-017"/>
            <n d="-0.931876791066598 0 0.362774925086367"/>
        </f>
    </facets>
    <facets color="f9f9f9">
        <f v="120 118 117" fn="-0.481385779706565 -0.731181759801609 0.483364215917692">
            <n d="-0.704289864961924 -0.70991252004167 5.55111512312576e-015"/>
            <n d="5.60568718016582e-015 -0.92908482760294 0.369866709934829"/>
            <n d="-5.75918720998902e-015 -0.704289864961923 0.709912520041671"/>
        </f>
        <f v="113 117 116" fn="-0.475716387692226 -0.479340027978649 0.73751410566747">
            <n d="-0.369866709934824 4.52941123053563e-017 0.929084827602942"/>
            <n d="-5.75918720998902e-015 -0.704289864961923 0.709912520041671"/>
            <n d="-6.66384717402311e-017 -0.362774925086371 0.931876791066597"/>
        </f>
        <f v="113 116 16" fn="-0.185178991587075 -0.181365898582203 0.965823561478112">
            <n d="-0.369866709934824 4.52941123053563e-017 0.929084827602942"/>
            <n d="-6.66384717402311e-017 -0.362774925086371 0.931876791066597"/>
            <n d="-0.000265203753549494 -0.000265203753549494 0.999999929666967"/>
        </f>
        <f v="114 117 113" fn="-0.483364215917694 -0.481385779706569 0.731181759801605">
            <n d="-0.70991252004167 -2.75044407252164e-015 0.704289864961924"/>
            <n d="-5.75918720998902e-015 -0.704289864961923 0.709912520041671"/>
            <n d="-0.369866709934824 4.52941123053563e-017 0.929084827602942"/>
        </f>
        <f v="120 117 114" fn="-0.577350269189625 -0.577350269189625 0.577350269189627">
            <n d="-0.704289864961924 -0.70991252004167 5.55111512312576e-015"/>
            <n d="-5.75918720998902e-015 -0.704289864961923 0.709912520041671"/>
            <n d="-0.70991252004167 -2.75044407252164e-015 0.704289864961924"/>
        </f>
        <f v="119 118 120" fn="-0.479340027978648 -0.737514105667463 0.475716387692238">
            <n d="-0.362774925086368 -0.931876791066598 0"/>
            <n d="5.60568718016582e-015 -0.92908482760294 0.369866709934829"/>
            <n d="-0.704289864961924 -0.70991252004167 5.55111512312576e-015"/>
        </f>
        <f v="121 115 10" fn="-0.965823561478112 -0.185178991587085 0.181365898582191">
            <n d="-0.929084827602941 -0.369866709934828 5.5511151231258e-015"/>
            <n d="-0.931876791066598 2.59713679086624e-015 0.362774925086367"/>
            <n d="-1 1.22460635382238e-016 0"/>
        </f>
        <f v="121 114 115" fn="-0.737514105667466 -0.475716387692231 0.47934002797865">
            <n d="-0.929084827602941 -0.369866709934828 5.5511151231258e-015"/>
            <n d="-0.70991252004167 -2.75044407252164e-015 0.704289864961924"/>
            <n d="-0.931876791066598 2.59713679086624e-015 0.362774925086367"/>
        </f>
        <f v="120 114 121" fn="-0.731181759801607 -0.483364215917691 0.481385779706568">
            <n d="-0.704289864961924 -0.70991252004167 5.55111512312576e-015"/>
            <n d="-0.70991252004167 -2.75044407252164e-015 0.704289864961924"/>
            <n d="-0.929084827602941 -0.369866709934828 5.5511151231258e-015"/>
        </f>
        <f v="119 19 118" fn="-0.18136589858219 -0.965823561478113 0.185178991587082">
            <n d="-0.362774925086368 -0.931876791066598 0"/>
            <n d="-1.83690953073357e-016 -1 0"/>
            <n d="5.60568718016582e-015 -0.92908482760294 0.369866709934829"/>
        </f>
    </facets>
    <facets color="f9f9f9">
        <f v="50 106 105" fn="-0.833954966247517 -0.0241282032425615 -0.551304765152079">
            <n d="-1 0 6.12303176911189e-017"/>
            <n d="-0.92908482760294 0 -0.369866709934828"/>
            <n d="-0.704289864961924 0 -0.70991252004167"/>
        </f>
        <f v="67 105 104" fn="-0.544803561655854 -0.0234229517413083 -0.838236508712678">
            <n d="-1.22460635382238e-016 0 -1"/>
            <n d="-0.704289864961924 0 -0.70991252004167"/>
            <n d="-0.362774925086367 0 -0.931876791066598"/>
        </f>
        <f v="67 104 11" fn="-0.184557862110236 0 -0.982821649910755">
            <n d="-1.22460635382238e-016 0 -1"/>
            <n d="-0.362774925086367 0 -0.931876791066598"/>
            <n d="-1.22460635382238e-016 0 -1"/>
        </f>
        <f v="66 105 67" fn="-0.380846084368952 0 -0.92463844827091">
            <n d="-1.22460635382238e-016 0 -1"/>
            <n d="-0.704289864961924 0 -0.70991252004167"/>
            <n d="-1.22460635382238e-016 0 -1"/>
        </f>
        <f v="51 105 66" fn="-0.706896261008803 -0.0243998431049977 -0.706896261008803">
            <n d="-1 0 6.12303176911189e-017"/>
            <n d="-0.704289864961924 0 -0.70991252004167"/>
            <n d="-1.22460635382238e-016 0 -1"/>
        </f>
        <f v="45 66 65" fn="-0.380846084368952 -0 -0.92463844827091">
            <n d="-0.704289864961924 0 -0.70991252004167"/>
            <n d="-1.22460635382238e-016 0 -1"/>
            <n d="-1.22460635382238e-016 0 -1"/>
        </f>
        <f v="46 65 4" fn="-0.184557862110236 0 -0.982821649910755">
            <n d="-0.362774925086367 0 -0.931876791066598"/>
            <n d="-1.22460635382238e-016 0 -1"/>
            <n d="-1.22460635382238e-016 0 -1"/>
        </f>
        <f v="45 65 46" fn="-0.544803561655855 0.0234229517413083 -0.838236508712678">
            <n d="-0.704289864961924 0 -0.70991252004167"/>
            <n d="-1.22460635382238e-016 0 -1"/>
            <n d="-0.362774925086367 0 -0.931876791066598"/>
        </f>
        <f v="51 66 45" fn="-0.706896261008803 0.0243998431049977 -0.706896261008803">
            <n d="-1 0 6.12303176911189e-017"/>
            <n d="-1.22460635382238e-016 0 -1"/>
            <n d="-0.704289864961924 0 -0.70991252004167"/>
        </f>
        <f v="52 45 44" fn="-0.833954966247521 0.0241282032425606 -0.551304765152073">
            <n d="-1 0 6.12303176911189e-017"/>
            <n d="-0.704289864961924 0 -0.70991252004167"/>
            <n d="-0.929084827602942 0 -0.369866709934823"/>
        </f>
        <f v="52 44 7" fn="-0.982111202360238 -0 -0.188301848632795">
            <n d="-1 0 6.12303176911189e-017"/>
            <n d="-0.929084827602942 0 -0.369866709934823"/>
            <n d="-1 0 6.12303176911189e-017"/>
        </f>
        <f v="50 105 51" fn="-0.9231169657638 -0 -0.384519268072532">
            <n d="-1 0 6.12303176911189e-017"/>
            <n d="-0.704289864961924 0 -0.70991252004167"/>
            <n d="-1 0 6.12303176911189e-017"/>
        </f>
        <f v="51 45 52" fn="-0.9231169657638 -0 -0.384519268072532">
            <n d="-1 0 6.12303176911189e-017"/>
            <n d="-0.704289864961924 0 -0.70991252004167"/>
            <n d="-1 0 6.12303176911189e-017"/>
        </f>
        <f v="50 9 106" fn="-0.982111202360238 0 -0.188301848632792">
            <n d="-1 0 6.12303176911189e-017"/>
            <n d="-1 0 6.12303176911189e-017"/>
            <n d="-0.92908482760294 0 -0.369866709934828"/>
        </f>
    </facets>
    <facets color="f9f9f9">
        <f v="92 119 120" fn="-0.544938912115821 -0.838444759364841 -0.00720885258964806">
            <n d="6.12303176911189e-017 -1 -4.14912771641804e-033"/>
            <n d="-0.362774925086367 -0.931876791066598 2.45825851188691e-017"/>
            <n d="-0.704289864961924 -0.70991252004167 4.77245376032025e-017"/>
        </f>
        <f v="55 120 121" fn="-0.834174822594937 -0.551450106155937 -0.00742601974889735">
            <n d="-1 -1.22460635382238e-016 6.7762635780344e-017"/>
            <n d="-0.704289864961924 -0.70991252004167 4.77245376032025e-017"/>
            <n d="-0.929084827602941 -0.369866709934828 6.29572367819018e-017"/>
        </f>
        <f v="55 121 10" fn="-0.982111202360235 -0.188301848632808 0">
            <n d="-1 -1.22460635382238e-016 6.7762635780344e-017"/>
            <n d="-0.929084827602941 -0.369866709934828 6.29572367819018e-017"/>
            <n d="-1 -1.22460635382238e-016 6.7762635780344e-017"/>
        </f>
        <f v="54 120 55" fn="-0.9231169657638 -0.384519268072532 0">
            <n d="-1 -1.22460635382238e-016 6.7762635780344e-017"/>
            <n d="-0.704289864961924 -0.70991252004167 4.77245376032025e-017"/>
            <n d="-1 -1.22460635382238e-016 6.7762635780344e-017"/>
        </f>
        <f v="93 120 54" fn="-0.707086842221242 -0.707086842221242 -0.00750966811417183">
            <n d="6.12303176911189e-017 -1 -4.14912771641804e-033"/>
            <n d="-0.704289864961924 -0.70991252004167 4.77245376032025e-017"/>
            <n d="-1 -1.22460635382238e-016 6.7762635780344e-017"/>
        </f>
        <f v="42 54 53" fn="-0.92463844827091 -0.380846084368952 -0">
            <n d="-0.70991252004167 -0.704289864961924 4.81055435314898e-017"/>
            <n d="-1 -1.22460635382238e-016 6.7762635780344e-017"/>
            <n d="-1 -1.22460635382238e-016 6.7762635780344e-017"/>
        </f>
        <f v="43 53 7" fn="-0.982821649910753 -0.184557862110249 0">
            <n d="-0.931876791066597 -0.362774925086372 6.31464275852015e-017"/>
            <n d="-1 -1.22460635382238e-016 6.7762635780344e-017"/>
            <n d="-1 -1.22460635382238e-016 6.7762635780344e-017"/>
        </f>
        <f v="42 53 43" fn="-0.838444759364845 -0.544938912115815 0.00720885258964776">
            <n d="-0.70991252004167 -0.704289864961924 4.81055435314898e-017"/>
            <n d="-1 -1.22460635382238e-016 6.7762635780344e-017"/>
            <n d="-0.931876791066597 -0.362774925086372 6.31464275852015e-017"/>
        </f>
        <f v="93 54 42" fn="-0.707086842221242 -0.707086842221242 0.00750966811417183">
            <n d="6.12303176911189e-017 -1 -4.14912771641804e-033"/>
            <n d="-1 -1.22460635382238e-016 6.7762635780344e-017"/>
            <n d="-0.70991252004167 -0.704289864961924 4.81055435314898e-017"/>
        </f>
        <f v="93 42 94" fn="-0.384519268072532 -0.9231169657638 -0">
            <n d="6.12303176911189e-017 -1 -4.14912771641804e-033"/>
            <n d="-0.70991252004167 -0.704289864961924 4.81055435314898e-017"/>
            <n d="6.12303176911189e-017 -1 -4.14912771641804e-033"/>
        </f>
        <f v="94 42 41" fn="-0.551450106155945 -0.834174822594932 0.00742601974889773">
            <n d="6.12303176911189e-017 -1 -4.14912771641804e-033"/>
            <n d="-0.70991252004167 -0.704289864961924 4.81055435314898e-017"/>
            <n d="-0.369866709934829 -0.92908482760294 2.5063143152588e-017"/>
        </f>
        <f v="94 41 3" fn="-0.188301848632799 -0.982111202360237 -0">
            <n d="6.12303176911189e-017 -1 -4.14912771641804e-033"/>
            <n d="-0.369866709934829 -0.92908482760294 2.5063143152588e-017"/>
            <n d="6.12303176911189e-017 -1 -4.14912771641804e-033"/>
        </f>
        <f v="92 120 93" fn="-0.380846084368952 -0.92463844827091 -0">
            <n d="6.12303176911189e-017 -1 -4.14912771641804e-033"/>
            <n d="-0.704289864961924 -0.70991252004167 4.77245376032025e-017"/>
            <n d="6.12303176911189e-017 -1 -4.14912771641804e-033"/>
        </f>
        <f v="92 19 119" fn="-0.184557862110236 -0.982821649910755 0">
            <n d="6.12303176911189e-017 -1 -4.14912771641804e-033"/>
            <n d="6.12303176911189e-017 -1 -4.14912771641804e-033"/>
            <n d="-0.362774925086367 -0.931876791066598 2.45825851188691e-017"/>
        </f>
    </facets>
    <facets color="f9f9f9">
        <f v="80 116 117" fn="0.00720885258964783 -0.544938912115818 0.838444759364843">
            <n d="0 -1.22460635382238e-016 1"/>
            <n d="0 -0.362774925086372 0.931876791066597"/>
            <n d="0 -0.704289864961923 0.709912520041671"/>
        </f>
        <f v="100 118 19" fn="-0 -0.982111202360237 0.188301848632799">
            <n d="0 -1 -6.12303176911189e-017"/>
            <n d="0 -0.92908482760294 0.369866709934829"/>
            <n d="0 -1 -6.12303176911189e-017"/>
        </f>
        <f v="100 117 118" fn="0.00742601974889783 -0.834174822594929 0.55145010615595">
            <n d="0 -1 -6.12303176911189e-017"/>
            <n d="0 -0.704289864961923 0.709912520041671"/>
            <n d="0 -0.92908482760294 0.369866709934829"/>
        </f>
        <f v="99 117 100" fn="0 -0.923116965763798 0.384519268072535">
            <n d="0 -1 -6.12303176911189e-017"/>
            <n d="0 -0.704289864961923 0.709912520041671"/>
            <n d="0 -1 -6.12303176911189e-017"/>
        </f>
        <f v="81 117 99" fn="0.00750966811417178 -0.707086842221242 0.707086842221242">
            <n d="0 -1.22460635382238e-016 1"/>
            <n d="0 -0.704289864961923 0.709912520041671"/>
            <n d="0 -1 -6.12303176911189e-017"/>
        </f>
        <f v="24 99 98" fn="-0 -0.924638448270912 0.380846084368949">
            <n d="0 -0.709912520041671 0.704289864961923"/>
            <n d="0 -1 -6.12303176911189e-017"/>
            <n d="0 -1 -6.12303176911189e-017"/>
        </f>
        <f v="25 98 2" fn="0 -0.982821649910757 0.184557862110228">
            <n d="0 -0.931876791066599 0.362774925086366"/>
            <n d="0 -1 -6.12303176911189e-017"/>
            <n d="0 -1 -6.12303176911189e-017"/>
        </f>
        <f v="24 98 25" fn="-0.00720885258964817 -0.838444759364841 0.544938912115821">
            <n d="0 -0.709912520041671 0.704289864961923"/>
            <n d="0 -1 -6.12303176911189e-017"/>
            <n d="0 -0.931876791066599 0.362774925086366"/>
        </f>
        <f v="81 99 24" fn="-0.00750966811417188 -0.707086842221242 0.707086842221242">
            <n d="0 -1.22460635382238e-016 1"/>
            <n d="0 -1 -6.12303176911189e-017"/>
            <n d="0 -0.709912520041671 0.704289864961923"/>
        </f>
        <f v="82 24 23" fn="-0.00742601974889802 -0.55145010615595 0.834174822594929">
            <n d="0 -1.22460635382238e-016 1"/>
            <n d="0 -0.709912520041671 0.704289864961923"/>
            <n d="0 -0.369866709934831 0.929084827602939"/>
        </f>
        <f v="81 24 82" fn="0 -0.384519268072531 0.9231169657638">
            <n d="0 -1.22460635382238e-016 1"/>
            <n d="0 -0.709912520041671 0.704289864961923"/>
            <n d="0 -1.22460635382238e-016 1"/>
        </f>
        <f v="82 23 1" fn="0 -0.188301848632791 0.982111202360239">
            <n d="0 -1.22460635382238e-016 1"/>
            <n d="0 -0.369866709934831 0.929084827602939"/>
            <n d="0 -1.22460635382238e-016 1"/>
        </f>
        <f v="80 117 81" fn="0 -0.380846084368953 0.92463844827091">
            <n d="0 -1.22460635382238e-016 1"/>
            <n d="0 -0.704289864961923 0.709912520041671"/>
            <n d="0 -1.22460635382238e-016 1"/>
        </f>
        <f v="80 16 116" fn="-0 -0.184557862110249 0.982821649910753">
            <n d="0 -1.22460635382238e-016 1"/>
            <n d="0 -1.22460635382238e-016 1"/>
            <n d="0 -0.362774925086372 0.931876791066597"/>
        </f>
    </facets>
    <facets color="f9f9f9">
        <f v="77 112 111" fn="0.833954966247517 -0.0241282032425615 0.551304765152079">
            <n d="1 0 -1.83690953073357e-016"/>
            <n d="0.929084827602941 -0 0.369866709934828"/>
            <n d="0.704289864961924 -0 0.70991252004167"/>
        </f>
        <f v="85 111 110" fn="0.544803561655854 -0.0234229517413083 0.838236508712678">
            <n d="2.44921270764475e-016 -0 1"/>
            <n d="0.704289864961924 -0 0.70991252004167"/>
            <n d="0.362774925086368 -0 0.931876791066598"/>
        </f>
        <f v="85 110 17" fn="0.184557862110236 -0 0.982821649910755">
            <n d="2.44921270764475e-016 -0 1"/>
            <n d="0.362774925086368 -0 0.931876791066598"/>
            <n d="2.44921270764475e-016 -0 1"/>
        </f>
        <f v="84 111 85" fn="0.380846084368952 -0 0.92463844827091">
            <n d="2.44921270764475e-016 -0 1"/>
            <n d="0.704289864961924 -0 0.70991252004167"/>
            <n d="2.44921270764475e-016 -0 1"/>
        </f>
        <f v="78 111 84" fn="0.706896261008803 -0.0243998431049977 0.706896261008803">
            <n d="1 0 -1.83690953073357e-016"/>
            <n d="0.704289864961924 -0 0.70991252004167"/>
            <n d="2.44921270764475e-016 -0 1"/>
        </f>
        <f v="21 84 83" fn="0.380846084368952 -0 0.92463844827091">
            <n d="0.704289864961924 -0 0.70991252004167"/>
            <n d="2.44921270764475e-016 -0 1"/>
            <n d="2.44921270764475e-016 -0 1"/>
        </f>
        <f v="22 83 1" fn="0.184557862110236 0 0.982821649910755">
            <n d="0.362774925086368 -0 0.931876791066598"/>
            <n d="2.44921270764475e-016 -0 1"/>
            <n d="2.44921270764475e-016 -0 1"/>
        </f>
        <f v="21 83 22" fn="0.544803561655855 0.0234229517413083 0.838236508712678">
            <n d="0.704289864961924 -0 0.70991252004167"/>
            <n d="2.44921270764475e-016 -0 1"/>
            <n d="0.362774925086368 -0 0.931876791066598"/>
        </f>
        <f v="78 84 21" fn="0.706896261008803 0.0243998431049977 0.706896261008803">
            <n d="1 0 -1.83690953073357e-016"/>
            <n d="2.44921270764475e-016 -0 1"/>
            <n d="0.704289864961924 -0 0.70991252004167"/>
        </f>
        <f v="79 21 20" fn="0.833954966247521 0.0241282032425606 0.551304765152073">
            <n d="1 0 -1.83690953073357e-016"/>
            <n d="0.704289864961924 -0 0.70991252004167"/>
            <n d="0.929084827602943 -0 0.369866709934823"/>
        </f>
        <f v="79 20 0" fn="0.982111202360238 0 0.188301848632795">
            <n d="1 0 -1.83690953073357e-016"/>
            <n d="0.929084827602943 -0 0.369866709934823"/>
            <n d="1 0 -1.83690953073357e-016"/>
        </f>
        <f v="77 111 78" fn="0.9231169657638 0 0.384519268072532">
            <n d="1 0 -1.83690953073357e-016"/>
            <n d="0.704289864961924 -0 0.70991252004167"/>
            <n d="1 0 -1.83690953073357e-016"/>
        </f>
        <f v="78 21 79" fn="0.9231169657638 0 0.384519268072532">
            <n d="1 0 -1.83690953073357e-016"/>
            <n d="0.704289864961924 -0 0.70991252004167"/>
            <n d="1 0 -1.83690953073357e-016"/>
        </f>
        <f v="77 15 112" fn="0.982111202360238 -0 0.188301848632792">
            <n d="1 0 -1.83690953073357e-016"/>
            <n d="1 0 -1.83690953073357e-016"/>
            <n d="0.929084827602941 -0 0.369866709934828"/>
        </f>
    </facets>
    <facets color="f9f9f9">
        <f v="68 26 27" fn="0.838444759364843 -0.544938912115818 -0.00720885258964783">
            <n d="1 -1.22460635382238e-016 -0"/>
            <n d="0.931876791066597 -0.362774925086372 -0"/>
            <n d="0.709912520041671 -0.704289864961923 -0"/>
        </f>
        <f v="97 28 2" fn="0.188301848632799 -0.982111202360237 -0">
            <n d="-6.12303176911189e-017 -1 0"/>
            <n d="0.369866709934829 -0.92908482760294 -0"/>
            <n d="-6.12303176911189e-017 -1 0"/>
        </f>
        <f v="97 27 28" fn="0.55145010615595 -0.834174822594929 -0.00742601974889782">
            <n d="-6.12303176911189e-017 -1 0"/>
            <n d="0.709912520041671 -0.704289864961923 -0"/>
            <n d="0.369866709934829 -0.92908482760294 -0"/>
        </f>
        <f v="96 27 97" fn="0.384519268072535 -0.923116965763798 0">
            <n d="-6.12303176911189e-017 -1 0"/>
            <n d="0.709912520041671 -0.704289864961923 -0"/>
            <n d="-6.12303176911189e-017 -1 0"/>
        </f>
        <f v="69 27 96" fn="0.707086842221242 -0.707086842221242 -0.00750966811417178">
            <n d="1 -1.22460635382238e-016 -0"/>
            <n d="0.709912520041671 -0.704289864961923 -0"/>
            <n d="-6.12303176911189e-017 -1 0"/>
        </f>
        <f v="123 96 95" fn="0.380846084368949 -0.924638448270912 -0">
            <n d="0.704289864961923 -0.709912520041671 -0"/>
            <n d="-6.12303176911189e-017 -1 0"/>
            <n d="-6.12303176911189e-017 -1 0"/>
        </f>
        <f v="124 95 6" fn="0.184557862110228 -0.982821649910757 0">
            <n d="0.362774925086366 -0.931876791066599 -0"/>
            <n d="-6.12303176911189e-017 -1 0"/>
            <n d="-6.12303176911189e-017 -1 0"/>
        </f>
        <f v="123 95 124" fn="0.544938912115821 -0.838444759364841 0.00720885258964817">
            <n d="0.704289864961923 -0.709912520041671 -0"/>
            <n d="-6.12303176911189e-017 -1 0"/>
            <n d="0.362774925086366 -0.931876791066599 -0"/>
        </f>
        <f v="69 96 123" fn="0.707086842221242 -0.707086842221242 0.00750966811417188">
            <n d="1 -1.22460635382238e-016 -0"/>
            <n d="-6.12303176911189e-017 -1 0"/>
            <n d="0.704289864961923 -0.709912520041671 -0"/>
        </f>
        <f v="70 123 122" fn="0.834174822594929 -0.55145010615595 0.00742601974889802">
            <n d="1 -1.22460635382238e-016 -0"/>
            <n d="0.704289864961923 -0.709912520041671 -0"/>
            <n d="0.929084827602939 -0.369866709934831 -0"/>
        </f>
        <f v="69 123 70" fn="0.9231169657638 -0.384519268072531 0">
            <n d="1 -1.22460635382238e-016 -0"/>
            <n d="0.704289864961923 -0.709912520041671 -0"/>
            <n d="1 -1.22460635382238e-016 -0"/>
        </f>
        <f v="70 122 13" fn="0.982111202360239 -0.188301848632791 0">
            <n d="1 -1.22460635382238e-016 -0"/>
            <n d="0.929084827602939 -0.369866709934831 -0"/>
            <n d="1 -1.22460635382238e-016 -0"/>
        </f>
        <f v="68 27 69" fn="0.92463844827091 -0.380846084368953 0">
            <n d="1 -1.22460635382238e-016 -0"/>
            <n d="0.709912520041671 -0.704289864961923 -0"/>
            <n d="1 -1.22460635382238e-016 -0"/>
        </f>
        <f v="68 0 26" fn="0.982821649910753 -0.184557862110249 -0">
            <n d="1 -1.22460635382238e-016 -0"/>
            <n d="1 -1.22460635382238e-016 -0"/>
            <n d="0.931876791066597 -0.362774925086372 -0"/>
        </f>
    </facets>
    <facets color="f9f9f9">
        <f v="126 122 123" fn="0.731181759801601 -0.483364215917695 -0.481385779706574">
            <n d="0.70991252004167 -2.86986127378421e-015 -0.704289864961924"/>
            <n d="0.929084827602939 -0.369866709934831 0"/>
            <n d="0.704289864961922 -0.709912520041672 -5.55111512312575e-015"/>
        </f>
        <f v="35 124 6" fn="0.181365898582182 -0.965823561478114 -0.185178991587082">
            <n d="-5.34937567777934e-015 -0.92908482760294 -0.369866709934829"/>
            <n d="0.362774925086366 -0.931876791066599 0"/>
            <n d="-4.28612223837832e-016 -1 0"/>
        </f>
        <f v="35 123 124" fn="0.479340027978646 -0.737514105667461 -0.475716387692242">
            <n d="-5.34937567777934e-015 -0.92908482760294 -0.369866709934829"/>
            <n d="0.704289864961922 -0.709912520041672 -5.55111512312575e-015"/>
            <n d="0.362774925086366 -0.931876791066599 0"/>
        </f>
        <f v="36 123 35" fn="0.481385779706563 -0.731181759801609 -0.483364215917694">
            <n d="-3.01867245247777e-016 -0.704289864961924 -0.70991252004167"/>
            <n d="0.704289864961922 -0.709912520041672 -5.55111512312575e-015"/>
            <n d="-5.34937567777934e-015 -0.92908482760294 -0.369866709934829"/>
        </f>
        <f v="126 123 36" fn="0.577350269189623 -0.577350269189625 -0.57735026918963">
            <n d="0.70991252004167 -2.86986127378421e-015 -0.704289864961924"/>
            <n d="0.704289864961922 -0.709912520041672 -5.55111512312575e-015"/>
            <n d="-3.01867245247777e-016 -0.704289864961924 -0.70991252004167"/>
        </f>
        <f v="127 36 37" fn="0.475716387692213 -0.47934002797865 -0.737514105667478">
            <n d="0.369866709934828 -1.81176449221428e-016 -0.92908482760294"/>
            <n d="-3.01867245247777e-016 -0.704289864961924 -0.70991252004167"/>
            <n d="-5.95524924145468e-015 -0.362774925086371 -0.931876791066597"/>
        </f>
        <f v="125 122 126" fn="0.73751410566747 -0.475716387692223 -0.479340027978652">
            <n d="0.931876791066598 2.85421852685111e-015 -0.362774925086367"/>
            <n d="0.929084827602939 -0.369866709934831 0"/>
            <n d="0.70991252004167 -2.86986127378421e-015 -0.704289864961924"/>
        </f>
        <f v="127 37 5" fn="0.185178991587072 -0.181365898582206 -0.965823561478112">
            <n d="0.369866709934828 -1.81176449221428e-016 -0.92908482760294"/>
            <n d="-5.95524924145468e-015 -0.362774925086371 -0.931876791066597"/>
            <n d="0.000265203753549492 -0.000265203753549496 -0.999999929666967"/>
        </f>
        <f v="126 36 127" fn="0.483364215917698 -0.481385779706575 -0.731181759801599">
            <n d="0.70991252004167 -2.86986127378421e-015 -0.704289864961924"/>
            <n d="-3.01867245247777e-016 -0.704289864961924 -0.70991252004167"/>
            <n d="0.369866709934828 -1.81176449221428e-016 -0.92908482760294"/>
        </f>
        <f v="125 13 122" fn="0.965823561478115 -0.185178991587071 -0.181365898582191">
            <n d="0.931876791066598 2.85421852685111e-015 -0.362774925086367"/>
            <n d="1 -4.89842541528951e-016 0"/>
            <n d="0.929084827602939 -0.369866709934831 0"/>
        </f>
    </facets>
    <facets color="f9f9f9">
        <f v="71 125 126" fn="0.838236508712678 0.0234229517413083 -0.544803561655855">
            <n d="1 0 -1.83690953073357e-016"/>
            <n d="0.931876791066598 0 -0.362774925086368"/>
            <n d="0.70991252004167 0 -0.704289864961924"/>
        </f>
        <f v="64 127 5" fn="0.188301848632792 -0 -0.982111202360238">
            <n d="-1.22460635382238e-016 0 -1"/>
            <n d="0.369866709934828 0 -0.929084827602941"/>
            <n d="-1.22460635382238e-016 0 -1"/>
        </f>
        <f v="64 126 127" fn="0.551304765152079 0.0241282032425615 -0.833954966247517">
            <n d="-1.22460635382238e-016 0 -1"/>
            <n d="0.70991252004167 0 -0.704289864961924"/>
            <n d="0.369866709934828 0 -0.929084827602941"/>
        </f>
        <f v="63 126 64" fn="0.384519268072532 0 -0.9231169657638">
            <n d="-1.22460635382238e-016 0 -1"/>
            <n d="0.70991252004167 0 -0.704289864961924"/>
            <n d="-1.22460635382238e-016 0 -1"/>
        </f>
        <f v="72 126 63" fn="0.706896261008803 0.0243998431049977 -0.706896261008803">
            <n d="1 0 -1.83690953073357e-016"/>
            <n d="0.70991252004167 0 -0.704289864961924"/>
            <n d="-1.22460635382238e-016 0 -1"/>
        </f>
        <f v="102 63 62" fn="0.384519268072532 -0 -0.9231169657638">
            <n d="0.70991252004167 0 -0.704289864961924"/>
            <n d="-1.22460635382238e-016 0 -1"/>
            <n d="-1.22460635382238e-016 0 -1"/>
        </f>
        <f v="103 62 12" fn="0.188301848632792 0 -0.982111202360238">
            <n d="0.369866709934828 0 -0.929084827602941"/>
            <n d="-1.22460635382238e-016 0 -1"/>
            <n d="-1.22460635382238e-016 0 -1"/>
        </f>
        <f v="102 62 103" fn="0.551304765152079 -0.0241282032425615 -0.833954966247517">
            <n d="0.70991252004167 0 -0.704289864961924"/>
            <n d="-1.22460635382238e-016 0 -1"/>
            <n d="0.369866709934828 0 -0.929084827602941"/>
        </f>
        <f v="72 63 102" fn="0.706896261008803 -0.0243998431049977 -0.706896261008803">
            <n d="1 0 -1.83690953073357e-016"/>
            <n d="-1.22460635382238e-016 0 -1"/>
            <n d="0.70991252004167 0 -0.704289864961924"/>
        </f>
        <f v="73 102 101" fn="0.838236508712678 -0.0234229517413083 -0.544803561655854">
            <n d="1 0 -1.83690953073357e-016"/>
            <n d="0.70991252004167 0 -0.704289864961924"/>
            <n d="0.931876791066598 0 -0.362774925086368"/>
        </f>
        <f v="72 102 73" fn="0.92463844827091 0 -0.380846084368952">
            <n d="1 0 -1.83690953073357e-016"/>
            <n d="0.70991252004167 0 -0.704289864961924"/>
            <n d="1 0 -1.83690953073357e-016"/>
        </f>
        <f v="73 101 14" fn="0.982821649910755 0 -0.184557862110236">
            <n d="1 0 -1.83690953073357e-016"/>
            <n d="0.931876791066598 0 -0.362774925086368"/>
            <n d="1 0 -1.83690953073357e-016"/>
        </f>
        <f v="71 126 72" fn="0.92463844827091 0 -0.380846084368952">
            <n d="1 0 -1.83690953073357e-016"/>
            <n d="0.70991252004167 0 -0.704289864961924"/>
            <n d="1 0 -1.83690953073357e-016"/>
        </f>
        <f v="71 13 125" fn="0.982821649910755 -0 -0.184557862110236">
            <n d="1 0 -1.83690953073357e-016"/>
            <n d="1 0 -1.83690953073357e-016"/>
            <n d="0.931876791066598 0 -0.362774925086368"/>
        </f>
    </facets>
</shell>
</step-assembly>
