<?xml version="1.0" encoding="UTF-8" ?>
<step-assembly root="id534">
<product id="id534" name="74889100921" shape="id337" children="id535 id536"/>
<product id="id535" name="Kern" shape="id336"/>
<product id="id536" name="Pin" shape="id338"/>
<shape id="id337" unit="mm 0.001000">
    <child ref="id336" xform="1 0 0 0 0 1 0 0 0 0 1 0 0 0 0 1"/>
    <child ref="id338" xform="1 0 0 0 0 1 0 0 0 0 1 0 -1.73472e-015 -4.33681e-016 0 1"/>
</shape>
<shape id="id336" unit="mm 0.001000"/>
<shape id="id338" unit="mm 0.001000">
    <child ref="id19" xform="1 0 0 0 0 1 0 0 0 0 1 0 0 0 0 1"/>
</shape>
<shape id="id19" unit="mm 0.001000" shell="id322 id323 id324"/>
<shell id="id322" color="c0c0c0">
    <verts>
        <v p="-5.6 2.55 -0.75"/>
        <v p="-5.6 -2.55 -0.75"/>
        <v p="-5.6 -2.55 0.75"/>
        <v p="-5.6 2.55 0.75"/>
        <v p="-5 -2.55 -0.75"/>
        <v p="-5 -2.55 0.75"/>
        <v p="-5 2.55 -0.75"/>
        <v p="-5 2.55 0.75"/>
        <v p="-5.6 1.275 -0.75"/>
        <v p="-5.6 0 -0.75"/>
        <v p="-5.6 -1.275 -0.75"/>
        <v p="-5.6 -2.55 0.375"/>
        <v p="-5.6 -2.55 0"/>
        <v p="-5.6 -2.55 -0.375"/>
        <v p="-5.6 1.275 0.75"/>
        <v p="-5.6 0 0.75"/>
        <v p="-5.6 -1.275 0.75"/>
        <v p="-5.6 2.55 0.375"/>
        <v p="-5.6 2.55 0"/>
        <v p="-5.6 2.55 -0.375"/>
        <v p="-5.45 -2.55 -0.75"/>
        <v p="-5.3 -2.55 -0.75"/>
        <v p="-5.15 -2.55 -0.75"/>
        <v p="-5 -2.55 0.375"/>
        <v p="-5 -2.55 0"/>
        <v p="-5 -2.55 -0.375"/>
        <v p="-5.45 -2.55 0.75"/>
        <v p="-5.3 -2.55 0.75"/>
        <v p="-5.15 -2.55 0.75"/>
        <v p="-5 -1.275 -0.75"/>
        <v p="-5 0 -0.75"/>
        <v p="-5 1.275 -0.75"/>
        <v p="-5 2.55 0.375"/>
        <v p="-5 2.55 0"/>
        <v p="-5 2.55 -0.375"/>
        <v p="-5 -1.275 0.75"/>
        <v p="-5 0 0.75"/>
        <v p="-5 1.275 0.75"/>
        <v p="-5.15 2.55 -0.75"/>
        <v p="-5.3 2.55 -0.75"/>
        <v p="-5.45 2.55 -0.75"/>
        <v p="-5.15 2.55 0.75"/>
        <v p="-5.3 2.55 0.75"/>
        <v p="-5.45 2.55 0.75"/>
    </verts>
    <facets color="c0c0c0">
        <f v="8 18 19" fn="-1 0 0">
            <n d="-1 -0 -0"/>
            <n d="-1 -0 -0"/>
            <n d="-1 -0 -0"/>
        </f>
        <f v="14 3 17" fn="-1 0 0">
            <n d="-1 -0 -0"/>
            <n d="-1 -0 -0"/>
            <n d="-1 -0 -0"/>
        </f>
        <f v="14 17 18" fn="-1 -0 -0">
            <n d="-1 -0 -0"/>
            <n d="-1 -0 -0"/>
            <n d="-1 -0 -0"/>
        </f>
        <f v="15 14 18" fn="-1 0 -0">
            <n d="-1 -0 -0"/>
            <n d="-1 -0 -0"/>
            <n d="-1 -0 -0"/>
        </f>
        <f v="9 15 18" fn="-1 0 0">
            <n d="-1 -0 -0"/>
            <n d="-1 -0 -0"/>
            <n d="-1 -0 -0"/>
        </f>
        <f v="12 16 15" fn="-1 0 0">
            <n d="-1 -0 -0"/>
            <n d="-1 -0 -0"/>
            <n d="-1 -0 -0"/>
        </f>
        <f v="11 2 16" fn="-1 -0 -0">
            <n d="-1 -0 -0"/>
            <n d="-1 -0 -0"/>
            <n d="-1 -0 -0"/>
        </f>
        <f v="12 11 16" fn="-1 -0 -0">
            <n d="-1 -0 -0"/>
            <n d="-1 -0 -0"/>
            <n d="-1 -0 -0"/>
        </f>
        <f v="9 12 15" fn="-1 -0 0">
            <n d="-1 -0 -0"/>
            <n d="-1 -0 -0"/>
            <n d="-1 -0 -0"/>
        </f>
        <f v="8 9 18" fn="-1 -0 0">
            <n d="-1 -0 -0"/>
            <n d="-1 -0 -0"/>
            <n d="-1 -0 -0"/>
        </f>
        <f v="10 1 13" fn="-1 0 0">
            <n d="-1 -0 -0"/>
            <n d="-1 -0 -0"/>
            <n d="-1 -0 -0"/>
        </f>
        <f v="10 13 12" fn="-1 -0 -0">
            <n d="-1 -0 -0"/>
            <n d="-1 -0 -0"/>
            <n d="-1 -0 -0"/>
        </f>
        <f v="9 10 12" fn="-1 -0 -0">
            <n d="-1 -0 -0"/>
            <n d="-1 -0 -0"/>
            <n d="-1 -0 -0"/>
        </f>
        <f v="8 19 0" fn="-1 0 0">
            <n d="-1 -0 -0"/>
            <n d="-1 -0 -0"/>
            <n d="-1 -0 -0"/>
        </f>
    </facets>
    <facets color="c0c0c0">
        <f v="20 12 13" fn="0 -1 0">
            <n d="1.44560289664734e-015 -1 -0"/>
            <n d="1.44560289664734e-015 -1 -0"/>
            <n d="1.44560289664734e-015 -1 -0"/>
        </f>
        <f v="26 11 12" fn="-0 -1 -0">
            <n d="1.44560289664734e-015 -1 -0"/>
            <n d="1.44560289664734e-015 -1 -0"/>
            <n d="1.44560289664734e-015 -1 -0"/>
        </f>
        <f v="26 2 11" fn="-0 -1 -0">
            <n d="1.44560289664734e-015 -1 -0"/>
            <n d="1.44560289664734e-015 -1 -0"/>
            <n d="1.44560289664734e-015 -1 -0"/>
        </f>
        <f v="27 26 12" fn="-0 -1 -0">
            <n d="1.44560289664734e-015 -1 -0"/>
            <n d="1.44560289664734e-015 -1 -0"/>
            <n d="1.44560289664734e-015 -1 -0"/>
        </f>
        <f v="24 27 12" fn="0 -1 0">
            <n d="1.44560289664734e-015 -1 -0"/>
            <n d="1.44560289664734e-015 -1 -0"/>
            <n d="1.44560289664734e-015 -1 -0"/>
        </f>
        <f v="24 28 27" fn="0 -1 0">
            <n d="1.44560289664734e-015 -1 -0"/>
            <n d="1.44560289664734e-015 -1 -0"/>
            <n d="1.44560289664734e-015 -1 -0"/>
        </f>
        <f v="23 5 28" fn="-0 -1 0">
            <n d="1.44560289664734e-015 -1 -0"/>
            <n d="1.44560289664734e-015 -1 -0"/>
            <n d="1.44560289664734e-015 -1 -0"/>
        </f>
        <f v="24 23 28" fn="-0 -1 0">
            <n d="1.44560289664734e-015 -1 -0"/>
            <n d="1.44560289664734e-015 -1 -0"/>
            <n d="1.44560289664734e-015 -1 -0"/>
        </f>
        <f v="21 24 12" fn="0 -1 0">
            <n d="1.44560289664734e-015 -1 -0"/>
            <n d="1.44560289664734e-015 -1 -0"/>
            <n d="1.44560289664734e-015 -1 -0"/>
        </f>
        <f v="20 21 12" fn="-0 -1 0">
            <n d="1.44560289664734e-015 -1 -0"/>
            <n d="1.44560289664734e-015 -1 -0"/>
            <n d="1.44560289664734e-015 -1 -0"/>
        </f>
        <f v="22 4 25" fn="0 -1 0">
            <n d="1.44560289664734e-015 -1 -0"/>
            <n d="1.44560289664734e-015 -1 -0"/>
            <n d="1.44560289664734e-015 -1 -0"/>
        </f>
        <f v="22 25 24" fn="-0 -1 -0">
            <n d="1.44560289664734e-015 -1 -0"/>
            <n d="1.44560289664734e-015 -1 -0"/>
            <n d="1.44560289664734e-015 -1 -0"/>
        </f>
        <f v="21 22 24" fn="-0 -1 -0">
            <n d="1.44560289664734e-015 -1 -0"/>
            <n d="1.44560289664734e-015 -1 -0"/>
            <n d="1.44560289664734e-015 -1 -0"/>
        </f>
        <f v="20 13 1" fn="0 -1 0">
            <n d="1.44560289664734e-015 -1 -0"/>
            <n d="1.44560289664734e-015 -1 -0"/>
            <n d="1.44560289664734e-015 -1 -0"/>
        </f>
    </facets>
    <facets color="c0c0c0">
        <f v="29 24 25" fn="1 0 0">
            <n d="1 -0 -0"/>
            <n d="1 -0 -0"/>
            <n d="1 -0 -0"/>
        </f>
        <f v="35 23 24" fn="1 -0 -0">
            <n d="1 -0 -0"/>
            <n d="1 -0 -0"/>
            <n d="1 -0 -0"/>
        </f>
        <f v="35 5 23" fn="1 0 -0">
            <n d="1 -0 -0"/>
            <n d="1 -0 -0"/>
            <n d="1 -0 -0"/>
        </f>
        <f v="36 35 24" fn="1 0 -0">
            <n d="1 -0 -0"/>
            <n d="1 -0 -0"/>
            <n d="1 -0 -0"/>
        </f>
        <f v="30 36 24" fn="1 0 -0">
            <n d="1 -0 -0"/>
            <n d="1 -0 -0"/>
            <n d="1 -0 -0"/>
        </f>
        <f v="33 37 36" fn="1 0 0">
            <n d="1 -0 -0"/>
            <n d="1 -0 -0"/>
            <n d="1 -0 -0"/>
        </f>
        <f v="32 7 37" fn="1 -0 -0">
            <n d="1 -0 -0"/>
            <n d="1 -0 -0"/>
            <n d="1 -0 -0"/>
        </f>
        <f v="33 32 37" fn="1 -0 -0">
            <n d="1 -0 -0"/>
            <n d="1 -0 -0"/>
            <n d="1 -0 -0"/>
        </f>
        <f v="30 33 36" fn="1 -0 -0">
            <n d="1 -0 -0"/>
            <n d="1 -0 -0"/>
            <n d="1 -0 -0"/>
        </f>
        <f v="31 34 33" fn="1 -0 -0">
            <n d="1 -0 -0"/>
            <n d="1 -0 -0"/>
            <n d="1 -0 -0"/>
        </f>
        <f v="31 6 34" fn="1 -0 -0">
            <n d="1 -0 -0"/>
            <n d="1 -0 -0"/>
            <n d="1 -0 -0"/>
        </f>
        <f v="29 30 24" fn="1 -0 -0">
            <n d="1 -0 -0"/>
            <n d="1 -0 -0"/>
            <n d="1 -0 -0"/>
        </f>
        <f v="30 31 33" fn="1 -0 -0">
            <n d="1 -0 -0"/>
            <n d="1 -0 -0"/>
            <n d="1 -0 -0"/>
        </f>
        <f v="29 25 4" fn="1 0 0">
            <n d="1 -0 -0"/>
            <n d="1 -0 -0"/>
            <n d="1 -0 -0"/>
        </f>
    </facets>
    <facets color="c0c0c0">
        <f v="38 33 34" fn="0 1 0">
            <n d="1.44560289664734e-015 1 -0"/>
            <n d="1.44560289664734e-015 1 -0"/>
            <n d="1.44560289664734e-015 1 -0"/>
        </f>
        <f v="41 32 33" fn="-0 1 -0">
            <n d="1.44560289664734e-015 1 -0"/>
            <n d="1.44560289664734e-015 1 -0"/>
            <n d="1.44560289664734e-015 1 -0"/>
        </f>
        <f v="41 7 32" fn="-0 1 -0">
            <n d="1.44560289664734e-015 1 -0"/>
            <n d="1.44560289664734e-015 1 -0"/>
            <n d="1.44560289664734e-015 1 -0"/>
        </f>
        <f v="42 41 33" fn="-0 1 -0">
            <n d="1.44560289664734e-015 1 -0"/>
            <n d="1.44560289664734e-015 1 -0"/>
            <n d="1.44560289664734e-015 1 -0"/>
        </f>
        <f v="18 42 33" fn="0 1 0">
            <n d="1.44560289664734e-015 1 -0"/>
            <n d="1.44560289664734e-015 1 -0"/>
            <n d="1.44560289664734e-015 1 -0"/>
        </f>
        <f v="18 43 42" fn="0 1 0">
            <n d="1.44560289664734e-015 1 -0"/>
            <n d="1.44560289664734e-015 1 -0"/>
            <n d="1.44560289664734e-015 1 -0"/>
        </f>
        <f v="17 3 43" fn="-0 1 -0">
            <n d="1.44560289664734e-015 1 -0"/>
            <n d="1.44560289664734e-015 1 -0"/>
            <n d="1.44560289664734e-015 1 -0"/>
        </f>
        <f v="18 17 43" fn="-0 1 -0">
            <n d="1.44560289664734e-015 1 -0"/>
            <n d="1.44560289664734e-015 1 -0"/>
            <n d="1.44560289664734e-015 1 -0"/>
        </f>
        <f v="39 18 33" fn="0 1 -0">
            <n d="1.44560289664734e-015 1 -0"/>
            <n d="1.44560289664734e-015 1 -0"/>
            <n d="1.44560289664734e-015 1 -0"/>
        </f>
        <f v="38 39 33" fn="-0 1 -0">
            <n d="1.44560289664734e-015 1 -0"/>
            <n d="1.44560289664734e-015 1 -0"/>
            <n d="1.44560289664734e-015 1 -0"/>
        </f>
        <f v="40 0 19" fn="0 1 0">
            <n d="1.44560289664734e-015 1 -0"/>
            <n d="1.44560289664734e-015 1 -0"/>
            <n d="1.44560289664734e-015 1 -0"/>
        </f>
        <f v="40 19 18" fn="-0 1 -0">
            <n d="1.44560289664734e-015 1 -0"/>
            <n d="1.44560289664734e-015 1 -0"/>
            <n d="1.44560289664734e-015 1 -0"/>
        </f>
        <f v="39 40 18" fn="-0 1 -0">
            <n d="1.44560289664734e-015 1 -0"/>
            <n d="1.44560289664734e-015 1 -0"/>
            <n d="1.44560289664734e-015 1 -0"/>
        </f>
        <f v="38 34 6" fn="0 1 0">
            <n d="1.44560289664734e-015 1 -0"/>
            <n d="1.44560289664734e-015 1 -0"/>
            <n d="1.44560289664734e-015 1 -0"/>
        </f>
    </facets>
    <facets color="c0c0c0">
        <f v="43 14 15" fn="-0 -0 1">
            <n d="0 0 1"/>
            <n d="0 0 1"/>
            <n d="0 0 1"/>
        </f>
        <f v="26 16 2" fn="-0 -0 1">
            <n d="0 0 1"/>
            <n d="0 0 1"/>
            <n d="0 0 1"/>
        </f>
        <f v="26 15 16" fn="0 0 1">
            <n d="0 0 1"/>
            <n d="0 0 1"/>
            <n d="0 0 1"/>
        </f>
        <f v="27 15 26" fn="0 0 1">
            <n d="0 0 1"/>
            <n d="0 0 1"/>
            <n d="0 0 1"/>
        </f>
        <f v="36 15 27" fn="0 -0 1">
            <n d="0 0 1"/>
            <n d="0 0 1"/>
            <n d="0 0 1"/>
        </f>
        <f v="36 27 28" fn="-0 -0 1">
            <n d="0 0 1"/>
            <n d="0 0 1"/>
            <n d="0 0 1"/>
        </f>
        <f v="35 28 5" fn="0 0 1">
            <n d="0 0 1"/>
            <n d="0 0 1"/>
            <n d="0 0 1"/>
        </f>
        <f v="36 28 35" fn="0 0 1">
            <n d="0 0 1"/>
            <n d="0 0 1"/>
            <n d="0 0 1"/>
        </f>
        <f v="42 15 36" fn="-0 0 1">
            <n d="0 0 1"/>
            <n d="0 0 1"/>
            <n d="0 0 1"/>
        </f>
        <f v="41 36 37" fn="0 0 1">
            <n d="0 0 1"/>
            <n d="0 0 1"/>
            <n d="0 0 1"/>
        </f>
        <f v="41 37 7" fn="-0 0 1">
            <n d="0 0 1"/>
            <n d="0 0 1"/>
            <n d="0 0 1"/>
        </f>
        <f v="43 15 42" fn="-0 0 1">
            <n d="0 0 1"/>
            <n d="0 0 1"/>
            <n d="0 0 1"/>
        </f>
        <f v="42 36 41" fn="-0 0 1">
            <n d="0 0 1"/>
            <n d="0 0 1"/>
            <n d="0 0 1"/>
        </f>
        <f v="43 3 14" fn="0 -0 1">
            <n d="0 0 1"/>
            <n d="0 0 1"/>
            <n d="0 0 1"/>
        </f>
    </facets>
    <facets color="c0c0c0">
        <f v="9 21 20" fn="0 0 -1">
            <n d="-0 -0 -1"/>
            <n d="-0 -0 -1"/>
            <n d="-0 -0 -1"/>
        </f>
        <f v="30 22 21" fn="0 0 -1">
            <n d="-0 -0 -1"/>
            <n d="-0 -0 -1"/>
            <n d="-0 -0 -1"/>
        </f>
        <f v="29 4 22" fn="-0 -0 -1">
            <n d="-0 -0 -1"/>
            <n d="-0 -0 -1"/>
            <n d="-0 -0 -1"/>
        </f>
        <f v="30 29 22" fn="-0 -0 -1">
            <n d="-0 -0 -1"/>
            <n d="-0 -0 -1"/>
            <n d="-0 -0 -1"/>
        </f>
        <f v="39 30 21" fn="0 0 -1">
            <n d="-0 -0 -1"/>
            <n d="-0 -0 -1"/>
            <n d="-0 -0 -1"/>
        </f>
        <f v="38 31 30" fn="-0 -0 -1">
            <n d="-0 -0 -1"/>
            <n d="-0 -0 -1"/>
            <n d="-0 -0 -1"/>
        </f>
        <f v="38 6 31" fn="0 -0 -1">
            <n d="-0 -0 -1"/>
            <n d="-0 -0 -1"/>
            <n d="-0 -0 -1"/>
        </f>
        <f v="39 38 30" fn="0 -0 -1">
            <n d="-0 -0 -1"/>
            <n d="-0 -0 -1"/>
            <n d="-0 -0 -1"/>
        </f>
        <f v="9 39 21" fn="0 0 -1">
            <n d="-0 -0 -1"/>
            <n d="-0 -0 -1"/>
            <n d="-0 -0 -1"/>
        </f>
        <f v="9 40 39" fn="0 0 -1">
            <n d="-0 -0 -1"/>
            <n d="-0 -0 -1"/>
            <n d="-0 -0 -1"/>
        </f>
        <f v="8 0 40" fn="-0 -0 -1">
            <n d="-0 -0 -1"/>
            <n d="-0 -0 -1"/>
            <n d="-0 -0 -1"/>
        </f>
        <f v="10 9 20" fn="0 -0 -1">
            <n d="-0 -0 -1"/>
            <n d="-0 -0 -1"/>
            <n d="-0 -0 -1"/>
        </f>
        <f v="9 8 40" fn="-0 -0 -1">
            <n d="-0 -0 -1"/>
            <n d="-0 -0 -1"/>
            <n d="-0 -0 -1"/>
        </f>
        <f v="10 20 1" fn="0 0 -1">
            <n d="-0 -0 -1"/>
            <n d="-0 -0 -1"/>
            <n d="-0 -0 -1"/>
        </f>
    </facets>
</shell>
<shell id="id323" color="c0c0c0">
    <verts>
        <v p="5.6 2.55 -0.75"/>
        <v p="5.6 -2.55 -0.75"/>
        <v p="5.6 2.55 0.75"/>
        <v p="5.6 -2.55 0.75"/>
        <v p="5 -2.55 -0.75"/>
        <v p="5 -2.55 0.75"/>
        <v p="5 2.55 -0.75"/>
        <v p="5 2.55 0.75"/>
        <v p="5.6 1.275 -0.75"/>
        <v p="5.6 0 -0.75"/>
        <v p="5.6 -1.275 -0.75"/>
        <v p="5.6 2.55 0.375"/>
        <v p="5.6 2.55 0"/>
        <v p="5.6 2.55 -0.375"/>
        <v p="5.6 1.275 0.75"/>
        <v p="5.6 0 0.75"/>
        <v p="5.6 -1.275 0.75"/>
        <v p="5.6 -2.55 0.375"/>
        <v p="5.6 -2.55 0"/>
        <v p="5.6 -2.55 -0.375"/>
        <v p="5.45 -2.55 -0.75"/>
        <v p="5.3 -2.55 -0.75"/>
        <v p="5.15 -2.55 -0.75"/>
        <v p="5.45 -2.55 0.75"/>
        <v p="5.3 -2.55 0.75"/>
        <v p="5.15 -2.55 0.75"/>
        <v p="5 -2.55 0.375"/>
        <v p="5 -2.55 0"/>
        <v p="5 -2.55 -0.375"/>
        <v p="5 -1.275 -0.75"/>
        <v p="5 0 -0.75"/>
        <v p="5 1.275 -0.75"/>
        <v p="5 -1.275 0.75"/>
        <v p="5 0 0.75"/>
        <v p="5 1.275 0.75"/>
        <v p="5 2.55 0.375"/>
        <v p="5 2.55 0"/>
        <v p="5 2.55 -0.375"/>
        <v p="5.15 2.55 -0.75"/>
        <v p="5.3 2.55 -0.75"/>
        <v p="5.45 2.55 -0.75"/>
        <v p="5.15 2.55 0.75"/>
        <v p="5.3 2.55 0.75"/>
        <v p="5.45 2.55 0.75"/>
    </verts>
    <facets color="c0c0c0">
        <f v="19 10 9" fn="1 -0 -0">
            <n d="1 -1.22460635382238e-016 0"/>
            <n d="1 -1.22460635382238e-016 0"/>
            <n d="1 -1.22460635382238e-016 0"/>
        </f>
        <f v="13 9 8" fn="1 0 0">
            <n d="1 -1.22460635382238e-016 0"/>
            <n d="1 -1.22460635382238e-016 0"/>
            <n d="1 -1.22460635382238e-016 0"/>
        </f>
        <f v="13 8 0" fn="1 0 0">
            <n d="1 -1.22460635382238e-016 0"/>
            <n d="1 -1.22460635382238e-016 0"/>
            <n d="1 -1.22460635382238e-016 0"/>
        </f>
        <f v="12 9 13" fn="1 0 0">
            <n d="1 -1.22460635382238e-016 0"/>
            <n d="1 -1.22460635382238e-016 0"/>
            <n d="1 -1.22460635382238e-016 0"/>
        </f>
        <f v="15 9 12" fn="1 -0 -0">
            <n d="1 -1.22460635382238e-016 0"/>
            <n d="1 -1.22460635382238e-016 0"/>
            <n d="1 -1.22460635382238e-016 0"/>
        </f>
        <f v="14 12 11" fn="1 0 0">
            <n d="1 -1.22460635382238e-016 0"/>
            <n d="1 -1.22460635382238e-016 0"/>
            <n d="1 -1.22460635382238e-016 0"/>
        </f>
        <f v="14 11 2" fn="1 -0 0">
            <n d="1 -1.22460635382238e-016 0"/>
            <n d="1 -1.22460635382238e-016 0"/>
            <n d="1 -1.22460635382238e-016 0"/>
        </f>
        <f v="15 12 14" fn="1 -0 0">
            <n d="1 -1.22460635382238e-016 0"/>
            <n d="1 -1.22460635382238e-016 0"/>
            <n d="1 -1.22460635382238e-016 0"/>
        </f>
        <f v="18 9 15" fn="1 -0 -0">
            <n d="1 -1.22460635382238e-016 0"/>
            <n d="1 -1.22460635382238e-016 0"/>
            <n d="1 -1.22460635382238e-016 0"/>
        </f>
        <f v="17 15 16" fn="1 0 0">
            <n d="1 -1.22460635382238e-016 0"/>
            <n d="1 -1.22460635382238e-016 0"/>
            <n d="1 -1.22460635382238e-016 0"/>
        </f>
        <f v="17 16 3" fn="1 0 0">
            <n d="1 -1.22460635382238e-016 0"/>
            <n d="1 -1.22460635382238e-016 0"/>
            <n d="1 -1.22460635382238e-016 0"/>
        </f>
        <f v="19 9 18" fn="1 -0 0">
            <n d="1 -1.22460635382238e-016 0"/>
            <n d="1 -1.22460635382238e-016 0"/>
            <n d="1 -1.22460635382238e-016 0"/>
        </f>
        <f v="18 15 17" fn="1 0 0">
            <n d="1 -1.22460635382238e-016 0"/>
            <n d="1 -1.22460635382238e-016 0"/>
            <n d="1 -1.22460635382238e-016 0"/>
        </f>
        <f v="19 1 10" fn="1 -0 -0">
            <n d="1 -1.22460635382238e-016 0"/>
            <n d="1 -1.22460635382238e-016 0"/>
            <n d="1 -1.22460635382238e-016 0"/>
        </f>
    </facets>
    <facets color="c0c0c0">
        <f v="27 22 21" fn="-0 -1 -0">
            <n d="-1.56806353202957e-015 -1 0"/>
            <n d="-1.56806353202957e-015 -1 0"/>
            <n d="-1.56806353202957e-015 -1 0"/>
        </f>
        <f v="18 21 20" fn="-0 -1 -0">
            <n d="-1.56806353202957e-015 -1 0"/>
            <n d="-1.56806353202957e-015 -1 0"/>
            <n d="-1.56806353202957e-015 -1 0"/>
        </f>
        <f v="19 20 1" fn="0 -1 -0">
            <n d="-1.56806353202957e-015 -1 0"/>
            <n d="-1.56806353202957e-015 -1 0"/>
            <n d="-1.56806353202957e-015 -1 0"/>
        </f>
        <f v="18 20 19" fn="0 -1 -0">
            <n d="-1.56806353202957e-015 -1 0"/>
            <n d="-1.56806353202957e-015 -1 0"/>
            <n d="-1.56806353202957e-015 -1 0"/>
        </f>
        <f v="24 21 18" fn="-0 -1 -0">
            <n d="-1.56806353202957e-015 -1 0"/>
            <n d="-1.56806353202957e-015 -1 0"/>
            <n d="-1.56806353202957e-015 -1 0"/>
        </f>
        <f v="23 18 17" fn="0 -1 0">
            <n d="-1.56806353202957e-015 -1 0"/>
            <n d="-1.56806353202957e-015 -1 0"/>
            <n d="-1.56806353202957e-015 -1 0"/>
        </f>
        <f v="23 17 3" fn="0 -1 0">
            <n d="-1.56806353202957e-015 -1 0"/>
            <n d="-1.56806353202957e-015 -1 0"/>
            <n d="-1.56806353202957e-015 -1 0"/>
        </f>
        <f v="24 18 23" fn="0 -1 0">
            <n d="-1.56806353202957e-015 -1 0"/>
            <n d="-1.56806353202957e-015 -1 0"/>
            <n d="-1.56806353202957e-015 -1 0"/>
        </f>
        <f v="27 21 24" fn="0 -1 -0">
            <n d="-1.56806353202957e-015 -1 0"/>
            <n d="-1.56806353202957e-015 -1 0"/>
            <n d="-1.56806353202957e-015 -1 0"/>
        </f>
        <f v="27 24 25" fn="-0 -1 -0">
            <n d="-1.56806353202957e-015 -1 0"/>
            <n d="-1.56806353202957e-015 -1 0"/>
            <n d="-1.56806353202957e-015 -1 0"/>
        </f>
        <f v="26 25 5" fn="0 -1 0">
            <n d="-1.56806353202957e-015 -1 0"/>
            <n d="-1.56806353202957e-015 -1 0"/>
            <n d="-1.56806353202957e-015 -1 0"/>
        </f>
        <f v="28 22 27" fn="0 -1 0">
            <n d="-1.56806353202957e-015 -1 0"/>
            <n d="-1.56806353202957e-015 -1 0"/>
            <n d="-1.56806353202957e-015 -1 0"/>
        </f>
        <f v="27 25 26" fn="0 -1 0">
            <n d="-1.56806353202957e-015 -1 0"/>
            <n d="-1.56806353202957e-015 -1 0"/>
            <n d="-1.56806353202957e-015 -1 0"/>
        </f>
        <f v="28 4 22" fn="-0 -1 -0">
            <n d="-1.56806353202957e-015 -1 0"/>
            <n d="-1.56806353202957e-015 -1 0"/>
            <n d="-1.56806353202957e-015 -1 0"/>
        </f>
    </facets>
    <facets color="c0c0c0">
        <f v="37 31 30" fn="-1 -0 -0">
            <n d="-1 1.22460635382238e-016 0"/>
            <n d="-1 1.22460635382238e-016 0"/>
            <n d="-1 1.22460635382238e-016 0"/>
        </f>
        <f v="28 30 29" fn="-1 0 0">
            <n d="-1 1.22460635382238e-016 0"/>
            <n d="-1 1.22460635382238e-016 0"/>
            <n d="-1 1.22460635382238e-016 0"/>
        </f>
        <f v="28 29 4" fn="-1 0 0">
            <n d="-1 1.22460635382238e-016 0"/>
            <n d="-1 1.22460635382238e-016 0"/>
            <n d="-1 1.22460635382238e-016 0"/>
        </f>
        <f v="27 30 28" fn="-1 0 0">
            <n d="-1 1.22460635382238e-016 0"/>
            <n d="-1 1.22460635382238e-016 0"/>
            <n d="-1 1.22460635382238e-016 0"/>
        </f>
        <f v="33 30 27" fn="-1 -0 -0">
            <n d="-1 1.22460635382238e-016 0"/>
            <n d="-1 1.22460635382238e-016 0"/>
            <n d="-1 1.22460635382238e-016 0"/>
        </f>
        <f v="32 27 26" fn="-1 0 0">
            <n d="-1 1.22460635382238e-016 0"/>
            <n d="-1 1.22460635382238e-016 0"/>
            <n d="-1 1.22460635382238e-016 0"/>
        </f>
        <f v="32 26 5" fn="-1 -0 0">
            <n d="-1 1.22460635382238e-016 0"/>
            <n d="-1 1.22460635382238e-016 0"/>
            <n d="-1 1.22460635382238e-016 0"/>
        </f>
        <f v="33 27 32" fn="-1 -0 0">
            <n d="-1 1.22460635382238e-016 0"/>
            <n d="-1 1.22460635382238e-016 0"/>
            <n d="-1 1.22460635382238e-016 0"/>
        </f>
        <f v="36 30 33" fn="-1 -0 -0">
            <n d="-1 1.22460635382238e-016 0"/>
            <n d="-1 1.22460635382238e-016 0"/>
            <n d="-1 1.22460635382238e-016 0"/>
        </f>
        <f v="35 33 34" fn="-1 0 0">
            <n d="-1 1.22460635382238e-016 0"/>
            <n d="-1 1.22460635382238e-016 0"/>
            <n d="-1 1.22460635382238e-016 0"/>
        </f>
        <f v="35 34 7" fn="-1 0 0">
            <n d="-1 1.22460635382238e-016 0"/>
            <n d="-1 1.22460635382238e-016 0"/>
            <n d="-1 1.22460635382238e-016 0"/>
        </f>
        <f v="37 30 36" fn="-1 -0 0">
            <n d="-1 1.22460635382238e-016 0"/>
            <n d="-1 1.22460635382238e-016 0"/>
            <n d="-1 1.22460635382238e-016 0"/>
        </f>
        <f v="36 33 35" fn="-1 0 0">
            <n d="-1 1.22460635382238e-016 0"/>
            <n d="-1 1.22460635382238e-016 0"/>
            <n d="-1 1.22460635382238e-016 0"/>
        </f>
        <f v="37 6 31" fn="-1 -0 -0">
            <n d="-1 1.22460635382238e-016 0"/>
            <n d="-1 1.22460635382238e-016 0"/>
            <n d="-1 1.22460635382238e-016 0"/>
        </f>
    </facets>
    <facets color="c0c0c0">
        <f v="12 40 39" fn="-0 1 -0">
            <n d="-1.3231422612651e-015 1 0"/>
            <n d="-1.3231422612651e-015 1 0"/>
            <n d="-1.3231422612651e-015 1 0"/>
        </f>
        <f v="36 39 38" fn="-0 1 -0">
            <n d="-1.3231422612651e-015 1 0"/>
            <n d="-1.3231422612651e-015 1 0"/>
            <n d="-1.3231422612651e-015 1 0"/>
        </f>
        <f v="37 38 6" fn="0 1 0">
            <n d="-1.3231422612651e-015 1 0"/>
            <n d="-1.3231422612651e-015 1 0"/>
            <n d="-1.3231422612651e-015 1 0"/>
        </f>
        <f v="36 38 37" fn="0 1 0">
            <n d="-1.3231422612651e-015 1 0"/>
            <n d="-1.3231422612651e-015 1 0"/>
            <n d="-1.3231422612651e-015 1 0"/>
        </f>
        <f v="42 39 36" fn="-0 1 0">
            <n d="-1.3231422612651e-015 1 0"/>
            <n d="-1.3231422612651e-015 1 0"/>
            <n d="-1.3231422612651e-015 1 0"/>
        </f>
        <f v="41 36 35" fn="0 1 0">
            <n d="-1.3231422612651e-015 1 0"/>
            <n d="-1.3231422612651e-015 1 0"/>
            <n d="-1.3231422612651e-015 1 0"/>
        </f>
        <f v="41 35 7" fn="0 1 0">
            <n d="-1.3231422612651e-015 1 0"/>
            <n d="-1.3231422612651e-015 1 0"/>
            <n d="-1.3231422612651e-015 1 0"/>
        </f>
        <f v="42 36 41" fn="0 1 0">
            <n d="-1.3231422612651e-015 1 0"/>
            <n d="-1.3231422612651e-015 1 0"/>
            <n d="-1.3231422612651e-015 1 0"/>
        </f>
        <f v="12 39 42" fn="0 1 -0">
            <n d="-1.3231422612651e-015 1 0"/>
            <n d="-1.3231422612651e-015 1 0"/>
            <n d="-1.3231422612651e-015 1 0"/>
        </f>
        <f v="12 42 43" fn="-0 1 -0">
            <n d="-1.3231422612651e-015 1 0"/>
            <n d="-1.3231422612651e-015 1 0"/>
            <n d="-1.3231422612651e-015 1 0"/>
        </f>
        <f v="11 43 2" fn="0 1 -0">
            <n d="-1.3231422612651e-015 1 0"/>
            <n d="-1.3231422612651e-015 1 0"/>
            <n d="-1.3231422612651e-015 1 0"/>
        </f>
        <f v="13 40 12" fn="0 1 -0">
            <n d="-1.3231422612651e-015 1 0"/>
            <n d="-1.3231422612651e-015 1 0"/>
            <n d="-1.3231422612651e-015 1 0"/>
        </f>
        <f v="12 43 11" fn="0 1 -0">
            <n d="-1.3231422612651e-015 1 0"/>
            <n d="-1.3231422612651e-015 1 0"/>
            <n d="-1.3231422612651e-015 1 0"/>
        </f>
        <f v="13 0 40" fn="-0 1 0">
            <n d="-1.3231422612651e-015 1 0"/>
            <n d="-1.3231422612651e-015 1 0"/>
            <n d="-1.3231422612651e-015 1 0"/>
        </f>
    </facets>
    <facets color="c0c0c0">
        <f v="15 24 23" fn="0 0 1">
            <n d="-0 -0 1"/>
            <n d="-0 -0 1"/>
            <n d="-0 -0 1"/>
        </f>
        <f v="33 25 24" fn="0 0 1">
            <n d="-0 -0 1"/>
            <n d="-0 -0 1"/>
            <n d="-0 -0 1"/>
        </f>
        <f v="32 5 25" fn="-0 -0 1">
            <n d="-0 -0 1"/>
            <n d="-0 -0 1"/>
            <n d="-0 -0 1"/>
        </f>
        <f v="33 32 25" fn="-0 -0 1">
            <n d="-0 -0 1"/>
            <n d="-0 -0 1"/>
            <n d="-0 -0 1"/>
        </f>
        <f v="42 33 24" fn="0 0 1">
            <n d="-0 -0 1"/>
            <n d="-0 -0 1"/>
            <n d="-0 -0 1"/>
        </f>
        <f v="41 34 33" fn="-0 -0 1">
            <n d="-0 -0 1"/>
            <n d="-0 -0 1"/>
            <n d="-0 -0 1"/>
        </f>
        <f v="41 7 34" fn="0 -0 1">
            <n d="-0 -0 1"/>
            <n d="-0 -0 1"/>
            <n d="-0 -0 1"/>
        </f>
        <f v="42 41 33" fn="0 -0 1">
            <n d="-0 -0 1"/>
            <n d="-0 -0 1"/>
            <n d="-0 -0 1"/>
        </f>
        <f v="15 42 24" fn="0 0 1">
            <n d="-0 -0 1"/>
            <n d="-0 -0 1"/>
            <n d="-0 -0 1"/>
        </f>
        <f v="15 43 42" fn="0 0 1">
            <n d="-0 -0 1"/>
            <n d="-0 -0 1"/>
            <n d="-0 -0 1"/>
        </f>
        <f v="14 2 43" fn="-0 -0 1">
            <n d="-0 -0 1"/>
            <n d="-0 -0 1"/>
            <n d="-0 -0 1"/>
        </f>
        <f v="16 15 23" fn="0 -0 1">
            <n d="-0 -0 1"/>
            <n d="-0 -0 1"/>
            <n d="-0 -0 1"/>
        </f>
        <f v="15 14 43" fn="-0 -0 1">
            <n d="-0 -0 1"/>
            <n d="-0 -0 1"/>
            <n d="-0 -0 1"/>
        </f>
        <f v="16 23 3" fn="0 0 1">
            <n d="-0 -0 1"/>
            <n d="-0 -0 1"/>
            <n d="-0 -0 1"/>
        </f>
    </facets>
    <facets color="c0c0c0">
        <f v="40 8 9" fn="-0 -0 -1">
            <n d="0 0 -1"/>
            <n d="0 0 -1"/>
            <n d="0 0 -1"/>
        </f>
        <f v="20 10 1" fn="-0 -0 -1">
            <n d="0 0 -1"/>
            <n d="0 0 -1"/>
            <n d="0 0 -1"/>
        </f>
        <f v="20 9 10" fn="0 0 -1">
            <n d="0 0 -1"/>
            <n d="0 0 -1"/>
            <n d="0 0 -1"/>
        </f>
        <f v="21 9 20" fn="0 0 -1">
            <n d="0 0 -1"/>
            <n d="0 0 -1"/>
            <n d="0 0 -1"/>
        </f>
        <f v="30 9 21" fn="0 -0 -1">
            <n d="0 0 -1"/>
            <n d="0 0 -1"/>
            <n d="0 0 -1"/>
        </f>
        <f v="30 21 22" fn="-0 -0 -1">
            <n d="0 0 -1"/>
            <n d="0 0 -1"/>
            <n d="0 0 -1"/>
        </f>
        <f v="29 22 4" fn="0 0 -1">
            <n d="0 0 -1"/>
            <n d="0 0 -1"/>
            <n d="0 0 -1"/>
        </f>
        <f v="30 22 29" fn="0 0 -1">
            <n d="0 0 -1"/>
            <n d="0 0 -1"/>
            <n d="0 0 -1"/>
        </f>
        <f v="39 9 30" fn="-0 -0 -1">
            <n d="0 0 -1"/>
            <n d="0 0 -1"/>
            <n d="0 0 -1"/>
        </f>
        <f v="38 30 31" fn="0 0 -1">
            <n d="0 0 -1"/>
            <n d="0 0 -1"/>
            <n d="0 0 -1"/>
        </f>
        <f v="38 31 6" fn="-0 0 -1">
            <n d="0 0 -1"/>
            <n d="0 0 -1"/>
            <n d="0 0 -1"/>
        </f>
        <f v="40 9 39" fn="-0 -0 -1">
            <n d="0 0 -1"/>
            <n d="0 0 -1"/>
            <n d="0 0 -1"/>
        </f>
        <f v="39 30 38" fn="-0 0 -1">
            <n d="0 0 -1"/>
            <n d="0 0 -1"/>
            <n d="0 0 -1"/>
        </f>
        <f v="40 0 8" fn="0 -0 -1">
            <n d="0 0 -1"/>
            <n d="0 0 -1"/>
            <n d="0 0 -1"/>
        </f>
    </facets>
</shell>
<shell id="id324" color="333333">
    <verts>
        <v p="3 0.25 0.75"/>
        <v p="4.5 0.250000000000001 0.75"/>
        <v p="4.5 0.250000000000001 0.15"/>
        <v p="3 0.25 0.15"/>
        <v p="4.5 -0.250000000000001 0.75"/>
        <v p="4.5 -0.250000000000001 0.15"/>
        <v p="3 -0.25 0.75"/>
        <v p="3 -0.25 0.15"/>
        <v p="3.375 0.25 0.75"/>
        <v p="3.75 0.250000000000001 0.75"/>
        <v p="4.125 0.250000000000001 0.75"/>
        <v p="4.5 0.250000000000001 0.3"/>
        <v p="4.5 0.250000000000001 0.45"/>
        <v p="4.5 0.250000000000001 0.6"/>
        <v p="3.375 0.25 0.15"/>
        <v p="3.75 0.250000000000001 0.15"/>
        <v p="4.125 0.250000000000001 0.15"/>
        <v p="3 0.25 0.3"/>
        <v p="3 0.25 0.45"/>
        <v p="3 0.25 0.6"/>
        <v p="4.5 0.125000000000001 0.75"/>
        <v p="4.5 0 0.75"/>
        <v p="4.5 -0.125000000000001 0.75"/>
        <v p="4.5 -0.250000000000001 0.3"/>
        <v p="4.5 -0.250000000000001 0.45"/>
        <v p="4.5 -0.250000000000001 0.6"/>
        <v p="4.5 0.125000000000001 0.15"/>
        <v p="4.5 0 0.15"/>
        <v p="4.5 -0.125000000000001 0.15"/>
        <v p="4.125 -0.250000000000001 0.75"/>
        <v p="3.75 -0.250000000000001 0.75"/>
        <v p="3.375 -0.25 0.75"/>
        <v p="3 -0.25 0.3"/>
        <v p="3 -0.25 0.45"/>
        <v p="3 -0.25 0.6"/>
        <v p="4.125 -0.250000000000001 0.15"/>
        <v p="3.75 -0.250000000000001 0.15"/>
        <v p="3.375 -0.25 0.15"/>
        <v p="3 -0.125 0.75"/>
        <v p="3 0 0.75"/>
        <v p="3 0.125 0.75"/>
        <v p="3 -0.125 0.15"/>
        <v p="3 0 0.15"/>
        <v p="3 0.125 0.15"/>
    </verts>
    <facets color="333333">
        <f v="9 18 19" fn="-6.66133814775094e-016 1 0">
            <n d="-1.0842021724855e-016 1 -0"/>
            <n d="-1.0842021724855e-016 1 -0"/>
            <n d="-1.0842021724855e-016 1 -0"/>
        </f>
        <f v="14 3 17" fn="-5.9211894646675e-016 1 0">
            <n d="-1.0842021724855e-016 1 -0"/>
            <n d="-1.0842021724855e-016 1 -0"/>
            <n d="-1.0842021724855e-016 1 -0"/>
        </f>
        <f v="15 17 18" fn="-6.66133814775094e-016 1 0">
            <n d="-1.0842021724855e-016 1 -0"/>
            <n d="-1.0842021724855e-016 1 -0"/>
            <n d="-1.0842021724855e-016 1 -0"/>
        </f>
        <f v="15 14 17" fn="-7.40148683083438e-016 1 -3.70074341541719e-016">
            <n d="-1.0842021724855e-016 1 -0"/>
            <n d="-1.0842021724855e-016 1 -0"/>
            <n d="-1.0842021724855e-016 1 -0"/>
        </f>
        <f v="12 15 18" fn="-6.66133814775094e-016 1 0">
            <n d="-1.0842021724855e-016 1 -0"/>
            <n d="-1.0842021724855e-016 1 -0"/>
            <n d="-1.0842021724855e-016 1 -0"/>
        </f>
        <f v="11 16 15" fn="-7.40148683083438e-016 1 3.70074341541719e-016">
            <n d="-1.0842021724855e-016 1 -0"/>
            <n d="-1.0842021724855e-016 1 -0"/>
            <n d="-1.0842021724855e-016 1 -0"/>
        </f>
        <f v="11 2 16" fn="-5.9211894646675e-016 1 -0">
            <n d="-1.0842021724855e-016 1 -0"/>
            <n d="-1.0842021724855e-016 1 -0"/>
            <n d="-1.0842021724855e-016 1 -0"/>
        </f>
        <f v="12 11 15" fn="-6.66133814775094e-016 1 -0">
            <n d="-1.0842021724855e-016 1 -0"/>
            <n d="-1.0842021724855e-016 1 -0"/>
            <n d="-1.0842021724855e-016 1 -0"/>
        </f>
        <f v="9 12 18" fn="-6.66133814775094e-016 1 0">
            <n d="-1.0842021724855e-016 1 -0"/>
            <n d="-1.0842021724855e-016 1 -0"/>
            <n d="-1.0842021724855e-016 1 -0"/>
        </f>
        <f v="9 13 12" fn="-6.66133814775094e-016 1 0">
            <n d="-1.0842021724855e-016 1 -0"/>
            <n d="-1.0842021724855e-016 1 -0"/>
            <n d="-1.0842021724855e-016 1 -0"/>
        </f>
        <f v="10 1 13" fn="-5.9211894646675e-016 1 -0">
            <n d="-1.0842021724855e-016 1 -0"/>
            <n d="-1.0842021724855e-016 1 -0"/>
            <n d="-1.0842021724855e-016 1 -0"/>
        </f>
        <f v="8 9 19" fn="-7.40148683083438e-016 1 3.70074341541719e-016">
            <n d="-1.0842021724855e-016 1 -0"/>
            <n d="-1.0842021724855e-016 1 -0"/>
            <n d="-1.0842021724855e-016 1 -0"/>
        </f>
        <f v="9 10 13" fn="-7.40148683083438e-016 1 -3.70074341541719e-016">
            <n d="-1.0842021724855e-016 1 -0"/>
            <n d="-1.0842021724855e-016 1 -0"/>
            <n d="-1.0842021724855e-016 1 -0"/>
        </f>
        <f v="8 19 0" fn="-5.9211894646675e-016 1 0">
            <n d="-1.0842021724855e-016 1 -0"/>
            <n d="-1.0842021724855e-016 1 -0"/>
            <n d="-1.0842021724855e-016 1 -0"/>
        </f>
    </facets>
    <facets color="333333">
        <f v="21 12 13" fn="1 0 0">
            <n d="1 -0 -0"/>
            <n d="1 -0 -0"/>
            <n d="1 -0 -0"/>
        </f>
        <f v="26 2 11" fn="1 0 0">
            <n d="1 -0 -0"/>
            <n d="1 -0 -0"/>
            <n d="1 -0 -0"/>
        </f>
        <f v="27 11 12" fn="1 0 0">
            <n d="1 -0 -0"/>
            <n d="1 -0 -0"/>
            <n d="1 -0 -0"/>
        </f>
        <f v="27 26 11" fn="1 -0 -0">
            <n d="1 -0 -0"/>
            <n d="1 -0 -0"/>
            <n d="1 -0 -0"/>
        </f>
        <f v="24 27 12" fn="1 -0 0">
            <n d="1 -0 -0"/>
            <n d="1 -0 -0"/>
            <n d="1 -0 -0"/>
        </f>
        <f v="23 28 27" fn="1 -0 -0">
            <n d="1 -0 -0"/>
            <n d="1 -0 -0"/>
            <n d="1 -0 -0"/>
        </f>
        <f v="23 5 28" fn="1 -0 -0">
            <n d="1 -0 -0"/>
            <n d="1 -0 -0"/>
            <n d="1 -0 -0"/>
        </f>
        <f v="24 23 27" fn="1 -0 -0">
            <n d="1 -0 -0"/>
            <n d="1 -0 -0"/>
            <n d="1 -0 -0"/>
        </f>
        <f v="21 24 12" fn="1 0 0">
            <n d="1 -0 -0"/>
            <n d="1 -0 -0"/>
            <n d="1 -0 -0"/>
        </f>
        <f v="20 21 13" fn="1 0 0">
            <n d="1 -0 -0"/>
            <n d="1 -0 -0"/>
            <n d="1 -0 -0"/>
        </f>
        <f v="22 4 25" fn="1 0 0">
            <n d="1 -0 -0"/>
            <n d="1 -0 -0"/>
            <n d="1 -0 -0"/>
        </f>
        <f v="22 25 24" fn="1 -0 -0">
            <n d="1 -0 -0"/>
            <n d="1 -0 -0"/>
            <n d="1 -0 -0"/>
        </f>
        <f v="21 22 24" fn="1 0 -0">
            <n d="1 -0 -0"/>
            <n d="1 -0 -0"/>
            <n d="1 -0 -0"/>
        </f>
        <f v="20 13 1" fn="1 -0 0">
            <n d="1 -0 -0"/>
            <n d="1 -0 -0"/>
            <n d="1 -0 -0"/>
        </f>
    </facets>
    <facets color="333333">
        <f v="30 24 25" fn="-6.66133814775094e-016 -1 0">
            <n d="-1.0842021724855e-016 -1 -0"/>
            <n d="-1.0842021724855e-016 -1 -0"/>
            <n d="-1.0842021724855e-016 -1 -0"/>
        </f>
        <f v="35 5 23" fn="-5.9211894646675e-016 -1 0">
            <n d="-1.0842021724855e-016 -1 -0"/>
            <n d="-1.0842021724855e-016 -1 -0"/>
            <n d="-1.0842021724855e-016 -1 -0"/>
        </f>
        <f v="36 23 24" fn="-6.66133814775094e-016 -1 0">
            <n d="-1.0842021724855e-016 -1 -0"/>
            <n d="-1.0842021724855e-016 -1 -0"/>
            <n d="-1.0842021724855e-016 -1 -0"/>
        </f>
        <f v="36 35 23" fn="-7.40148683083438e-016 -1 3.70074341541719e-016">
            <n d="-1.0842021724855e-016 -1 -0"/>
            <n d="-1.0842021724855e-016 -1 -0"/>
            <n d="-1.0842021724855e-016 -1 -0"/>
        </f>
        <f v="33 36 24" fn="-6.66133814775094e-016 -1 0">
            <n d="-1.0842021724855e-016 -1 -0"/>
            <n d="-1.0842021724855e-016 -1 -0"/>
            <n d="-1.0842021724855e-016 -1 -0"/>
        </f>
        <f v="32 37 36" fn="-7.40148683083438e-016 -1 -3.70074341541719e-016">
            <n d="-1.0842021724855e-016 -1 -0"/>
            <n d="-1.0842021724855e-016 -1 -0"/>
            <n d="-1.0842021724855e-016 -1 -0"/>
        </f>
        <f v="32 7 37" fn="-5.9211894646675e-016 -1 -0">
            <n d="-1.0842021724855e-016 -1 -0"/>
            <n d="-1.0842021724855e-016 -1 -0"/>
            <n d="-1.0842021724855e-016 -1 -0"/>
        </f>
        <f v="33 32 36" fn="-6.66133814775094e-016 -1 -0">
            <n d="-1.0842021724855e-016 -1 -0"/>
            <n d="-1.0842021724855e-016 -1 -0"/>
            <n d="-1.0842021724855e-016 -1 -0"/>
        </f>
        <f v="30 33 24" fn="-6.66133814775094e-016 -1 0">
            <n d="-1.0842021724855e-016 -1 -0"/>
            <n d="-1.0842021724855e-016 -1 -0"/>
            <n d="-1.0842021724855e-016 -1 -0"/>
        </f>
        <f v="30 34 33" fn="-6.66133814775094e-016 -1 0">
            <n d="-1.0842021724855e-016 -1 -0"/>
            <n d="-1.0842021724855e-016 -1 -0"/>
            <n d="-1.0842021724855e-016 -1 -0"/>
        </f>
        <f v="31 6 34" fn="-5.9211894646675e-016 -1 -0">
            <n d="-1.0842021724855e-016 -1 -0"/>
            <n d="-1.0842021724855e-016 -1 -0"/>
            <n d="-1.0842021724855e-016 -1 -0"/>
        </f>
        <f v="29 30 25" fn="-7.40148683083438e-016 -1 -3.70074341541719e-016">
            <n d="-1.0842021724855e-016 -1 -0"/>
            <n d="-1.0842021724855e-016 -1 -0"/>
            <n d="-1.0842021724855e-016 -1 -0"/>
        </f>
        <f v="30 31 34" fn="-7.40148683083438e-016 -1 3.70074341541719e-016">
            <n d="-1.0842021724855e-016 -1 -0"/>
            <n d="-1.0842021724855e-016 -1 -0"/>
            <n d="-1.0842021724855e-016 -1 -0"/>
        </f>
        <f v="29 25 4" fn="-5.9211894646675e-016 -1 0">
            <n d="-1.0842021724855e-016 -1 -0"/>
            <n d="-1.0842021724855e-016 -1 -0"/>
            <n d="-1.0842021724855e-016 -1 -0"/>
        </f>
    </facets>
    <facets color="333333">
        <f v="39 33 34" fn="-1 0 0">
            <n d="-1 -0 -0"/>
            <n d="-1 -0 -0"/>
            <n d="-1 -0 -0"/>
        </f>
        <f v="42 32 33" fn="-1 0 0">
            <n d="-1 -0 -0"/>
            <n d="-1 -0 -0"/>
            <n d="-1 -0 -0"/>
        </f>
        <f v="41 7 32" fn="-1 -0 -0">
            <n d="-1 -0 -0"/>
            <n d="-1 -0 -0"/>
            <n d="-1 -0 -0"/>
        </f>
        <f v="42 41 32" fn="-1 -0 -0">
            <n d="-1 -0 -0"/>
            <n d="-1 -0 -0"/>
            <n d="-1 -0 -0"/>
        </f>
        <f v="18 42 33" fn="-1 -0 0">
            <n d="-1 -0 -0"/>
            <n d="-1 -0 -0"/>
            <n d="-1 -0 -0"/>
        </f>
        <f v="17 43 42" fn="-1 -0 -0">
            <n d="-1 -0 -0"/>
            <n d="-1 -0 -0"/>
            <n d="-1 -0 -0"/>
        </f>
        <f v="17 3 43" fn="-1 -0 -0">
            <n d="-1 -0 -0"/>
            <n d="-1 -0 -0"/>
            <n d="-1 -0 -0"/>
        </f>
        <f v="18 17 42" fn="-1 -0 -0">
            <n d="-1 -0 -0"/>
            <n d="-1 -0 -0"/>
            <n d="-1 -0 -0"/>
        </f>
        <f v="39 18 33" fn="-1 0 -0">
            <n d="-1 -0 -0"/>
            <n d="-1 -0 -0"/>
            <n d="-1 -0 -0"/>
        </f>
        <f v="40 19 18" fn="-1 -0 -0">
            <n d="-1 -0 -0"/>
            <n d="-1 -0 -0"/>
            <n d="-1 -0 -0"/>
        </f>
        <f v="40 0 19" fn="-1 0 -0">
            <n d="-1 -0 -0"/>
            <n d="-1 -0 -0"/>
            <n d="-1 -0 -0"/>
        </f>
        <f v="38 39 34" fn="-1 0 -0">
            <n d="-1 -0 -0"/>
            <n d="-1 -0 -0"/>
            <n d="-1 -0 -0"/>
        </f>
        <f v="39 40 18" fn="-1 0 -0">
            <n d="-1 -0 -0"/>
            <n d="-1 -0 -0"/>
            <n d="-1 -0 -0"/>
        </f>
        <f v="38 34 6" fn="-1 -0 0">
            <n d="-1 -0 -0"/>
            <n d="-1 -0 -0"/>
            <n d="-1 -0 -0"/>
        </f>
    </facets>
    <facets color="333333">
        <f v="42 14 15" fn="-0 -0 -1">
            <n d="0 0 -1"/>
            <n d="0 0 -1"/>
            <n d="0 0 -1"/>
        </f>
        <f v="26 16 2" fn="-0 0 -1">
            <n d="0 0 -1"/>
            <n d="0 0 -1"/>
            <n d="0 0 -1"/>
        </f>
        <f v="26 15 16" fn="0 0 -1">
            <n d="0 0 -1"/>
            <n d="0 0 -1"/>
            <n d="0 0 -1"/>
        </f>
        <f v="27 15 26" fn="0 0 -1">
            <n d="0 0 -1"/>
            <n d="0 0 -1"/>
            <n d="0 0 -1"/>
        </f>
        <f v="36 15 27" fn="-0 -0 -1">
            <n d="0 0 -1"/>
            <n d="0 0 -1"/>
            <n d="0 0 -1"/>
        </f>
        <f v="35 27 28" fn="0 0 -1">
            <n d="0 0 -1"/>
            <n d="0 0 -1"/>
            <n d="0 0 -1"/>
        </f>
        <f v="35 28 5" fn="0 0 -1">
            <n d="0 0 -1"/>
            <n d="0 0 -1"/>
            <n d="0 0 -1"/>
        </f>
        <f v="36 27 35" fn="0 0 -1">
            <n d="0 0 -1"/>
            <n d="0 0 -1"/>
            <n d="0 0 -1"/>
        </f>
        <f v="42 15 36" fn="0 -0 -1">
            <n d="0 0 -1"/>
            <n d="0 0 -1"/>
            <n d="0 0 -1"/>
        </f>
        <f v="42 36 37" fn="-0 -0 -1">
            <n d="0 0 -1"/>
            <n d="0 0 -1"/>
            <n d="0 0 -1"/>
        </f>
        <f v="42 37 41" fn="0 0 -1">
            <n d="0 0 -1"/>
            <n d="0 0 -1"/>
            <n d="0 0 -1"/>
        </f>
        <f v="41 37 7" fn="0 0 -1">
            <n d="0 0 -1"/>
            <n d="0 0 -1"/>
            <n d="0 0 -1"/>
        </f>
        <f v="43 14 42" fn="0 -0 -1">
            <n d="0 0 -1"/>
            <n d="0 0 -1"/>
            <n d="0 0 -1"/>
        </f>
        <f v="43 3 14" fn="-0 -0 -1">
            <n d="0 0 -1"/>
            <n d="0 0 -1"/>
            <n d="0 0 -1"/>
        </f>
    </facets>
    <facets color="333333">
        <f v="9 21 20" fn="0 0 1">
            <n d="-0 -0 1"/>
            <n d="-0 -0 1"/>
            <n d="-0 -0 1"/>
        </f>
        <f v="29 4 22" fn="-0 0 1">
            <n d="-0 -0 1"/>
            <n d="-0 -0 1"/>
            <n d="-0 -0 1"/>
        </f>
        <f v="29 22 21" fn="-0 -0 1">
            <n d="-0 -0 1"/>
            <n d="-0 -0 1"/>
            <n d="-0 -0 1"/>
        </f>
        <f v="30 29 21" fn="-0 -0 1">
            <n d="-0 -0 1"/>
            <n d="-0 -0 1"/>
            <n d="-0 -0 1"/>
        </f>
        <f v="9 30 21" fn="0 0 1">
            <n d="-0 -0 1"/>
            <n d="-0 -0 1"/>
            <n d="-0 -0 1"/>
        </f>
        <f v="39 31 30" fn="0 0 1">
            <n d="-0 -0 1"/>
            <n d="-0 -0 1"/>
            <n d="-0 -0 1"/>
        </f>
        <f v="9 8 39" fn="-0 -0 1">
            <n d="-0 -0 1"/>
            <n d="-0 -0 1"/>
            <n d="-0 -0 1"/>
        </f>
        <f v="38 6 31" fn="-0 -0 1">
            <n d="-0 -0 1"/>
            <n d="-0 -0 1"/>
            <n d="-0 -0 1"/>
        </f>
        <f v="39 38 31" fn="-0 -0 1">
            <n d="-0 -0 1"/>
            <n d="-0 -0 1"/>
            <n d="-0 -0 1"/>
        </f>
        <f v="9 39 30" fn="-0 0 1">
            <n d="-0 -0 1"/>
            <n d="-0 -0 1"/>
            <n d="-0 -0 1"/>
        </f>
        <f v="8 40 39" fn="-0 -0 1">
            <n d="-0 -0 1"/>
            <n d="-0 -0 1"/>
            <n d="-0 -0 1"/>
        </f>
        <f v="8 0 40" fn="-0 -0 1">
            <n d="-0 -0 1"/>
            <n d="-0 -0 1"/>
            <n d="-0 -0 1"/>
        </f>
        <f v="10 20 1" fn="-0 0 1">
            <n d="-0 -0 1"/>
            <n d="-0 -0 1"/>
            <n d="-0 -0 1"/>
        </f>
        <f v="10 9 20" fn="-0 0 1">
            <n d="-0 -0 1"/>
            <n d="-0 -0 1"/>
            <n d="-0 -0 1"/>
        </f>
    </facets>
</shell>
</step-assembly>
