<?xml version="1.0" encoding="UTF-8" ?>
<step-assembly root="id832">
<product id="id832" name="WE-VS_0603" shape="id482" children="id834 id834 id833"/>
<product id="id834" name="SolderPad" shape="id483"/>
<product id="id833" name="base" shape="id481"/>
<shape id="id482" unit="mm 0.001000">
    <child ref="id481" xform="1 0 0 0 0 1 0 0 0 0 1 0 0 0 0 1"/>
    <child ref="id483" xform="1 0 0 0 0 1 0 0 0 0 1 0 0.65 0 -1.0842e-016 1"/>
    <child ref="id483" xform="-1 0 0 0 0 1 -2.22045e-016 0 0 -2.22045e-016 -1 0 -0.65 -1.0842e-016 0.8 1"/>
</shape>
<shape id="id481" unit="mm 0.001000">
    <child ref="id36" xform="1 0 0 0 0 1 0 0 0 0 1 0 0 0 0 1"/>
</shape>
<shape id="id36" unit="mm 0.001000" shell="id476"/>
<shape id="id483" unit="mm 0.001000">
    <child ref="id37" xform="1 0 0 0 0 1 0 0 0 0 1 0 0 0 0 1"/>
</shape>
<shape id="id37" unit="mm 0.001000" shell="id477"/>
<shell id="id476" color="333333">
    <verts>
        <v p="-0.5 -0.4 0.79"/>
        <v p="-0.5 -0.4 0.01"/>
        <v p="0.5 -0.4 0.01"/>
        <v p="0.5 -0.4 0.79"/>
        <v p="0.5 -0.39 0"/>
        <v p="0.5 0.39 0"/>
        <v p="-0.5 -0.39 0"/>
        <v p="-0.5 0.39 0"/>
        <v p="-0.5 0.4 0.01"/>
        <v p="-0.5 0.4 0.79"/>
        <v p="0.5 0.4 0.79"/>
        <v p="0.5 0.4 0.01"/>
        <v p="0.5 0.39 0.8"/>
        <v p="0.5 -0.39 0.8"/>
        <v p="-0.5 0.39 0.8"/>
        <v p="-0.5 -0.39 0.8"/>
        <v p="-0.5 -0.4 0.595"/>
        <v p="-0.5 -0.4 0.4"/>
        <v p="-0.5 -0.4 0.205"/>
        <v p="-0.25 -0.4 0.01"/>
        <v p="0 -0.4 0.01"/>
        <v p="0.25 -0.4 0.01"/>
        <v p="0.5 -0.4 0.595"/>
        <v p="0.5 -0.4 0.4"/>
        <v p="0.5 -0.4 0.205"/>
        <v p="0.25 -0.4 0.79"/>
        <v p="0 -0.4 0.79"/>
        <v p="-0.25 -0.4 0.79"/>
        <v p="0.5 -0.195 0"/>
        <v p="0.5 0 0"/>
        <v p="0.5 0.195 0"/>
        <v p="0.25 -0.39 0"/>
        <v p="0 -0.39 0"/>
        <v p="-0.25 -0.39 0"/>
        <v p="-0.5 -0.195 0"/>
        <v p="-0.5 0 0"/>
        <v p="-0.5 0.195 0"/>
        <v p="-0.25 0.39 0"/>
        <v p="0 0.39 0"/>
        <v p="0.25 0.39 0"/>
        <v p="-0.5 0.4 0.205"/>
        <v p="-0.5 0.4 0.4"/>
        <v p="-0.5 0.4 0.595"/>
        <v p="-0.25 0.4 0.79"/>
        <v p="0 0.4 0.79"/>
        <v p="0.25 0.4 0.79"/>
        <v p="0.5 0.4 0.205"/>
        <v p="0.5 0.4 0.4"/>
        <v p="0.5 0.4 0.595"/>
        <v p="0.25 0.4 0.01"/>
        <v p="0 0.4 0.01"/>
        <v p="-0.25 0.4 0.01"/>
        <v p="0.5 0.195 0.8"/>
        <v p="0.5 0 0.8"/>
        <v p="0.5 -0.195 0.8"/>
        <v p="0.25 0.39 0.8"/>
        <v p="0 0.39 0.8"/>
        <v p="-0.25 0.39 0.8"/>
        <v p="-0.5 0.195 0.8"/>
        <v p="-0.5 0 0.8"/>
        <v p="-0.5 -0.195 0.8"/>
        <v p="-0.25 -0.39 0.8"/>
        <v p="0 -0.39 0.8"/>
        <v p="0.25 -0.39 0.8"/>
        <v p="0.5 -0.399092596172405 0.00583770557918311"/>
        <v p="0.5 -0.39626385597143 0.00220486636617533"/>
        <v p="0.5 -0.392216937800102 0.000248836644252078"/>
        <v p="0.5 0.394162294420817 0.000907403827594856"/>
        <v p="0.5 0.397795133633825 0.00373614402857029"/>
        <v p="0.5 0.399751163355748 0.00778306219989845"/>
        <v p="0.5 0.399092596172405 0.794162294420817"/>
        <v p="0.5 0.39626385597143 0.797795133633825"/>
        <v p="0.5 0.392216937800102 0.799751163355748"/>
        <v p="0.5 -0.394162294420817 0.799092596172405"/>
        <v p="0.5 -0.397795133633825 0.79626385597143"/>
        <v p="0.5 -0.399751163355748 0.792216937800102"/>
        <v p="-0.5 -0.392216937800102 0.000248836644252077"/>
        <v p="-0.5 -0.39626385597143 0.00220486636617533"/>
        <v p="-0.5 -0.399092596172405 0.00583770557918311"/>
        <v p="-0.5 -0.399751163355748 0.792216937800102"/>
        <v p="-0.5 -0.397795133633825 0.79626385597143"/>
        <v p="-0.5 -0.394162294420817 0.799092596172405"/>
        <v p="-0.5 0.392216937800102 0.799751163355748"/>
        <v p="-0.5 0.39626385597143 0.797795133633825"/>
        <v p="-0.5 0.399092596172405 0.794162294420817"/>
        <v p="-0.5 0.399751163355748 0.00778306219989845"/>
        <v p="-0.5 0.397795133633825 0.00373614402857029"/>
        <v p="-0.5 0.394162294420817 0.000907403827594856"/>
    </verts>
    <facets color="333333">
        <f v="17 26 27" fn="0 -1 0">
            <n d="-0 -1 -6.7762635780344e-017"/>
            <n d="-0 -1 -6.7762635780344e-017"/>
            <n d="-0 -1 -6.7762635780344e-017"/>
        </f>
        <f v="22 25 26" fn="-0 -1 -0">
            <n d="-0 -1 -6.7762635780344e-017"/>
            <n d="-0 -1 -6.7762635780344e-017"/>
            <n d="-0 -1 -6.7762635780344e-017"/>
        </f>
        <f v="22 3 25" fn="-0 -1 0">
            <n d="-0 -1 -6.7762635780344e-017"/>
            <n d="-0 -1 -6.7762635780344e-017"/>
            <n d="-0 -1 -6.7762635780344e-017"/>
        </f>
        <f v="23 22 26" fn="-0 -1 0">
            <n d="-0 -1 -6.7762635780344e-017"/>
            <n d="-0 -1 -6.7762635780344e-017"/>
            <n d="-0 -1 -6.7762635780344e-017"/>
        </f>
        <f v="20 23 26" fn="0 -1 0">
            <n d="-0 -1 -6.7762635780344e-017"/>
            <n d="-0 -1 -6.7762635780344e-017"/>
            <n d="-0 -1 -6.7762635780344e-017"/>
        </f>
        <f v="20 24 23" fn="0 -1 0">
            <n d="-0 -1 -6.7762635780344e-017"/>
            <n d="-0 -1 -6.7762635780344e-017"/>
            <n d="-0 -1 -6.7762635780344e-017"/>
        </f>
        <f v="21 2 24" fn="-0 -1 -0">
            <n d="-0 -1 -6.7762635780344e-017"/>
            <n d="-0 -1 -6.7762635780344e-017"/>
            <n d="-0 -1 -6.7762635780344e-017"/>
        </f>
        <f v="20 21 24" fn="-0 -1 -0">
            <n d="-0 -1 -6.7762635780344e-017"/>
            <n d="-0 -1 -6.7762635780344e-017"/>
            <n d="-0 -1 -6.7762635780344e-017"/>
        </f>
        <f v="17 20 26" fn="0 -1 0">
            <n d="-0 -1 -6.7762635780344e-017"/>
            <n d="-0 -1 -6.7762635780344e-017"/>
            <n d="-0 -1 -6.7762635780344e-017"/>
        </f>
        <f v="16 17 27" fn="0 -1 -0">
            <n d="-0 -1 -6.7762635780344e-017"/>
            <n d="-0 -1 -6.7762635780344e-017"/>
            <n d="-0 -1 -6.7762635780344e-017"/>
        </f>
        <f v="18 1 19" fn="0 -1 0">
            <n d="-0 -1 -6.7762635780344e-017"/>
            <n d="-0 -1 -6.7762635780344e-017"/>
            <n d="-0 -1 -6.7762635780344e-017"/>
        </f>
        <f v="18 19 20" fn="-0 -1 -0">
            <n d="-0 -1 -6.7762635780344e-017"/>
            <n d="-0 -1 -6.7762635780344e-017"/>
            <n d="-0 -1 -6.7762635780344e-017"/>
        </f>
        <f v="17 18 20" fn="-0 -1 -0">
            <n d="-0 -1 -6.7762635780344e-017"/>
            <n d="-0 -1 -6.7762635780344e-017"/>
            <n d="-0 -1 -6.7762635780344e-017"/>
        </f>
        <f v="16 27 0" fn="0 -1 0">
            <n d="-0 -1 -6.7762635780344e-017"/>
            <n d="-0 -1 -6.7762635780344e-017"/>
            <n d="-0 -1 -6.7762635780344e-017"/>
        </f>
    </facets>
    <facets color="333333">
        <f v="30 38 39" fn="0 0 -1">
            <n d="-0 -0 -1"/>
            <n d="-0 -0 -1"/>
            <n d="-0 -0 -1"/>
        </f>
        <f v="36 7 37" fn="0 0 -1">
            <n d="-0 -0 -1"/>
            <n d="-0 -0 -1"/>
            <n d="-0 -0 -1"/>
        </f>
        <f v="36 37 38" fn="-0 -0 -1">
            <n d="-0 -0 -1"/>
            <n d="-0 -0 -1"/>
            <n d="-0 -0 -1"/>
        </f>
        <f v="35 36 38" fn="-0 -0 -1">
            <n d="-0 -0 -1"/>
            <n d="-0 -0 -1"/>
            <n d="-0 -0 -1"/>
        </f>
        <f v="32 35 38" fn="0 0 -1">
            <n d="-0 -0 -1"/>
            <n d="-0 -0 -1"/>
            <n d="-0 -0 -1"/>
        </f>
        <f v="33 34 35" fn="-0 -0 -1">
            <n d="-0 -0 -1"/>
            <n d="-0 -0 -1"/>
            <n d="-0 -0 -1"/>
        </f>
        <f v="33 6 34" fn="-0 -0 -1">
            <n d="-0 -0 -1"/>
            <n d="-0 -0 -1"/>
            <n d="-0 -0 -1"/>
        </f>
        <f v="32 33 35" fn="-0 -0 -1">
            <n d="-0 -0 -1"/>
            <n d="-0 -0 -1"/>
            <n d="-0 -0 -1"/>
        </f>
        <f v="29 32 38" fn="-0 0 -1">
            <n d="-0 -0 -1"/>
            <n d="-0 -0 -1"/>
            <n d="-0 -0 -1"/>
        </f>
        <f v="30 29 38" fn="-0 -0 -1">
            <n d="-0 -0 -1"/>
            <n d="-0 -0 -1"/>
            <n d="-0 -0 -1"/>
        </f>
        <f v="28 4 31" fn="0 -0 -1">
            <n d="-0 -0 -1"/>
            <n d="-0 -0 -1"/>
            <n d="-0 -0 -1"/>
        </f>
        <f v="29 31 32" fn="0 0 -1">
            <n d="-0 -0 -1"/>
            <n d="-0 -0 -1"/>
            <n d="-0 -0 -1"/>
        </f>
        <f v="29 28 31" fn="-0 -0 -1">
            <n d="-0 -0 -1"/>
            <n d="-0 -0 -1"/>
            <n d="-0 -0 -1"/>
        </f>
        <f v="30 39 5" fn="0 0 -1">
            <n d="-0 -0 -1"/>
            <n d="-0 -0 -1"/>
            <n d="-0 -0 -1"/>
        </f>
    </facets>
    <facets color="333333">
        <f v="41 50 51" fn="0 1 0">
            <n d="-0 1 -6.7762635780344e-017"/>
            <n d="-0 1 -6.7762635780344e-017"/>
            <n d="-0 1 -6.7762635780344e-017"/>
        </f>
        <f v="46 49 50" fn="-0 1 -0">
            <n d="-0 1 -6.7762635780344e-017"/>
            <n d="-0 1 -6.7762635780344e-017"/>
            <n d="-0 1 -6.7762635780344e-017"/>
        </f>
        <f v="46 11 49" fn="-0 1 0">
            <n d="-0 1 -6.7762635780344e-017"/>
            <n d="-0 1 -6.7762635780344e-017"/>
            <n d="-0 1 -6.7762635780344e-017"/>
        </f>
        <f v="47 46 50" fn="-0 1 0">
            <n d="-0 1 -6.7762635780344e-017"/>
            <n d="-0 1 -6.7762635780344e-017"/>
            <n d="-0 1 -6.7762635780344e-017"/>
        </f>
        <f v="44 47 50" fn="0 1 0">
            <n d="-0 1 -6.7762635780344e-017"/>
            <n d="-0 1 -6.7762635780344e-017"/>
            <n d="-0 1 -6.7762635780344e-017"/>
        </f>
        <f v="44 48 47" fn="0 1 0">
            <n d="-0 1 -6.7762635780344e-017"/>
            <n d="-0 1 -6.7762635780344e-017"/>
            <n d="-0 1 -6.7762635780344e-017"/>
        </f>
        <f v="45 10 48" fn="-0 1 -0">
            <n d="-0 1 -6.7762635780344e-017"/>
            <n d="-0 1 -6.7762635780344e-017"/>
            <n d="-0 1 -6.7762635780344e-017"/>
        </f>
        <f v="44 45 48" fn="-0 1 -0">
            <n d="-0 1 -6.7762635780344e-017"/>
            <n d="-0 1 -6.7762635780344e-017"/>
            <n d="-0 1 -6.7762635780344e-017"/>
        </f>
        <f v="41 44 50" fn="-0 1 0">
            <n d="-0 1 -6.7762635780344e-017"/>
            <n d="-0 1 -6.7762635780344e-017"/>
            <n d="-0 1 -6.7762635780344e-017"/>
        </f>
        <f v="40 41 51" fn="-0 1 -0">
            <n d="-0 1 -6.7762635780344e-017"/>
            <n d="-0 1 -6.7762635780344e-017"/>
            <n d="-0 1 -6.7762635780344e-017"/>
        </f>
        <f v="42 9 43" fn="0 1 0">
            <n d="-0 1 -6.7762635780344e-017"/>
            <n d="-0 1 -6.7762635780344e-017"/>
            <n d="-0 1 -6.7762635780344e-017"/>
        </f>
        <f v="42 43 44" fn="-0 1 -0">
            <n d="-0 1 -6.7762635780344e-017"/>
            <n d="-0 1 -6.7762635780344e-017"/>
            <n d="-0 1 -6.7762635780344e-017"/>
        </f>
        <f v="41 42 44" fn="-0 1 -0">
            <n d="-0 1 -6.7762635780344e-017"/>
            <n d="-0 1 -6.7762635780344e-017"/>
            <n d="-0 1 -6.7762635780344e-017"/>
        </f>
        <f v="40 51 8" fn="0 1 0">
            <n d="-0 1 -6.7762635780344e-017"/>
            <n d="-0 1 -6.7762635780344e-017"/>
            <n d="-0 1 -6.7762635780344e-017"/>
        </f>
    </facets>
    <facets color="333333">
        <f v="54 62 63" fn="0 0 1">
            <n d="-0 -0 1"/>
            <n d="-0 -0 1"/>
            <n d="-0 -0 1"/>
        </f>
        <f v="60 61 62" fn="-0 -0 1">
            <n d="-0 -0 1"/>
            <n d="-0 -0 1"/>
            <n d="-0 -0 1"/>
        </f>
        <f v="60 15 61" fn="-0 -0 1">
            <n d="-0 -0 1"/>
            <n d="-0 -0 1"/>
            <n d="-0 -0 1"/>
        </f>
        <f v="59 60 62" fn="-0 -0 1">
            <n d="-0 -0 1"/>
            <n d="-0 -0 1"/>
            <n d="-0 -0 1"/>
        </f>
        <f v="56 59 62" fn="0 0 1">
            <n d="-0 -0 1"/>
            <n d="-0 -0 1"/>
            <n d="-0 -0 1"/>
        </f>
        <f v="57 58 59" fn="-0 -0 1">
            <n d="-0 -0 1"/>
            <n d="-0 -0 1"/>
            <n d="-0 -0 1"/>
        </f>
        <f v="57 14 58" fn="0 -0 1">
            <n d="-0 -0 1"/>
            <n d="-0 -0 1"/>
            <n d="-0 -0 1"/>
        </f>
        <f v="56 57 59" fn="0 -0 1">
            <n d="-0 -0 1"/>
            <n d="-0 -0 1"/>
            <n d="-0 -0 1"/>
        </f>
        <f v="53 56 62" fn="0 0 1">
            <n d="-0 -0 1"/>
            <n d="-0 -0 1"/>
            <n d="-0 -0 1"/>
        </f>
        <f v="53 55 56" fn="0 0 1">
            <n d="-0 -0 1"/>
            <n d="-0 -0 1"/>
            <n d="-0 -0 1"/>
        </f>
        <f v="52 12 55" fn="-0 -0 1">
            <n d="-0 -0 1"/>
            <n d="-0 -0 1"/>
            <n d="-0 -0 1"/>
        </f>
        <f v="54 53 62" fn="0 -0 1">
            <n d="-0 -0 1"/>
            <n d="-0 -0 1"/>
            <n d="-0 -0 1"/>
        </f>
        <f v="53 52 55" fn="-0 -0 1">
            <n d="-0 -0 1"/>
            <n d="-0 -0 1"/>
            <n d="-0 -0 1"/>
        </f>
        <f v="54 63 13" fn="0 0 1">
            <n d="-0 -0 1"/>
            <n d="-0 -0 1"/>
            <n d="-0 -0 1"/>
        </f>
    </facets>
    <facets color="333333">
        <f v="54 3 22" fn="1 -0 -0">
            <n d="1 0 0"/>
            <n d="1 0 0"/>
            <n d="1 0 0"/>
        </f>
        <f v="53 22 23" fn="1 -0 -0">
            <n d="1 0 0"/>
            <n d="1 0 0"/>
            <n d="1 0 0"/>
        </f>
        <f v="28 23 24" fn="1 0 0">
            <n d="1 0 0"/>
            <n d="1 0 0"/>
            <n d="1 0 0"/>
        </f>
        <f v="4 24 2" fn="1 -0 -0">
            <n d="1 0 0"/>
            <n d="1 0 0"/>
            <n d="1 0 0"/>
        </f>
        <f v="65 2 64" fn="1 0 0">
            <n d="1 0 0"/>
            <n d="1 0 0"/>
            <n d="1 0 0"/>
        </f>
        <f v="4 2 65" fn="1 -0 -0">
            <n d="1 0 0"/>
            <n d="1 0 0"/>
            <n d="1 0 0"/>
        </f>
        <f v="4 65 66" fn="1 0 0">
            <n d="1 0 0"/>
            <n d="1 0 0"/>
            <n d="1 0 0"/>
        </f>
        <f v="28 24 4" fn="1 0 0">
            <n d="1 0 0"/>
            <n d="1 0 0"/>
            <n d="1 0 0"/>
        </f>
        <f v="29 23 28" fn="1 0 0">
            <n d="1 0 0"/>
            <n d="1 0 0"/>
            <n d="1 0 0"/>
        </f>
        <f v="47 23 29" fn="1 0 -0">
            <n d="1 0 0"/>
            <n d="1 0 0"/>
            <n d="1 0 0"/>
        </f>
        <f v="47 29 30" fn="1 -0 -0">
            <n d="1 0 0"/>
            <n d="1 0 0"/>
            <n d="1 0 0"/>
        </f>
        <f v="46 30 5" fn="1 -0 -0">
            <n d="1 0 0"/>
            <n d="1 0 0"/>
            <n d="1 0 0"/>
        </f>
        <f v="68 5 67" fn="1 0 0">
            <n d="1 0 0"/>
            <n d="1 0 0"/>
            <n d="1 0 0"/>
        </f>
        <f v="11 5 68" fn="1 -0 -0">
            <n d="1 0 0"/>
            <n d="1 0 0"/>
            <n d="1 0 0"/>
        </f>
        <f v="11 68 69" fn="1 0 0">
            <n d="1 0 0"/>
            <n d="1 0 0"/>
            <n d="1 0 0"/>
        </f>
        <f v="46 5 11" fn="1 0 0">
            <n d="1 0 0"/>
            <n d="1 0 0"/>
            <n d="1 0 0"/>
        </f>
        <f v="47 30 46" fn="1 0 0">
            <n d="1 0 0"/>
            <n d="1 0 0"/>
            <n d="1 0 0"/>
        </f>
        <f v="53 23 47" fn="1 -0 0">
            <n d="1 0 0"/>
            <n d="1 0 0"/>
            <n d="1 0 0"/>
        </f>
        <f v="53 47 48" fn="1 -0 -0">
            <n d="1 0 0"/>
            <n d="1 0 0"/>
            <n d="1 0 0"/>
        </f>
        <f v="52 48 10" fn="1 -0 -0">
            <n d="1 0 0"/>
            <n d="1 0 0"/>
            <n d="1 0 0"/>
        </f>
        <f v="72 10 70" fn="1 -0 -0">
            <n d="1 0 0"/>
            <n d="1 0 0"/>
            <n d="1 0 0"/>
        </f>
        <f v="72 70 71" fn="1 0 0">
            <n d="1 0 0"/>
            <n d="1 0 0"/>
            <n d="1 0 0"/>
        </f>
        <f v="12 10 72" fn="1 0 0">
            <n d="1 0 0"/>
            <n d="1 0 0"/>
            <n d="1 0 0"/>
        </f>
        <f v="52 10 12" fn="1 -0 0">
            <n d="1 0 0"/>
            <n d="1 0 0"/>
            <n d="1 0 0"/>
        </f>
        <f v="53 48 52" fn="1 -0 0">
            <n d="1 0 0"/>
            <n d="1 0 0"/>
            <n d="1 0 0"/>
        </f>
        <f v="54 22 53" fn="1 -0 0">
            <n d="1 0 0"/>
            <n d="1 0 0"/>
            <n d="1 0 0"/>
        </f>
        <f v="13 3 54" fn="1 -0 0">
            <n d="1 0 0"/>
            <n d="1 0 0"/>
            <n d="1 0 0"/>
        </f>
        <f v="75 3 13" fn="1 -0 0">
            <n d="1 0 0"/>
            <n d="1 0 0"/>
            <n d="1 0 0"/>
        </f>
        <f v="75 13 73" fn="1 -0 -0">
            <n d="1 0 0"/>
            <n d="1 0 0"/>
            <n d="1 0 0"/>
        </f>
        <f v="75 73 74" fn="1 0 0">
            <n d="1 0 0"/>
            <n d="1 0 0"/>
            <n d="1 0 0"/>
        </f>
    </facets>
    <facets color="333333">
        <f v="85 87 7" fn="-1 0 0">
            <n d="-1 -0 -0"/>
            <n d="-1 -0 -0"/>
            <n d="-1 -0 -0"/>
        </f>
        <f v="85 86 87" fn="-1 -0 -0">
            <n d="-1 -0 -0"/>
            <n d="-1 -0 -0"/>
            <n d="-1 -0 -0"/>
        </f>
        <f v="8 85 7" fn="-1 -0 -0">
            <n d="-1 -0 -0"/>
            <n d="-1 -0 -0"/>
            <n d="-1 -0 -0"/>
        </f>
        <f v="40 8 7" fn="-1 -0 -0">
            <n d="-1 -0 -0"/>
            <n d="-1 -0 -0"/>
            <n d="-1 -0 -0"/>
        </f>
        <f v="36 41 40" fn="-1 0 0">
            <n d="-1 -0 -0"/>
            <n d="-1 -0 -0"/>
            <n d="-1 -0 -0"/>
        </f>
        <f v="58 9 42" fn="-1 0 0">
            <n d="-1 -0 -0"/>
            <n d="-1 -0 -0"/>
            <n d="-1 -0 -0"/>
        </f>
        <f v="82 84 9" fn="-1 0 0">
            <n d="-1 -0 -0"/>
            <n d="-1 -0 -0"/>
            <n d="-1 -0 -0"/>
        </f>
        <f v="82 83 84" fn="-1 -0 -0">
            <n d="-1 -0 -0"/>
            <n d="-1 -0 -0"/>
            <n d="-1 -0 -0"/>
        </f>
        <f v="14 82 9" fn="-1 -0 -0">
            <n d="-1 -0 -0"/>
            <n d="-1 -0 -0"/>
            <n d="-1 -0 -0"/>
        </f>
        <f v="58 14 9" fn="-1 0 -0">
            <n d="-1 -0 -0"/>
            <n d="-1 -0 -0"/>
            <n d="-1 -0 -0"/>
        </f>
        <f v="59 42 41" fn="-1 0 0">
            <n d="-1 -0 -0"/>
            <n d="-1 -0 -0"/>
            <n d="-1 -0 -0"/>
        </f>
        <f v="59 58 42" fn="-1 0 -0">
            <n d="-1 -0 -0"/>
            <n d="-1 -0 -0"/>
            <n d="-1 -0 -0"/>
        </f>
        <f v="17 59 41" fn="-1 0 0">
            <n d="-1 -0 -0"/>
            <n d="-1 -0 -0"/>
            <n d="-1 -0 -0"/>
        </f>
        <f v="16 60 59" fn="-1 -0 -0">
            <n d="-1 -0 -0"/>
            <n d="-1 -0 -0"/>
            <n d="-1 -0 -0"/>
        </f>
        <f v="0 15 60" fn="-1 0 0">
            <n d="-1 -0 -0"/>
            <n d="-1 -0 -0"/>
            <n d="-1 -0 -0"/>
        </f>
        <f v="80 81 15" fn="-1 -0 -0">
            <n d="-1 -0 -0"/>
            <n d="-1 -0 -0"/>
            <n d="-1 -0 -0"/>
        </f>
        <f v="79 80 15" fn="-1 -0 -0">
            <n d="-1 -0 -0"/>
            <n d="-1 -0 -0"/>
            <n d="-1 -0 -0"/>
        </f>
        <f v="0 79 15" fn="-1 -0 -0">
            <n d="-1 -0 -0"/>
            <n d="-1 -0 -0"/>
            <n d="-1 -0 -0"/>
        </f>
        <f v="16 0 60" fn="-1 -0 -0">
            <n d="-1 -0 -0"/>
            <n d="-1 -0 -0"/>
            <n d="-1 -0 -0"/>
        </f>
        <f v="17 16 59" fn="-1 -0 -0">
            <n d="-1 -0 -0"/>
            <n d="-1 -0 -0"/>
            <n d="-1 -0 -0"/>
        </f>
        <f v="35 17 41" fn="-1 0 0">
            <n d="-1 -0 -0"/>
            <n d="-1 -0 -0"/>
            <n d="-1 -0 -0"/>
        </f>
        <f v="6 1 18" fn="-1 0 0">
            <n d="-1 -0 -0"/>
            <n d="-1 -0 -0"/>
            <n d="-1 -0 -0"/>
        </f>
        <f v="6 78 1" fn="-1 0 0">
            <n d="-1 -0 -0"/>
            <n d="-1 -0 -0"/>
            <n d="-1 -0 -0"/>
        </f>
        <f v="6 77 78" fn="-1 0 0">
            <n d="-1 -0 -0"/>
            <n d="-1 -0 -0"/>
            <n d="-1 -0 -0"/>
        </f>
        <f v="6 76 77" fn="-1 -0 -0">
            <n d="-1 -0 -0"/>
            <n d="-1 -0 -0"/>
            <n d="-1 -0 -0"/>
        </f>
        <f v="36 35 41" fn="-1 -0 0">
            <n d="-1 -0 -0"/>
            <n d="-1 -0 -0"/>
            <n d="-1 -0 -0"/>
        </f>
        <f v="34 6 18" fn="-1 0 0">
            <n d="-1 -0 -0"/>
            <n d="-1 -0 -0"/>
            <n d="-1 -0 -0"/>
        </f>
        <f v="34 18 17" fn="-1 -0 -0">
            <n d="-1 -0 -0"/>
            <n d="-1 -0 -0"/>
            <n d="-1 -0 -0"/>
        </f>
        <f v="35 34 17" fn="-1 -0 -0">
            <n d="-1 -0 -0"/>
            <n d="-1 -0 -0"/>
            <n d="-1 -0 -0"/>
        </f>
        <f v="36 40 7" fn="-1 0 0">
            <n d="-1 -0 -0"/>
            <n d="-1 -0 -0"/>
            <n d="-1 -0 -0"/>
        </f>
    </facets>
    <facets color="333333">
        <f v="25 75 74" fn="-0.00296282765298082 -0.900343321116627 0.435170226202324">
            <n d="-0 -1 -1.83690953073357e-016"/>
            <n d="0 -0.975116335574791 0.221693780010157"/>
            <n d="0 -0.779513363382456 0.626385597142982"/>
        </f>
        <f v="62 74 73" fn="-0.00368246950781844 -0.614369207815502 0.789010086061311">
            <n d="0 -2.44921270764475e-016 1"/>
            <n d="0 -0.779513363382456 0.626385597142982"/>
            <n d="0 -0.416229442081687 0.909259617240515"/>
        </f>
        <f v="63 73 13" fn="0 -0.21300279664769 0.977051589538783">
            <n d="0 -2.44921270764475e-016 1"/>
            <n d="0 -0.416229442081687 0.909259617240515"/>
            <n d="0 -2.44921270764475e-016 1"/>
        </f>
        <f v="62 73 63" fn="0 -0.21300279664769 0.977051589538783">
            <n d="0 -2.44921270764475e-016 1"/>
            <n d="0 -0.416229442081687 0.909259617240515"/>
            <n d="0 -2.44921270764475e-016 1"/>
        </f>
        <f v="26 74 62" fn="-0.00574018357826023 -0.707095131609774 0.707095131609774">
            <n d="-0 -1 -1.83690953073357e-016"/>
            <n d="0 -0.779513363382456 0.626385597142982"/>
            <n d="0 -2.44921270764475e-016 1"/>
        </f>
        <f v="81 62 61" fn="0 -0.21300279664769 0.977051589538783">
            <n d="0 -0.416229442081687 0.909259617240515"/>
            <n d="0 -2.44921270764475e-016 1"/>
            <n d="0 -2.44921270764475e-016 1"/>
        </f>
        <f v="81 61 15" fn="0 -0.21300279664769 0.977051589538783">
            <n d="0 -0.416229442081687 0.909259617240515"/>
            <n d="0 -2.44921270764475e-016 1"/>
            <n d="0 -2.44921270764475e-016 1"/>
        </f>
        <f v="80 62 81" fn="0.00368246950781859 -0.614369207815517 0.789010086061299">
            <n d="0 -0.779513363382462 0.626385597142975"/>
            <n d="0 -2.44921270764475e-016 1"/>
            <n d="0 -0.416229442081687 0.909259617240515"/>
        </f>
        <f v="26 62 80" fn="0.00574018357826007 -0.707095131609774 0.707095131609774">
            <n d="-0 -1 -1.83690953073357e-016"/>
            <n d="0 -2.44921270764475e-016 1"/>
            <n d="0 -0.779513363382462 0.626385597142975"/>
        </f>
        <f v="27 80 79" fn="0.00296282765298091 -0.900343321116622 0.435170226202333">
            <n d="-0 -1 -1.83690953073357e-016"/>
            <n d="0 -0.779513363382462 0.626385597142975"/>
            <n d="0 -0.975116335574791 0.221693780010157"/>
        </f>
        <f v="27 79 0" fn="0 -0.993759612676724 0.111542961286708">
            <n d="-0 -1 -1.83690953073357e-016"/>
            <n d="0 -0.975116335574791 0.221693780010157"/>
            <n d="-0 -1 -1.83690953073357e-016"/>
        </f>
        <f v="25 74 26" fn="0 -0.943269145944694 0.33202909256384">
            <n d="-0 -1 -1.83690953073357e-016"/>
            <n d="0 -0.779513363382456 0.626385597142982"/>
            <n d="-0 -1 -1.83690953073357e-016"/>
        </f>
        <f v="26 80 27" fn="0 -0.943269145944692 0.332029092563845">
            <n d="-0 -1 -1.83690953073357e-016"/>
            <n d="0 -0.779513363382462 0.626385597142975"/>
            <n d="-0 -1 -1.83690953073357e-016"/>
        </f>
        <f v="25 3 75" fn="-0 -0.993759612676724 0.111542961286708">
            <n d="-0 -1 -1.83690953073357e-016"/>
            <n d="-0 -1 -1.83690953073357e-016"/>
            <n d="0 -0.975116335574791 0.221693780010157"/>
        </f>
    </facets>
    <facets color="333333">
        <f v="49 69 68" fn="-0.00296282765298121 0.900343321116616 -0.435170226202346">
            <n d="0 1 6.12303176911189e-017"/>
            <n d="0 0.975116335574791 -0.221693780010155"/>
            <n d="0 0.779513363382464 -0.626385597142973"/>
        </f>
        <f v="38 68 67" fn="-0.00368246950781835 0.614369207815508 -0.789010086061305">
            <n d="0 1.22460635382238e-016 -1"/>
            <n d="0 0.779513363382464 -0.626385597142973"/>
            <n d="0 0.416229442081684 -0.909259617240516"/>
        </f>
        <f v="39 67 5" fn="0 0.213002796647705 -0.97705158953878">
            <n d="0 1.22460635382238e-016 -1"/>
            <n d="0 0.416229442081684 -0.909259617240516"/>
            <n d="0 1.22460635382238e-016 -1"/>
        </f>
        <f v="38 67 39" fn="0 0.213002796647705 -0.97705158953878">
            <n d="0 1.22460635382238e-016 -1"/>
            <n d="0 0.416229442081684 -0.909259617240516"/>
            <n d="0 1.22460635382238e-016 -1"/>
        </f>
        <f v="50 68 38" fn="-0.00574018357826001 0.707095131609774 -0.707095131609775">
            <n d="0 1 6.12303176911189e-017"/>
            <n d="0 0.779513363382464 -0.626385597142973"/>
            <n d="0 1.22460635382238e-016 -1"/>
        </f>
        <f v="87 38 37" fn="0 0.213002796647703 -0.97705158953878">
            <n d="0 0.416229442081689 -0.909259617240514"/>
            <n d="0 1.22460635382238e-016 -1"/>
            <n d="0 1.22460635382238e-016 -1"/>
        </f>
        <f v="87 37 7" fn="0 0.213002796647703 -0.97705158953878">
            <n d="0 0.416229442081689 -0.909259617240514"/>
            <n d="0 1.22460635382238e-016 -1"/>
            <n d="0 1.22460635382238e-016 -1"/>
        </f>
        <f v="86 38 87" fn="0.00368246950781836 0.614369207815503 -0.78901008606131">
            <n d="0 0.779513363382468 -0.626385597142967"/>
            <n d="0 1.22460635382238e-016 -1"/>
            <n d="0 0.416229442081689 -0.909259617240514"/>
        </f>
        <f v="50 38 86" fn="0.00574018357826017 0.707095131609774 -0.707095131609775">
            <n d="0 1 6.12303176911189e-017"/>
            <n d="0 1.22460635382238e-016 -1"/>
            <n d="0 0.779513363382468 -0.626385597142967"/>
        </f>
        <f v="50 86 51" fn="0 0.943269145944697 -0.332029092563832">
            <n d="0 1 6.12303176911189e-017"/>
            <n d="0 0.779513363382468 -0.626385597142967"/>
            <n d="0 1 6.12303176911189e-017"/>
        </f>
        <f v="51 86 85" fn="0.00296282765298072 0.900343321116631 -0.435170226202316">
            <n d="0 1 6.12303176911189e-017"/>
            <n d="0 0.779513363382468 -0.626385597142967"/>
            <n d="0 0.975116335574791 -0.221693780010156"/>
        </f>
        <f v="51 85 8" fn="0 0.993759612676724 -0.111542961286709">
            <n d="0 1 6.12303176911189e-017"/>
            <n d="0 0.975116335574791 -0.221693780010156"/>
            <n d="0 1 6.12303176911189e-017"/>
        </f>
        <f v="49 68 50" fn="0 0.943269145944692 -0.332029092563847">
            <n d="0 1 6.12303176911189e-017"/>
            <n d="0 0.779513363382464 -0.626385597142973"/>
            <n d="0 1 6.12303176911189e-017"/>
        </f>
        <f v="49 11 69" fn="-0 0.993759612676726 -0.111542961286684">
            <n d="0 1 6.12303176911189e-017"/>
            <n d="0 1 6.12303176911189e-017"/>
            <n d="0 0.975116335574791 -0.221693780010155"/>
        </f>
    </facets>
    <facets color="333333">
        <f v="55 72 71" fn="-0.00296282765298096 0.435170226202328 0.900343321116625">
            <n d="0 0 1"/>
            <n d="0 0.221693780010163 0.975116335574789"/>
            <n d="0 0.626385597142973 0.779513363382464"/>
        </f>
        <f v="44 71 70" fn="-0.00368246950781825 0.789010086061314 0.614369207815498">
            <n d="0 1 6.12303176911189e-017"/>
            <n d="0 0.626385597142973 0.779513363382464"/>
            <n d="0 0.909259617240516 0.416229442081684"/>
        </f>
        <f v="45 70 10" fn="-0 0.97705158953878 0.213002796647705">
            <n d="0 1 6.12303176911189e-017"/>
            <n d="0 0.909259617240516 0.416229442081684"/>
            <n d="0 1 6.12303176911189e-017"/>
        </f>
        <f v="44 70 45" fn="-0 0.97705158953878 0.213002796647705">
            <n d="0 1 6.12303176911189e-017"/>
            <n d="0 0.909259617240516 0.416229442081684"/>
            <n d="0 1 6.12303176911189e-017"/>
        </f>
        <f v="56 71 44" fn="-0.00574018357826015 0.707095131609774 0.707095131609774">
            <n d="0 0 1"/>
            <n d="0 0.626385597142973 0.779513363382464"/>
            <n d="0 1 6.12303176911189e-017"/>
        </f>
        <f v="84 44 43" fn="0 0.97705158953878 0.213002796647705">
            <n d="0 0.909259617240516 0.416229442081684"/>
            <n d="0 1 6.12303176911189e-017"/>
            <n d="0 1 6.12303176911189e-017"/>
        </f>
        <f v="84 43 9" fn="0 0.97705158953878 0.213002796647705">
            <n d="0 0.909259617240516 0.416229442081684"/>
            <n d="0 1 6.12303176911189e-017"/>
            <n d="0 1 6.12303176911189e-017"/>
        </f>
        <f v="83 44 84" fn="0.00368246950781825 0.789010086061314 0.614369207815498">
            <n d="0 0.626385597142973 0.779513363382464"/>
            <n d="0 1 6.12303176911189e-017"/>
            <n d="0 0.909259617240516 0.416229442081684"/>
        </f>
        <f v="56 44 83" fn="0.00574018357826015 0.707095131609774 0.707095131609774">
            <n d="0 0 1"/>
            <n d="0 1 6.12303176911189e-017"/>
            <n d="0 0.626385597142973 0.779513363382464"/>
        </f>
        <f v="57 83 82" fn="0.00296282765298082 0.435170226202323 0.900343321116627">
            <n d="0 0 1"/>
            <n d="0 0.626385597142973 0.779513363382464"/>
            <n d="0 0.221693780010158 0.975116335574791"/>
        </f>
        <f v="57 82 14" fn="0 0.111542961286708 0.993759612676724">
            <n d="0 0 1"/>
            <n d="0 0.221693780010158 0.975116335574791"/>
            <n d="0 0 1"/>
        </f>
        <f v="55 71 56" fn="0 0.332029092563838 0.943269145944695">
            <n d="0 0 1"/>
            <n d="0 0.626385597142973 0.779513363382464"/>
            <n d="0 0 1"/>
        </f>
        <f v="56 83 57" fn="0 0.332029092563838 0.943269145944695">
            <n d="0 0 1"/>
            <n d="0 0.626385597142973 0.779513363382464"/>
            <n d="0 0 1"/>
        </f>
        <f v="55 12 72" fn="-0 0.111542961286705 0.993759612676724">
            <n d="0 0 1"/>
            <n d="0 0 1"/>
            <n d="0 0.221693780010163 0.975116335574789"/>
        </f>
    </facets>
    <facets color="333333">
        <f v="31 66 65" fn="-0.00296282765298097 -0.435170226202331 -0.900343321116623">
            <n d="0 1.22460635382238e-016 -1"/>
            <n d="-0 -0.221693780010151 -0.975116335574792"/>
            <n d="-0 -0.626385597142969 -0.779513363382467"/>
        </f>
        <f v="20 65 64" fn="-0.00368246950781844 -0.789010086061304 -0.614369207815511">
            <n d="-0 -1 -1.83690953073357e-016"/>
            <n d="-0 -0.626385597142969 -0.779513363382467"/>
            <n d="-0 -0.909259617240514 -0.416229442081688"/>
        </f>
        <f v="21 64 2" fn="0 -0.97705158953878 -0.213002796647703">
            <n d="-0 -1 -1.83690953073357e-016"/>
            <n d="-0 -0.909259617240514 -0.416229442081688"/>
            <n d="-0 -1 -1.83690953073357e-016"/>
        </f>
        <f v="20 64 21" fn="0 -0.97705158953878 -0.213002796647703">
            <n d="-0 -1 -1.83690953073357e-016"/>
            <n d="-0 -0.909259617240514 -0.416229442081688"/>
            <n d="-0 -1 -1.83690953073357e-016"/>
        </f>
        <f v="32 65 20" fn="-0.00574018357826008 -0.707095131609774 -0.707095131609775">
            <n d="0 1.22460635382238e-016 -1"/>
            <n d="-0 -0.626385597142969 -0.779513363382467"/>
            <n d="-0 -1 -1.83690953073357e-016"/>
        </f>
        <f v="78 20 19" fn="0 -0.977051589538778 -0.213002796647715">
            <n d="-0 -0.909259617240513 -0.41622944208169"/>
            <n d="-0 -1 -1.83690953073357e-016"/>
            <n d="-0 -1 -1.83690953073357e-016"/>
        </f>
        <f v="78 19 1" fn="0 -0.977051589538778 -0.213002796647715">
            <n d="-0 -0.909259617240513 -0.41622944208169"/>
            <n d="-0 -1 -1.83690953073357e-016"/>
            <n d="-0 -1 -1.83690953073357e-016"/>
        </f>
        <f v="77 20 78" fn="0.00368246950781828 -0.789010086061309 -0.614369207815503">
            <n d="-0 -0.626385597142969 -0.779513363382467"/>
            <n d="-0 -1 -1.83690953073357e-016"/>
            <n d="-0 -0.909259617240513 -0.41622944208169"/>
        </f>
        <f v="32 20 77" fn="0.00574018357826008 -0.707095131609774 -0.707095131609775">
            <n d="0 1.22460635382238e-016 -1"/>
            <n d="-0 -1 -1.83690953073357e-016"/>
            <n d="-0 -0.626385597142969 -0.779513363382467"/>
        </f>
        <f v="32 77 33" fn="-0 -0.332029092563839 -0.943269145944695">
            <n d="0 1.22460635382238e-016 -1"/>
            <n d="-0 -0.626385597142969 -0.779513363382467"/>
            <n d="0 1.22460635382238e-016 -1"/>
        </f>
        <f v="33 77 76" fn="0.00296282765298111 -0.435170226202336 -0.900343321116621">
            <n d="0 1.22460635382238e-016 -1"/>
            <n d="-0 -0.626385597142969 -0.779513363382467"/>
            <n d="-0 -0.221693780010157 -0.975116335574791"/>
        </f>
        <f v="33 76 6" fn="-0 -0.111542961286686 -0.993759612676726">
            <n d="0 1.22460635382238e-016 -1"/>
            <n d="-0 -0.221693780010157 -0.975116335574791"/>
            <n d="0 1.22460635382238e-016 -1"/>
        </f>
        <f v="31 65 32" fn="-0 -0.332029092563839 -0.943269145944694">
            <n d="0 1.22460635382238e-016 -1"/>
            <n d="-0 -0.626385597142969 -0.779513363382467"/>
            <n d="0 1.22460635382238e-016 -1"/>
        </f>
        <f v="31 4 66" fn="0 -0.111542961286689 -0.993759612676726">
            <n d="0 1.22460635382238e-016 -1"/>
            <n d="0 1.22460635382238e-016 -1"/>
            <n d="-0 -0.221693780010151 -0.975116335574792"/>
        </f>
    </facets>
</shell>
<shell id="id477" color="d1d1d1">
    <verts>
        <v p="-0.15 -0.4 0.79"/>
        <v p="-0.15 -0.4 0.01"/>
        <v p="0.14 -0.4 0.01"/>
        <v p="0.14 -0.4 0.79"/>
        <v p="-0.15 -0.39 0"/>
        <v p="-0.15 0.39 0"/>
        <v p="0.14 0.39 0"/>
        <v p="0.14 -0.39 0"/>
        <v p="0.14 0.4 0.79"/>
        <v p="0.14 0.4 0.01"/>
        <v p="-0.15 0.4 0.01"/>
        <v p="-0.15 0.4 0.79"/>
        <v p="0.14 -0.39 0.8"/>
        <v p="0.14 0.39 0.8"/>
        <v p="-0.15 0.39 0.8"/>
        <v p="-0.15 -0.39 0.8"/>
        <v p="0.15 -0.39 0.79"/>
        <v p="0.15 -0.39 0.01"/>
        <v p="0.15 0.39 0.01"/>
        <v p="0.15 0.39 0.79"/>
        <v p="-0.15 -0.4 0.595"/>
        <v p="-0.15 -0.4 0.4"/>
        <v p="-0.15 -0.4 0.205"/>
        <v p="-0.0775 -0.4 0.01"/>
        <v p="-0.00499999999999999 -0.4 0.01"/>
        <v p="0.0675 -0.4 0.01"/>
        <v p="0.14 -0.4 0.205"/>
        <v p="0.14 -0.4 0.4"/>
        <v p="0.14 -0.4 0.595"/>
        <v p="0.0675 -0.4 0.79"/>
        <v p="-0.00499999999999999 -0.4 0.79"/>
        <v p="-0.0775 -0.4 0.79"/>
        <v p="-0.15 -0.195 0"/>
        <v p="-0.15 0 0"/>
        <v p="-0.15 0.195 0"/>
        <v p="-0.0775 0.39 0"/>
        <v p="-0.00499999999999999 0.39 0"/>
        <v p="0.0675 0.39 0"/>
        <v p="0.14 0.195 0"/>
        <v p="0.14 0 0"/>
        <v p="0.14 -0.195 0"/>
        <v p="0.0675 -0.39 0"/>
        <v p="-0.00499999999999999 -0.39 0"/>
        <v p="-0.0775 -0.39 0"/>
        <v p="0.14 0.4 0.595"/>
        <v p="0.14 0.4 0.4"/>
        <v p="0.14 0.4 0.205"/>
        <v p="0.0675 0.4 0.01"/>
        <v p="-0.00499999999999999 0.4 0.01"/>
        <v p="-0.0775 0.4 0.01"/>
        <v p="-0.15 0.4 0.205"/>
        <v p="-0.15 0.4 0.4"/>
        <v p="-0.15 0.4 0.595"/>
        <v p="-0.0775 0.4 0.79"/>
        <v p="-0.00499999999999999 0.4 0.79"/>
        <v p="0.0675 0.4 0.79"/>
        <v p="0.14 -0.195 0.8"/>
        <v p="0.14 0 0.8"/>
        <v p="0.14 0.195 0.8"/>
        <v p="0.0675 0.39 0.8"/>
        <v p="-0.00499999999999999 0.39 0.8"/>
        <v p="-0.0775 0.39 0.8"/>
        <v p="-0.15 0.195 0.8"/>
        <v p="-0.15 0 0.8"/>
        <v p="-0.15 -0.195 0.8"/>
        <v p="-0.0775 -0.39 0.8"/>
        <v p="-0.00499999999999999 -0.39 0.8"/>
        <v p="0.0675 -0.39 0.8"/>
        <v p="0.15 -0.39 0.595"/>
        <v p="0.15 -0.39 0.4"/>
        <v p="0.15 -0.39 0.205"/>
        <v p="0.15 -0.195 0.01"/>
        <v p="0.15 0 0.01"/>
        <v p="0.15 0.195 0.01"/>
        <v p="0.15 0.39 0.205"/>
        <v p="0.15 0.39 0.4"/>
        <v p="0.15 0.39 0.595"/>
        <v p="0.15 0.195 0.79"/>
        <v p="0.15 0 0.79"/>
        <v p="0.15 -0.195 0.79"/>
        <v p="-0.15 0.399751163355748 0.00778306219989845"/>
        <v p="-0.15 0.397795133633825 0.00373614402857029"/>
        <v p="-0.15 0.394162294420817 0.000907403827594856"/>
        <v p="-0.15 -0.392216937800102 0.000248836644252077"/>
        <v p="-0.15 -0.39626385597143 0.00220486636617533"/>
        <v p="-0.15 -0.399092596172405 0.00583770557918311"/>
        <v p="-0.15 -0.399751163355748 0.792216937800102"/>
        <v p="-0.15 -0.397795133633825 0.79626385597143"/>
        <v p="-0.15 -0.394162294420817 0.799092596172405"/>
        <v p="-0.15 0.392216937800102 0.799751163355748"/>
        <v p="-0.15 0.39626385597143 0.797795133633825"/>
        <v p="-0.15 0.399092596172405 0.794162294420817"/>
        <v p="0.14 -0.394162294420817 0.799092596172405"/>
        <v p="0.14 -0.397795133633825 0.79626385597143"/>
        <v p="0.14 -0.399751163355748 0.792216937800102"/>
        <v p="0.142216937800102 -0.39 0.799751163355748"/>
        <v p="0.14626385597143 -0.39 0.797795133633825"/>
        <v p="0.149092596172405 -0.39 0.794162294420817"/>
        <v p="0.149751163355748 -0.392216937800102 0.79"/>
        <v p="0.147795133633825 -0.39626385597143 0.79"/>
        <v p="0.144162294420817 -0.399092596172405 0.79"/>
        <v p="0.14 -0.399092596172405 0.00583770557918311"/>
        <v p="0.14 -0.39626385597143 0.00220486636617533"/>
        <v p="0.14 -0.392216937800102 0.000248836644252078"/>
        <v p="0.149092596172405 -0.394162294420817 0.01"/>
        <v p="0.14626385597143 -0.397795133633825 0.01"/>
        <v p="0.142216937800102 -0.399751163355748 0.01"/>
        <v p="0.144162294420817 0.39 0.799092596172405"/>
        <v p="0.147795133633825 0.39 0.79626385597143"/>
        <v p="0.149751163355748 0.39 0.792216937800102"/>
        <v p="0.14 0.399092596172405 0.794162294420817"/>
        <v p="0.14 0.39626385597143 0.797795133633825"/>
        <v p="0.14 0.392216937800102 0.799751163355748"/>
        <v p="0.149751163355748 -0.39 0.00778306219989845"/>
        <v p="0.147795133633825 -0.39 0.00373614402857029"/>
        <v p="0.144162294420817 -0.39 0.000907403827594856"/>
        <v p="0.142216937800102 0.399751163355748 0.79"/>
        <v p="0.14626385597143 0.397795133633825 0.79"/>
        <v p="0.149092596172405 0.394162294420817 0.79"/>
        <v p="0.149092596172405 0.39 0.0058377055791831"/>
        <v p="0.14626385597143 0.39 0.00220486636617532"/>
        <v p="0.142216937800101 0.39 0.000248836644252088"/>
        <v p="0.144162294420817 0.399092596172405 0.01"/>
        <v p="0.147795133633825 0.39626385597143 0.01"/>
        <v p="0.149751163355748 0.392216937800102 0.01"/>
        <v p="0.14 0.399751163355748 0.00778306219989845"/>
        <v p="0.14 0.397795133633825 0.00373614402857029"/>
        <v p="0.14 0.394162294420817 0.000907403827594856"/>
    </verts>
    <facets color="d1d1d1">
        <f v="20 30 31" fn="0 -1 0">
            <n d="-0 -1 -6.7762635780344e-017"/>
            <n d="-0 -1 -6.7762635780344e-017"/>
            <n d="-0 -1 -6.7762635780344e-017"/>
        </f>
        <f v="28 29 30" fn="-0 -1 -0">
            <n d="-0 -1 -6.7762635780344e-017"/>
            <n d="-0 -1 -6.7762635780344e-017"/>
            <n d="-0 -1 -6.7762635780344e-017"/>
        </f>
        <f v="28 3 29" fn="-0 -1 0">
            <n d="-0 -1 -6.7762635780344e-017"/>
            <n d="-0 -1 -6.7762635780344e-017"/>
            <n d="-0 -1 -6.7762635780344e-017"/>
        </f>
        <f v="27 28 30" fn="-0 -1 0">
            <n d="-0 -1 -6.7762635780344e-017"/>
            <n d="-0 -1 -6.7762635780344e-017"/>
            <n d="-0 -1 -6.7762635780344e-017"/>
        </f>
        <f v="24 27 30" fn="0 -1 0">
            <n d="-0 -1 -6.7762635780344e-017"/>
            <n d="-0 -1 -6.7762635780344e-017"/>
            <n d="-0 -1 -6.7762635780344e-017"/>
        </f>
        <f v="24 26 27" fn="0 -1 0">
            <n d="-0 -1 -6.7762635780344e-017"/>
            <n d="-0 -1 -6.7762635780344e-017"/>
            <n d="-0 -1 -6.7762635780344e-017"/>
        </f>
        <f v="25 2 26" fn="-0 -1 -0">
            <n d="-0 -1 -6.7762635780344e-017"/>
            <n d="-0 -1 -6.7762635780344e-017"/>
            <n d="-0 -1 -6.7762635780344e-017"/>
        </f>
        <f v="24 25 26" fn="-0 -1 -0">
            <n d="-0 -1 -6.7762635780344e-017"/>
            <n d="-0 -1 -6.7762635780344e-017"/>
            <n d="-0 -1 -6.7762635780344e-017"/>
        </f>
        <f v="21 24 30" fn="0 -1 0">
            <n d="-0 -1 -6.7762635780344e-017"/>
            <n d="-0 -1 -6.7762635780344e-017"/>
            <n d="-0 -1 -6.7762635780344e-017"/>
        </f>
        <f v="20 21 30" fn="0 -1 -0">
            <n d="-0 -1 -6.7762635780344e-017"/>
            <n d="-0 -1 -6.7762635780344e-017"/>
            <n d="-0 -1 -6.7762635780344e-017"/>
        </f>
        <f v="22 1 23" fn="0 -1 0">
            <n d="-0 -1 -6.7762635780344e-017"/>
            <n d="-0 -1 -6.7762635780344e-017"/>
            <n d="-0 -1 -6.7762635780344e-017"/>
        </f>
        <f v="22 23 24" fn="-0 -1 -0">
            <n d="-0 -1 -6.7762635780344e-017"/>
            <n d="-0 -1 -6.7762635780344e-017"/>
            <n d="-0 -1 -6.7762635780344e-017"/>
        </f>
        <f v="21 22 24" fn="-0 -1 -0">
            <n d="-0 -1 -6.7762635780344e-017"/>
            <n d="-0 -1 -6.7762635780344e-017"/>
            <n d="-0 -1 -6.7762635780344e-017"/>
        </f>
        <f v="20 31 0" fn="0 -1 0">
            <n d="-0 -1 -6.7762635780344e-017"/>
            <n d="-0 -1 -6.7762635780344e-017"/>
            <n d="-0 -1 -6.7762635780344e-017"/>
        </f>
    </facets>
    <facets color="d1d1d1">
        <f v="33 42 43" fn="0 0 -1">
            <n d="-0 -0 -1"/>
            <n d="-0 -0 -1"/>
            <n d="-0 -0 -1"/>
        </f>
        <f v="40 41 42" fn="-0 -0 -1">
            <n d="-0 -0 -1"/>
            <n d="-0 -0 -1"/>
            <n d="-0 -0 -1"/>
        </f>
        <f v="40 7 41" fn="-0 -0 -1">
            <n d="-0 -0 -1"/>
            <n d="-0 -0 -1"/>
            <n d="-0 -0 -1"/>
        </f>
        <f v="39 40 42" fn="-0 -0 -1">
            <n d="-0 -0 -1"/>
            <n d="-0 -0 -1"/>
            <n d="-0 -0 -1"/>
        </f>
        <f v="33 39 42" fn="0 0 -1">
            <n d="-0 -0 -1"/>
            <n d="-0 -0 -1"/>
            <n d="-0 -0 -1"/>
        </f>
        <f v="36 38 39" fn="0 0 -1">
            <n d="-0 -0 -1"/>
            <n d="-0 -0 -1"/>
            <n d="-0 -0 -1"/>
        </f>
        <f v="37 6 38" fn="0 -0 -1">
            <n d="-0 -0 -1"/>
            <n d="-0 -0 -1"/>
            <n d="-0 -0 -1"/>
        </f>
        <f v="36 37 38" fn="0 -0 -1">
            <n d="-0 -0 -1"/>
            <n d="-0 -0 -1"/>
            <n d="-0 -0 -1"/>
        </f>
        <f v="33 36 39" fn="-0 -0 -1">
            <n d="-0 -0 -1"/>
            <n d="-0 -0 -1"/>
            <n d="-0 -0 -1"/>
        </f>
        <f v="34 35 36" fn="-0 -0 -1">
            <n d="-0 -0 -1"/>
            <n d="-0 -0 -1"/>
            <n d="-0 -0 -1"/>
        </f>
        <f v="34 5 35" fn="-0 -0 -1">
            <n d="-0 -0 -1"/>
            <n d="-0 -0 -1"/>
            <n d="-0 -0 -1"/>
        </f>
        <f v="32 33 43" fn="0 -0 -1">
            <n d="-0 -0 -1"/>
            <n d="-0 -0 -1"/>
            <n d="-0 -0 -1"/>
        </f>
        <f v="33 34 36" fn="-0 -0 -1">
            <n d="-0 -0 -1"/>
            <n d="-0 -0 -1"/>
            <n d="-0 -0 -1"/>
        </f>
        <f v="32 43 4" fn="0 0 -1">
            <n d="-0 -0 -1"/>
            <n d="-0 -0 -1"/>
            <n d="-0 -0 -1"/>
        </f>
    </facets>
    <facets color="d1d1d1">
        <f v="44 54 55" fn="0 1 0">
            <n d="-0 1 -6.7762635780344e-017"/>
            <n d="-0 1 -6.7762635780344e-017"/>
            <n d="-0 1 -6.7762635780344e-017"/>
        </f>
        <f v="52 11 53" fn="0 1 0">
            <n d="-0 1 -6.7762635780344e-017"/>
            <n d="-0 1 -6.7762635780344e-017"/>
            <n d="-0 1 -6.7762635780344e-017"/>
        </f>
        <f v="52 53 54" fn="-0 1 -0">
            <n d="-0 1 -6.7762635780344e-017"/>
            <n d="-0 1 -6.7762635780344e-017"/>
            <n d="-0 1 -6.7762635780344e-017"/>
        </f>
        <f v="51 52 54" fn="-0 1 -0">
            <n d="-0 1 -6.7762635780344e-017"/>
            <n d="-0 1 -6.7762635780344e-017"/>
            <n d="-0 1 -6.7762635780344e-017"/>
        </f>
        <f v="48 51 54" fn="0 1 -0">
            <n d="-0 1 -6.7762635780344e-017"/>
            <n d="-0 1 -6.7762635780344e-017"/>
            <n d="-0 1 -6.7762635780344e-017"/>
        </f>
        <f v="48 50 51" fn="0 1 0">
            <n d="-0 1 -6.7762635780344e-017"/>
            <n d="-0 1 -6.7762635780344e-017"/>
            <n d="-0 1 -6.7762635780344e-017"/>
        </f>
        <f v="49 10 50" fn="-0 1 -0">
            <n d="-0 1 -6.7762635780344e-017"/>
            <n d="-0 1 -6.7762635780344e-017"/>
            <n d="-0 1 -6.7762635780344e-017"/>
        </f>
        <f v="48 49 50" fn="-0 1 -0">
            <n d="-0 1 -6.7762635780344e-017"/>
            <n d="-0 1 -6.7762635780344e-017"/>
            <n d="-0 1 -6.7762635780344e-017"/>
        </f>
        <f v="45 48 54" fn="0 1 0">
            <n d="-0 1 -6.7762635780344e-017"/>
            <n d="-0 1 -6.7762635780344e-017"/>
            <n d="-0 1 -6.7762635780344e-017"/>
        </f>
        <f v="45 47 48" fn="0 1 0">
            <n d="-0 1 -6.7762635780344e-017"/>
            <n d="-0 1 -6.7762635780344e-017"/>
            <n d="-0 1 -6.7762635780344e-017"/>
        </f>
        <f v="46 9 47" fn="-0 1 0">
            <n d="-0 1 -6.7762635780344e-017"/>
            <n d="-0 1 -6.7762635780344e-017"/>
            <n d="-0 1 -6.7762635780344e-017"/>
        </f>
        <f v="44 45 54" fn="0 1 0">
            <n d="-0 1 -6.7762635780344e-017"/>
            <n d="-0 1 -6.7762635780344e-017"/>
            <n d="-0 1 -6.7762635780344e-017"/>
        </f>
        <f v="45 46 47" fn="-0 1 0">
            <n d="-0 1 -6.7762635780344e-017"/>
            <n d="-0 1 -6.7762635780344e-017"/>
            <n d="-0 1 -6.7762635780344e-017"/>
        </f>
        <f v="44 55 8" fn="0 1 -0">
            <n d="-0 1 -6.7762635780344e-017"/>
            <n d="-0 1 -6.7762635780344e-017"/>
            <n d="-0 1 -6.7762635780344e-017"/>
        </f>
    </facets>
    <facets color="d1d1d1">
        <f v="56 66 67" fn="0 0 1">
            <n d="-0 -0 1"/>
            <n d="-0 -0 1"/>
            <n d="-0 -0 1"/>
        </f>
        <f v="64 65 66" fn="-0 -0 1">
            <n d="-0 -0 1"/>
            <n d="-0 -0 1"/>
            <n d="-0 -0 1"/>
        </f>
        <f v="64 15 65" fn="-0 -0 1">
            <n d="-0 -0 1"/>
            <n d="-0 -0 1"/>
            <n d="-0 -0 1"/>
        </f>
        <f v="63 64 66" fn="-0 -0 1">
            <n d="-0 -0 1"/>
            <n d="-0 -0 1"/>
            <n d="-0 -0 1"/>
        </f>
        <f v="57 63 66" fn="0 0 1">
            <n d="-0 -0 1"/>
            <n d="-0 -0 1"/>
            <n d="-0 -0 1"/>
        </f>
        <f v="61 62 63" fn="-0 -0 1">
            <n d="-0 -0 1"/>
            <n d="-0 -0 1"/>
            <n d="-0 -0 1"/>
        </f>
        <f v="61 14 62" fn="0 -0 1">
            <n d="-0 -0 1"/>
            <n d="-0 -0 1"/>
            <n d="-0 -0 1"/>
        </f>
        <f v="60 61 63" fn="0 -0 1">
            <n d="-0 -0 1"/>
            <n d="-0 -0 1"/>
            <n d="-0 -0 1"/>
        </f>
        <f v="57 60 63" fn="-0 -0 1">
            <n d="-0 -0 1"/>
            <n d="-0 -0 1"/>
            <n d="-0 -0 1"/>
        </f>
        <f v="58 59 60" fn="-0 -0 1">
            <n d="-0 -0 1"/>
            <n d="-0 -0 1"/>
            <n d="-0 -0 1"/>
        </f>
        <f v="58 13 59" fn="-0 -0 1">
            <n d="-0 -0 1"/>
            <n d="-0 -0 1"/>
            <n d="-0 -0 1"/>
        </f>
        <f v="56 57 66" fn="0 -0 1">
            <n d="-0 -0 1"/>
            <n d="-0 -0 1"/>
            <n d="-0 -0 1"/>
        </f>
        <f v="57 58 60" fn="-0 -0 1">
            <n d="-0 -0 1"/>
            <n d="-0 -0 1"/>
            <n d="-0 -0 1"/>
        </f>
        <f v="56 67 12" fn="0 0 1">
            <n d="-0 -0 1"/>
            <n d="-0 -0 1"/>
            <n d="-0 -0 1"/>
        </f>
    </facets>
    <facets color="d1d1d1">
        <f v="78 68 69" fn="1 -0 -0">
            <n d="1 0 0"/>
            <n d="1 0 0"/>
            <n d="1 0 0"/>
        </f>
        <f v="71 69 70" fn="1 0 0">
            <n d="1 0 0"/>
            <n d="1 0 0"/>
            <n d="1 0 0"/>
        </f>
        <f v="71 70 17" fn="1 0 0">
            <n d="1 0 0"/>
            <n d="1 0 0"/>
            <n d="1 0 0"/>
        </f>
        <f v="72 69 71" fn="1 0 0">
            <n d="1 0 0"/>
            <n d="1 0 0"/>
            <n d="1 0 0"/>
        </f>
        <f v="75 69 72" fn="1 0 -0">
            <n d="1 0 0"/>
            <n d="1 0 0"/>
            <n d="1 0 0"/>
        </f>
        <f v="75 72 73" fn="1 -0 -0">
            <n d="1 0 0"/>
            <n d="1 0 0"/>
            <n d="1 0 0"/>
        </f>
        <f v="74 73 18" fn="1 0 0">
            <n d="1 0 0"/>
            <n d="1 0 0"/>
            <n d="1 0 0"/>
        </f>
        <f v="75 73 74" fn="1 0 0">
            <n d="1 0 0"/>
            <n d="1 0 0"/>
            <n d="1 0 0"/>
        </f>
        <f v="78 69 75" fn="1 -0 0">
            <n d="1 0 0"/>
            <n d="1 0 0"/>
            <n d="1 0 0"/>
        </f>
        <f v="78 75 76" fn="1 -0 -0">
            <n d="1 0 0"/>
            <n d="1 0 0"/>
            <n d="1 0 0"/>
        </f>
        <f v="77 76 19" fn="1 -0 0">
            <n d="1 0 0"/>
            <n d="1 0 0"/>
            <n d="1 0 0"/>
        </f>
        <f v="79 68 78" fn="1 -0 0">
            <n d="1 0 0"/>
            <n d="1 0 0"/>
            <n d="1 0 0"/>
        </f>
        <f v="78 76 77" fn="1 -0 0">
            <n d="1 0 0"/>
            <n d="1 0 0"/>
            <n d="1 0 0"/>
        </f>
        <f v="79 16 68" fn="1 0 -0">
            <n d="1 0 0"/>
            <n d="1 0 0"/>
            <n d="1 0 0"/>
        </f>
    </facets>
    <facets color="d1d1d1">
        <f v="89 91 11" fn="-1 0 0">
            <n d="-1 -0 -0"/>
            <n d="-1 -0 -0"/>
            <n d="-1 -0 -0"/>
        </f>
        <f v="89 90 91" fn="-1 -0 -0">
            <n d="-1 -0 -0"/>
            <n d="-1 -0 -0"/>
            <n d="-1 -0 -0"/>
        </f>
        <f v="14 89 11" fn="-1 -0 -0">
            <n d="-1 -0 -0"/>
            <n d="-1 -0 -0"/>
            <n d="-1 -0 -0"/>
        </f>
        <f v="62 14 11" fn="-1 0 -0">
            <n d="-1 -0 -0"/>
            <n d="-1 -0 -0"/>
            <n d="-1 -0 -0"/>
        </f>
        <f v="52 63 62" fn="-1 0 0">
            <n d="-1 -0 -0"/>
            <n d="-1 -0 -0"/>
            <n d="-1 -0 -0"/>
        </f>
        <f v="0 15 64" fn="-1 0 0">
            <n d="-1 -0 -0"/>
            <n d="-1 -0 -0"/>
            <n d="-1 -0 -0"/>
        </f>
        <f v="87 88 15" fn="-1 -0 -0">
            <n d="-1 -0 -0"/>
            <n d="-1 -0 -0"/>
            <n d="-1 -0 -0"/>
        </f>
        <f v="86 87 15" fn="-1 -0 -0">
            <n d="-1 -0 -0"/>
            <n d="-1 -0 -0"/>
            <n d="-1 -0 -0"/>
        </f>
        <f v="0 86 15" fn="-1 -0 -0">
            <n d="-1 -0 -0"/>
            <n d="-1 -0 -0"/>
            <n d="-1 -0 -0"/>
        </f>
        <f v="20 0 64" fn="-1 0 0">
            <n d="-1 -0 -0"/>
            <n d="-1 -0 -0"/>
            <n d="-1 -0 -0"/>
        </f>
        <f v="20 64 63" fn="-1 -0 -0">
            <n d="-1 -0 -0"/>
            <n d="-1 -0 -0"/>
            <n d="-1 -0 -0"/>
        </f>
        <f v="21 20 63" fn="-1 -0 -0">
            <n d="-1 -0 -0"/>
            <n d="-1 -0 -0"/>
            <n d="-1 -0 -0"/>
        </f>
        <f v="33 21 63" fn="-1 0 0">
            <n d="-1 -0 -0"/>
            <n d="-1 -0 -0"/>
            <n d="-1 -0 -0"/>
        </f>
        <f v="32 22 21" fn="-1 -0 -0">
            <n d="-1 -0 -0"/>
            <n d="-1 -0 -0"/>
            <n d="-1 -0 -0"/>
        </f>
        <f v="4 1 22" fn="-1 0 0">
            <n d="-1 -0 -0"/>
            <n d="-1 -0 -0"/>
            <n d="-1 -0 -0"/>
        </f>
        <f v="4 85 1" fn="-1 0 0">
            <n d="-1 -0 -0"/>
            <n d="-1 -0 -0"/>
            <n d="-1 -0 -0"/>
        </f>
        <f v="4 84 85" fn="-1 -9.80888220136229e-015 -1.52779552771073e-014">
            <n d="-1 -0 -0"/>
            <n d="-1 -0 -0"/>
            <n d="-1 -0 -0"/>
        </f>
        <f v="4 83 84" fn="-1 2.07444488403398e-015 1.84816641112691e-014">
            <n d="-1 -0 -0"/>
            <n d="-1 -0 -0"/>
            <n d="-1 -0 -0"/>
        </f>
        <f v="32 4 22" fn="-1 -0 -0">
            <n d="-1 -0 -0"/>
            <n d="-1 -0 -0"/>
            <n d="-1 -0 -0"/>
        </f>
        <f v="33 32 21" fn="-1 -0 -0">
            <n d="-1 -0 -0"/>
            <n d="-1 -0 -0"/>
            <n d="-1 -0 -0"/>
        </f>
        <f v="51 33 63" fn="-1 -0 0">
            <n d="-1 -0 -0"/>
            <n d="-1 -0 -0"/>
            <n d="-1 -0 -0"/>
        </f>
        <f v="50 5 34" fn="-1 0 0">
            <n d="-1 -0 -0"/>
            <n d="-1 -0 -0"/>
            <n d="-1 -0 -0"/>
        </f>
        <f v="80 82 5" fn="-1 9.17407584545309e-015 -1.1493922303255e-014">
            <n d="-1 -0 -0"/>
            <n d="-1 -0 -0"/>
            <n d="-1 -0 -0"/>
        </f>
        <f v="80 81 82" fn="-1 -3.30649160891257e-014 2.28399810240094e-014">
            <n d="-1 -0 -0"/>
            <n d="-1 -0 -0"/>
            <n d="-1 -0 -0"/>
        </f>
        <f v="10 80 5" fn="-1 -0 -0">
            <n d="-1 -0 -0"/>
            <n d="-1 -0 -0"/>
            <n d="-1 -0 -0"/>
        </f>
        <f v="52 51 63" fn="-1 -0 -0">
            <n d="-1 -0 -0"/>
            <n d="-1 -0 -0"/>
            <n d="-1 -0 -0"/>
        </f>
        <f v="50 10 5" fn="-1 -0 -0">
            <n d="-1 -0 -0"/>
            <n d="-1 -0 -0"/>
            <n d="-1 -0 -0"/>
        </f>
        <f v="51 34 33" fn="-1 0 0">
            <n d="-1 -0 -0"/>
            <n d="-1 -0 -0"/>
            <n d="-1 -0 -0"/>
        </f>
        <f v="51 50 34" fn="-1 -0 -0">
            <n d="-1 -0 -0"/>
            <n d="-1 -0 -0"/>
            <n d="-1 -0 -0"/>
        </f>
        <f v="52 62 11" fn="-1 0 0">
            <n d="-1 -0 -0"/>
            <n d="-1 -0 -0"/>
            <n d="-1 -0 -0"/>
        </f>
    </facets>
    <facets color="d1d1d1">
        <f v="29 94 93" fn="-0.0102161587507124 -0.90030028710275 0.435149426224011">
            <n d="-0 -1 -1.83690953073357e-016"/>
            <n d="0 -0.975116335574791 0.221693780010157"/>
            <n d="0 -0.779513363382456 0.626385597142982"/>
        </f>
        <f v="66 93 92" fn="-0.0126972331687534 -0.614323846908797 0.788951830842058">
            <n d="0 -2.44921270764475e-016 1"/>
            <n d="0 -0.779513363382456 0.626385597142982"/>
            <n d="0 -0.416229442081687 0.909259617240515"/>
        </f>
        <f v="67 92 12" fn="0 -0.21300279664769 0.977051589538783">
            <n d="0 -2.44921270764475e-016 1"/>
            <n d="0 -0.416229442081687 0.909259617240515"/>
            <n d="0 -2.44921270764475e-016 1"/>
        </f>
        <f v="66 92 67" fn="0 -0.21300279664769 0.977051589538783">
            <n d="0 -2.44921270764475e-016 1"/>
            <n d="0 -0.416229442081687 0.909259617240515"/>
            <n d="0 -2.44921270764475e-016 1"/>
        </f>
        <f v="30 93 66" fn="-0.0197901860173483 -0.706968297923393 0.706968297923393">
            <n d="-0 -1 -1.83690953073357e-016"/>
            <n d="0 -0.779513363382456 0.626385597142982"/>
            <n d="0 -2.44921270764475e-016 1"/>
        </f>
        <f v="88 66 65" fn="0 -0.21300279664769 0.977051589538783">
            <n d="0 -0.416229442081687 0.909259617240515"/>
            <n d="0 -2.44921270764475e-016 1"/>
            <n d="0 -2.44921270764475e-016 1"/>
        </f>
        <f v="88 65 15" fn="0 -0.21300279664769 0.977051589538783">
            <n d="0 -0.416229442081687 0.909259617240515"/>
            <n d="0 -2.44921270764475e-016 1"/>
            <n d="0 -2.44921270764475e-016 1"/>
        </f>
        <f v="87 66 88" fn="0.0126972331687539 -0.614323846908812 0.788951830842046">
            <n d="0 -0.779513363382462 0.626385597142975"/>
            <n d="0 -2.44921270764475e-016 1"/>
            <n d="0 -0.416229442081687 0.909259617240515"/>
        </f>
        <f v="30 66 87" fn="0.0197901860173477 -0.706968297923393 0.706968297923393">
            <n d="-0 -1 -1.83690953073357e-016"/>
            <n d="0 -2.44921270764475e-016 1"/>
            <n d="0 -0.779513363382462 0.626385597142975"/>
        </f>
        <f v="31 87 86" fn="0.0102161587507127 -0.900300287102745 0.435149426224021">
            <n d="-0 -1 -1.83690953073357e-016"/>
            <n d="0 -0.779513363382462 0.626385597142975"/>
            <n d="0 -0.975116335574791 0.221693780010157"/>
        </f>
        <f v="31 86 0" fn="0 -0.993759612676724 0.111542961286708">
            <n d="-0 -1 -1.83690953073357e-016"/>
            <n d="0 -0.975116335574791 0.221693780010157"/>
            <n d="-0 -1 -1.83690953073357e-016"/>
        </f>
        <f v="29 93 30" fn="0 -0.943269145944694 0.33202909256384">
            <n d="-0 -1 -1.83690953073357e-016"/>
            <n d="0 -0.779513363382456 0.626385597142982"/>
            <n d="-0 -1 -1.83690953073357e-016"/>
        </f>
        <f v="30 87 31" fn="0 -0.943269145944693 0.332029092563845">
            <n d="-0 -1 -1.83690953073357e-016"/>
            <n d="0 -0.779513363382462 0.626385597142975"/>
            <n d="-0 -1 -1.83690953073357e-016"/>
        </f>
        <f v="29 3 94" fn="-0 -0.993759612676724 0.111542961286708">
            <n d="-0 -1 -1.83690953073357e-016"/>
            <n d="-0 -1 -1.83690953073357e-016"/>
            <n d="0 -0.975116335574791 0.221693780010157"/>
        </f>
    </facets>
    <facets color="d1d1d1"/>
    <facets color="d1d1d1">
        <f v="43 83 4" fn="-0 -0.111542961286686 -0.993759612676726">
            <n d="0 1.22460635382238e-016 -1"/>
            <n d="-0 -0.221693780010157 -0.975116335574791"/>
            <n d="0 1.22460635382238e-016 -1"/>
        </f>
        <f v="43 84 83" fn="0.0102161587507133 -0.435149426224023 -0.900300287102744">
            <n d="0 1.22460635382238e-016 -1"/>
            <n d="-0 -0.626385597142969 -0.779513363382467"/>
            <n d="-0 -0.221693780010157 -0.975116335574791"/>
        </f>
        <f v="24 85 84" fn="0.0126972331687528 -0.788951830842057 -0.614323846908798">
            <n d="-0 -1 -1.83690953073357e-016"/>
            <n d="-0 -0.909259617240513 -0.41622944208169"/>
            <n d="-0 -0.626385597142969 -0.779513363382467"/>
        </f>
        <f v="42 84 43" fn="-0 -0.332029092563839 -0.943269145944695">
            <n d="0 1.22460635382238e-016 -1"/>
            <n d="-0 -0.626385597142969 -0.779513363382467"/>
            <n d="0 1.22460635382238e-016 -1"/>
        </f>
        <f v="24 84 42" fn="0.0197901860173477 -0.706968297923393 -0.706968297923393">
            <n d="-0 -1 -1.83690953073357e-016"/>
            <n d="-0 -0.626385597142969 -0.779513363382467"/>
            <n d="0 1.22460635382238e-016 -1"/>
        </f>
        <f v="102 42 41" fn="-0 -0.332029092563839 -0.943269145944694">
            <n d="-0 -0.626385597142969 -0.779513363382467"/>
            <n d="0 1.22460635382238e-016 -1"/>
            <n d="0 1.22460635382238e-016 -1"/>
        </f>
        <f v="103 41 7" fn="0 -0.111542961286689 -0.993759612676726">
            <n d="-0 -0.221693780010151 -0.975116335574792"/>
            <n d="0 1.22460635382238e-016 -1"/>
            <n d="0 1.22460635382238e-016 -1"/>
        </f>
        <f v="102 41 103" fn="-0.0102161587507129 -0.435149426224019 -0.900300287102746">
            <n d="-0 -0.626385597142969 -0.779513363382467"/>
            <n d="0 1.22460635382238e-016 -1"/>
            <n d="-0 -0.221693780010151 -0.975116335574792"/>
        </f>
        <f v="24 42 102" fn="-0.0197901860173477 -0.706968297923393 -0.706968297923393">
            <n d="-0 -1 -1.83690953073357e-016"/>
            <n d="0 1.22460635382238e-016 -1"/>
            <n d="-0 -0.626385597142969 -0.779513363382467"/>
        </f>
        <f v="23 85 24" fn="0 -0.977051589538778 -0.213002796647715">
            <n d="-0 -1 -1.83690953073357e-016"/>
            <n d="-0 -0.909259617240513 -0.41622944208169"/>
            <n d="-0 -1 -1.83690953073357e-016"/>
        </f>
        <f v="25 101 2" fn="0 -0.97705158953878 -0.213002796647703">
            <n d="-0 -1 -1.83690953073357e-016"/>
            <n d="-0 -0.909259617240514 -0.416229442081688"/>
            <n d="-0 -1 -1.83690953073357e-016"/>
        </f>
        <f v="24 102 101" fn="-0.0126972331687534 -0.788951830842051 -0.614323846908806">
            <n d="-0 -1 -1.83690953073357e-016"/>
            <n d="-0 -0.626385597142969 -0.779513363382467"/>
            <n d="-0 -0.909259617240514 -0.416229442081688"/>
        </f>
        <f v="24 101 25" fn="0 -0.97705158953878 -0.213002796647703">
            <n d="-0 -1 -1.83690953073357e-016"/>
            <n d="-0 -0.909259617240514 -0.416229442081688"/>
            <n d="-0 -1 -1.83690953073357e-016"/>
        </f>
        <f v="23 1 85" fn="-0 -0.977051589538778 -0.213002796647715">
            <n d="-0 -1 -1.83690953073357e-016"/>
            <n d="-0 -1 -1.83690953073357e-016"/>
            <n d="-0 -0.909259617240513 -0.41622944208169"/>
        </f>
    </facets>
    <facets color="d1d1d1">
        <f v="68 98 99" fn="0.900340777553219 -0.435168996801242 -0.00379848625985287">
            <n d="1 5.48988480543466e-015 3.72009064546714e-031"/>
            <n d="0.975116335574792 -0.221693780010152 -1.50225548695956e-017"/>
            <n d="0.779513363382465 -0.626385597142971 -4.24455390772524e-017"/>
        </f>
        <f v="28 100 3" fn="0.213002796647704 -0.97705158953878 -0">
            <n d="0 -1 -6.7762635780344e-017"/>
            <n d="0.416229442081688 -0.909259617240514 -6.1613828272844e-017"/>
            <n d="0 -1 -6.7762635780344e-017"/>
        </f>
        <f v="27 99 100" fn="0.614366526620517 -0.789006642708582 -0.00472109414999405">
            <n d="0 -1 -6.7762635780344e-017"/>
            <n d="0.779513363382465 -0.626385597142971 -4.24455390772524e-017"/>
            <n d="0.416229442081688 -0.909259617240514 -6.1613828272844e-017"/>
        </f>
        <f v="27 100 28" fn="0.213002796647704 -0.97705158953878 0">
            <n d="0 -1 -6.7762635780344e-017"/>
            <n d="0.416229442081688 -0.909259617240514 -6.1613828272844e-017"/>
            <n d="0 -1 -6.7762635780344e-017"/>
        </f>
        <f v="69 99 27" fn="0.707087633600297 -0.707087633600295 -0.0073591316789424">
            <n d="1 -6.12303176911189e-017 -4.14912771641804e-033"/>
            <n d="0.779513363382465 -0.626385597142971 -4.24455390772524e-017"/>
            <n d="0 -1 -6.7762635780344e-017"/>
        </f>
        <f v="105 27 26" fn="0.332029092563834 -0.943269145944696 -0">
            <n d="0.626385597142965 -0.77951336338247 -5.28218801287973e-017"/>
            <n d="0 -1 -6.7762635780344e-017"/>
            <n d="0 -1 -6.7762635780344e-017"/>
        </f>
        <f v="106 26 2" fn="0.111542961286709 -0.993759612676724 0">
            <n d="0.221693780010155 -0.975116335574791 -6.60764530910183e-017"/>
            <n d="0 -1 -6.7762635780344e-017"/>
            <n d="0 -1 -6.7762635780344e-017"/>
        </f>
        <f v="105 26 106" fn="0.435168996801227 -0.900340777553226 0.00379848625985237">
            <n d="0.626385597142965 -0.77951336338247 -5.28218801287973e-017"/>
            <n d="0 -1 -6.7762635780344e-017"/>
            <n d="0.221693780010155 -0.975116335574791 -6.60764530910183e-017"/>
        </f>
        <f v="69 27 105" fn="0.707087633600297 -0.707087633600295 0.00735913167894239">
            <n d="1 -6.12303176911189e-017 -4.14912771641804e-033"/>
            <n d="0 -1 -6.7762635780344e-017"/>
            <n d="0.626385597142965 -0.77951336338247 -5.28218801287973e-017"/>
        </f>
        <f v="69 105 104" fn="0.789006642708581 -0.614366526620519 0.00472109414999412">
            <n d="1 -6.12303176911189e-017 -4.14912771641804e-033"/>
            <n d="0.626385597142965 -0.77951336338247 -5.28218801287973e-017"/>
            <n d="0.909259617240514 -0.41622944208169 -2.82048040848373e-017"/>
        </f>
        <f v="68 99 69" fn="0.943269145944695 -0.332029092563837 0">
            <n d="1 5.48988480543466e-015 3.72009064546714e-031"/>
            <n d="0.779513363382465 -0.626385597142971 -4.24455390772524e-017"/>
            <n d="1 -6.12303176911189e-017 -4.14912771641804e-033"/>
        </f>
        <f v="70 104 17" fn="0.97705158953878 -0.213002796647702 0">
            <n d="1 -6.12303176911189e-017 -4.14912771641804e-033"/>
            <n d="0.909259617240514 -0.41622944208169 -2.82048040848373e-017"/>
            <n d="1 -6.12303176911189e-017 -4.14912771641804e-033"/>
        </f>
        <f v="69 104 70" fn="0.97705158953878 -0.213002796647702 0">
            <n d="1 -6.12303176911189e-017 -4.14912771641804e-033"/>
            <n d="0.909259617240514 -0.41622944208169 -2.82048040848373e-017"/>
            <n d="1 -6.12303176911189e-017 -4.14912771641804e-033"/>
        </f>
        <f v="68 16 98" fn="0.993759612676727 -0.111542961286683 -0">
            <n d="1 5.48988480543466e-015 3.72009064546714e-031"/>
            <n d="1 5.48988480543466e-015 3.72009064546714e-031"/>
            <n d="0.975116335574792 -0.221693780010152 -1.50225548695956e-017"/>
        </f>
    </facets>
    <facets color="d1d1d1">
        <f v="56 95 96" fn="0.435168996801254 0.00379848625985264 0.900340777553213">
            <n d="0 0 1"/>
            <n d="0.221693780010152 0 0.975116335574792"/>
            <n d="0.626385597142973 0 0.779513363382464"/>
        </f>
        <f v="78 96 97" fn="0.789006642708563 0.00472109414999449 0.614366526620542">
            <n d="1 0 6.12303176911189e-017"/>
            <n d="0.626385597142973 0 0.779513363382464"/>
            <n d="0.909259617240512 0 0.416229442081694"/>
        </f>
        <f v="79 97 16" fn="0.977051589538781 0 0.2130027966477">
            <n d="1 0 6.12303176911189e-017"/>
            <n d="0.909259617240512 0 0.416229442081694"/>
            <n d="1 0 6.12303176911189e-017"/>
        </f>
        <f v="78 97 79" fn="0.977051589538781 0 0.2130027966477">
            <n d="1 0 6.12303176911189e-017"/>
            <n d="0.909259617240512 0 0.416229442081694"/>
            <n d="1 0 6.12303176911189e-017"/>
        </f>
        <f v="57 96 78" fn="0.707087633600297 0.00735913167894209 0.707087633600295">
            <n d="0 0 1"/>
            <n d="0.626385597142973 0 0.779513363382464"/>
            <n d="1 0 6.12303176911189e-017"/>
        </f>
        <f v="108 78 77" fn="0.943269145944698 -0 0.332029092563829">
            <n d="0.779513363382458 0 0.62638559714298"/>
            <n d="1 0 6.12303176911189e-017"/>
            <n d="1 0 6.12303176911189e-017"/>
        </f>
        <f v="109 77 19" fn="0.993759612676727 0 0.111542961286683">
            <n d="0.975116335574791 0 0.221693780010157"/>
            <n d="1 0 6.12303176911189e-017"/>
            <n d="1 0 6.12303176911189e-017"/>
        </f>
        <f v="108 77 109" fn="0.900340777553226 -0.00379848625985269 0.435168996801227">
            <n d="0.779513363382458 0 0.62638559714298"/>
            <n d="1 0 6.12303176911189e-017"/>
            <n d="0.975116335574791 0 0.221693780010157"/>
        </f>
        <f v="57 78 108" fn="0.707087633600297 -0.00735913167894265 0.707087633600295">
            <n d="0 0 1"/>
            <n d="1 0 6.12303176911189e-017"/>
            <n d="0.779513363382458 0 0.62638559714298"/>
        </f>
        <f v="57 107 58" fn="0.213002796647691 -0 0.977051589538783">
            <n d="0 0 1"/>
            <n d="0.416229442081684 0 0.909259617240516"/>
            <n d="0 0 1"/>
        </f>
        <f v="57 108 107" fn="0.614366526620506 -0.00472109414999403 0.78900664270859">
            <n d="0 0 1"/>
            <n d="0.779513363382458 0 0.62638559714298"/>
            <n d="0.416229442081684 0 0.909259617240516"/>
        </f>
        <f v="58 107 13" fn="0.213002796647691 -0 0.977051589538783">
            <n d="0 0 1"/>
            <n d="0.416229442081684 0 0.909259617240516"/>
            <n d="0 0 1"/>
        </f>
        <f v="56 96 57" fn="0.332029092563856 -0 0.943269145944689">
            <n d="0 0 1"/>
            <n d="0.626385597142973 0 0.779513363382464"/>
            <n d="0 0 1"/>
        </f>
        <f v="56 12 95" fn="0.111542961286711 0 0.993759612676723">
            <n d="0 0 1"/>
            <n d="0 0 1"/>
            <n d="0.221693780010152 0 0.975116335574792"/>
        </f>
    </facets>
    <facets color="d1d1d1">
        <f v="61 89 14" fn="0 0.111542961286708 0.993759612676724">
            <n d="0 0 1"/>
            <n d="0 0.221693780010158 0.975116335574791"/>
            <n d="0 0 1"/>
        </f>
        <f v="61 90 89" fn="0.0102161587507123 0.435149426224011 0.90030028710275">
            <n d="0 0 1"/>
            <n d="0 0.626385597142973 0.779513363382464"/>
            <n d="0 0.221693780010158 0.975116335574791"/>
        </f>
        <f v="54 91 90" fn="0.0126972331687527 0.788951830842061 0.614323846908792">
            <n d="0 1 6.12303176911189e-017"/>
            <n d="0 0.909259617240516 0.416229442081684"/>
            <n d="0 0.626385597142973 0.779513363382464"/>
        </f>
        <f v="60 90 61" fn="0 0.332029092563838 0.943269145944695">
            <n d="0 0 1"/>
            <n d="0 0.626385597142973 0.779513363382464"/>
            <n d="0 0 1"/>
        </f>
        <f v="54 90 60" fn="0.019790186017348 0.706968297923393 0.706968297923393">
            <n d="0 1 6.12303176911189e-017"/>
            <n d="0 0.626385597142973 0.779513363382464"/>
            <n d="0 0 1"/>
        </f>
        <f v="111 60 59" fn="-0 0.332029092563838 0.943269145944695">
            <n d="0 0.626385597142973 0.779513363382464"/>
            <n d="0 0 1"/>
            <n d="0 0 1"/>
        </f>
        <f v="112 59 13" fn="0 0.111542961286705 0.993759612676724">
            <n d="0 0.221693780010163 0.975116335574789"/>
            <n d="0 0 1"/>
            <n d="0 0 1"/>
        </f>
        <f v="111 59 112" fn="-0.0102161587507128 0.435149426224015 0.900300287102748">
            <n d="0 0.626385597142973 0.779513363382464"/>
            <n d="0 0 1"/>
            <n d="0 0.221693780010163 0.975116335574789"/>
        </f>
        <f v="54 60 111" fn="-0.019790186017348 0.706968297923393 0.706968297923393">
            <n d="0 1 6.12303176911189e-017"/>
            <n d="0 0 1"/>
            <n d="0 0.626385597142973 0.779513363382464"/>
        </f>
        <f v="53 91 54" fn="-0 0.97705158953878 0.213002796647705">
            <n d="0 1 6.12303176911189e-017"/>
            <n d="0 0.909259617240516 0.416229442081684"/>
            <n d="0 1 6.12303176911189e-017"/>
        </f>
        <f v="55 110 8" fn="-0 0.97705158953878 0.213002796647705">
            <n d="0 1 6.12303176911189e-017"/>
            <n d="0 0.909259617240516 0.416229442081684"/>
            <n d="0 1 6.12303176911189e-017"/>
        </f>
        <f v="54 111 110" fn="-0.0126972331687527 0.788951830842061 0.614323846908792">
            <n d="0 1 6.12303176911189e-017"/>
            <n d="0 0.626385597142973 0.779513363382464"/>
            <n d="0 0.909259617240516 0.416229442081684"/>
        </f>
        <f v="54 110 55" fn="-0 0.97705158953878 0.213002796647705">
            <n d="0 1 6.12303176911189e-017"/>
            <n d="0 0.909259617240516 0.416229442081684"/>
            <n d="0 1 6.12303176911189e-017"/>
        </f>
        <f v="53 11 91" fn="0 0.97705158953878 0.213002796647705">
            <n d="0 1 6.12303176911189e-017"/>
            <n d="0 1 6.12303176911189e-017"/>
            <n d="0 0.909259617240516 0.416229442081684"/>
        </f>
    </facets>
    <facets color="d1d1d1"/>
    <facets color="d1d1d1"/>
    <facets color="d1d1d1">
        <f v="71 113 114" fn="0.900340777553218 0.00379848625985299 -0.435168996801244">
            <n d="1 0 -6.12303176911189e-017"/>
            <n d="0.975116335574791 0 -0.221693780010155"/>
            <n d="0.779513363382466 0 -0.62638559714297"/>
        </f>
        <f v="40 115 7" fn="0.213002796647701 -0 -0.977051589538781">
            <n d="0 0 -1"/>
            <n d="0.416229442081691 0 -0.909259617240513"/>
            <n d="0 0 -1"/>
        </f>
        <f v="39 114 115" fn="0.614366526620525 0.00472109414999423 -0.789006642708576">
            <n d="0 0 -1"/>
            <n d="0.779513363382466 0 -0.62638559714297"/>
            <n d="0.416229442081691 0 -0.909259617240513"/>
        </f>
        <f v="39 115 40" fn="0.213002796647701 0 -0.977051589538781">
            <n d="0 0 -1"/>
            <n d="0.416229442081691 0 -0.909259617240513"/>
            <n d="0 0 -1"/>
        </f>
        <f v="72 114 39" fn="0.707087633600296 0.00735913167894237 -0.707087633600295">
            <n d="1 0 -6.12303176911189e-017"/>
            <n d="0.779513363382466 0 -0.62638559714297"/>
            <n d="0 0 -1"/>
        </f>
        <f v="120 39 38" fn="0.332029092563839 -0 -0.943269145944695">
            <n d="0.626385597142968 0 -0.779513363382468"/>
            <n d="0 0 -1"/>
            <n d="0 0 -1"/>
        </f>
        <f v="121 38 6" fn="0.111542961286697 0 -0.993759612676725">
            <n d="0.221693780010146 0 -0.975116335574793"/>
            <n d="0 0 -1"/>
            <n d="0 0 -1"/>
        </f>
        <f v="120 38 121" fn="0.435168996801233 -0.00379848625985243 -0.900340777553223">
            <n d="0.626385597142968 0 -0.779513363382468"/>
            <n d="0 0 -1"/>
            <n d="0.221693780010146 0 -0.975116335574793"/>
        </f>
        <f v="72 39 120" fn="0.707087633600296 -0.00735913167894231 -0.707087633600295">
            <n d="1 0 -6.12303176911189e-017"/>
            <n d="0 0 -1"/>
            <n d="0.626385597142968 0 -0.779513363382468"/>
        </f>
        <f v="72 120 119" fn="0.789006642708577 -0.0047210941499942 -0.614366526620524">
            <n d="1 0 -6.12303176911189e-017"/>
            <n d="0.626385597142968 0 -0.779513363382468"/>
            <n d="0.909259617240513 0 -0.41622944208169"/>
        </f>
        <f v="72 119 73" fn="0.97705158953878 0 -0.213002796647702">
            <n d="1 0 -6.12303176911189e-017"/>
            <n d="0.909259617240513 0 -0.41622944208169"/>
            <n d="1 0 -6.12303176911189e-017"/>
        </f>
        <f v="73 119 18" fn="0.97705158953878 0 -0.213002796647702">
            <n d="1 0 -6.12303176911189e-017"/>
            <n d="0.909259617240513 0 -0.41622944208169"/>
            <n d="1 0 -6.12303176911189e-017"/>
        </f>
        <f v="71 114 72" fn="0.943269145944696 0 -0.332029092563836">
            <n d="1 0 -6.12303176911189e-017"/>
            <n d="0.779513363382466 0 -0.62638559714297"/>
            <n d="1 0 -6.12303176911189e-017"/>
        </f>
        <f v="71 17 113" fn="0.993759612676728 -0 -0.111542961286672">
            <n d="1 0 -6.12303176911189e-017"/>
            <n d="1 0 -6.12303176911189e-017"/>
            <n d="0.975116335574791 0 -0.221693780010155"/>
        </f>
    </facets>
    <facets color="d1d1d1">
        <f v="44 116 117" fn="0.435168996801234 0.900340777553222 -0.00379848625985239">
            <n d="0 1 -6.7762635780344e-017"/>
            <n d="0.221693780010154 0.975116335574792 -6.60764530910183e-017"/>
            <n d="0.626385597142971 0.779513363382466 -5.2821880128797e-017"/>
        </f>
        <f v="75 117 118" fn="0.789006642708577 0.614366526620524 -0.00472109414999419">
            <n d="1 6.12303176911189e-017 -4.14912771641804e-033"/>
            <n d="0.626385597142971 0.779513363382466 -5.2821880128797e-017"/>
            <n d="0.909259617240516 0.416229442081685 -2.8204804084837e-017"/>
        </f>
        <f v="76 118 19" fn="0.97705158953878 0.213002796647702 -0">
            <n d="1 -5.48988480543466e-015 3.72009064546714e-031"/>
            <n d="0.909259617240516 0.416229442081685 -2.8204804084837e-017"/>
            <n d="1 -5.48988480543466e-015 3.72009064546714e-031"/>
        </f>
        <f v="75 118 76" fn="0.97705158953878 0.213002796647702 -0">
            <n d="1 6.12303176911189e-017 -4.14912771641804e-033"/>
            <n d="0.909259617240516 0.416229442081685 -2.8204804084837e-017"/>
            <n d="1 -5.48988480543466e-015 3.72009064546714e-031"/>
        </f>
        <f v="45 117 75" fn="0.707087633600297 0.707087633600295 -0.00735913167894229">
            <n d="0 1 -6.7762635780344e-017"/>
            <n d="0.626385597142971 0.779513363382466 -5.2821880128797e-017"/>
            <n d="1 6.12303176911189e-017 -4.14912771641804e-033"/>
        </f>
        <f v="123 75 74" fn="0.943269145944695 0.332029092563838 -0">
            <n d="0.779513363382463 0.626385597142974 -4.24455390772527e-017"/>
            <n d="1 6.12303176911189e-017 -4.14912771641804e-033"/>
            <n d="1 6.12303176911189e-017 -4.14912771641804e-033"/>
        </f>
        <f v="124 74 18" fn="0.993759612676727 0.11154296128668 0">
            <n d="0.97511633557479 0.221693780010162 -1.50225548695963e-017"/>
            <n d="1 6.12303176911189e-017 -4.14912771641804e-033"/>
            <n d="1 6.12303176911189e-017 -4.14912771641804e-033"/>
        </f>
        <f v="123 74 124" fn="0.900340777553216 0.435168996801247 0.00379848625985305">
            <n d="0.779513363382463 0.626385597142974 -4.24455390772527e-017"/>
            <n d="1 6.12303176911189e-017 -4.14912771641804e-033"/>
            <n d="0.97511633557479 0.221693780010162 -1.50225548695963e-017"/>
        </f>
        <f v="45 75 123" fn="0.707087633600297 0.707087633600295 0.0073591316789424">
            <n d="0 1 -6.7762635780344e-017"/>
            <n d="1 6.12303176911189e-017 -4.14912771641804e-033"/>
            <n d="0.779513363382463 0.626385597142974 -4.24455390772527e-017"/>
        </f>
        <f v="45 122 46" fn="0.213002796647704 0.97705158953878 0">
            <n d="0 1 -6.7762635780344e-017"/>
            <n d="0.416229442081686 0.909259617240515 -6.1613828272844e-017"/>
            <n d="0 1 -6.7762635780344e-017"/>
        </f>
        <f v="45 123 122" fn="0.614366526620517 0.789006642708582 0.00472109414999405">
            <n d="0 1 -6.7762635780344e-017"/>
            <n d="0.779513363382463 0.626385597142974 -4.24455390772527e-017"/>
            <n d="0.416229442081686 0.909259617240515 -6.1613828272844e-017"/>
        </f>
        <f v="46 122 9" fn="0.213002796647704 0.97705158953878 0">
            <n d="0 1 -6.7762635780344e-017"/>
            <n d="0.416229442081686 0.909259617240515 -6.1613828272844e-017"/>
            <n d="0 1 -6.7762635780344e-017"/>
        </f>
        <f v="44 117 45" fn="0.332029092563841 0.943269145944694 0">
            <n d="0 1 -6.7762635780344e-017"/>
            <n d="0.626385597142971 0.779513363382466 -5.2821880128797e-017"/>
            <n d="0 1 -6.7762635780344e-017"/>
        </f>
        <f v="44 8 116" fn="0.111542961286711 0.993759612676723 -0">
            <n d="0 1 -6.7762635780344e-017"/>
            <n d="0 1 -6.7762635780344e-017"/>
            <n d="0.221693780010154 0.975116335574792 -6.60764530910183e-017"/>
        </f>
    </facets>
    <facets color="d1d1d1"/>
    <facets color="d1d1d1">
        <f v="47 125 126" fn="-0.010216158750712 0.900300287102754 -0.435149426224003">
            <n d="0 1 6.12303176911189e-017"/>
            <n d="0 0.975116335574791 -0.221693780010156"/>
            <n d="0 0.779513363382468 -0.626385597142967"/>
        </f>
        <f v="36 126 127" fn="-0.0126972331687531 0.614323846908797 -0.788951830842058">
            <n d="0 1.22460635382238e-016 -1"/>
            <n d="0 0.779513363382468 -0.626385597142967"/>
            <n d="0 0.416229442081689 -0.909259617240514"/>
        </f>
        <f v="37 127 6" fn="0 0.213002796647703 -0.97705158953878">
            <n d="0 1.22460635382238e-016 -1"/>
            <n d="0 0.416229442081689 -0.909259617240514"/>
            <n d="0 1.22460635382238e-016 -1"/>
        </f>
        <f v="36 127 37" fn="0 0.213002796647703 -0.97705158953878">
            <n d="0 1.22460635382238e-016 -1"/>
            <n d="0 0.416229442081689 -0.909259617240514"/>
            <n d="0 1.22460635382238e-016 -1"/>
        </f>
        <f v="48 126 36" fn="-0.019790186017348 0.706968297923393 -0.706968297923393">
            <n d="0 1 6.12303176911189e-017"/>
            <n d="0 0.779513363382468 -0.626385597142967"/>
            <n d="0 1.22460635382238e-016 -1"/>
        </f>
        <f v="82 36 35" fn="0 0.213002796647703 -0.97705158953878">
            <n d="0 0.416229442081689 -0.909259617240514"/>
            <n d="0 1.22460635382238e-016 -1"/>
            <n d="0 1.22460635382238e-016 -1"/>
        </f>
        <f v="82 35 5" fn="0 0.213002796647703 -0.97705158953878">
            <n d="0 0.416229442081689 -0.909259617240514"/>
            <n d="0 1.22460635382238e-016 -1"/>
            <n d="0 1.22460635382238e-016 -1"/>
        </f>
        <f v="81 36 82" fn="0.0126972331687531 0.614323846908797 -0.788951830842058">
            <n d="0 0.779513363382468 -0.626385597142967"/>
            <n d="0 1.22460635382238e-016 -1"/>
            <n d="0 0.416229442081689 -0.909259617240514"/>
        </f>
        <f v="48 36 81" fn="0.019790186017348 0.706968297923393 -0.706968297923393">
            <n d="0 1 6.12303176911189e-017"/>
            <n d="0 1.22460635382238e-016 -1"/>
            <n d="0 0.779513363382468 -0.626385597142967"/>
        </f>
        <f v="49 81 80" fn="0.010216158750712 0.900300287102754 -0.435149426224003">
            <n d="0 1 6.12303176911189e-017"/>
            <n d="0 0.779513363382468 -0.626385597142967"/>
            <n d="0 0.975116335574791 -0.221693780010156"/>
        </f>
        <f v="49 80 10" fn="0 0.993759612676724 -0.111542961286709">
            <n d="0 1 6.12303176911189e-017"/>
            <n d="0 0.975116335574791 -0.221693780010156"/>
            <n d="0 1 6.12303176911189e-017"/>
        </f>
        <f v="47 126 48" fn="0 0.943269145944697 -0.332029092563832">
            <n d="0 1 6.12303176911189e-017"/>
            <n d="0 0.779513363382468 -0.626385597142967"/>
            <n d="0 1 6.12303176911189e-017"/>
        </f>
        <f v="48 81 49" fn="0 0.943269145944697 -0.332029092563832">
            <n d="0 1 6.12303176911189e-017"/>
            <n d="0 0.779513363382468 -0.626385597142967"/>
            <n d="0 1 6.12303176911189e-017"/>
        </f>
        <f v="47 9 125" fn="-0 0.993759612676724 -0.111542961286709">
            <n d="0 1 6.12303176911189e-017"/>
            <n d="0 1 6.12303176911189e-017"/>
            <n d="0 0.975116335574791 -0.221693780010156"/>
        </f>
    </facets>
</shell>
</step-assembly>
