<?xml version="1.0" encoding="UTF-8" ?>
<step-assembly root="id836">
<product id="id836" name="74889402450" shape="id531" children="id837 id838"/>
<product id="id837" name="Kern" shape="id530"/>
<product id="id838" name="Pins" shape="id532"/>
<shape id="id531" unit="mm 0.001000">
    <child ref="id530" xform="1 0 0 0 0 1 0 0 0 0 1 0 0 0 0 1"/>
    <child ref="id532" xform="1 2.40837e-018 -4.42482e-019 0 -2.40837e-018 1 -4.69083e-035 0 4.42482e-019 4.7974e-035 1 0 -3.94392e-016 -4.33681e-016 -4.33681e-016 1"/>
</shape>
<shape id="id530" unit="mm 0.001000">
    <child ref="id29" xform="1 0 0 0 0 1 0 0 0 0 1 0 0 0 0 1"/>
</shape>
<shape id="id29" unit="mm 0.001000" shell="id523"/>
<shape id="id532" unit="mm 0.001000">
    <child ref="id30" xform="1 0 0 0 0 1 0 0 0 0 1 0 0 0 0 1"/>
</shape>
<shape id="id30" unit="mm 0.001000" shell="id524 id525 id526"/>
<shell id="id523" color="a4adb2">
    <verts>
        <v p="-3 1 -0.5"/>
        <v p="-3 -1 -0.5"/>
        <v p="-3 -1 0.5"/>
        <v p="-3 1 0.5"/>
        <v p="3 -1 -0.5"/>
        <v p="3 -1 0.5"/>
        <v p="3 0.999999999999999 -0.5"/>
        <v p="3 0.999999999999999 0.5"/>
        <v p="1.7 -0.4 0.5"/>
        <v p="2.5 -0.4 0.5"/>
        <v p="1.7 0.4 0.5"/>
        <v p="2.5 0.4 0.5"/>
        <v p="2.5 -0.4 0"/>
        <v p="1.7 -0.4 0"/>
        <v p="2.5 0.4 0"/>
        <v p="1.7 0.4 0"/>
        <v p="-3 0.5 -0.5"/>
        <v p="-3 0 -0.5"/>
        <v p="-3 -0.5 -0.5"/>
        <v p="-3 -1 0.25"/>
        <v p="-3 -1 0"/>
        <v p="-3 -1 -0.25"/>
        <v p="-3 0.5 0.5"/>
        <v p="-3 0 0.5"/>
        <v p="-3 -0.5 0.5"/>
        <v p="-3 1 0.25"/>
        <v p="-3 1 0"/>
        <v p="-3 1 -0.25"/>
        <v p="-1.5 -1 -0.5"/>
        <v p="0 -1 -0.5"/>
        <v p="1.5 -1 -0.5"/>
        <v p="3 -1 0.25"/>
        <v p="3 -1 0"/>
        <v p="3 -1 -0.25"/>
        <v p="-1.5 -1 0.5"/>
        <v p="0 -1 0.5"/>
        <v p="1.5 -1 0.5"/>
        <v p="3 -0.5 -0.5"/>
        <v p="3 -4.9960036108132e-016 -0.5"/>
        <v p="3 0.499999999999999 -0.5"/>
        <v p="3 0.999999999999999 0.25"/>
        <v p="3 0.999999999999999 0"/>
        <v p="3 0.999999999999999 -0.25"/>
        <v p="3 -0.5 0.5"/>
        <v p="3 -4.9960036108132e-016 0.5"/>
        <v p="3 0.499999999999999 0.5"/>
        <v p="1.5 0.999999999999999 -0.5"/>
        <v p="0 1 -0.5"/>
        <v p="-1.5 1 -0.5"/>
        <v p="1.5 0.999999999999999 0.5"/>
        <v p="0 1 0.5"/>
        <v p="-1.5 1 0.5"/>
        <v p="1.9 -0.4 0.5"/>
        <v p="2.1 -0.4 0.5"/>
        <v p="2.3 -0.4 0.5"/>
        <v p="1.7 0.2 0.5"/>
        <v p="1.7 0 0.5"/>
        <v p="1.7 -0.2 0.5"/>
        <v p="2.3 0.4 0.5"/>
        <v p="2.1 0.4 0.5"/>
        <v p="1.9 0.4 0.5"/>
        <v p="2.5 -0.2 0.5"/>
        <v p="2.5 0 0.5"/>
        <v p="2.5 0.2 0.5"/>
        <v p="2.5 -0.4 0.125"/>
        <v p="2.5 -0.4 0.25"/>
        <v p="2.5 -0.4 0.375"/>
        <v p="1.9 -0.4 0"/>
        <v p="2.1 -0.4 0"/>
        <v p="2.3 -0.4 0"/>
        <v p="1.7 -0.4 0.125"/>
        <v p="1.7 -0.4 0.25"/>
        <v p="1.7 -0.4 0.375"/>
        <v p="2.5 0.4 0.125"/>
        <v p="2.5 0.4 0.25"/>
        <v p="2.5 0.4 0.375"/>
        <v p="2.5 -0.2 0"/>
        <v p="2.5 0 0"/>
        <v p="2.5 0.2 0"/>
        <v p="1.7 0.4 0.125"/>
        <v p="1.7 0.4 0.25"/>
        <v p="1.7 0.4 0.375"/>
        <v p="2.3 0.4 0"/>
        <v p="2.1 0.4 0"/>
        <v p="1.9 0.4 0"/>
        <v p="1.7 0.2 0"/>
        <v p="1.7 0 0"/>
        <v p="1.7 -0.2 0"/>
    </verts>
    <facets color="a4adb2">
        <f v="17 26 27" fn="-1 0 0">
            <n d="-1 -0 -0"/>
            <n d="-1 -0 -0"/>
            <n d="-1 -0 -0"/>
        </f>
        <f v="22 3 25" fn="-1 0 0">
            <n d="-1 -0 -0"/>
            <n d="-1 -0 -0"/>
            <n d="-1 -0 -0"/>
        </f>
        <f v="22 25 26" fn="-1 -0 -0">
            <n d="-1 -0 -0"/>
            <n d="-1 -0 -0"/>
            <n d="-1 -0 -0"/>
        </f>
        <f v="23 22 26" fn="-1 0 -0">
            <n d="-1 -0 -0"/>
            <n d="-1 -0 -0"/>
            <n d="-1 -0 -0"/>
        </f>
        <f v="20 23 26" fn="-1 0 0">
            <n d="-1 -0 -0"/>
            <n d="-1 -0 -0"/>
            <n d="-1 -0 -0"/>
        </f>
        <f v="19 24 23" fn="-1 -0 -0">
            <n d="-1 -0 -0"/>
            <n d="-1 -0 -0"/>
            <n d="-1 -0 -0"/>
        </f>
        <f v="19 2 24" fn="-1 -0 -0">
            <n d="-1 -0 -0"/>
            <n d="-1 -0 -0"/>
            <n d="-1 -0 -0"/>
        </f>
        <f v="20 19 23" fn="-1 -0 -0">
            <n d="-1 -0 -0"/>
            <n d="-1 -0 -0"/>
            <n d="-1 -0 -0"/>
        </f>
        <f v="17 20 26" fn="-1 0 0">
            <n d="-1 -0 -0"/>
            <n d="-1 -0 -0"/>
            <n d="-1 -0 -0"/>
        </f>
        <f v="16 17 27" fn="-1 -0 0">
            <n d="-1 -0 -0"/>
            <n d="-1 -0 -0"/>
            <n d="-1 -0 -0"/>
        </f>
        <f v="18 1 21" fn="-1 0 0">
            <n d="-1 -0 -0"/>
            <n d="-1 -0 -0"/>
            <n d="-1 -0 -0"/>
        </f>
        <f v="18 21 20" fn="-1 -0 -0">
            <n d="-1 -0 -0"/>
            <n d="-1 -0 -0"/>
            <n d="-1 -0 -0"/>
        </f>
        <f v="17 18 20" fn="-1 -0 -0">
            <n d="-1 -0 -0"/>
            <n d="-1 -0 -0"/>
            <n d="-1 -0 -0"/>
        </f>
        <f v="16 27 0" fn="-1 0 0">
            <n d="-1 -0 -0"/>
            <n d="-1 -0 -0"/>
            <n d="-1 -0 -0"/>
        </f>
    </facets>
    <facets color="a4adb2">
        <f v="29 20 21" fn="0 -1 0">
            <n d="1.0842021724855e-016 -1 -0"/>
            <n d="1.0842021724855e-016 -1 -0"/>
            <n d="1.0842021724855e-016 -1 -0"/>
        </f>
        <f v="34 19 20" fn="-0 -1 -0">
            <n d="1.0842021724855e-016 -1 -0"/>
            <n d="1.0842021724855e-016 -1 -0"/>
            <n d="1.0842021724855e-016 -1 -0"/>
        </f>
        <f v="34 2 19" fn="-0 -1 -0">
            <n d="1.0842021724855e-016 -1 -0"/>
            <n d="1.0842021724855e-016 -1 -0"/>
            <n d="1.0842021724855e-016 -1 -0"/>
        </f>
        <f v="35 34 20" fn="-0 -1 -0">
            <n d="1.0842021724855e-016 -1 -0"/>
            <n d="1.0842021724855e-016 -1 -0"/>
            <n d="1.0842021724855e-016 -1 -0"/>
        </f>
        <f v="32 35 20" fn="0 -1 0">
            <n d="1.0842021724855e-016 -1 -0"/>
            <n d="1.0842021724855e-016 -1 -0"/>
            <n d="1.0842021724855e-016 -1 -0"/>
        </f>
        <f v="31 36 35" fn="-0 -1 -0">
            <n d="1.0842021724855e-016 -1 -0"/>
            <n d="1.0842021724855e-016 -1 -0"/>
            <n d="1.0842021724855e-016 -1 -0"/>
        </f>
        <f v="31 5 36" fn="-0 -1 0">
            <n d="1.0842021724855e-016 -1 -0"/>
            <n d="1.0842021724855e-016 -1 -0"/>
            <n d="1.0842021724855e-016 -1 -0"/>
        </f>
        <f v="32 31 35" fn="-0 -1 0">
            <n d="1.0842021724855e-016 -1 -0"/>
            <n d="1.0842021724855e-016 -1 -0"/>
            <n d="1.0842021724855e-016 -1 -0"/>
        </f>
        <f v="29 32 20" fn="0 -1 0">
            <n d="1.0842021724855e-016 -1 -0"/>
            <n d="1.0842021724855e-016 -1 -0"/>
            <n d="1.0842021724855e-016 -1 -0"/>
        </f>
        <f v="28 29 21" fn="-0 -1 0">
            <n d="1.0842021724855e-016 -1 -0"/>
            <n d="1.0842021724855e-016 -1 -0"/>
            <n d="1.0842021724855e-016 -1 -0"/>
        </f>
        <f v="30 4 33" fn="0 -1 0">
            <n d="1.0842021724855e-016 -1 -0"/>
            <n d="1.0842021724855e-016 -1 -0"/>
            <n d="1.0842021724855e-016 -1 -0"/>
        </f>
        <f v="30 33 32" fn="-0 -1 -0">
            <n d="1.0842021724855e-016 -1 -0"/>
            <n d="1.0842021724855e-016 -1 -0"/>
            <n d="1.0842021724855e-016 -1 -0"/>
        </f>
        <f v="29 30 32" fn="-0 -1 -0">
            <n d="1.0842021724855e-016 -1 -0"/>
            <n d="1.0842021724855e-016 -1 -0"/>
            <n d="1.0842021724855e-016 -1 -0"/>
        </f>
        <f v="28 21 1" fn="0 -1 0">
            <n d="1.0842021724855e-016 -1 -0"/>
            <n d="1.0842021724855e-016 -1 -0"/>
            <n d="1.0842021724855e-016 -1 -0"/>
        </f>
    </facets>
    <facets color="a4adb2">
        <f v="38 32 33" fn="1 0 0">
            <n d="1 -0 -0"/>
            <n d="1 -0 -0"/>
            <n d="1 -0 -0"/>
        </f>
        <f v="44 31 32" fn="1 0 0">
            <n d="1 -0 -0"/>
            <n d="1 -0 -0"/>
            <n d="1 -0 -0"/>
        </f>
        <f v="43 5 31" fn="1 0 -0">
            <n d="1 -0 -0"/>
            <n d="1 -0 -0"/>
            <n d="1 -0 -0"/>
        </f>
        <f v="44 43 31" fn="1 0 -0">
            <n d="1 -0 -0"/>
            <n d="1 -0 -0"/>
            <n d="1 -0 -0"/>
        </f>
        <f v="41 44 32" fn="1 0 0">
            <n d="1 -0 -0"/>
            <n d="1 -0 -0"/>
            <n d="1 -0 -0"/>
        </f>
        <f v="40 45 44" fn="1 -0 -0">
            <n d="1 -0 -0"/>
            <n d="1 -0 -0"/>
            <n d="1 -0 -0"/>
        </f>
        <f v="40 7 45" fn="1 -0 -0">
            <n d="1 -0 -0"/>
            <n d="1 -0 -0"/>
            <n d="1 -0 -0"/>
        </f>
        <f v="41 40 44" fn="1 -0 -0">
            <n d="1 -0 -0"/>
            <n d="1 -0 -0"/>
            <n d="1 -0 -0"/>
        </f>
        <f v="38 41 32" fn="1 0 -0">
            <n d="1 -0 -0"/>
            <n d="1 -0 -0"/>
            <n d="1 -0 -0"/>
        </f>
        <f v="39 42 41" fn="1 -0 -0">
            <n d="1 -0 -0"/>
            <n d="1 -0 -0"/>
            <n d="1 -0 -0"/>
        </f>
        <f v="39 6 42" fn="1 -0 -0">
            <n d="1 -0 -0"/>
            <n d="1 -0 -0"/>
            <n d="1 -0 -0"/>
        </f>
        <f v="37 38 33" fn="1 -0 -0">
            <n d="1 -0 -0"/>
            <n d="1 -0 -0"/>
            <n d="1 -0 -0"/>
        </f>
        <f v="38 39 41" fn="1 -0 -0">
            <n d="1 -0 -0"/>
            <n d="1 -0 -0"/>
            <n d="1 -0 -0"/>
        </f>
        <f v="37 33 4" fn="1 0 0">
            <n d="1 -0 -0"/>
            <n d="1 -0 -0"/>
            <n d="1 -0 -0"/>
        </f>
    </facets>
    <facets color="a4adb2">
        <f v="47 41 42" fn="1.85037170770859e-016 1 0">
            <n d="1.0842021724855e-016 1 -0"/>
            <n d="1.0842021724855e-016 1 -0"/>
            <n d="1.0842021724855e-016 1 -0"/>
        </f>
        <f v="49 40 41" fn="1.48029736616688e-016 1 -0">
            <n d="1.0842021724855e-016 1 -0"/>
            <n d="1.0842021724855e-016 1 -0"/>
            <n d="1.0842021724855e-016 1 -0"/>
        </f>
        <f v="49 7 40" fn="1.48029736616688e-016 1 -0">
            <n d="1.0842021724855e-016 1 -0"/>
            <n d="1.0842021724855e-016 1 -0"/>
            <n d="1.0842021724855e-016 1 -0"/>
        </f>
        <f v="50 49 41" fn="2.22044604925031e-016 1 2.22044604925031e-016">
            <n d="1.0842021724855e-016 1 -0"/>
            <n d="1.0842021724855e-016 1 -0"/>
            <n d="1.0842021724855e-016 1 -0"/>
        </f>
        <f v="26 50 41" fn="1.66533453693773e-016 1 -1.11022302462516e-016">
            <n d="1.0842021724855e-016 1 -0"/>
            <n d="1.0842021724855e-016 1 -0"/>
            <n d="1.0842021724855e-016 1 -0"/>
        </f>
        <f v="25 51 50" fn="1.48029736616688e-016 1 -0">
            <n d="1.0842021724855e-016 1 -0"/>
            <n d="1.0842021724855e-016 1 -0"/>
            <n d="1.0842021724855e-016 1 -0"/>
        </f>
        <f v="25 3 51" fn="1.48029736616688e-016 1 -0">
            <n d="1.0842021724855e-016 1 -0"/>
            <n d="1.0842021724855e-016 1 -0"/>
            <n d="1.0842021724855e-016 1 -0"/>
        </f>
        <f v="26 25 50" fn="1.48029736616688e-016 1 -0">
            <n d="1.0842021724855e-016 1 -0"/>
            <n d="1.0842021724855e-016 1 -0"/>
            <n d="1.0842021724855e-016 1 -0"/>
        </f>
        <f v="47 26 41" fn="1.66533453693773e-016 1 1.11022302462516e-016">
            <n d="1.0842021724855e-016 1 -0"/>
            <n d="1.0842021724855e-016 1 -0"/>
            <n d="1.0842021724855e-016 1 -0"/>
        </f>
        <f v="46 47 42" fn="2.22044604925031e-016 1 -4.44089209850063e-016">
            <n d="1.0842021724855e-016 1 -0"/>
            <n d="1.0842021724855e-016 1 -0"/>
            <n d="1.0842021724855e-016 1 -0"/>
        </f>
        <f v="48 0 27" fn="1.48029736616688e-016 1 0">
            <n d="1.0842021724855e-016 1 -0"/>
            <n d="1.0842021724855e-016 1 -0"/>
            <n d="1.0842021724855e-016 1 -0"/>
        </f>
        <f v="48 27 26" fn="1.48029736616688e-016 1 -0">
            <n d="1.0842021724855e-016 1 -0"/>
            <n d="1.0842021724855e-016 1 -0"/>
            <n d="1.0842021724855e-016 1 -0"/>
        </f>
        <f v="47 48 26" fn="1.48029736616688e-016 1 -0">
            <n d="1.0842021724855e-016 1 -0"/>
            <n d="1.0842021724855e-016 1 -0"/>
            <n d="1.0842021724855e-016 1 -0"/>
        </f>
        <f v="46 42 6" fn="1.48029736616688e-016 1 0">
            <n d="1.0842021724855e-016 1 -0"/>
            <n d="1.0842021724855e-016 1 -0"/>
            <n d="1.0842021724855e-016 1 -0"/>
        </f>
    </facets>
    <facets color="a4adb2">
        <f v="35 8 57" fn="-0 -0 1">
            <n d="0 0 1"/>
            <n d="0 0 1"/>
            <n d="0 0 1"/>
        </f>
        <f v="23 57 56" fn="-0 -0 1">
            <n d="0 0 1"/>
            <n d="0 0 1"/>
            <n d="0 0 1"/>
        </f>
        <f v="44 63 62" fn="-0 -0 1">
            <n d="0 0 1"/>
            <n d="0 0 1"/>
            <n d="0 0 1"/>
        </f>
        <f v="43 9 54" fn="-0 -0 1">
            <n d="0 0 1"/>
            <n d="0 0 1"/>
            <n d="0 0 1"/>
        </f>
        <f v="36 54 53" fn="-0 -0 1">
            <n d="0 0 1"/>
            <n d="0 0 1"/>
            <n d="0 0 1"/>
        </f>
        <f v="36 53 52" fn="-0 -0 1">
            <n d="0 0 1"/>
            <n d="0 0 1"/>
            <n d="0 0 1"/>
        </f>
        <f v="49 10 60" fn="-0 -0 1">
            <n d="0 0 1"/>
            <n d="0 0 1"/>
            <n d="0 0 1"/>
        </f>
        <f v="23 56 55" fn="-0 -0 1">
            <n d="0 0 1"/>
            <n d="0 0 1"/>
            <n d="0 0 1"/>
        </f>
        <f v="49 60 59" fn="-0 -0 1">
            <n d="0 0 1"/>
            <n d="0 0 1"/>
            <n d="0 0 1"/>
        </f>
        <f v="49 59 58" fn="-0 -0 1">
            <n d="0 0 1"/>
            <n d="0 0 1"/>
            <n d="0 0 1"/>
        </f>
        <f v="45 58 11" fn="0 0 1">
            <n d="0 0 1"/>
            <n d="0 0 1"/>
            <n d="0 0 1"/>
        </f>
        <f v="44 62 61" fn="0 -0 1">
            <n d="0 0 1"/>
            <n d="0 0 1"/>
            <n d="0 0 1"/>
        </f>
        <f v="50 55 10" fn="0 0 1">
            <n d="0 0 1"/>
            <n d="0 0 1"/>
            <n d="0 0 1"/>
        </f>
        <f v="51 22 23" fn="-0 -0 1">
            <n d="0 0 1"/>
            <n d="0 0 1"/>
            <n d="0 0 1"/>
        </f>
        <f v="50 23 55" fn="0 0 1">
            <n d="0 0 1"/>
            <n d="0 0 1"/>
            <n d="0 0 1"/>
        </f>
        <f v="35 57 23" fn="-0 -0 1">
            <n d="0 0 1"/>
            <n d="0 0 1"/>
            <n d="0 0 1"/>
        </f>
        <f v="34 23 24" fn="0 0 1">
            <n d="0 0 1"/>
            <n d="0 0 1"/>
            <n d="0 0 1"/>
        </f>
        <f v="36 52 8" fn="-0 -0 1">
            <n d="0 0 1"/>
            <n d="0 0 1"/>
            <n d="0 0 1"/>
        </f>
        <f v="34 24 2" fn="0 0 1">
            <n d="0 0 1"/>
            <n d="0 0 1"/>
            <n d="0 0 1"/>
        </f>
        <f v="35 23 34" fn="0 0 1">
            <n d="0 0 1"/>
            <n d="0 0 1"/>
            <n d="0 0 1"/>
        </f>
        <f v="36 8 35" fn="0 -0 1">
            <n d="0 0 1"/>
            <n d="0 0 1"/>
            <n d="0 0 1"/>
        </f>
        <f v="5 54 36" fn="0 0 1">
            <n d="0 0 1"/>
            <n d="0 0 1"/>
            <n d="0 0 1"/>
        </f>
        <f v="43 61 9" fn="-0 -0 1">
            <n d="0 0 1"/>
            <n d="0 0 1"/>
            <n d="0 0 1"/>
        </f>
        <f v="43 54 5" fn="0 0 1">
            <n d="0 0 1"/>
            <n d="0 0 1"/>
            <n d="0 0 1"/>
        </f>
        <f v="45 11 63" fn="-0 -0 1">
            <n d="0 0 1"/>
            <n d="0 0 1"/>
            <n d="0 0 1"/>
        </f>
        <f v="44 61 43" fn="0 0 1">
            <n d="0 0 1"/>
            <n d="0 0 1"/>
            <n d="0 0 1"/>
        </f>
        <f v="45 63 44" fn="0 0 1">
            <n d="0 0 1"/>
            <n d="0 0 1"/>
            <n d="0 0 1"/>
        </f>
        <f v="7 58 45" fn="0 0 1">
            <n d="0 0 1"/>
            <n d="0 0 1"/>
            <n d="0 0 1"/>
        </f>
        <f v="49 58 7" fn="0 0 1">
            <n d="0 0 1"/>
            <n d="0 0 1"/>
            <n d="0 0 1"/>
        </f>
        <f v="50 10 49" fn="0 0 1">
            <n d="0 0 1"/>
            <n d="0 0 1"/>
            <n d="0 0 1"/>
        </f>
        <f v="51 23 50" fn="0 0 1">
            <n d="0 0 1"/>
            <n d="0 0 1"/>
            <n d="0 0 1"/>
        </f>
        <f v="51 3 22" fn="0 -0 1">
            <n d="0 0 1"/>
            <n d="0 0 1"/>
            <n d="0 0 1"/>
        </f>
    </facets>
    <facets color="a4adb2">
        <f v="17 29 28" fn="0 0 -1">
            <n d="-0 -0 -1"/>
            <n d="-0 -0 -1"/>
            <n d="-0 -0 -1"/>
        </f>
        <f v="38 30 29" fn="0 0 -1">
            <n d="-0 -0 -1"/>
            <n d="-0 -0 -1"/>
            <n d="-0 -0 -1"/>
        </f>
        <f v="37 4 30" fn="-0 -0 -1">
            <n d="-0 -0 -1"/>
            <n d="-0 -0 -1"/>
            <n d="-0 -0 -1"/>
        </f>
        <f v="38 37 30" fn="-0 -0 -1">
            <n d="-0 -0 -1"/>
            <n d="-0 -0 -1"/>
            <n d="-0 -0 -1"/>
        </f>
        <f v="47 38 29" fn="0 0 -1">
            <n d="-0 -0 -1"/>
            <n d="-0 -0 -1"/>
            <n d="-0 -0 -1"/>
        </f>
        <f v="46 39 38" fn="-0 -0 -1">
            <n d="-0 -0 -1"/>
            <n d="-0 -0 -1"/>
            <n d="-0 -0 -1"/>
        </f>
        <f v="46 6 39" fn="-0 -0 -1">
            <n d="-0 -0 -1"/>
            <n d="-0 -0 -1"/>
            <n d="-0 -0 -1"/>
        </f>
        <f v="47 46 38" fn="-0 -0 -1">
            <n d="-0 -0 -1"/>
            <n d="-0 -0 -1"/>
            <n d="-0 -0 -1"/>
        </f>
        <f v="17 47 29" fn="0 0 -1">
            <n d="-0 -0 -1"/>
            <n d="-0 -0 -1"/>
            <n d="-0 -0 -1"/>
        </f>
        <f v="17 48 47" fn="0 0 -1">
            <n d="-0 -0 -1"/>
            <n d="-0 -0 -1"/>
            <n d="-0 -0 -1"/>
        </f>
        <f v="16 0 48" fn="-0 -0 -1">
            <n d="-0 -0 -1"/>
            <n d="-0 -0 -1"/>
            <n d="-0 -0 -1"/>
        </f>
        <f v="18 17 28" fn="0 -0 -1">
            <n d="-0 -0 -1"/>
            <n d="-0 -0 -1"/>
            <n d="-0 -0 -1"/>
        </f>
        <f v="17 16 48" fn="-0 -0 -1">
            <n d="-0 -0 -1"/>
            <n d="-0 -0 -1"/>
            <n d="-0 -0 -1"/>
        </f>
        <f v="18 28 1" fn="0 0 -1">
            <n d="-0 -0 -1"/>
            <n d="-0 -0 -1"/>
            <n d="-0 -0 -1"/>
        </f>
    </facets>
    <facets color="a4adb2">
        <f v="52 71 72" fn="0 1 0">
            <n d="-1.35525271560688e-016 1 -0"/>
            <n d="-1.35525271560688e-016 1 -0"/>
            <n d="-1.35525271560688e-016 1 -0"/>
        </f>
        <f v="67 13 70" fn="0 1 0">
            <n d="-1.35525271560688e-016 1 -0"/>
            <n d="-1.35525271560688e-016 1 -0"/>
            <n d="-1.35525271560688e-016 1 -0"/>
        </f>
        <f v="67 70 71" fn="-0 1 -0">
            <n d="-1.35525271560688e-016 1 -0"/>
            <n d="-1.35525271560688e-016 1 -0"/>
            <n d="-1.35525271560688e-016 1 -0"/>
        </f>
        <f v="68 67 71" fn="-0 1 -0">
            <n d="-1.35525271560688e-016 1 -0"/>
            <n d="-1.35525271560688e-016 1 -0"/>
            <n d="-1.35525271560688e-016 1 -0"/>
        </f>
        <f v="65 68 71" fn="0 1 0">
            <n d="-1.35525271560688e-016 1 -0"/>
            <n d="-1.35525271560688e-016 1 -0"/>
            <n d="-1.35525271560688e-016 1 -0"/>
        </f>
        <f v="65 69 68" fn="0 1 0">
            <n d="-1.35525271560688e-016 1 -0"/>
            <n d="-1.35525271560688e-016 1 -0"/>
            <n d="-1.35525271560688e-016 1 -0"/>
        </f>
        <f v="64 12 69" fn="-0 1 0">
            <n d="-1.35525271560688e-016 1 -0"/>
            <n d="-1.35525271560688e-016 1 -0"/>
            <n d="-1.35525271560688e-016 1 -0"/>
        </f>
        <f v="65 64 69" fn="-0 1 0">
            <n d="-1.35525271560688e-016 1 -0"/>
            <n d="-1.35525271560688e-016 1 -0"/>
            <n d="-1.35525271560688e-016 1 -0"/>
        </f>
        <f v="53 65 71" fn="0 1 0">
            <n d="-1.35525271560688e-016 1 -0"/>
            <n d="-1.35525271560688e-016 1 -0"/>
            <n d="-1.35525271560688e-016 1 -0"/>
        </f>
        <f v="54 66 65" fn="-0 1 -0">
            <n d="-1.35525271560688e-016 1 -0"/>
            <n d="-1.35525271560688e-016 1 -0"/>
            <n d="-1.35525271560688e-016 1 -0"/>
        </f>
        <f v="54 9 66" fn="-0 1 -0">
            <n d="-1.35525271560688e-016 1 -0"/>
            <n d="-1.35525271560688e-016 1 -0"/>
            <n d="-1.35525271560688e-016 1 -0"/>
        </f>
        <f v="52 53 71" fn="-0 1 0">
            <n d="-1.35525271560688e-016 1 -0"/>
            <n d="-1.35525271560688e-016 1 -0"/>
            <n d="-1.35525271560688e-016 1 -0"/>
        </f>
        <f v="53 54 65" fn="-0 1 -0">
            <n d="-1.35525271560688e-016 1 -0"/>
            <n d="-1.35525271560688e-016 1 -0"/>
            <n d="-1.35525271560688e-016 1 -0"/>
        </f>
        <f v="52 72 8" fn="0 1 0">
            <n d="-1.35525271560688e-016 1 -0"/>
            <n d="-1.35525271560688e-016 1 -0"/>
            <n d="-1.35525271560688e-016 1 -0"/>
        </f>
    </facets>
    <facets color="a4adb2">
        <f v="62 65 66" fn="-1 0 0">
            <n d="-1 -0 -0"/>
            <n d="-1 -0 -0"/>
            <n d="-1 -0 -0"/>
        </f>
        <f v="77 64 65" fn="-1 0 0">
            <n d="-1 -0 -0"/>
            <n d="-1 -0 -0"/>
            <n d="-1 -0 -0"/>
        </f>
        <f v="76 12 64" fn="-1 -0 -0">
            <n d="-1 -0 -0"/>
            <n d="-1 -0 -0"/>
            <n d="-1 -0 -0"/>
        </f>
        <f v="77 76 64" fn="-1 -0 -0">
            <n d="-1 -0 -0"/>
            <n d="-1 -0 -0"/>
            <n d="-1 -0 -0"/>
        </f>
        <f v="74 77 65" fn="-1 -0 0">
            <n d="-1 -0 -0"/>
            <n d="-1 -0 -0"/>
            <n d="-1 -0 -0"/>
        </f>
        <f v="73 78 77" fn="-1 -0 -0">
            <n d="-1 -0 -0"/>
            <n d="-1 -0 -0"/>
            <n d="-1 -0 -0"/>
        </f>
        <f v="73 14 78" fn="-1 -0 -0">
            <n d="-1 -0 -0"/>
            <n d="-1 -0 -0"/>
            <n d="-1 -0 -0"/>
        </f>
        <f v="74 73 77" fn="-1 -0 -0">
            <n d="-1 -0 -0"/>
            <n d="-1 -0 -0"/>
            <n d="-1 -0 -0"/>
        </f>
        <f v="62 74 65" fn="-1 0 -0">
            <n d="-1 -0 -0"/>
            <n d="-1 -0 -0"/>
            <n d="-1 -0 -0"/>
        </f>
        <f v="62 75 74" fn="-1 0 0">
            <n d="-1 -0 -0"/>
            <n d="-1 -0 -0"/>
            <n d="-1 -0 -0"/>
        </f>
        <f v="63 11 75" fn="-1 0 -0">
            <n d="-1 -0 -0"/>
            <n d="-1 -0 -0"/>
            <n d="-1 -0 -0"/>
        </f>
        <f v="61 62 66" fn="-1 0 -0">
            <n d="-1 -0 -0"/>
            <n d="-1 -0 -0"/>
            <n d="-1 -0 -0"/>
        </f>
        <f v="62 63 75" fn="-1 0 -0">
            <n d="-1 -0 -0"/>
            <n d="-1 -0 -0"/>
            <n d="-1 -0 -0"/>
        </f>
        <f v="61 66 9" fn="-1 -0 0">
            <n d="-1 -0 -0"/>
            <n d="-1 -0 -0"/>
            <n d="-1 -0 -0"/>
        </f>
    </facets>
    <facets color="a4adb2">
        <f v="58 74 75" fn="0 -1 0">
            <n d="1.35525271560688e-016 -1 -0"/>
            <n d="1.35525271560688e-016 -1 -0"/>
            <n d="1.35525271560688e-016 -1 -0"/>
        </f>
        <f v="82 14 73" fn="0 -1 0">
            <n d="1.35525271560688e-016 -1 -0"/>
            <n d="1.35525271560688e-016 -1 -0"/>
            <n d="1.35525271560688e-016 -1 -0"/>
        </f>
        <f v="82 73 74" fn="-0 -1 -0">
            <n d="1.35525271560688e-016 -1 -0"/>
            <n d="1.35525271560688e-016 -1 -0"/>
            <n d="1.35525271560688e-016 -1 -0"/>
        </f>
        <f v="83 82 74" fn="-0 -1 -0">
            <n d="1.35525271560688e-016 -1 -0"/>
            <n d="1.35525271560688e-016 -1 -0"/>
            <n d="1.35525271560688e-016 -1 -0"/>
        </f>
        <f v="80 83 74" fn="0 -1 0">
            <n d="1.35525271560688e-016 -1 -0"/>
            <n d="1.35525271560688e-016 -1 -0"/>
            <n d="1.35525271560688e-016 -1 -0"/>
        </f>
        <f v="79 84 83" fn="-0 -1 -0">
            <n d="1.35525271560688e-016 -1 -0"/>
            <n d="1.35525271560688e-016 -1 -0"/>
            <n d="1.35525271560688e-016 -1 -0"/>
        </f>
        <f v="79 15 84" fn="-0 -1 -0">
            <n d="1.35525271560688e-016 -1 -0"/>
            <n d="1.35525271560688e-016 -1 -0"/>
            <n d="1.35525271560688e-016 -1 -0"/>
        </f>
        <f v="80 79 83" fn="-0 -1 -0">
            <n d="1.35525271560688e-016 -1 -0"/>
            <n d="1.35525271560688e-016 -1 -0"/>
            <n d="1.35525271560688e-016 -1 -0"/>
        </f>
        <f v="59 80 74" fn="0 -1 -0">
            <n d="1.35525271560688e-016 -1 -0"/>
            <n d="1.35525271560688e-016 -1 -0"/>
            <n d="1.35525271560688e-016 -1 -0"/>
        </f>
        <f v="60 81 80" fn="-0 -1 -0">
            <n d="1.35525271560688e-016 -1 -0"/>
            <n d="1.35525271560688e-016 -1 -0"/>
            <n d="1.35525271560688e-016 -1 -0"/>
        </f>
        <f v="60 10 81" fn="-0 -1 -0">
            <n d="1.35525271560688e-016 -1 -0"/>
            <n d="1.35525271560688e-016 -1 -0"/>
            <n d="1.35525271560688e-016 -1 -0"/>
        </f>
        <f v="58 59 74" fn="-0 -1 -0">
            <n d="1.35525271560688e-016 -1 -0"/>
            <n d="1.35525271560688e-016 -1 -0"/>
            <n d="1.35525271560688e-016 -1 -0"/>
        </f>
        <f v="59 60 80" fn="-0 -1 -0">
            <n d="1.35525271560688e-016 -1 -0"/>
            <n d="1.35525271560688e-016 -1 -0"/>
            <n d="1.35525271560688e-016 -1 -0"/>
        </f>
        <f v="58 75 11" fn="0 -1 0">
            <n d="1.35525271560688e-016 -1 -0"/>
            <n d="1.35525271560688e-016 -1 -0"/>
            <n d="1.35525271560688e-016 -1 -0"/>
        </f>
    </facets>
    <facets color="a4adb2">
        <f v="56 80 81" fn="1 0 0">
            <n d="1 -0 -0"/>
            <n d="1 -0 -0"/>
            <n d="1 -0 -0"/>
        </f>
        <f v="85 15 79" fn="1 0 0">
            <n d="1 -0 -0"/>
            <n d="1 -0 -0"/>
            <n d="1 -0 -0"/>
        </f>
        <f v="86 79 80" fn="1 0 0">
            <n d="1 -0 -0"/>
            <n d="1 -0 -0"/>
            <n d="1 -0 -0"/>
        </f>
        <f v="86 85 79" fn="1 -0 -0">
            <n d="1 -0 -0"/>
            <n d="1 -0 -0"/>
            <n d="1 -0 -0"/>
        </f>
        <f v="71 86 80" fn="1 -0 0">
            <n d="1 -0 -0"/>
            <n d="1 -0 -0"/>
            <n d="1 -0 -0"/>
        </f>
        <f v="70 87 86" fn="1 -0 -0">
            <n d="1 -0 -0"/>
            <n d="1 -0 -0"/>
            <n d="1 -0 -0"/>
        </f>
        <f v="70 13 87" fn="1 -0 -0">
            <n d="1 -0 -0"/>
            <n d="1 -0 -0"/>
            <n d="1 -0 -0"/>
        </f>
        <f v="71 70 86" fn="1 -0 -0">
            <n d="1 -0 -0"/>
            <n d="1 -0 -0"/>
            <n d="1 -0 -0"/>
        </f>
        <f v="56 71 80" fn="1 0 0">
            <n d="1 -0 -0"/>
            <n d="1 -0 -0"/>
            <n d="1 -0 -0"/>
        </f>
        <f v="55 56 81" fn="1 0 0">
            <n d="1 -0 -0"/>
            <n d="1 -0 -0"/>
            <n d="1 -0 -0"/>
        </f>
        <f v="57 8 72" fn="1 0 0">
            <n d="1 -0 -0"/>
            <n d="1 -0 -0"/>
            <n d="1 -0 -0"/>
        </f>
        <f v="56 72 71" fn="1 0 0">
            <n d="1 -0 -0"/>
            <n d="1 -0 -0"/>
            <n d="1 -0 -0"/>
        </f>
        <f v="56 57 72" fn="1 0 -0">
            <n d="1 -0 -0"/>
            <n d="1 -0 -0"/>
            <n d="1 -0 -0"/>
        </f>
        <f v="55 81 10" fn="1 -0 0">
            <n d="1 -0 -0"/>
            <n d="1 -0 -0"/>
            <n d="1 -0 -0"/>
        </f>
    </facets>
    <facets color="a4adb2">
        <f v="86 67 68" fn="-0 -0 1">
            <n d="0 0 1"/>
            <n d="0 0 1"/>
            <n d="0 0 1"/>
        </f>
        <f v="77 68 69" fn="-0 -0 1">
            <n d="0 0 1"/>
            <n d="0 0 1"/>
            <n d="0 0 1"/>
        </f>
        <f v="76 69 12" fn="0 0 1">
            <n d="0 0 1"/>
            <n d="0 0 1"/>
            <n d="0 0 1"/>
        </f>
        <f v="77 69 76" fn="0 0 1">
            <n d="0 0 1"/>
            <n d="0 0 1"/>
            <n d="0 0 1"/>
        </f>
        <f v="86 68 77" fn="-0 -0 1">
            <n d="0 0 1"/>
            <n d="0 0 1"/>
            <n d="0 0 1"/>
        </f>
        <f v="82 77 78" fn="0 0 1">
            <n d="0 0 1"/>
            <n d="0 0 1"/>
            <n d="0 0 1"/>
        </f>
        <f v="82 78 14" fn="-0 0 1">
            <n d="0 0 1"/>
            <n d="0 0 1"/>
            <n d="0 0 1"/>
        </f>
        <f v="83 77 82" fn="-0 0 1">
            <n d="0 0 1"/>
            <n d="0 0 1"/>
            <n d="0 0 1"/>
        </f>
        <f v="86 77 83" fn="0 0 1">
            <n d="0 0 1"/>
            <n d="0 0 1"/>
            <n d="0 0 1"/>
        </f>
        <f v="86 83 84" fn="-0 -0 1">
            <n d="0 0 1"/>
            <n d="0 0 1"/>
            <n d="0 0 1"/>
        </f>
        <f v="85 84 15" fn="0 0 1">
            <n d="0 0 1"/>
            <n d="0 0 1"/>
            <n d="0 0 1"/>
        </f>
        <f v="87 67 86" fn="-0 0 1">
            <n d="0 0 1"/>
            <n d="0 0 1"/>
            <n d="0 0 1"/>
        </f>
        <f v="86 84 85" fn="0 0 1">
            <n d="0 0 1"/>
            <n d="0 0 1"/>
            <n d="0 0 1"/>
        </f>
        <f v="87 13 67" fn="-0 -0 1">
            <n d="0 0 1"/>
            <n d="0 0 1"/>
            <n d="0 0 1"/>
        </f>
    </facets>
</shell>
<shell id="id524" color="ffffff">
    <verts>
        <v p="-3.5 1 -0.5"/>
        <v p="-3.5 -1 -0.5"/>
        <v p="-3.5 -1 0.5"/>
        <v p="-3.5 1 0.5"/>
        <v p="-3 -1 -0.5"/>
        <v p="-3 -1 0.5"/>
        <v p="-3 1 -0.5"/>
        <v p="-3 1 0.5"/>
        <v p="-3.5 0.5 -0.5"/>
        <v p="-3.5 0 -0.5"/>
        <v p="-3.5 -0.5 -0.5"/>
        <v p="-3.5 -1 0.25"/>
        <v p="-3.5 -1 0"/>
        <v p="-3.5 -1 -0.25"/>
        <v p="-3.5 0.5 0.5"/>
        <v p="-3.5 0 0.5"/>
        <v p="-3.5 -0.5 0.5"/>
        <v p="-3.5 1 0.25"/>
        <v p="-3.5 1 0"/>
        <v p="-3.5 1 -0.25"/>
        <v p="-3.375 -1 -0.5"/>
        <v p="-3.25 -1 -0.5"/>
        <v p="-3.125 -1 -0.5"/>
        <v p="-3 -1 0.25"/>
        <v p="-3 -1 0"/>
        <v p="-3 -1 -0.25"/>
        <v p="-3.375 -1 0.5"/>
        <v p="-3.25 -1 0.5"/>
        <v p="-3.125 -1 0.5"/>
        <v p="-3 -0.5 -0.5"/>
        <v p="-3 0 -0.5"/>
        <v p="-3 0.5 -0.5"/>
        <v p="-3 1 0.25"/>
        <v p="-3 1 0"/>
        <v p="-3 1 -0.25"/>
        <v p="-3 -0.5 0.5"/>
        <v p="-3 0 0.5"/>
        <v p="-3 0.5 0.5"/>
        <v p="-3.125 1 -0.5"/>
        <v p="-3.25 1 -0.5"/>
        <v p="-3.375 1 -0.5"/>
        <v p="-3.125 1 0.5"/>
        <v p="-3.25 1 0.5"/>
        <v p="-3.375 1 0.5"/>
    </verts>
    <facets color="ffffff">
        <f v="9 18 19" fn="-1 0 0">
            <n d="-1 -2.16840434497101e-016 -0"/>
            <n d="-1 -2.16840434497101e-016 -0"/>
            <n d="-1 -2.16840434497101e-016 -0"/>
        </f>
        <f v="14 17 18" fn="-1 -0 -0">
            <n d="-1 -2.16840434497101e-016 -0"/>
            <n d="-1 -2.16840434497101e-016 -0"/>
            <n d="-1 -2.16840434497101e-016 -0"/>
        </f>
        <f v="14 3 17" fn="-1 0 -0">
            <n d="-1 -2.16840434497101e-016 -0"/>
            <n d="-1 -2.16840434497101e-016 -0"/>
            <n d="-1 -2.16840434497101e-016 -0"/>
        </f>
        <f v="15 14 18" fn="-1 0 -0">
            <n d="-1 -2.16840434497101e-016 -0"/>
            <n d="-1 -2.16840434497101e-016 -0"/>
            <n d="-1 -2.16840434497101e-016 -0"/>
        </f>
        <f v="12 15 18" fn="-1 0 0">
            <n d="-1 -2.16840434497101e-016 -0"/>
            <n d="-1 -2.16840434497101e-016 -0"/>
            <n d="-1 -2.16840434497101e-016 -0"/>
        </f>
        <f v="11 16 15" fn="-1 -0 -0">
            <n d="-1 -2.16840434497101e-016 -0"/>
            <n d="-1 -2.16840434497101e-016 -0"/>
            <n d="-1 -2.16840434497101e-016 -0"/>
        </f>
        <f v="11 2 16" fn="-1 -0 -0">
            <n d="-1 -2.16840434497101e-016 -0"/>
            <n d="-1 -2.16840434497101e-016 -0"/>
            <n d="-1 -2.16840434497101e-016 -0"/>
        </f>
        <f v="12 11 15" fn="-1 -0 -0">
            <n d="-1 -2.16840434497101e-016 -0"/>
            <n d="-1 -2.16840434497101e-016 -0"/>
            <n d="-1 -2.16840434497101e-016 -0"/>
        </f>
        <f v="9 12 18" fn="-1 0 0">
            <n d="-1 -2.16840434497101e-016 -0"/>
            <n d="-1 -2.16840434497101e-016 -0"/>
            <n d="-1 -2.16840434497101e-016 -0"/>
        </f>
        <f v="8 9 19" fn="-1 -0 0">
            <n d="-1 -2.16840434497101e-016 -0"/>
            <n d="-1 -2.16840434497101e-016 -0"/>
            <n d="-1 -2.16840434497101e-016 -0"/>
        </f>
        <f v="10 1 13" fn="-1 0 0">
            <n d="-1 -2.16840434497101e-016 -0"/>
            <n d="-1 -2.16840434497101e-016 -0"/>
            <n d="-1 -2.16840434497101e-016 -0"/>
        </f>
        <f v="10 13 12" fn="-1 -0 -0">
            <n d="-1 -2.16840434497101e-016 -0"/>
            <n d="-1 -2.16840434497101e-016 -0"/>
            <n d="-1 -2.16840434497101e-016 -0"/>
        </f>
        <f v="9 10 12" fn="-1 -0 -0">
            <n d="-1 -2.16840434497101e-016 -0"/>
            <n d="-1 -2.16840434497101e-016 -0"/>
            <n d="-1 -2.16840434497101e-016 -0"/>
        </f>
        <f v="8 19 0" fn="-1 0 0">
            <n d="-1 -2.16840434497101e-016 -0"/>
            <n d="-1 -2.16840434497101e-016 -0"/>
            <n d="-1 -2.16840434497101e-016 -0"/>
        </f>
    </facets>
    <facets color="ffffff">
        <f v="21 12 13" fn="0 -1 0">
            <n d="-0 -1 -0"/>
            <n d="-0 -1 -0"/>
            <n d="-0 -1 -0"/>
        </f>
        <f v="26 11 12" fn="-0 -1 -0">
            <n d="-0 -1 -0"/>
            <n d="-0 -1 -0"/>
            <n d="-0 -1 -0"/>
        </f>
        <f v="26 2 11" fn="-0 -1 -0">
            <n d="-0 -1 -0"/>
            <n d="-0 -1 -0"/>
            <n d="-0 -1 -0"/>
        </f>
        <f v="27 26 12" fn="-0 -1 -0">
            <n d="-0 -1 -0"/>
            <n d="-0 -1 -0"/>
            <n d="-0 -1 -0"/>
        </f>
        <f v="24 27 12" fn="0 -1 0">
            <n d="-0 -1 -0"/>
            <n d="-0 -1 -0"/>
            <n d="-0 -1 -0"/>
        </f>
        <f v="23 28 27" fn="-0 -1 -0">
            <n d="-0 -1 -0"/>
            <n d="-0 -1 -0"/>
            <n d="-0 -1 -0"/>
        </f>
        <f v="23 5 28" fn="-0 -1 0">
            <n d="-0 -1 -0"/>
            <n d="-0 -1 -0"/>
            <n d="-0 -1 -0"/>
        </f>
        <f v="24 23 27" fn="-0 -1 0">
            <n d="-0 -1 -0"/>
            <n d="-0 -1 -0"/>
            <n d="-0 -1 -0"/>
        </f>
        <f v="21 24 12" fn="0 -1 0">
            <n d="-0 -1 -0"/>
            <n d="-0 -1 -0"/>
            <n d="-0 -1 -0"/>
        </f>
        <f v="22 25 24" fn="-0 -1 -0">
            <n d="-0 -1 -0"/>
            <n d="-0 -1 -0"/>
            <n d="-0 -1 -0"/>
        </f>
        <f v="22 4 25" fn="-0 -1 -0">
            <n d="-0 -1 -0"/>
            <n d="-0 -1 -0"/>
            <n d="-0 -1 -0"/>
        </f>
        <f v="20 21 13" fn="-0 -1 0">
            <n d="-0 -1 -0"/>
            <n d="-0 -1 -0"/>
            <n d="-0 -1 -0"/>
        </f>
        <f v="21 22 24" fn="-0 -1 -0">
            <n d="-0 -1 -0"/>
            <n d="-0 -1 -0"/>
            <n d="-0 -1 -0"/>
        </f>
        <f v="20 13 1" fn="0 -1 0">
            <n d="-0 -1 -0"/>
            <n d="-0 -1 -0"/>
            <n d="-0 -1 -0"/>
        </f>
    </facets>
    <facets color="ffffff">
        <f v="30 24 25" fn="1 0 0">
            <n d="1 -0 -0"/>
            <n d="1 -0 -0"/>
            <n d="1 -0 -0"/>
        </f>
        <f v="35 23 24" fn="1 -0 -0">
            <n d="1 -0 -0"/>
            <n d="1 -0 -0"/>
            <n d="1 -0 -0"/>
        </f>
        <f v="35 5 23" fn="1 0 -0">
            <n d="1 -0 -0"/>
            <n d="1 -0 -0"/>
            <n d="1 -0 -0"/>
        </f>
        <f v="36 35 24" fn="1 0 -0">
            <n d="1 -0 -0"/>
            <n d="1 -0 -0"/>
            <n d="1 -0 -0"/>
        </f>
        <f v="33 36 24" fn="1 0 0">
            <n d="1 -0 -0"/>
            <n d="1 -0 -0"/>
            <n d="1 -0 -0"/>
        </f>
        <f v="32 37 36" fn="1 -0 -0">
            <n d="1 -0 -0"/>
            <n d="1 -0 -0"/>
            <n d="1 -0 -0"/>
        </f>
        <f v="32 7 37" fn="1 -0 -0">
            <n d="1 -0 -0"/>
            <n d="1 -0 -0"/>
            <n d="1 -0 -0"/>
        </f>
        <f v="33 32 36" fn="1 -0 -0">
            <n d="1 -0 -0"/>
            <n d="1 -0 -0"/>
            <n d="1 -0 -0"/>
        </f>
        <f v="30 33 24" fn="1 0 -0">
            <n d="1 -0 -0"/>
            <n d="1 -0 -0"/>
            <n d="1 -0 -0"/>
        </f>
        <f v="31 34 33" fn="1 -0 -0">
            <n d="1 -0 -0"/>
            <n d="1 -0 -0"/>
            <n d="1 -0 -0"/>
        </f>
        <f v="31 6 34" fn="1 -0 -0">
            <n d="1 -0 -0"/>
            <n d="1 -0 -0"/>
            <n d="1 -0 -0"/>
        </f>
        <f v="29 30 25" fn="1 -0 -0">
            <n d="1 -0 -0"/>
            <n d="1 -0 -0"/>
            <n d="1 -0 -0"/>
        </f>
        <f v="30 31 33" fn="1 -0 -0">
            <n d="1 -0 -0"/>
            <n d="1 -0 -0"/>
            <n d="1 -0 -0"/>
        </f>
        <f v="29 25 4" fn="1 0 0">
            <n d="1 -0 -0"/>
            <n d="1 -0 -0"/>
            <n d="1 -0 -0"/>
        </f>
    </facets>
    <facets color="ffffff">
        <f v="39 33 34" fn="0 1 0">
            <n d="8.67361737988404e-016 1 -0"/>
            <n d="8.67361737988404e-016 1 -0"/>
            <n d="8.67361737988404e-016 1 -0"/>
        </f>
        <f v="41 32 33" fn="-0 1 -0">
            <n d="8.67361737988404e-016 1 -0"/>
            <n d="8.67361737988404e-016 1 -0"/>
            <n d="8.67361737988404e-016 1 -0"/>
        </f>
        <f v="41 7 32" fn="-0 1 -0">
            <n d="8.67361737988404e-016 1 -0"/>
            <n d="8.67361737988404e-016 1 -0"/>
            <n d="8.67361737988404e-016 1 -0"/>
        </f>
        <f v="42 41 33" fn="-0 1 -0">
            <n d="8.67361737988404e-016 1 -0"/>
            <n d="8.67361737988404e-016 1 -0"/>
            <n d="8.67361737988404e-016 1 -0"/>
        </f>
        <f v="18 42 33" fn="0 1 0">
            <n d="8.67361737988404e-016 1 -0"/>
            <n d="8.67361737988404e-016 1 -0"/>
            <n d="8.67361737988404e-016 1 -0"/>
        </f>
        <f v="17 43 42" fn="-0 1 -0">
            <n d="8.67361737988404e-016 1 -0"/>
            <n d="8.67361737988404e-016 1 -0"/>
            <n d="8.67361737988404e-016 1 -0"/>
        </f>
        <f v="17 3 43" fn="-0 1 -0">
            <n d="8.67361737988404e-016 1 -0"/>
            <n d="8.67361737988404e-016 1 -0"/>
            <n d="8.67361737988404e-016 1 -0"/>
        </f>
        <f v="18 17 42" fn="-0 1 -0">
            <n d="8.67361737988404e-016 1 -0"/>
            <n d="8.67361737988404e-016 1 -0"/>
            <n d="8.67361737988404e-016 1 -0"/>
        </f>
        <f v="39 18 33" fn="0 1 -0">
            <n d="8.67361737988404e-016 1 -0"/>
            <n d="8.67361737988404e-016 1 -0"/>
            <n d="8.67361737988404e-016 1 -0"/>
        </f>
        <f v="38 39 34" fn="-0 1 -0">
            <n d="8.67361737988404e-016 1 -0"/>
            <n d="8.67361737988404e-016 1 -0"/>
            <n d="8.67361737988404e-016 1 -0"/>
        </f>
        <f v="40 0 19" fn="0 1 0">
            <n d="8.67361737988404e-016 1 -0"/>
            <n d="8.67361737988404e-016 1 -0"/>
            <n d="8.67361737988404e-016 1 -0"/>
        </f>
        <f v="40 19 18" fn="-0 1 -0">
            <n d="8.67361737988404e-016 1 -0"/>
            <n d="8.67361737988404e-016 1 -0"/>
            <n d="8.67361737988404e-016 1 -0"/>
        </f>
        <f v="39 40 18" fn="-0 1 -0">
            <n d="8.67361737988404e-016 1 -0"/>
            <n d="8.67361737988404e-016 1 -0"/>
            <n d="8.67361737988404e-016 1 -0"/>
        </f>
        <f v="38 34 6" fn="0 1 0">
            <n d="8.67361737988404e-016 1 -0"/>
            <n d="8.67361737988404e-016 1 -0"/>
            <n d="8.67361737988404e-016 1 -0"/>
        </f>
    </facets>
    <facets color="ffffff">
        <f v="42 14 15" fn="-0 -0 1">
            <n d="0 0 1"/>
            <n d="0 0 1"/>
            <n d="0 0 1"/>
        </f>
        <f v="26 16 2" fn="-0 -0 1">
            <n d="0 0 1"/>
            <n d="0 0 1"/>
            <n d="0 0 1"/>
        </f>
        <f v="26 15 16" fn="0 0 1">
            <n d="0 0 1"/>
            <n d="0 0 1"/>
            <n d="0 0 1"/>
        </f>
        <f v="27 15 26" fn="0 0 1">
            <n d="0 0 1"/>
            <n d="0 0 1"/>
            <n d="0 0 1"/>
        </f>
        <f v="36 15 27" fn="0 -0 1">
            <n d="0 0 1"/>
            <n d="0 0 1"/>
            <n d="0 0 1"/>
        </f>
        <f v="35 27 28" fn="0 0 1">
            <n d="0 0 1"/>
            <n d="0 0 1"/>
            <n d="0 0 1"/>
        </f>
        <f v="35 28 5" fn="0 0 1">
            <n d="0 0 1"/>
            <n d="0 0 1"/>
            <n d="0 0 1"/>
        </f>
        <f v="36 27 35" fn="0 0 1">
            <n d="0 0 1"/>
            <n d="0 0 1"/>
            <n d="0 0 1"/>
        </f>
        <f v="42 15 36" fn="-0 0 1">
            <n d="0 0 1"/>
            <n d="0 0 1"/>
            <n d="0 0 1"/>
        </f>
        <f v="41 36 37" fn="0 0 1">
            <n d="0 0 1"/>
            <n d="0 0 1"/>
            <n d="0 0 1"/>
        </f>
        <f v="41 37 7" fn="-0 0 1">
            <n d="0 0 1"/>
            <n d="0 0 1"/>
            <n d="0 0 1"/>
        </f>
        <f v="43 14 42" fn="-0 0 1">
            <n d="0 0 1"/>
            <n d="0 0 1"/>
            <n d="0 0 1"/>
        </f>
        <f v="42 36 41" fn="-0 0 1">
            <n d="0 0 1"/>
            <n d="0 0 1"/>
            <n d="0 0 1"/>
        </f>
        <f v="43 3 14" fn="0 -0 1">
            <n d="0 0 1"/>
            <n d="0 0 1"/>
            <n d="0 0 1"/>
        </f>
    </facets>
    <facets color="ffffff">
        <f v="9 21 20" fn="0 0 -1">
            <n d="-0 -0 -1"/>
            <n d="-0 -0 -1"/>
            <n d="-0 -0 -1"/>
        </f>
        <f v="29 22 21" fn="-0 -0 -1">
            <n d="-0 -0 -1"/>
            <n d="-0 -0 -1"/>
            <n d="-0 -0 -1"/>
        </f>
        <f v="29 4 22" fn="-0 -0 -1">
            <n d="-0 -0 -1"/>
            <n d="-0 -0 -1"/>
            <n d="-0 -0 -1"/>
        </f>
        <f v="30 29 21" fn="-0 -0 -1">
            <n d="-0 -0 -1"/>
            <n d="-0 -0 -1"/>
            <n d="-0 -0 -1"/>
        </f>
        <f v="39 30 21" fn="0 0 -1">
            <n d="-0 -0 -1"/>
            <n d="-0 -0 -1"/>
            <n d="-0 -0 -1"/>
        </f>
        <f v="38 31 30" fn="-0 -0 -1">
            <n d="-0 -0 -1"/>
            <n d="-0 -0 -1"/>
            <n d="-0 -0 -1"/>
        </f>
        <f v="38 6 31" fn="0 -0 -1">
            <n d="-0 -0 -1"/>
            <n d="-0 -0 -1"/>
            <n d="-0 -0 -1"/>
        </f>
        <f v="39 38 30" fn="0 -0 -1">
            <n d="-0 -0 -1"/>
            <n d="-0 -0 -1"/>
            <n d="-0 -0 -1"/>
        </f>
        <f v="9 39 21" fn="0 0 -1">
            <n d="-0 -0 -1"/>
            <n d="-0 -0 -1"/>
            <n d="-0 -0 -1"/>
        </f>
        <f v="8 40 39" fn="-0 -0 -1">
            <n d="-0 -0 -1"/>
            <n d="-0 -0 -1"/>
            <n d="-0 -0 -1"/>
        </f>
        <f v="8 0 40" fn="-0 -0 -1">
            <n d="-0 -0 -1"/>
            <n d="-0 -0 -1"/>
            <n d="-0 -0 -1"/>
        </f>
        <f v="10 9 20" fn="0 -0 -1">
            <n d="-0 -0 -1"/>
            <n d="-0 -0 -1"/>
            <n d="-0 -0 -1"/>
        </f>
        <f v="9 8 39" fn="-0 -0 -1">
            <n d="-0 -0 -1"/>
            <n d="-0 -0 -1"/>
            <n d="-0 -0 -1"/>
        </f>
        <f v="10 20 1" fn="0 0 -1">
            <n d="-0 -0 -1"/>
            <n d="-0 -0 -1"/>
            <n d="-0 -0 -1"/>
        </f>
    </facets>
</shell>
<shell id="id525" color="ffffff">
    <verts>
        <v p="3.5 1 -0.5"/>
        <v p="3.5 -0.999999999999995 -0.5"/>
        <v p="3.5 1 0.5"/>
        <v p="3.5 -0.999999999999995 0.5"/>
        <v p="3 -1 -0.5"/>
        <v p="3 -1 0.5"/>
        <v p="3 1 -0.5"/>
        <v p="3 1 0.5"/>
        <v p="3.5 0.500000000000001 -0.5"/>
        <v p="3.5 2.4980018054066e-015 -0.5"/>
        <v p="3.5 -0.499999999999996 -0.5"/>
        <v p="3.5 1 0.25"/>
        <v p="3.5 1 0"/>
        <v p="3.5 1 -0.25"/>
        <v p="3.5 0.500000000000001 0.5"/>
        <v p="3.5 2.4980018054066e-015 0.5"/>
        <v p="3.5 -0.499999999999996 0.5"/>
        <v p="3.5 -0.999999999999995 0.25"/>
        <v p="3.5 -0.999999999999995 0"/>
        <v p="3.5 -0.999999999999995 -0.25"/>
        <v p="3.375 -0.999999999999996 -0.5"/>
        <v p="3.25 -0.999999999999998 -0.5"/>
        <v p="3.125 -0.999999999999999 -0.5"/>
        <v p="3.375 -0.999999999999996 0.5"/>
        <v p="3.25 -0.999999999999998 0.5"/>
        <v p="3.125 -0.999999999999999 0.5"/>
        <v p="3 -1 0.25"/>
        <v p="3 -1 0"/>
        <v p="3 -1 -0.25"/>
        <v p="3 -0.5 -0.5"/>
        <v p="3 0 -0.5"/>
        <v p="3 0.5 -0.5"/>
        <v p="3 -0.5 0.5"/>
        <v p="3 0 0.5"/>
        <v p="3 0.5 0.5"/>
        <v p="3 1 0.25"/>
        <v p="3 1 0"/>
        <v p="3 1 -0.25"/>
        <v p="3.125 1 -0.5"/>
        <v p="3.25 1 -0.5"/>
        <v p="3.375 1 -0.5"/>
        <v p="3.125 1 0.5"/>
        <v p="3.25 1 0.5"/>
        <v p="3.375 1 0.5"/>
    </verts>
    <facets color="ffffff">
        <f v="18 10 9" fn="1 -0 -0">
            <n d="1 2.16840434497101e-016 0"/>
            <n d="1 2.16840434497101e-016 0"/>
            <n d="1 2.16840434497101e-016 0"/>
        </f>
        <f v="12 9 8" fn="1 -0 -0">
            <n d="1 2.16840434497101e-016 0"/>
            <n d="1 2.16840434497101e-016 0"/>
            <n d="1 2.16840434497101e-016 0"/>
        </f>
        <f v="13 8 0" fn="1 0 0">
            <n d="1 2.16840434497101e-016 0"/>
            <n d="1 2.16840434497101e-016 0"/>
            <n d="1 2.16840434497101e-016 0"/>
        </f>
        <f v="12 8 13" fn="1 0 0">
            <n d="1 2.16840434497101e-016 0"/>
            <n d="1 2.16840434497101e-016 0"/>
            <n d="1 2.16840434497101e-016 0"/>
        </f>
        <f v="15 9 12" fn="1 -0 -0">
            <n d="1 2.16840434497101e-016 0"/>
            <n d="1 2.16840434497101e-016 0"/>
            <n d="1 2.16840434497101e-016 0"/>
        </f>
        <f v="14 12 11" fn="1 0 0">
            <n d="1 2.16840434497101e-016 0"/>
            <n d="1 2.16840434497101e-016 0"/>
            <n d="1 2.16840434497101e-016 0"/>
        </f>
        <f v="14 11 2" fn="1 -0 0">
            <n d="1 2.16840434497101e-016 0"/>
            <n d="1 2.16840434497101e-016 0"/>
            <n d="1 2.16840434497101e-016 0"/>
        </f>
        <f v="15 12 14" fn="1 -0 0">
            <n d="1 2.16840434497101e-016 0"/>
            <n d="1 2.16840434497101e-016 0"/>
            <n d="1 2.16840434497101e-016 0"/>
        </f>
        <f v="18 9 15" fn="1 -0 -0">
            <n d="1 2.16840434497101e-016 0"/>
            <n d="1 2.16840434497101e-016 0"/>
            <n d="1 2.16840434497101e-016 0"/>
        </f>
        <f v="17 15 16" fn="1 0 0">
            <n d="1 2.16840434497101e-016 0"/>
            <n d="1 2.16840434497101e-016 0"/>
            <n d="1 2.16840434497101e-016 0"/>
        </f>
        <f v="17 16 3" fn="1 0 0">
            <n d="1 2.16840434497101e-016 0"/>
            <n d="1 2.16840434497101e-016 0"/>
            <n d="1 2.16840434497101e-016 0"/>
        </f>
        <f v="19 10 18" fn="1 -0 0">
            <n d="1 2.16840434497101e-016 0"/>
            <n d="1 2.16840434497101e-016 0"/>
            <n d="1 2.16840434497101e-016 0"/>
        </f>
        <f v="18 15 17" fn="1 0 0">
            <n d="1 2.16840434497101e-016 0"/>
            <n d="1 2.16840434497101e-016 0"/>
            <n d="1 2.16840434497101e-016 0"/>
        </f>
        <f v="19 1 10" fn="1 -0 -0">
            <n d="1 2.16840434497101e-016 0"/>
            <n d="1 2.16840434497101e-016 0"/>
            <n d="1 2.16840434497101e-016 0"/>
        </f>
    </facets>
    <facets color="ffffff">
        <f v="27 22 21" fn="9.76996261670138e-015 -1 -0">
            <n d="8.67361737988403e-015 -1 0"/>
            <n d="8.67361737988403e-015 -1 0"/>
            <n d="8.67361737988403e-015 -1 0"/>
        </f>
        <f v="19 21 20" fn="1.06581410364015e-014 -1 -4.44089209850063e-016">
            <n d="8.67361737988403e-015 -1 0"/>
            <n d="8.67361737988403e-015 -1 0"/>
            <n d="8.67361737988403e-015 -1 0"/>
        </f>
        <f v="19 20 1" fn="9.76996261670138e-015 -1 0">
            <n d="8.67361737988403e-015 -1 0"/>
            <n d="8.67361737988403e-015 -1 0"/>
            <n d="8.67361737988403e-015 -1 0"/>
        </f>
        <f v="18 21 19" fn="1.02140518265514e-014 -1 0">
            <n d="8.67361737988403e-015 -1 0"/>
            <n d="8.67361737988403e-015 -1 0"/>
            <n d="8.67361737988403e-015 -1 0"/>
        </f>
        <f v="24 21 18" fn="1.02140518265514e-014 -1 -0">
            <n d="8.67361737988403e-015 -1 0"/>
            <n d="8.67361737988403e-015 -1 0"/>
            <n d="8.67361737988403e-015 -1 0"/>
        </f>
        <f v="23 18 17" fn="9.76996261670138e-015 -1 0">
            <n d="8.67361737988403e-015 -1 0"/>
            <n d="8.67361737988403e-015 -1 0"/>
            <n d="8.67361737988403e-015 -1 0"/>
        </f>
        <f v="23 17 3" fn="9.76996261670138e-015 -1 0">
            <n d="8.67361737988403e-015 -1 0"/>
            <n d="8.67361737988403e-015 -1 0"/>
            <n d="8.67361737988403e-015 -1 0"/>
        </f>
        <f v="24 18 23" fn="1.06581410364015e-014 -1 2.22044604925031e-016">
            <n d="8.67361737988403e-015 -1 0"/>
            <n d="8.67361737988403e-015 -1 0"/>
            <n d="8.67361737988403e-015 -1 0"/>
        </f>
        <f v="27 21 24" fn="9.76996261670138e-015 -1 -0">
            <n d="8.67361737988403e-015 -1 0"/>
            <n d="8.67361737988403e-015 -1 0"/>
            <n d="8.67361737988403e-015 -1 0"/>
        </f>
        <f v="26 24 25" fn="9.76996261670138e-015 -1 0">
            <n d="8.67361737988403e-015 -1 0"/>
            <n d="8.67361737988403e-015 -1 0"/>
            <n d="8.67361737988403e-015 -1 0"/>
        </f>
        <f v="26 25 5" fn="9.76996261670138e-015 -1 0">
            <n d="8.67361737988403e-015 -1 0"/>
            <n d="8.67361737988403e-015 -1 0"/>
            <n d="8.67361737988403e-015 -1 0"/>
        </f>
        <f v="28 22 27" fn="9.76996261670138e-015 -1 0">
            <n d="8.67361737988403e-015 -1 0"/>
            <n d="8.67361737988403e-015 -1 0"/>
            <n d="8.67361737988403e-015 -1 0"/>
        </f>
        <f v="27 24 26" fn="9.76996261670138e-015 -1 0">
            <n d="8.67361737988403e-015 -1 0"/>
            <n d="8.67361737988403e-015 -1 0"/>
            <n d="8.67361737988403e-015 -1 0"/>
        </f>
        <f v="28 4 22" fn="9.76996261670138e-015 -1 -0">
            <n d="8.67361737988403e-015 -1 0"/>
            <n d="8.67361737988403e-015 -1 0"/>
            <n d="8.67361737988403e-015 -1 0"/>
        </f>
    </facets>
    <facets color="ffffff">
        <f v="36 31 30" fn="-1 -0 -0">
            <n d="-1 0 0"/>
            <n d="-1 0 0"/>
            <n d="-1 0 0"/>
        </f>
        <f v="28 29 4" fn="-1 -0 -0">
            <n d="-1 0 0"/>
            <n d="-1 0 0"/>
            <n d="-1 0 0"/>
        </f>
        <f v="28 30 29" fn="-1 0 0">
            <n d="-1 0 0"/>
            <n d="-1 0 0"/>
            <n d="-1 0 0"/>
        </f>
        <f v="27 30 28" fn="-1 0 0">
            <n d="-1 0 0"/>
            <n d="-1 0 0"/>
            <n d="-1 0 0"/>
        </f>
        <f v="33 30 27" fn="-1 -0 -0">
            <n d="-1 0 0"/>
            <n d="-1 0 0"/>
            <n d="-1 0 0"/>
        </f>
        <f v="32 27 26" fn="-1 0 0">
            <n d="-1 0 0"/>
            <n d="-1 0 0"/>
            <n d="-1 0 0"/>
        </f>
        <f v="32 26 5" fn="-1 -0 0">
            <n d="-1 0 0"/>
            <n d="-1 0 0"/>
            <n d="-1 0 0"/>
        </f>
        <f v="33 27 32" fn="-1 -0 0">
            <n d="-1 0 0"/>
            <n d="-1 0 0"/>
            <n d="-1 0 0"/>
        </f>
        <f v="36 30 33" fn="-1 -0 -0">
            <n d="-1 0 0"/>
            <n d="-1 0 0"/>
            <n d="-1 0 0"/>
        </f>
        <f v="35 33 34" fn="-1 0 0">
            <n d="-1 0 0"/>
            <n d="-1 0 0"/>
            <n d="-1 0 0"/>
        </f>
        <f v="35 34 7" fn="-1 0 0">
            <n d="-1 0 0"/>
            <n d="-1 0 0"/>
            <n d="-1 0 0"/>
        </f>
        <f v="37 31 36" fn="-1 -0 0">
            <n d="-1 0 0"/>
            <n d="-1 0 0"/>
            <n d="-1 0 0"/>
        </f>
        <f v="36 33 35" fn="-1 0 0">
            <n d="-1 0 0"/>
            <n d="-1 0 0"/>
            <n d="-1 0 0"/>
        </f>
        <f v="37 6 31" fn="-1 -0 -0">
            <n d="-1 0 0"/>
            <n d="-1 0 0"/>
            <n d="-1 0 0"/>
        </f>
    </facets>
    <facets color="ffffff">
        <f v="12 40 39" fn="-0 1 -0">
            <n d="-8.67361737988404e-016 1 0"/>
            <n d="-8.67361737988404e-016 1 0"/>
            <n d="-8.67361737988404e-016 1 0"/>
        </f>
        <f v="37 39 38" fn="0 1 0">
            <n d="-8.67361737988404e-016 1 0"/>
            <n d="-8.67361737988404e-016 1 0"/>
            <n d="-8.67361737988404e-016 1 0"/>
        </f>
        <f v="37 38 6" fn="0 1 0">
            <n d="-8.67361737988404e-016 1 0"/>
            <n d="-8.67361737988404e-016 1 0"/>
            <n d="-8.67361737988404e-016 1 0"/>
        </f>
        <f v="36 39 37" fn="0 1 0">
            <n d="-8.67361737988404e-016 1 0"/>
            <n d="-8.67361737988404e-016 1 0"/>
            <n d="-8.67361737988404e-016 1 0"/>
        </f>
        <f v="42 39 36" fn="-0 1 0">
            <n d="-8.67361737988404e-016 1 0"/>
            <n d="-8.67361737988404e-016 1 0"/>
            <n d="-8.67361737988404e-016 1 0"/>
        </f>
        <f v="41 36 35" fn="0 1 0">
            <n d="-8.67361737988404e-016 1 0"/>
            <n d="-8.67361737988404e-016 1 0"/>
            <n d="-8.67361737988404e-016 1 0"/>
        </f>
        <f v="41 35 7" fn="0 1 0">
            <n d="-8.67361737988404e-016 1 0"/>
            <n d="-8.67361737988404e-016 1 0"/>
            <n d="-8.67361737988404e-016 1 0"/>
        </f>
        <f v="42 36 41" fn="0 1 0">
            <n d="-8.67361737988404e-016 1 0"/>
            <n d="-8.67361737988404e-016 1 0"/>
            <n d="-8.67361737988404e-016 1 0"/>
        </f>
        <f v="12 39 42" fn="0 1 -0">
            <n d="-8.67361737988404e-016 1 0"/>
            <n d="-8.67361737988404e-016 1 0"/>
            <n d="-8.67361737988404e-016 1 0"/>
        </f>
        <f v="11 42 43" fn="0 1 0">
            <n d="-8.67361737988404e-016 1 0"/>
            <n d="-8.67361737988404e-016 1 0"/>
            <n d="-8.67361737988404e-016 1 0"/>
        </f>
        <f v="11 43 2" fn="0 1 -0">
            <n d="-8.67361737988404e-016 1 0"/>
            <n d="-8.67361737988404e-016 1 0"/>
            <n d="-8.67361737988404e-016 1 0"/>
        </f>
        <f v="13 40 12" fn="0 1 -0">
            <n d="-8.67361737988404e-016 1 0"/>
            <n d="-8.67361737988404e-016 1 0"/>
            <n d="-8.67361737988404e-016 1 0"/>
        </f>
        <f v="12 42 11" fn="0 1 -0">
            <n d="-8.67361737988404e-016 1 0"/>
            <n d="-8.67361737988404e-016 1 0"/>
            <n d="-8.67361737988404e-016 1 0"/>
        </f>
        <f v="13 0 40" fn="-0 1 0">
            <n d="-8.67361737988404e-016 1 0"/>
            <n d="-8.67361737988404e-016 1 0"/>
            <n d="-8.67361737988404e-016 1 0"/>
        </f>
    </facets>
    <facets color="ffffff">
        <f v="15 24 23" fn="0 0 1">
            <n d="-0 -0 1"/>
            <n d="-0 -0 1"/>
            <n d="-0 -0 1"/>
        </f>
        <f v="32 25 24" fn="-0 -0 1">
            <n d="-0 -0 1"/>
            <n d="-0 -0 1"/>
            <n d="-0 -0 1"/>
        </f>
        <f v="32 5 25" fn="-0 -0 1">
            <n d="-0 -0 1"/>
            <n d="-0 -0 1"/>
            <n d="-0 -0 1"/>
        </f>
        <f v="33 32 24" fn="-0 -0 1">
            <n d="-0 -0 1"/>
            <n d="-0 -0 1"/>
            <n d="-0 -0 1"/>
        </f>
        <f v="42 33 24" fn="0 0 1">
            <n d="-0 -0 1"/>
            <n d="-0 -0 1"/>
            <n d="-0 -0 1"/>
        </f>
        <f v="41 34 33" fn="-0 -0 1">
            <n d="-0 -0 1"/>
            <n d="-0 -0 1"/>
            <n d="-0 -0 1"/>
        </f>
        <f v="41 7 34" fn="0 -0 1">
            <n d="-0 -0 1"/>
            <n d="-0 -0 1"/>
            <n d="-0 -0 1"/>
        </f>
        <f v="42 41 33" fn="0 -0 1">
            <n d="-0 -0 1"/>
            <n d="-0 -0 1"/>
            <n d="-0 -0 1"/>
        </f>
        <f v="15 42 24" fn="0 0 1">
            <n d="-0 -0 1"/>
            <n d="-0 -0 1"/>
            <n d="-0 -0 1"/>
        </f>
        <f v="15 43 42" fn="0 0 1">
            <n d="-0 -0 1"/>
            <n d="-0 -0 1"/>
            <n d="-0 -0 1"/>
        </f>
        <f v="14 2 43" fn="-0 -0 1">
            <n d="-0 -0 1"/>
            <n d="-0 -0 1"/>
            <n d="-0 -0 1"/>
        </f>
        <f v="16 15 23" fn="0 -0 1">
            <n d="-0 -0 1"/>
            <n d="-0 -0 1"/>
            <n d="-0 -0 1"/>
        </f>
        <f v="15 14 43" fn="-0 -0 1">
            <n d="-0 -0 1"/>
            <n d="-0 -0 1"/>
            <n d="-0 -0 1"/>
        </f>
        <f v="16 23 3" fn="0 0 1">
            <n d="-0 -0 1"/>
            <n d="-0 -0 1"/>
            <n d="-0 -0 1"/>
        </f>
    </facets>
    <facets color="ffffff">
        <f v="40 8 9" fn="-0 -0 -1">
            <n d="0 0 -1"/>
            <n d="0 0 -1"/>
            <n d="0 0 -1"/>
        </f>
        <f v="20 10 1" fn="-0 -0 -1">
            <n d="0 0 -1"/>
            <n d="0 0 -1"/>
            <n d="0 0 -1"/>
        </f>
        <f v="20 9 10" fn="0 0 -1">
            <n d="0 0 -1"/>
            <n d="0 0 -1"/>
            <n d="0 0 -1"/>
        </f>
        <f v="21 9 20" fn="0 0 -1">
            <n d="0 0 -1"/>
            <n d="0 0 -1"/>
            <n d="0 0 -1"/>
        </f>
        <f v="39 9 21" fn="-0 -0 -1">
            <n d="0 0 -1"/>
            <n d="0 0 -1"/>
            <n d="0 0 -1"/>
        </f>
        <f v="29 21 22" fn="0 0 -1">
            <n d="0 0 -1"/>
            <n d="0 0 -1"/>
            <n d="0 0 -1"/>
        </f>
        <f v="29 22 4" fn="0 0 -1">
            <n d="0 0 -1"/>
            <n d="0 0 -1"/>
            <n d="0 0 -1"/>
        </f>
        <f v="39 30 38" fn="-0 0 -1">
            <n d="0 0 -1"/>
            <n d="0 0 -1"/>
            <n d="0 0 -1"/>
        </f>
        <f v="30 21 29" fn="0 0 -1">
            <n d="0 0 -1"/>
            <n d="0 0 -1"/>
            <n d="0 0 -1"/>
        </f>
        <f v="39 21 30" fn="0 -0 -1">
            <n d="0 0 -1"/>
            <n d="0 0 -1"/>
            <n d="0 0 -1"/>
        </f>
        <f v="38 30 31" fn="0 0 -1">
            <n d="0 0 -1"/>
            <n d="0 0 -1"/>
            <n d="0 0 -1"/>
        </f>
        <f v="38 31 6" fn="-0 0 -1">
            <n d="0 0 -1"/>
            <n d="0 0 -1"/>
            <n d="0 0 -1"/>
        </f>
        <f v="40 9 39" fn="-0 -0 -1">
            <n d="0 0 -1"/>
            <n d="0 0 -1"/>
            <n d="0 0 -1"/>
        </f>
        <f v="40 0 8" fn="0 -0 -1">
            <n d="0 0 -1"/>
            <n d="0 0 -1"/>
            <n d="0 0 -1"/>
        </f>
    </facets>
</shell>
<shell id="id526" color="e3d0d0">
    <verts>
        <v p="1.7 -0.4 0"/>
        <v p="1.7 0.4 0"/>
        <v p="1.7 -0.4 0.5"/>
        <v p="1.7 0.4 0.5"/>
        <v p="2.5 0.4 0"/>
        <v p="2.5 0.4 0.5"/>
        <v p="2.5 -0.4 0"/>
        <v p="2.5 -0.4 0.5"/>
        <v p="1.7 -0.2 0"/>
        <v p="1.7 0 0"/>
        <v p="1.7 0.2 0"/>
        <v p="1.7 -0.4 0.375"/>
        <v p="1.7 -0.4 0.25"/>
        <v p="1.7 -0.4 0.125"/>
        <v p="1.7 -0.2 0.5"/>
        <v p="1.7 0 0.5"/>
        <v p="1.7 0.2 0.5"/>
        <v p="1.7 0.4 0.375"/>
        <v p="1.7 0.4 0.25"/>
        <v p="1.7 0.4 0.125"/>
        <v p="1.9 0.4 0"/>
        <v p="2.1 0.4 0"/>
        <v p="2.3 0.4 0"/>
        <v p="1.9 0.4 0.5"/>
        <v p="2.1 0.4 0.5"/>
        <v p="2.3 0.4 0.5"/>
        <v p="2.5 0.4 0.375"/>
        <v p="2.5 0.4 0.25"/>
        <v p="2.5 0.4 0.125"/>
        <v p="2.5 0.2 0"/>
        <v p="2.5 0 0"/>
        <v p="2.5 -0.2 0"/>
        <v p="2.5 0.2 0.5"/>
        <v p="2.5 0 0.5"/>
        <v p="2.5 -0.2 0.5"/>
        <v p="2.5 -0.4 0.375"/>
        <v p="2.5 -0.4 0.25"/>
        <v p="2.5 -0.4 0.125"/>
        <v p="2.3 -0.4 0"/>
        <v p="2.1 -0.4 0"/>
        <v p="1.9 -0.4 0"/>
        <v p="2.3 -0.4 0.5"/>
        <v p="2.1 -0.4 0.5"/>
        <v p="1.9 -0.4 0.5"/>
    </verts>
    <facets color="e3d0d0">
        <f v="19 10 9" fn="-1 -0 -0">
            <n d="-1 0 0"/>
            <n d="-1 0 0"/>
            <n d="-1 0 0"/>
        </f>
        <f v="13 8 0" fn="-1 -0 -0">
            <n d="-1 0 0"/>
            <n d="-1 0 0"/>
            <n d="-1 0 0"/>
        </f>
        <f v="13 9 8" fn="-1 0 0">
            <n d="-1 0 0"/>
            <n d="-1 0 0"/>
            <n d="-1 0 0"/>
        </f>
        <f v="12 9 13" fn="-1 0 0">
            <n d="-1 0 0"/>
            <n d="-1 0 0"/>
            <n d="-1 0 0"/>
        </f>
        <f v="15 9 12" fn="-1 -0 -0">
            <n d="-1 0 0"/>
            <n d="-1 0 0"/>
            <n d="-1 0 0"/>
        </f>
        <f v="15 12 11" fn="-1 -0 -0">
            <n d="-1 0 0"/>
            <n d="-1 0 0"/>
            <n d="-1 0 0"/>
        </f>
        <f v="14 11 2" fn="-1 -0 0">
            <n d="-1 0 0"/>
            <n d="-1 0 0"/>
            <n d="-1 0 0"/>
        </f>
        <f v="15 11 14" fn="-1 -0 0">
            <n d="-1 0 0"/>
            <n d="-1 0 0"/>
            <n d="-1 0 0"/>
        </f>
        <f v="18 9 15" fn="-1 -0 -0">
            <n d="-1 0 0"/>
            <n d="-1 0 0"/>
            <n d="-1 0 0"/>
        </f>
        <f v="17 15 16" fn="-1 0 0">
            <n d="-1 0 0"/>
            <n d="-1 0 0"/>
            <n d="-1 0 0"/>
        </f>
        <f v="17 16 3" fn="-1 0 0">
            <n d="-1 0 0"/>
            <n d="-1 0 0"/>
            <n d="-1 0 0"/>
        </f>
        <f v="19 9 18" fn="-1 -0 0">
            <n d="-1 0 0"/>
            <n d="-1 0 0"/>
            <n d="-1 0 0"/>
        </f>
        <f v="18 15 17" fn="-1 0 0">
            <n d="-1 0 0"/>
            <n d="-1 0 0"/>
            <n d="-1 0 0"/>
        </f>
        <f v="19 1 10" fn="-1 -0 -0">
            <n d="-1 0 0"/>
            <n d="-1 0 0"/>
            <n d="-1 0 0"/>
        </f>
    </facets>
    <facets color="e3d0d0">
        <f v="27 22 21" fn="-0 1 -0">
            <n d="-1.35525271560688e-016 1 0"/>
            <n d="-1.35525271560688e-016 1 0"/>
            <n d="-1.35525271560688e-016 1 0"/>
        </f>
        <f v="18 21 20" fn="-0 1 -0">
            <n d="-1.35525271560688e-016 1 0"/>
            <n d="-1.35525271560688e-016 1 0"/>
            <n d="-1.35525271560688e-016 1 0"/>
        </f>
        <f v="19 20 1" fn="0 1 0">
            <n d="-1.35525271560688e-016 1 0"/>
            <n d="-1.35525271560688e-016 1 0"/>
            <n d="-1.35525271560688e-016 1 0"/>
        </f>
        <f v="18 20 19" fn="0 1 0">
            <n d="-1.35525271560688e-016 1 0"/>
            <n d="-1.35525271560688e-016 1 0"/>
            <n d="-1.35525271560688e-016 1 0"/>
        </f>
        <f v="27 21 18" fn="0 1 -0">
            <n d="-1.35525271560688e-016 1 0"/>
            <n d="-1.35525271560688e-016 1 0"/>
            <n d="-1.35525271560688e-016 1 0"/>
        </f>
        <f v="23 18 17" fn="0 1 0">
            <n d="-1.35525271560688e-016 1 0"/>
            <n d="-1.35525271560688e-016 1 0"/>
            <n d="-1.35525271560688e-016 1 0"/>
        </f>
        <f v="23 17 3" fn="0 1 0">
            <n d="-1.35525271560688e-016 1 0"/>
            <n d="-1.35525271560688e-016 1 0"/>
            <n d="-1.35525271560688e-016 1 0"/>
        </f>
        <f v="24 18 23" fn="0 1 0">
            <n d="-1.35525271560688e-016 1 0"/>
            <n d="-1.35525271560688e-016 1 0"/>
            <n d="-1.35525271560688e-016 1 0"/>
        </f>
        <f v="27 18 24" fn="0 1 0">
            <n d="-1.35525271560688e-016 1 0"/>
            <n d="-1.35525271560688e-016 1 0"/>
            <n d="-1.35525271560688e-016 1 0"/>
        </f>
        <f v="27 24 25" fn="-0 1 -0">
            <n d="-1.35525271560688e-016 1 0"/>
            <n d="-1.35525271560688e-016 1 0"/>
            <n d="-1.35525271560688e-016 1 0"/>
        </f>
        <f v="26 25 5" fn="0 1 -0">
            <n d="-1.35525271560688e-016 1 0"/>
            <n d="-1.35525271560688e-016 1 0"/>
            <n d="-1.35525271560688e-016 1 0"/>
        </f>
        <f v="28 22 27" fn="0 1 -0">
            <n d="-1.35525271560688e-016 1 0"/>
            <n d="-1.35525271560688e-016 1 0"/>
            <n d="-1.35525271560688e-016 1 0"/>
        </f>
        <f v="27 25 26" fn="0 1 -0">
            <n d="-1.35525271560688e-016 1 0"/>
            <n d="-1.35525271560688e-016 1 0"/>
            <n d="-1.35525271560688e-016 1 0"/>
        </f>
        <f v="28 4 22" fn="-0 1 0">
            <n d="-1.35525271560688e-016 1 0"/>
            <n d="-1.35525271560688e-016 1 0"/>
            <n d="-1.35525271560688e-016 1 0"/>
        </f>
    </facets>
    <facets color="e3d0d0">
        <f v="37 31 30" fn="1 -0 -0">
            <n d="1 0 0"/>
            <n d="1 0 0"/>
            <n d="1 0 0"/>
        </f>
        <f v="28 30 29" fn="1 0 0">
            <n d="1 0 0"/>
            <n d="1 0 0"/>
            <n d="1 0 0"/>
        </f>
        <f v="28 29 4" fn="1 0 0">
            <n d="1 0 0"/>
            <n d="1 0 0"/>
            <n d="1 0 0"/>
        </f>
        <f v="27 30 28" fn="1 0 0">
            <n d="1 0 0"/>
            <n d="1 0 0"/>
            <n d="1 0 0"/>
        </f>
        <f v="33 30 27" fn="1 -0 -0">
            <n d="1 0 0"/>
            <n d="1 0 0"/>
            <n d="1 0 0"/>
        </f>
        <f v="33 27 26" fn="1 -0 -0">
            <n d="1 0 0"/>
            <n d="1 0 0"/>
            <n d="1 0 0"/>
        </f>
        <f v="32 26 5" fn="1 -0 0">
            <n d="1 0 0"/>
            <n d="1 0 0"/>
            <n d="1 0 0"/>
        </f>
        <f v="33 26 32" fn="1 -0 0">
            <n d="1 0 0"/>
            <n d="1 0 0"/>
            <n d="1 0 0"/>
        </f>
        <f v="36 30 33" fn="1 -0 -0">
            <n d="1 0 0"/>
            <n d="1 0 0"/>
            <n d="1 0 0"/>
        </f>
        <f v="37 30 36" fn="1 -0 0">
            <n d="1 0 0"/>
            <n d="1 0 0"/>
            <n d="1 0 0"/>
        </f>
        <f v="35 34 7" fn="1 -0 -0">
            <n d="1 0 0"/>
            <n d="1 0 0"/>
            <n d="1 0 0"/>
        </f>
        <f v="35 33 34" fn="1 0 0">
            <n d="1 0 0"/>
            <n d="1 0 0"/>
            <n d="1 0 0"/>
        </f>
        <f v="36 33 35" fn="1 0 0">
            <n d="1 0 0"/>
            <n d="1 0 0"/>
            <n d="1 0 0"/>
        </f>
        <f v="37 6 31" fn="1 -0 -0">
            <n d="1 0 0"/>
            <n d="1 0 0"/>
            <n d="1 0 0"/>
        </f>
    </facets>
    <facets color="e3d0d0">
        <f v="12 40 39" fn="-0 -1 -0">
            <n d="1.35525271560688e-016 -1 0"/>
            <n d="1.35525271560688e-016 -1 0"/>
            <n d="1.35525271560688e-016 -1 0"/>
        </f>
        <f v="36 39 38" fn="-0 -1 -0">
            <n d="1.35525271560688e-016 -1 0"/>
            <n d="1.35525271560688e-016 -1 0"/>
            <n d="1.35525271560688e-016 -1 0"/>
        </f>
        <f v="37 38 6" fn="0 -1 -0">
            <n d="1.35525271560688e-016 -1 0"/>
            <n d="1.35525271560688e-016 -1 0"/>
            <n d="1.35525271560688e-016 -1 0"/>
        </f>
        <f v="36 38 37" fn="0 -1 -0">
            <n d="1.35525271560688e-016 -1 0"/>
            <n d="1.35525271560688e-016 -1 0"/>
            <n d="1.35525271560688e-016 -1 0"/>
        </f>
        <f v="12 39 36" fn="0 -1 -0">
            <n d="1.35525271560688e-016 -1 0"/>
            <n d="1.35525271560688e-016 -1 0"/>
            <n d="1.35525271560688e-016 -1 0"/>
        </f>
        <f v="41 36 35" fn="0 -1 0">
            <n d="1.35525271560688e-016 -1 0"/>
            <n d="1.35525271560688e-016 -1 0"/>
            <n d="1.35525271560688e-016 -1 0"/>
        </f>
        <f v="41 35 7" fn="0 -1 0">
            <n d="1.35525271560688e-016 -1 0"/>
            <n d="1.35525271560688e-016 -1 0"/>
            <n d="1.35525271560688e-016 -1 0"/>
        </f>
        <f v="42 36 41" fn="0 -1 0">
            <n d="1.35525271560688e-016 -1 0"/>
            <n d="1.35525271560688e-016 -1 0"/>
            <n d="1.35525271560688e-016 -1 0"/>
        </f>
        <f v="12 36 42" fn="0 -1 0">
            <n d="1.35525271560688e-016 -1 0"/>
            <n d="1.35525271560688e-016 -1 0"/>
            <n d="1.35525271560688e-016 -1 0"/>
        </f>
        <f v="11 42 43" fn="0 -1 0">
            <n d="1.35525271560688e-016 -1 0"/>
            <n d="1.35525271560688e-016 -1 0"/>
            <n d="1.35525271560688e-016 -1 0"/>
        </f>
        <f v="11 43 2" fn="0 -1 0">
            <n d="1.35525271560688e-016 -1 0"/>
            <n d="1.35525271560688e-016 -1 0"/>
            <n d="1.35525271560688e-016 -1 0"/>
        </f>
        <f v="13 40 12" fn="0 -1 0">
            <n d="1.35525271560688e-016 -1 0"/>
            <n d="1.35525271560688e-016 -1 0"/>
            <n d="1.35525271560688e-016 -1 0"/>
        </f>
        <f v="12 42 11" fn="0 -1 0">
            <n d="1.35525271560688e-016 -1 0"/>
            <n d="1.35525271560688e-016 -1 0"/>
            <n d="1.35525271560688e-016 -1 0"/>
        </f>
        <f v="13 0 40" fn="-0 -1 -0">
            <n d="1.35525271560688e-016 -1 0"/>
            <n d="1.35525271560688e-016 -1 0"/>
            <n d="1.35525271560688e-016 -1 0"/>
        </f>
    </facets>
    <facets color="e3d0d0">
        <f v="15 24 23" fn="0 0 1">
            <n d="-0 -0 1"/>
            <n d="-0 -0 1"/>
            <n d="-0 -0 1"/>
        </f>
        <f v="32 5 25" fn="0 -0 1">
            <n d="-0 -0 1"/>
            <n d="-0 -0 1"/>
            <n d="-0 -0 1"/>
        </f>
        <f v="33 25 24" fn="0 0 1">
            <n d="-0 -0 1"/>
            <n d="-0 -0 1"/>
            <n d="-0 -0 1"/>
        </f>
        <f v="33 32 25" fn="-0 -0 1">
            <n d="-0 -0 1"/>
            <n d="-0 -0 1"/>
            <n d="-0 -0 1"/>
        </f>
        <f v="15 33 24" fn="0 0 1">
            <n d="-0 -0 1"/>
            <n d="-0 -0 1"/>
            <n d="-0 -0 1"/>
        </f>
        <f v="41 34 33" fn="-0 -0 1">
            <n d="-0 -0 1"/>
            <n d="-0 -0 1"/>
            <n d="-0 -0 1"/>
        </f>
        <f v="41 7 34" fn="-0 -0 1">
            <n d="-0 -0 1"/>
            <n d="-0 -0 1"/>
            <n d="-0 -0 1"/>
        </f>
        <f v="42 41 33" fn="-0 -0 1">
            <n d="-0 -0 1"/>
            <n d="-0 -0 1"/>
            <n d="-0 -0 1"/>
        </f>
        <f v="15 42 33" fn="-0 -0 1">
            <n d="-0 -0 1"/>
            <n d="-0 -0 1"/>
            <n d="-0 -0 1"/>
        </f>
        <f v="16 15 23" fn="-0 -0 1">
            <n d="-0 -0 1"/>
            <n d="-0 -0 1"/>
            <n d="-0 -0 1"/>
        </f>
        <f v="14 2 43" fn="0 0 1">
            <n d="-0 -0 1"/>
            <n d="-0 -0 1"/>
            <n d="-0 -0 1"/>
        </f>
        <f v="15 43 42" fn="0 0 1">
            <n d="-0 -0 1"/>
            <n d="-0 -0 1"/>
            <n d="-0 -0 1"/>
        </f>
        <f v="15 14 43" fn="-0 -0 1">
            <n d="-0 -0 1"/>
            <n d="-0 -0 1"/>
            <n d="-0 -0 1"/>
        </f>
        <f v="16 23 3" fn="0 0 1">
            <n d="-0 -0 1"/>
            <n d="-0 -0 1"/>
            <n d="-0 -0 1"/>
        </f>
    </facets>
    <facets color="e3d0d0">
        <f v="40 8 9" fn="-0 -0 -1">
            <n d="0 0 -1"/>
            <n d="0 0 -1"/>
            <n d="0 0 -1"/>
        </f>
        <f v="20 9 10" fn="0 0 -1">
            <n d="0 0 -1"/>
            <n d="0 0 -1"/>
            <n d="0 0 -1"/>
        </f>
        <f v="20 10 1" fn="-0 0 -1">
            <n d="0 0 -1"/>
            <n d="0 0 -1"/>
            <n d="0 0 -1"/>
        </f>
        <f v="21 9 20" fn="-0 0 -1">
            <n d="0 0 -1"/>
            <n d="0 0 -1"/>
            <n d="0 0 -1"/>
        </f>
        <f v="30 9 21" fn="-0 -0 -1">
            <n d="0 0 -1"/>
            <n d="0 0 -1"/>
            <n d="0 0 -1"/>
        </f>
        <f v="30 21 22" fn="-0 -0 -1">
            <n d="0 0 -1"/>
            <n d="0 0 -1"/>
            <n d="0 0 -1"/>
        </f>
        <f v="29 22 4" fn="0 0 -1">
            <n d="0 0 -1"/>
            <n d="0 0 -1"/>
            <n d="0 0 -1"/>
        </f>
        <f v="30 22 29" fn="0 0 -1">
            <n d="0 0 -1"/>
            <n d="0 0 -1"/>
            <n d="0 0 -1"/>
        </f>
        <f v="39 9 30" fn="-0 0 -1">
            <n d="0 0 -1"/>
            <n d="0 0 -1"/>
            <n d="0 0 -1"/>
        </f>
        <f v="40 9 39" fn="0 0 -1">
            <n d="0 0 -1"/>
            <n d="0 0 -1"/>
            <n d="0 0 -1"/>
        </f>
        <f v="38 31 6" fn="-0 -0 -1">
            <n d="0 0 -1"/>
            <n d="0 0 -1"/>
            <n d="0 0 -1"/>
        </f>
        <f v="38 30 31" fn="0 0 -1">
            <n d="0 0 -1"/>
            <n d="0 0 -1"/>
            <n d="0 0 -1"/>
        </f>
        <f v="39 30 38" fn="0 0 -1">
            <n d="0 0 -1"/>
            <n d="0 0 -1"/>
            <n d="0 0 -1"/>
        </f>
        <f v="40 0 8" fn="-0 -0 -1">
            <n d="0 0 -1"/>
            <n d="0 0 -1"/>
            <n d="0 0 -1"/>
        </f>
    </facets>
</shell>
</step-assembly>
