<?xml version="1.0" encoding="UTF-8" ?>
<step-assembly root="id72">
<product id="id72" name="Assem1" shape="id32"/>
<shape id="id32" unit="mm 0.001000">
    <child ref="id37" xform="1 0 0 0 0 1 0 0 0 0 1 0 0 0 0 1"/>
    <child ref="id42" xform="1 0 0 0 0 1 0 0 0 0 1 0 3.46945e-015 -0.5 1.30104e-015 1"/>
    <child ref="id42" xform="-1 -1.10644e-016 -1.38778e-017 0 1.10644e-016 -1 -2.75422e-017 0 -1.38778e-017 -2.75422e-017 1 0 3.25261e-015 0.5 1.13841e-015 1"/>
</shape>
<shape id="id37" unit="mm 0.001000" shell="id79"/>
<shape id="id42" unit="mm 0.001000" shell="id82"/>
<shell id="id79">
    <verts>
        <v p="-0.6 -0.5 0.43"/>
        <v p="-0.6 -0.5 -0.43"/>
        <v p="-0.6 0.5 0.43"/>
        <v p="-0.6 0.5 -0.43"/>
        <v p="0.58 0.5 0.45"/>
        <v p="-0.58 0.5 0.45"/>
        <v p="0.6 0.5 0.43"/>
        <v p="0.6 0.5 -0.43"/>
        <v p="0.58 0.5 -0.45"/>
        <v p="-0.58 0.5 -0.45"/>
        <v p="0.58 -0.5 -0.45"/>
        <v p="0.6 -0.5 -0.43"/>
        <v p="0.6 -0.5 0.43"/>
        <v p="-0.58 -0.5 0.45"/>
        <v p="0.58 -0.5 0.45"/>
        <v p="-0.58 -0.5 -0.45"/>
        <v p="-0.6 -0.5 0.215"/>
        <v p="-0.6 -0.5 0"/>
        <v p="-0.6 -0.5 -0.215"/>
        <v p="-0.6 -0.25 0.43"/>
        <v p="-0.6 0 0.43"/>
        <v p="-0.6 0.25 0.43"/>
        <v p="-0.6 0.5 0.215"/>
        <v p="-0.6 0.5 0"/>
        <v p="-0.6 0.5 -0.215"/>
        <v p="-0.6 0.25 -0.43"/>
        <v p="-0.6 0 -0.43"/>
        <v p="-0.6 -0.25 -0.43"/>
        <v p="0.29 0.5 0.45"/>
        <v p="0 0.5 0.45"/>
        <v p="-0.29 0.5 0.45"/>
        <v p="0.587255498501727 0.5 0.448637535821332"/>
        <v p="0.594085797299238 0.5 0.444198250400833"/>
        <v p="0.598581696552059 0.5 0.437397334198697"/>
        <v p="0.6 0.5 0.215"/>
        <v p="0.6 0.5 0"/>
        <v p="0.6 0.5 -0.215"/>
        <v p="0.598637535821332 0.5 -0.437255498501727"/>
        <v p="0.594198250400833 0.5 -0.444085797299238"/>
        <v p="0.587397334198696 0.5 -0.448581696552059"/>
        <v p="0.29 0.5 -0.45"/>
        <v p="0 0.5 -0.45"/>
        <v p="-0.29 0.5 -0.45"/>
        <v p="-0.587255498501727 0.5 -0.448637535821332"/>
        <v p="-0.594085797299238 0.5 -0.444198250400833"/>
        <v p="-0.598581696552059 0.5 -0.437397334198697"/>
        <v p="-0.598637535821332 0.5 0.437255498501727"/>
        <v p="-0.594198250400833 0.5 0.444085797299238"/>
        <v p="-0.587397334198696 0.5 0.448581696552059"/>
        <v p="0.587255498501727 -0.5 -0.448637535821332"/>
        <v p="0.594085797299238 -0.5 -0.444198250400833"/>
        <v p="0.598581696552059 -0.5 -0.437397334198697"/>
        <v p="0.58 0.25 -0.45"/>
        <v p="0.58 0 -0.45"/>
        <v p="0.58 -0.25 -0.45"/>
        <v p="0.6 -0.25 -0.43"/>
        <v p="0.6 0 -0.43"/>
        <v p="0.6 0.25 -0.43"/>
        <v p="0.6 0.25 0.43"/>
        <v p="0.6 0 0.43"/>
        <v p="0.6 -0.25 0.43"/>
        <v p="0.6 -0.5 0.215"/>
        <v p="0.6 -0.5 0"/>
        <v p="0.6 -0.5 -0.215"/>
        <v p="-0.29 -0.5 0.45"/>
        <v p="0 -0.5 0.45"/>
        <v p="0.29 -0.5 0.45"/>
        <v p="0.58 -0.25 0.45"/>
        <v p="0.58 0 0.45"/>
        <v p="0.58 0.25 0.45"/>
        <v p="-0.58 0.25 0.45"/>
        <v p="-0.58 0 0.45"/>
        <v p="-0.58 -0.25 0.45"/>
        <v p="0.598637535821332 -0.5 0.437255498501727"/>
        <v p="0.594198250400833 -0.5 0.444085797299238"/>
        <v p="0.587397334198696 -0.5 0.448581696552059"/>
        <v p="-0.587255498501727 -0.5 0.448637535821332"/>
        <v p="-0.594085797299238 -0.5 0.444198250400833"/>
        <v p="-0.598581696552059 -0.5 0.437397334198697"/>
        <v p="-0.598637535821332 -0.5 -0.437255498501727"/>
        <v p="-0.594198250400833 -0.5 -0.444085797299238"/>
        <v p="-0.587397334198696 -0.5 -0.448581696552059"/>
        <v p="-0.29 -0.5 -0.45"/>
        <v p="0 -0.5 -0.45"/>
        <v p="0.29 -0.5 -0.45"/>
        <v p="-0.58 -0.25 -0.45"/>
        <v p="-0.58 0 -0.45"/>
        <v p="-0.58 0.25 -0.45"/>
    </verts>
    <facets color="333333">
        <f v="17 26 27" fn="-1 0 0">
            <n d="-1 -0 -0"/>
            <n d="-1 -0 -0"/>
            <n d="-1 -0 -0"/>
        </f>
        <f v="23 25 26" fn="-1 0 0">
            <n d="-1 -0 -0"/>
            <n d="-1 -0 -0"/>
            <n d="-1 -0 -0"/>
        </f>
        <f v="24 3 25" fn="-1 -0 -0">
            <n d="-1 -0 -0"/>
            <n d="-1 -0 -0"/>
            <n d="-1 -0 -0"/>
        </f>
        <f v="23 24 25" fn="-1 -0 -0">
            <n d="-1 -0 -0"/>
            <n d="-1 -0 -0"/>
            <n d="-1 -0 -0"/>
        </f>
        <f v="20 23 26" fn="-1 0 0">
            <n d="-1 -0 -0"/>
            <n d="-1 -0 -0"/>
            <n d="-1 -0 -0"/>
        </f>
        <f v="21 22 23" fn="-1 -0 -0">
            <n d="-1 -0 -0"/>
            <n d="-1 -0 -0"/>
            <n d="-1 -0 -0"/>
        </f>
        <f v="21 2 22" fn="-1 0 -0">
            <n d="-1 -0 -0"/>
            <n d="-1 -0 -0"/>
            <n d="-1 -0 -0"/>
        </f>
        <f v="20 21 23" fn="-1 0 -0">
            <n d="-1 -0 -0"/>
            <n d="-1 -0 -0"/>
            <n d="-1 -0 -0"/>
        </f>
        <f v="17 20 26" fn="-1 0 0">
            <n d="-1 -0 -0"/>
            <n d="-1 -0 -0"/>
            <n d="-1 -0 -0"/>
        </f>
        <f v="18 17 27" fn="-1 0 -0">
            <n d="-1 -0 -0"/>
            <n d="-1 -0 -0"/>
            <n d="-1 -0 -0"/>
        </f>
        <f v="16 0 19" fn="-1 0 0">
            <n d="-1 -0 -0"/>
            <n d="-1 -0 -0"/>
            <n d="-1 -0 -0"/>
        </f>
        <f v="16 19 20" fn="-1 -0 -0">
            <n d="-1 -0 -0"/>
            <n d="-1 -0 -0"/>
            <n d="-1 -0 -0"/>
        </f>
        <f v="17 16 20" fn="-1 -0 -0">
            <n d="-1 -0 -0"/>
            <n d="-1 -0 -0"/>
            <n d="-1 -0 -0"/>
        </f>
        <f v="18 27 1" fn="-1 0 0">
            <n d="-1 -0 -0"/>
            <n d="-1 -0 -0"/>
            <n d="-1 -0 -0"/>
        </f>
    </facets>
    <facets color="333333">
        <f v="47 48 5" fn="-0 1 -0">
            <n d="-0 1 -0"/>
            <n d="-0 1 -0"/>
            <n d="-0 1 -0"/>
        </f>
        <f v="46 47 5" fn="-0 1 -0">
            <n d="-0 1 -0"/>
            <n d="-0 1 -0"/>
            <n d="-0 1 -0"/>
        </f>
        <f v="2 46 5" fn="0 1 0">
            <n d="-0 1 -0"/>
            <n d="-0 1 -0"/>
            <n d="-0 1 -0"/>
        </f>
        <f v="30 2 5" fn="0 1 0">
            <n d="-0 1 -0"/>
            <n d="-0 1 -0"/>
            <n d="-0 1 -0"/>
        </f>
        <f v="29 23 22" fn="0 1 0">
            <n d="-0 1 -0"/>
            <n d="-0 1 -0"/>
            <n d="-0 1 -0"/>
        </f>
        <f v="41 24 23" fn="0 1 0">
            <n d="-0 1 -0"/>
            <n d="-0 1 -0"/>
            <n d="-0 1 -0"/>
        </f>
        <f v="42 3 24" fn="0 1 0">
            <n d="-0 1 -0"/>
            <n d="-0 1 -0"/>
            <n d="-0 1 -0"/>
        </f>
        <f v="9 45 3" fn="0 1 0">
            <n d="-0 1 -0"/>
            <n d="-0 1 -0"/>
            <n d="-0 1 -0"/>
        </f>
        <f v="9 44 45" fn="0 1 0">
            <n d="-0 1 -0"/>
            <n d="-0 1 -0"/>
            <n d="-0 1 -0"/>
        </f>
        <f v="9 43 44" fn="-0 1 -0">
            <n d="-0 1 -0"/>
            <n d="-0 1 -0"/>
            <n d="-0 1 -0"/>
        </f>
        <f v="42 9 3" fn="-0 1 -0">
            <n d="-0 1 -0"/>
            <n d="-0 1 -0"/>
            <n d="-0 1 -0"/>
        </f>
        <f v="41 42 24" fn="-0 1 -0">
            <n d="-0 1 -0"/>
            <n d="-0 1 -0"/>
            <n d="-0 1 -0"/>
        </f>
        <f v="35 41 23" fn="0 1 0">
            <n d="-0 1 -0"/>
            <n d="-0 1 -0"/>
            <n d="-0 1 -0"/>
        </f>
        <f v="36 40 41" fn="-0 1 -0">
            <n d="-0 1 -0"/>
            <n d="-0 1 -0"/>
            <n d="-0 1 -0"/>
        </f>
        <f v="7 8 40" fn="0 1 0">
            <n d="-0 1 -0"/>
            <n d="-0 1 -0"/>
            <n d="-0 1 -0"/>
        </f>
        <f v="38 39 8" fn="-0 1 -0">
            <n d="-0 1 -0"/>
            <n d="-0 1 -0"/>
            <n d="-0 1 -0"/>
        </f>
        <f v="37 38 8" fn="-0 1 -0">
            <n d="-0 1 -0"/>
            <n d="-0 1 -0"/>
            <n d="-0 1 -0"/>
        </f>
        <f v="7 37 8" fn="-0 1 -0">
            <n d="-0 1 -0"/>
            <n d="-0 1 -0"/>
            <n d="-0 1 -0"/>
        </f>
        <f v="36 7 40" fn="-0 1 0">
            <n d="-0 1 -0"/>
            <n d="-0 1 -0"/>
            <n d="-0 1 -0"/>
        </f>
        <f v="35 36 41" fn="-0 1 0">
            <n d="-0 1 -0"/>
            <n d="-0 1 -0"/>
            <n d="-0 1 -0"/>
        </f>
        <f v="29 35 23" fn="0 1 0">
            <n d="-0 1 -0"/>
            <n d="-0 1 -0"/>
            <n d="-0 1 -0"/>
        </f>
        <f v="29 34 35" fn="0 1 0">
            <n d="-0 1 -0"/>
            <n d="-0 1 -0"/>
            <n d="-0 1 -0"/>
        </f>
        <f v="28 6 34" fn="0 1 0">
            <n d="-0 1 -0"/>
            <n d="-0 1 -0"/>
            <n d="-0 1 -0"/>
        </f>
        <f v="4 33 6" fn="0 1 0">
            <n d="-0 1 -0"/>
            <n d="-0 1 -0"/>
            <n d="-0 1 -0"/>
        </f>
        <f v="4 32 33" fn="0 1 0">
            <n d="-0 1 -0"/>
            <n d="-0 1 -0"/>
            <n d="-0 1 -0"/>
        </f>
        <f v="4 31 32" fn="-0 1 -0">
            <n d="-0 1 -0"/>
            <n d="-0 1 -0"/>
            <n d="-0 1 -0"/>
        </f>
        <f v="29 28 34" fn="-0 1 -0">
            <n d="-0 1 -0"/>
            <n d="-0 1 -0"/>
            <n d="-0 1 -0"/>
        </f>
        <f v="28 4 6" fn="-0 1 -0">
            <n d="-0 1 -0"/>
            <n d="-0 1 -0"/>
            <n d="-0 1 -0"/>
        </f>
        <f v="30 29 22" fn="-0 1 0">
            <n d="-0 1 -0"/>
            <n d="-0 1 -0"/>
            <n d="-0 1 -0"/>
        </f>
        <f v="30 22 2" fn="-0 1 -0">
            <n d="-0 1 -0"/>
            <n d="-0 1 -0"/>
            <n d="-0 1 -0"/>
        </f>
    </facets>
    <facets color="333333">
        <f v="55 51 50" fn="0.834141850880891 0.0115841329140787 -0.551428309459743">
            <n d="1 0 -1.83690953073357e-016"/>
            <n d="0.929084827602939 0 -0.369866709934831"/>
            <n d="0.704289864961921 0 -0.709912520041673"/>
        </f>
        <f v="54 49 10" fn="0.184557862110238 -0 -0.982821649910755">
            <n d="-1.22460635382238e-016 0 -1"/>
            <n d="0.362774925086362 0 -0.9318767910666"/>
            <n d="-1.22460635382238e-016 0 -1"/>
        </f>
        <f v="54 50 49" fn="0.544918614088098 0.0112453911529647 -0.838413528754232">
            <n d="-1.22460635382238e-016 0 -1"/>
            <n d="0.704289864961921 0 -0.709912520041673"/>
            <n d="0.362774925086362 0 -0.9318767910666"/>
        </f>
        <f v="53 50 54" fn="0.380846084368955 0 -0.924638448270909">
            <n d="-1.22460635382238e-016 0 -1"/>
            <n d="0.704289864961921 0 -0.709912520041673"/>
            <n d="-1.22460635382238e-016 0 -1"/>
        </f>
        <f v="56 50 53" fn="0.707058260662666 0.0117146087161187 -0.707058260662666">
            <n d="1 0 -1.83690953073357e-016"/>
            <n d="0.704289864961921 0 -0.709912520041673"/>
            <n d="-1.22460635382238e-016 0 -1"/>
        </f>
        <f v="38 53 52" fn="0.384519268072538 -0 -0.923116965763797">
            <n d="0.709912520041668 0 -0.704289864961926"/>
            <n d="-1.22460635382238e-016 0 -1"/>
            <n d="-1.22460635382238e-016 0 -1"/>
        </f>
        <f v="39 52 8" fn="0.188301848632802 0 -0.982111202360236">
            <n d="0.369866709934824 0 -0.929084827602942"/>
            <n d="-1.22460635382238e-016 0 -1"/>
            <n d="-1.22460635382238e-016 0 -1"/>
        </f>
        <f v="38 52 39" fn="0.55142830945973 -0.0115841329140777 -0.834141850880899">
            <n d="0.709912520041668 0 -0.704289864961926"/>
            <n d="-1.22460635382238e-016 0 -1"/>
            <n d="0.369866709934824 0 -0.929084827602942"/>
        </f>
        <f v="56 53 38" fn="0.707058260662666 -0.0117146087161186 -0.707058260662666">
            <n d="1 0 -1.83690953073357e-016"/>
            <n d="-1.22460635382238e-016 0 -1"/>
            <n d="0.709912520041668 0 -0.704289864961926"/>
        </f>
        <f v="55 50 56" fn="0.923116965763797 0 -0.384519268072538">
            <n d="1 0 -1.83690953073357e-016"/>
            <n d="0.704289864961921 0 -0.709912520041673"/>
            <n d="1 0 -1.83690953073357e-016"/>
        </f>
        <f v="57 37 7" fn="0.982821649910755 -0 -0.184557862110234">
            <n d="1 0 -1.83690953073357e-016"/>
            <n d="0.931876791066597 0 -0.36277492508637"/>
            <n d="1 0 -1.83690953073357e-016"/>
        </f>
        <f v="57 38 37" fn="0.838413528754222 -0.0112453911529656 -0.544918614088114">
            <n d="1 0 -1.83690953073357e-016"/>
            <n d="0.709912520041668 0 -0.704289864961926"/>
            <n d="0.931876791066597 0 -0.36277492508637"/>
        </f>
        <f v="56 38 57" fn="0.924638448270907 0 -0.38084608436896">
            <n d="1 0 -1.83690953073357e-016"/>
            <n d="0.709912520041668 0 -0.704289864961926"/>
            <n d="1 0 -1.83690953073357e-016"/>
        </f>
        <f v="55 11 51" fn="0.982111202360239 -0 -0.188301848632791">
            <n d="1 0 -1.83690953073357e-016"/>
            <n d="1 0 -1.83690953073357e-016"/>
            <n d="0.929084827602939 0 -0.369866709934831"/>
        </f>
    </facets>
    <facets color="333333">
        <f v="35 56 57" fn="1 0 0">
            <n d="1 -0 -0"/>
            <n d="1 -0 -0"/>
            <n d="1 -0 -0"/>
        </f>
        <f v="63 11 55" fn="1 0 0">
            <n d="1 -0 -0"/>
            <n d="1 -0 -0"/>
            <n d="1 -0 -0"/>
        </f>
        <f v="62 55 56" fn="1 0 0">
            <n d="1 -0 -0"/>
            <n d="1 -0 -0"/>
            <n d="1 -0 -0"/>
        </f>
        <f v="62 63 55" fn="1 -0 -0">
            <n d="1 -0 -0"/>
            <n d="1 -0 -0"/>
            <n d="1 -0 -0"/>
        </f>
        <f v="59 62 56" fn="1 0 0">
            <n d="1 -0 -0"/>
            <n d="1 -0 -0"/>
            <n d="1 -0 -0"/>
        </f>
        <f v="60 61 62" fn="1 -0 -0">
            <n d="1 -0 -0"/>
            <n d="1 -0 -0"/>
            <n d="1 -0 -0"/>
        </f>
        <f v="60 12 61" fn="1 0 -0">
            <n d="1 -0 -0"/>
            <n d="1 -0 -0"/>
            <n d="1 -0 -0"/>
        </f>
        <f v="59 60 62" fn="1 0 -0">
            <n d="1 -0 -0"/>
            <n d="1 -0 -0"/>
            <n d="1 -0 -0"/>
        </f>
        <f v="35 59 56" fn="1 0 0">
            <n d="1 -0 -0"/>
            <n d="1 -0 -0"/>
            <n d="1 -0 -0"/>
        </f>
        <f v="34 58 59" fn="1 -0 -0">
            <n d="1 -0 -0"/>
            <n d="1 -0 -0"/>
            <n d="1 -0 -0"/>
        </f>
        <f v="34 6 58" fn="1 -0 -0">
            <n d="1 -0 -0"/>
            <n d="1 -0 -0"/>
            <n d="1 -0 -0"/>
        </f>
        <f v="36 35 57" fn="1 0 -0">
            <n d="1 -0 -0"/>
            <n d="1 -0 -0"/>
            <n d="1 -0 -0"/>
        </f>
        <f v="35 34 59" fn="1 -0 -0">
            <n d="1 -0 -0"/>
            <n d="1 -0 -0"/>
            <n d="1 -0 -0"/>
        </f>
        <f v="36 57 7" fn="1 0 0">
            <n d="1 -0 -0"/>
            <n d="1 -0 -0"/>
            <n d="1 -0 -0"/>
        </f>
    </facets>
    <facets color="333333">
        <f v="71 64 65" fn="-0 -0 1">
            <n d="0 0 1"/>
            <n d="0 0 1"/>
            <n d="0 0 1"/>
        </f>
        <f v="68 65 66" fn="-0 -0 1">
            <n d="0 0 1"/>
            <n d="0 0 1"/>
            <n d="0 0 1"/>
        </f>
        <f v="67 66 14" fn="0 0 1">
            <n d="0 0 1"/>
            <n d="0 0 1"/>
            <n d="0 0 1"/>
        </f>
        <f v="68 66 67" fn="0 0 1">
            <n d="0 0 1"/>
            <n d="0 0 1"/>
            <n d="0 0 1"/>
        </f>
        <f v="29 65 68" fn="-0 -0 1">
            <n d="0 0 1"/>
            <n d="0 0 1"/>
            <n d="0 0 1"/>
        </f>
        <f v="28 68 69" fn="0 0 1">
            <n d="0 0 1"/>
            <n d="0 0 1"/>
            <n d="0 0 1"/>
        </f>
        <f v="28 69 4" fn="-0 0 1">
            <n d="0 0 1"/>
            <n d="0 0 1"/>
            <n d="0 0 1"/>
        </f>
        <f v="29 68 28" fn="-0 0 1">
            <n d="0 0 1"/>
            <n d="0 0 1"/>
            <n d="0 0 1"/>
        </f>
        <f v="71 65 29" fn="-0 -0 1">
            <n d="0 0 1"/>
            <n d="0 0 1"/>
            <n d="0 0 1"/>
        </f>
        <f v="70 29 30" fn="0 0 1">
            <n d="0 0 1"/>
            <n d="0 0 1"/>
            <n d="0 0 1"/>
        </f>
        <f v="70 30 5" fn="0 0 1">
            <n d="0 0 1"/>
            <n d="0 0 1"/>
            <n d="0 0 1"/>
        </f>
        <f v="72 64 71" fn="-0 0 1">
            <n d="0 0 1"/>
            <n d="0 0 1"/>
            <n d="0 0 1"/>
        </f>
        <f v="71 29 70" fn="0 0 1">
            <n d="0 0 1"/>
            <n d="0 0 1"/>
            <n d="0 0 1"/>
        </f>
        <f v="72 13 64" fn="-0 -0 1">
            <n d="0 0 1"/>
            <n d="0 0 1"/>
            <n d="0 0 1"/>
        </f>
    </facets>
    <facets color="333333">
        <f v="10 51 11" fn="0 -1 0">
            <n d="-0 -1 -0"/>
            <n d="-0 -1 -0"/>
            <n d="-0 -1 -0"/>
        </f>
        <f v="10 50 51" fn="0 -1 0">
            <n d="-0 -1 -0"/>
            <n d="-0 -1 -0"/>
            <n d="-0 -1 -0"/>
        </f>
        <f v="10 49 50" fn="-0 -1 -0">
            <n d="-0 -1 -0"/>
            <n d="-0 -1 -0"/>
            <n d="-0 -1 -0"/>
        </f>
        <f v="84 10 11" fn="-0 -1 -0">
            <n d="-0 -1 -0"/>
            <n d="-0 -1 -0"/>
            <n d="-0 -1 -0"/>
        </f>
        <f v="63 83 84" fn="0 -1 0">
            <n d="-0 -1 -0"/>
            <n d="-0 -1 -0"/>
            <n d="-0 -1 -0"/>
        </f>
        <f v="1 15 82" fn="0 -1 0">
            <n d="-0 -1 -0"/>
            <n d="-0 -1 -0"/>
            <n d="-0 -1 -0"/>
        </f>
        <f v="80 81 15" fn="-0 -1 -0">
            <n d="-0 -1 -0"/>
            <n d="-0 -1 -0"/>
            <n d="-0 -1 -0"/>
        </f>
        <f v="79 80 15" fn="-0 -1 -0">
            <n d="-0 -1 -0"/>
            <n d="-0 -1 -0"/>
            <n d="-0 -1 -0"/>
        </f>
        <f v="1 79 15" fn="-0 -1 -0">
            <n d="-0 -1 -0"/>
            <n d="-0 -1 -0"/>
            <n d="-0 -1 -0"/>
        </f>
        <f v="18 1 82" fn="0 -1 0">
            <n d="-0 -1 -0"/>
            <n d="-0 -1 -0"/>
            <n d="-0 -1 -0"/>
        </f>
        <f v="18 82 83" fn="-0 -1 -0">
            <n d="-0 -1 -0"/>
            <n d="-0 -1 -0"/>
            <n d="-0 -1 -0"/>
        </f>
        <f v="17 18 83" fn="-0 -1 -0">
            <n d="-0 -1 -0"/>
            <n d="-0 -1 -0"/>
            <n d="-0 -1 -0"/>
        </f>
        <f v="62 17 83" fn="-0 -1 0">
            <n d="-0 -1 -0"/>
            <n d="-0 -1 -0"/>
            <n d="-0 -1 -0"/>
        </f>
        <f v="65 16 17" fn="0 -1 0">
            <n d="-0 -1 -0"/>
            <n d="-0 -1 -0"/>
            <n d="-0 -1 -0"/>
        </f>
        <f v="64 0 16" fn="0 -1 0">
            <n d="-0 -1 -0"/>
            <n d="-0 -1 -0"/>
            <n d="-0 -1 -0"/>
        </f>
        <f v="13 78 0" fn="0 -1 0">
            <n d="-0 -1 -0"/>
            <n d="-0 -1 -0"/>
            <n d="-0 -1 -0"/>
        </f>
        <f v="13 77 78" fn="0 -1 0">
            <n d="-0 -1 -0"/>
            <n d="-0 -1 -0"/>
            <n d="-0 -1 -0"/>
        </f>
        <f v="13 76 77" fn="-0 -1 -0">
            <n d="-0 -1 -0"/>
            <n d="-0 -1 -0"/>
            <n d="-0 -1 -0"/>
        </f>
        <f v="64 13 0" fn="-0 -1 -0">
            <n d="-0 -1 -0"/>
            <n d="-0 -1 -0"/>
            <n d="-0 -1 -0"/>
        </f>
        <f v="65 64 16" fn="-0 -1 -0">
            <n d="-0 -1 -0"/>
            <n d="-0 -1 -0"/>
            <n d="-0 -1 -0"/>
        </f>
        <f v="62 65 17" fn="-0 -1 -0">
            <n d="-0 -1 -0"/>
            <n d="-0 -1 -0"/>
            <n d="-0 -1 -0"/>
        </f>
        <f v="12 14 66" fn="0 -1 0">
            <n d="-0 -1 -0"/>
            <n d="-0 -1 -0"/>
            <n d="-0 -1 -0"/>
        </f>
        <f v="74 75 14" fn="-0 -1 -0">
            <n d="-0 -1 -0"/>
            <n d="-0 -1 -0"/>
            <n d="-0 -1 -0"/>
        </f>
        <f v="73 74 14" fn="-0 -1 -0">
            <n d="-0 -1 -0"/>
            <n d="-0 -1 -0"/>
            <n d="-0 -1 -0"/>
        </f>
        <f v="12 73 14" fn="-0 -1 -0">
            <n d="-0 -1 -0"/>
            <n d="-0 -1 -0"/>
            <n d="-0 -1 -0"/>
        </f>
        <f v="63 62 83" fn="-0 -1 0">
            <n d="-0 -1 -0"/>
            <n d="-0 -1 -0"/>
            <n d="-0 -1 -0"/>
        </f>
        <f v="61 12 66" fn="0 -1 0">
            <n d="-0 -1 -0"/>
            <n d="-0 -1 -0"/>
            <n d="-0 -1 -0"/>
        </f>
        <f v="61 66 65" fn="-0 -1 -0">
            <n d="-0 -1 -0"/>
            <n d="-0 -1 -0"/>
            <n d="-0 -1 -0"/>
        </f>
        <f v="62 61 65" fn="-0 -1 0">
            <n d="-0 -1 -0"/>
            <n d="-0 -1 -0"/>
            <n d="-0 -1 -0"/>
        </f>
        <f v="63 84 11" fn="0 -1 -0">
            <n d="-0 -1 -0"/>
            <n d="-0 -1 -0"/>
            <n d="-0 -1 -0"/>
        </f>
    </facets>
    <facets color="333333">
        <f v="84 53 54" fn="0 0 -1">
            <n d="-0 -0 -1"/>
            <n d="-0 -0 -1"/>
            <n d="-0 -0 -1"/>
        </f>
        <f v="40 52 53" fn="-0 -0 -1">
            <n d="-0 -0 -1"/>
            <n d="-0 -0 -1"/>
            <n d="-0 -0 -1"/>
        </f>
        <f v="40 8 52" fn="0 -0 -1">
            <n d="-0 -0 -1"/>
            <n d="-0 -0 -1"/>
            <n d="-0 -0 -1"/>
        </f>
        <f v="41 40 53" fn="0 -0 -1">
            <n d="-0 -0 -1"/>
            <n d="-0 -0 -1"/>
            <n d="-0 -0 -1"/>
        </f>
        <f v="86 41 53" fn="0 0 -1">
            <n d="-0 -0 -1"/>
            <n d="-0 -0 -1"/>
            <n d="-0 -0 -1"/>
        </f>
        <f v="87 42 41" fn="-0 -0 -1">
            <n d="-0 -0 -1"/>
            <n d="-0 -0 -1"/>
            <n d="-0 -0 -1"/>
        </f>
        <f v="87 9 42" fn="-0 -0 -1">
            <n d="-0 -0 -1"/>
            <n d="-0 -0 -1"/>
            <n d="-0 -0 -1"/>
        </f>
        <f v="86 87 41" fn="-0 -0 -1">
            <n d="-0 -0 -1"/>
            <n d="-0 -0 -1"/>
            <n d="-0 -0 -1"/>
        </f>
        <f v="83 86 53" fn="0 0 -1">
            <n d="-0 -0 -1"/>
            <n d="-0 -0 -1"/>
            <n d="-0 -0 -1"/>
        </f>
        <f v="84 83 53" fn="-0 0 -1">
            <n d="-0 -0 -1"/>
            <n d="-0 -0 -1"/>
            <n d="-0 -0 -1"/>
        </f>
        <f v="82 15 85" fn="0 0 -1">
            <n d="-0 -0 -1"/>
            <n d="-0 -0 -1"/>
            <n d="-0 -0 -1"/>
        </f>
        <f v="82 85 86" fn="-0 -0 -1">
            <n d="-0 -0 -1"/>
            <n d="-0 -0 -1"/>
            <n d="-0 -0 -1"/>
        </f>
        <f v="83 82 86" fn="-0 -0 -1">
            <n d="-0 -0 -1"/>
            <n d="-0 -0 -1"/>
            <n d="-0 -0 -1"/>
        </f>
        <f v="84 54 10" fn="0 0 -1">
            <n d="-0 -0 -1"/>
            <n d="-0 -0 -1"/>
            <n d="-0 -0 -1"/>
        </f>
    </facets>
    <facets color="333333">
        <f v="25 45 44" fn="-0.834141850880891 -0.0115841329140787 -0.551428309459743">
            <n d="-1 0 -6.12303176911189e-017"/>
            <n d="-0.92908482760294 0 -0.369866709934831"/>
            <n d="-0.704289864961921 0 -0.709912520041673"/>
        </f>
        <f v="87 43 9" fn="-0.184557862110238 0 -0.982821649910755">
            <n d="0 0 -1"/>
            <n d="-0.362774925086363 0 -0.9318767910666"/>
            <n d="0 0 -1"/>
        </f>
        <f v="87 44 43" fn="-0.544918614088098 -0.0112453911529647 -0.838413528754232">
            <n d="0 0 -1"/>
            <n d="-0.704289864961921 0 -0.709912520041673"/>
            <n d="-0.362774925086363 0 -0.9318767910666"/>
        </f>
        <f v="86 44 87" fn="-0.380846084368955 0 -0.924638448270909">
            <n d="0 0 -1"/>
            <n d="-0.704289864961921 0 -0.709912520041673"/>
            <n d="0 0 -1"/>
        </f>
        <f v="26 44 86" fn="-0.707058260662666 -0.0117146087161187 -0.707058260662666">
            <n d="-1 0 -6.12303176911189e-017"/>
            <n d="-0.704289864961921 0 -0.709912520041673"/>
            <n d="0 0 -1"/>
        </f>
        <f v="80 86 85" fn="-0.384519268072538 -0 -0.923116965763797">
            <n d="-0.709912520041668 0 -0.704289864961926"/>
            <n d="0 0 -1"/>
            <n d="0 0 -1"/>
        </f>
        <f v="81 85 15" fn="-0.188301848632802 0 -0.982111202360236">
            <n d="-0.369866709934824 0 -0.929084827602942"/>
            <n d="0 0 -1"/>
            <n d="0 0 -1"/>
        </f>
        <f v="80 85 81" fn="-0.55142830945973 0.0115841329140777 -0.834141850880899">
            <n d="-0.709912520041668 0 -0.704289864961926"/>
            <n d="0 0 -1"/>
            <n d="-0.369866709934824 0 -0.929084827602942"/>
        </f>
        <f v="26 86 80" fn="-0.707058260662666 0.0117146087161186 -0.707058260662666">
            <n d="-1 0 -6.12303176911189e-017"/>
            <n d="0 0 -1"/>
            <n d="-0.709912520041668 0 -0.704289864961926"/>
        </f>
        <f v="25 44 26" fn="-0.923116965763797 -0 -0.384519268072538">
            <n d="-1 0 -6.12303176911189e-017"/>
            <n d="-0.704289864961921 0 -0.709912520041673"/>
            <n d="-1 0 -6.12303176911189e-017"/>
        </f>
        <f v="27 79 1" fn="-0.982821649910755 -0 -0.184557862110234">
            <n d="-1 0 -6.12303176911189e-017"/>
            <n d="-0.931876791066597 0 -0.36277492508637"/>
            <n d="-1 0 -6.12303176911189e-017"/>
        </f>
        <f v="27 80 79" fn="-0.838413528754222 0.0112453911529656 -0.544918614088114">
            <n d="-1 0 -6.12303176911189e-017"/>
            <n d="-0.709912520041668 0 -0.704289864961926"/>
            <n d="-0.931876791066597 0 -0.36277492508637"/>
        </f>
        <f v="26 80 27" fn="-0.924638448270907 -0 -0.38084608436896">
            <n d="-1 0 -6.12303176911189e-017"/>
            <n d="-0.709912520041668 0 -0.704289864961926"/>
            <n d="-1 0 -6.12303176911189e-017"/>
        </f>
        <f v="25 3 45" fn="-0.982111202360239 0 -0.188301848632791">
            <n d="-1 0 -6.12303176911189e-017"/>
            <n d="-1 0 -6.12303176911189e-017"/>
            <n d="-0.92908482760294 0 -0.369866709934831"/>
        </f>
    </facets>
    <facets color="333333">
        <f v="70 48 47" fn="-0.55142830945973 -0.0115841329140777 0.834141850880899">
            <n d="0 0 1"/>
            <n d="-0.369866709934824 0 0.929084827602942"/>
            <n d="-0.709912520041668 0 0.704289864961926"/>
        </f>
        <f v="21 47 46" fn="-0.838413528754222 -0.0112453911529656 0.544918614088114">
            <n d="-1 0 6.12303176911189e-017"/>
            <n d="-0.709912520041668 0 0.704289864961926"/>
            <n d="-0.931876791066597 0 0.36277492508637"/>
        </f>
        <f v="21 46 2" fn="-0.982821649910755 0 0.184557862110234">
            <n d="-1 0 6.12303176911189e-017"/>
            <n d="-0.931876791066597 0 0.36277492508637"/>
            <n d="-1 0 6.12303176911189e-017"/>
        </f>
        <f v="20 47 21" fn="-0.924638448270907 0 0.38084608436896">
            <n d="-1 0 6.12303176911189e-017"/>
            <n d="-0.709912520041668 0 0.704289864961926"/>
            <n d="-1 0 6.12303176911189e-017"/>
        </f>
        <f v="71 47 20" fn="-0.707058260662666 -0.0117146087161186 0.707058260662666">
            <n d="0 0 1"/>
            <n d="-0.709912520041668 0 0.704289864961926"/>
            <n d="-1 0 6.12303176911189e-017"/>
        </f>
        <f v="77 20 19" fn="-0.923116965763797 -0 0.384519268072538">
            <n d="-0.704289864961921 0 0.709912520041673"/>
            <n d="-1 0 6.12303176911189e-017"/>
            <n d="-1 0 6.12303176911189e-017"/>
        </f>
        <f v="78 19 0" fn="-0.982111202360239 0 0.188301848632791">
            <n d="-0.92908482760294 0 0.369866709934831"/>
            <n d="-1 0 6.12303176911189e-017"/>
            <n d="-1 0 6.12303176911189e-017"/>
        </f>
        <f v="77 19 78" fn="-0.834141850880891 0.0115841329140787 0.551428309459743">
            <n d="-0.704289864961921 0 0.709912520041673"/>
            <n d="-1 0 6.12303176911189e-017"/>
            <n d="-0.92908482760294 0 0.369866709934831"/>
        </f>
        <f v="71 20 77" fn="-0.707058260662666 0.0117146087161187 0.707058260662666">
            <n d="0 0 1"/>
            <n d="-1 0 6.12303176911189e-017"/>
            <n d="-0.704289864961921 0 0.709912520041673"/>
        </f>
        <f v="72 77 76" fn="-0.544918614088098 0.0112453911529647 0.838413528754232">
            <n d="0 0 1"/>
            <n d="-0.704289864961921 0 0.709912520041673"/>
            <n d="-0.362774925086363 0 0.9318767910666"/>
        </f>
        <f v="72 76 13" fn="-0.184557862110238 0 0.982821649910755">
            <n d="0 0 1"/>
            <n d="-0.362774925086363 0 0.9318767910666"/>
            <n d="0 0 1"/>
        </f>
        <f v="70 47 71" fn="-0.384519268072538 0 0.923116965763797">
            <n d="0 0 1"/>
            <n d="-0.709912520041668 0 0.704289864961926"/>
            <n d="0 0 1"/>
        </f>
        <f v="71 77 72" fn="-0.380846084368955 0 0.924638448270909">
            <n d="0 0 1"/>
            <n d="-0.704289864961921 0 0.709912520041673"/>
            <n d="0 0 1"/>
        </f>
        <f v="70 5 48" fn="-0.188301848632802 -0 0.982111202360236">
            <n d="0 0 1"/>
            <n d="0 0 1"/>
            <n d="-0.369866709934824 0 0.929084827602942"/>
        </f>
    </facets>
    <facets color="333333">
        <f v="67 75 74" fn="0.55142830945973 0.0115841329140777 0.834141850880899">
            <n d="-1.22460635382238e-016 -0 1"/>
            <n d="0.369866709934824 0 0.929084827602942"/>
            <n d="0.709912520041668 0 0.704289864961926"/>
        </f>
        <f v="60 74 73" fn="0.838413528754222 0.0112453911529656 0.544918614088114">
            <n d="1 0 1.83690953073357e-016"/>
            <n d="0.709912520041668 0 0.704289864961926"/>
            <n d="0.931876791066597 0 0.36277492508637"/>
        </f>
        <f v="60 73 12" fn="0.982821649910755 0 0.184557862110234">
            <n d="1 0 1.83690953073357e-016"/>
            <n d="0.931876791066597 0 0.36277492508637"/>
            <n d="1 0 1.83690953073357e-016"/>
        </f>
        <f v="59 74 60" fn="0.924638448270907 0 0.38084608436896">
            <n d="1 0 1.83690953073357e-016"/>
            <n d="0.709912520041668 0 0.704289864961926"/>
            <n d="1 0 1.83690953073357e-016"/>
        </f>
        <f v="68 74 59" fn="0.707058260662666 0.0117146087161186 0.707058260662666">
            <n d="-1.22460635382238e-016 -0 1"/>
            <n d="0.709912520041668 0 0.704289864961926"/>
            <n d="1 0 1.83690953073357e-016"/>
        </f>
        <f v="32 59 58" fn="0.923116965763797 -0 0.384519268072538">
            <n d="0.704289864961921 0 0.709912520041673"/>
            <n d="1 0 1.83690953073357e-016"/>
            <n d="1 0 1.83690953073357e-016"/>
        </f>
        <f v="33 58 6" fn="0.982111202360239 0 0.188301848632791">
            <n d="0.929084827602939 0 0.369866709934831"/>
            <n d="1 0 1.83690953073357e-016"/>
            <n d="1 0 1.83690953073357e-016"/>
        </f>
        <f v="32 58 33" fn="0.834141850880891 -0.0115841329140787 0.551428309459743">
            <n d="0.704289864961921 0 0.709912520041673"/>
            <n d="1 0 1.83690953073357e-016"/>
            <n d="0.929084827602939 0 0.369866709934831"/>
        </f>
        <f v="68 59 32" fn="0.707058260662666 -0.0117146087161187 0.707058260662666">
            <n d="-1.22460635382238e-016 -0 1"/>
            <n d="1 0 1.83690953073357e-016"/>
            <n d="0.704289864961921 0 0.709912520041673"/>
        </f>
        <f v="69 32 31" fn="0.544918614088098 -0.0112453911529647 0.838413528754232">
            <n d="-1.22460635382238e-016 -0 1"/>
            <n d="0.704289864961921 0 0.709912520041673"/>
            <n d="0.362774925086362 0 0.9318767910666"/>
        </f>
        <f v="69 31 4" fn="0.184557862110238 -0 0.982821649910755">
            <n d="-1.22460635382238e-016 -0 1"/>
            <n d="0.362774925086362 0 0.9318767910666"/>
            <n d="-1.22460635382238e-016 -0 1"/>
        </f>
        <f v="67 74 68" fn="0.384519268072538 -0 0.923116965763797">
            <n d="-1.22460635382238e-016 -0 1"/>
            <n d="0.709912520041668 0 0.704289864961926"/>
            <n d="-1.22460635382238e-016 -0 1"/>
        </f>
        <f v="68 32 69" fn="0.380846084368955 -0 0.924638448270909">
            <n d="-1.22460635382238e-016 -0 1"/>
            <n d="0.704289864961921 0 0.709912520041673"/>
            <n d="-1.22460635382238e-016 -0 1"/>
        </f>
        <f v="67 14 75" fn="0.188301848632802 0 0.982111202360236">
            <n d="-1.22460635382238e-016 -0 1"/>
            <n d="-1.22460635382238e-016 -0 1"/>
            <n d="0.369866709934824 0 0.929084827602942"/>
        </f>
    </facets>
</shell>
<shell id="id82">
    <verts>
        <v p="-0.6 0 0.43"/>
        <v p="-0.6 0 -0.43"/>
        <v p="-0.6 -0.48 -0.43"/>
        <v p="-0.6 -0.48 0.43"/>
        <v p="0.6 -0.48 -0.43"/>
        <v p="0.58 -0.48 -0.45"/>
        <v p="0.58 0 -0.45"/>
        <v p="0.6 0 -0.43"/>
        <v p="0.6 -0.48 0.43"/>
        <v p="0.6 0 0.43"/>
        <v p="-0.58 0 -0.45"/>
        <v p="-0.58 0 0.45"/>
        <v p="0.58 0 0.45"/>
        <v p="-0.58 -0.5 0.43"/>
        <v p="-0.58 -0.5 -0.43"/>
        <v p="0.58 -0.5 -0.43"/>
        <v p="0.58 -0.5 0.43"/>
        <v p="-0.58 -0.48 -0.45"/>
        <v p="-0.58 -0.48 0.45"/>
        <v p="0.58 -0.48 0.45"/>
        <v p="-0.6 0 0.215"/>
        <v p="-0.6 0 0"/>
        <v p="-0.6 0 -0.215"/>
        <v p="-0.6 -0.12 -0.43"/>
        <v p="-0.6 -0.24 -0.43"/>
        <v p="-0.6 -0.36 -0.43"/>
        <v p="-0.6 -0.48 -0.215"/>
        <v p="-0.6 -0.48 0"/>
        <v p="-0.6 -0.48 0.215"/>
        <v p="-0.6 -0.36 0.43"/>
        <v p="-0.6 -0.24 0.43"/>
        <v p="-0.6 -0.12 0.43"/>
        <v p="0.598637535821332 -0.48 -0.437255498501727"/>
        <v p="0.594198250400833 -0.48 -0.444085797299238"/>
        <v p="0.587397334198696 -0.48 -0.448581696552059"/>
        <v p="0.58 -0.12 -0.45"/>
        <v p="0.58 -0.24 -0.45"/>
        <v p="0.58 -0.36 -0.45"/>
        <v p="0.598637535821332 0 -0.437255498501727"/>
        <v p="0.594198250400833 0 -0.444085797299238"/>
        <v p="0.587397334198696 0 -0.448581696552059"/>
        <v p="0.6 -0.36 -0.43"/>
        <v p="0.6 -0.24 -0.43"/>
        <v p="0.6 -0.12 -0.43"/>
        <v p="0.6 -0.48 0.215"/>
        <v p="0.6 -0.48 0"/>
        <v p="0.6 -0.48 -0.215"/>
        <v p="0.6 0 -0.215"/>
        <v p="0.6 0 0"/>
        <v p="0.6 0 0.215"/>
        <v p="0.6 -0.12 0.43"/>
        <v p="0.6 -0.24 0.43"/>
        <v p="0.6 -0.36 0.43"/>
        <v p="-0.29 0 -0.45"/>
        <v p="0 0 -0.45"/>
        <v p="0.29 0 -0.45"/>
        <v p="-0.587255498501727 0 -0.448637535821332"/>
        <v p="-0.594085797299238 0 -0.444198250400833"/>
        <v p="-0.598581696552059 0 -0.437397334198697"/>
        <v p="-0.598637535821332 0 0.437255498501727"/>
        <v p="-0.594198250400833 0 0.444085797299238"/>
        <v p="-0.587397334198696 0 0.448581696552059"/>
        <v p="0.29 0 0.45"/>
        <v p="0 0 0.45"/>
        <v p="-0.29 0 0.45"/>
        <v p="0.587255498501727 0 0.448637535821332"/>
        <v p="0.594085797299238 0 0.444198250400833"/>
        <v p="0.598581696552059 0 0.437397334198697"/>
        <v p="-0.58 -0.5 0.215"/>
        <v p="-0.58 -0.5 0"/>
        <v p="-0.58 -0.5 -0.215"/>
        <v p="-0.29 -0.5 -0.43"/>
        <v p="0 -0.5 -0.43"/>
        <v p="0.29 -0.5 -0.43"/>
        <v p="0.58 -0.5 -0.215"/>
        <v p="0.58 -0.5 0"/>
        <v p="0.58 -0.5 0.215"/>
        <v p="0.29 -0.5 0.43"/>
        <v p="0 -0.5 0.43"/>
        <v p="-0.29 -0.5 0.43"/>
        <v p="-0.58 -0.498637535821332 -0.437255498501727"/>
        <v p="-0.58 -0.494198250400833 -0.444085797299239"/>
        <v p="-0.58 -0.487397334198697 -0.448581696552059"/>
        <v p="0.29 -0.48 -0.45"/>
        <v p="0 -0.48 -0.45"/>
        <v p="-0.29 -0.48 -0.45"/>
        <v p="0.58 -0.498581696552059 -0.437397334198696"/>
        <v p="0.58 -0.494085797299239 -0.444198250400833"/>
        <v p="0.58 -0.487255498501727 -0.448637535821332"/>
        <v p="0.598637535821332 -0.487255498501727 0.43"/>
        <v p="0.594198250400833 -0.494085797299239 0.43"/>
        <v p="0.587397334198697 -0.498581696552059 0.43"/>
        <v p="0.598581696552059 -0.487397334198696 -0.43"/>
        <v p="0.594085797299238 -0.494198250400833 -0.43"/>
        <v p="0.587255498501727 -0.498637535821332 -0.43"/>
        <v p="-0.58 -0.487255498501727 0.448637535821332"/>
        <v p="-0.58 -0.494085797299238 0.444198250400833"/>
        <v p="-0.58 -0.498581696552059 0.437397334198697"/>
        <v p="-0.587397334198697 -0.48 0.448581696552059"/>
        <v p="-0.594198250400833 -0.48 0.444085797299238"/>
        <v p="-0.598637535821332 -0.48 0.437255498501727"/>
        <v p="-0.587255498501728 -0.498637535821332 0.43"/>
        <v p="-0.594085797299238 -0.494198250400833 0.43"/>
        <v p="-0.598581696552059 -0.487397334198697 0.43"/>
        <v p="-0.587397334198697 -0.498581696552059 -0.43"/>
        <v p="-0.594198250400833 -0.494085797299239 -0.43"/>
        <v p="-0.598637535821332 -0.487255498501727 -0.43"/>
        <v p="-0.598581696552059 -0.48 -0.437397334198697"/>
        <v p="-0.594085797299238 -0.48 -0.444198250400834"/>
        <v p="-0.587255498501727 -0.48 -0.448637535821332"/>
        <v p="-0.58 -0.36 -0.45"/>
        <v p="-0.58 -0.24 -0.45"/>
        <v p="-0.58 -0.12 -0.45"/>
        <v p="-0.58 -0.12 0.45"/>
        <v p="-0.58 -0.24 0.45"/>
        <v p="-0.58 -0.36 0.45"/>
        <v p="-0.29 -0.48 0.45"/>
        <v p="0 -0.48 0.45"/>
        <v p="0.29 -0.48 0.45"/>
        <v p="0.58 -0.36 0.45"/>
        <v p="0.58 -0.24 0.45"/>
        <v p="0.58 -0.12 0.45"/>
        <v p="0.598581696552059 -0.48 0.437397334198697"/>
        <v p="0.594085797299238 -0.48 0.444198250400834"/>
        <v p="0.587255498501727 -0.48 0.448637535821332"/>
        <v p="0.58 -0.487397334198697 0.448581696552059"/>
        <v p="0.58 -0.494198250400833 0.444085797299238"/>
        <v p="0.58 -0.498637535821332 0.437255498501727"/>
    </verts>
    <facets>
        <f v="21 30 31" fn="-1 0 0">
            <n d="-1 -0 -0"/>
            <n d="-1 -0 -0"/>
            <n d="-1 -0 -0"/>
        </f>
        <f v="28 3 29" fn="-1 0 0">
            <n d="-1 -0 -0"/>
            <n d="-1 -0 -0"/>
            <n d="-1 -0 -0"/>
        </f>
        <f v="28 29 30" fn="-1 -0 -0">
            <n d="-1 -0 -0"/>
            <n d="-1 -0 -0"/>
            <n d="-1 -0 -0"/>
        </f>
        <f v="27 28 30" fn="-1 -0 -0">
            <n d="-1 -0 -0"/>
            <n d="-1 -0 -0"/>
            <n d="-1 -0 -0"/>
        </f>
        <f v="24 27 30" fn="-1 0 0">
            <n d="-1 -0 -0"/>
            <n d="-1 -0 -0"/>
            <n d="-1 -0 -0"/>
        </f>
        <f v="25 26 27" fn="-1 -0 -0">
            <n d="-1 -0 -0"/>
            <n d="-1 -0 -0"/>
            <n d="-1 -0 -0"/>
        </f>
        <f v="25 2 26" fn="-1 -0 -0">
            <n d="-1 -0 -0"/>
            <n d="-1 -0 -0"/>
            <n d="-1 -0 -0"/>
        </f>
        <f v="24 25 27" fn="-1 -0 -0">
            <n d="-1 -0 -0"/>
            <n d="-1 -0 -0"/>
            <n d="-1 -0 -0"/>
        </f>
        <f v="21 24 30" fn="-1 -0 0">
            <n d="-1 -0 -0"/>
            <n d="-1 -0 -0"/>
            <n d="-1 -0 -0"/>
        </f>
        <f v="22 23 24" fn="-1 -0 -0">
            <n d="-1 -0 -0"/>
            <n d="-1 -0 -0"/>
            <n d="-1 -0 -0"/>
        </f>
        <f v="22 1 23" fn="-1 -0 -0">
            <n d="-1 -0 -0"/>
            <n d="-1 -0 -0"/>
            <n d="-1 -0 -0"/>
        </f>
        <f v="20 21 31" fn="-1 -0 -0">
            <n d="-1 -0 -0"/>
            <n d="-1 -0 -0"/>
            <n d="-1 -0 -0"/>
        </f>
        <f v="21 22 24" fn="-1 -0 -0">
            <n d="-1 -0 -0"/>
            <n d="-1 -0 -0"/>
            <n d="-1 -0 -0"/>
        </f>
        <f v="20 31 0" fn="-1 0 0">
            <n d="-1 -0 -0"/>
            <n d="-1 -0 -0"/>
            <n d="-1 -0 -0"/>
        </f>
    </facets>
    <facets>
        <f v="41 32 33" fn="0.838236508712668 0.0234229517413097 -0.54480356165587">
            <n d="1 0 -1.83690953073357e-016"/>
            <n d="0.931876791066597 0 -0.36277492508637"/>
            <n d="0.709912520041668 0 -0.704289864961926"/>
        </f>
        <f v="37 34 5" fn="0.188301848632802 -0 -0.982111202360236">
            <n d="-1.22460635382238e-016 0 -1"/>
            <n d="0.369866709934824 0 -0.929084827602942"/>
            <n d="-1.22460635382238e-016 0 -1"/>
        </f>
        <f v="37 33 34" fn="0.551304765152079 0.0241282032425606 -0.833954966247516">
            <n d="-1.22460635382238e-016 0 -1"/>
            <n d="0.709912520041668 0 -0.704289864961926"/>
            <n d="0.369866709934824 0 -0.929084827602942"/>
        </f>
        <f v="36 33 37" fn="0.384519268072538 0 -0.923116965763797">
            <n d="-1.22460635382238e-016 0 -1"/>
            <n d="0.709912520041668 0 -0.704289864961926"/>
            <n d="-1.22460635382238e-016 0 -1"/>
        </f>
        <f v="42 33 36" fn="0.706896261008803 0.0243998431049972 -0.706896261008803">
            <n d="1 0 -1.83690953073357e-016"/>
            <n d="0.709912520041668 0 -0.704289864961926"/>
            <n d="-1.22460635382238e-016 0 -1"/>
        </f>
        <f v="39 36 35" fn="0.384519268072538 -0 -0.923116965763797">
            <n d="0.709912520041668 0 -0.704289864961926"/>
            <n d="-1.22460635382238e-016 0 -1"/>
            <n d="-1.22460635382238e-016 0 -1"/>
        </f>
        <f v="40 35 6" fn="0.188301848632802 0 -0.982111202360236">
            <n d="0.369866709934824 0 -0.929084827602942"/>
            <n d="-1.22460635382238e-016 0 -1"/>
            <n d="-1.22460635382238e-016 0 -1"/>
        </f>
        <f v="39 35 40" fn="0.551304765152079 -0.0241282032425606 -0.833954966247517">
            <n d="0.709912520041668 0 -0.704289864961926"/>
            <n d="-1.22460635382238e-016 0 -1"/>
            <n d="0.369866709934824 0 -0.929084827602942"/>
        </f>
        <f v="42 36 39" fn="0.706896261008803 -0.0243998431049972 -0.706896261008803">
            <n d="1 0 -1.83690953073357e-016"/>
            <n d="-1.22460635382238e-016 0 -1"/>
            <n d="0.709912520041668 0 -0.704289864961926"/>
        </f>
        <f v="41 33 42" fn="0.924638448270907 0 -0.38084608436896">
            <n d="1 0 -1.83690953073357e-016"/>
            <n d="0.709912520041668 0 -0.704289864961926"/>
            <n d="1 0 -1.83690953073357e-016"/>
        </f>
        <f v="43 38 7" fn="0.982821649910755 -0 -0.184557862110234">
            <n d="1 0 -1.83690953073357e-016"/>
            <n d="0.931876791066597 0 -0.36277492508637"/>
            <n d="1 0 -1.83690953073357e-016"/>
        </f>
        <f v="43 39 38" fn="0.838236508712668 -0.0234229517413096 -0.54480356165587">
            <n d="1 0 -1.83690953073357e-016"/>
            <n d="0.709912520041668 0 -0.704289864961926"/>
            <n d="0.931876791066597 0 -0.36277492508637"/>
        </f>
        <f v="42 39 43" fn="0.924638448270907 0 -0.38084608436896">
            <n d="1 0 -1.83690953073357e-016"/>
            <n d="0.709912520041668 0 -0.704289864961926"/>
            <n d="1 0 -1.83690953073357e-016"/>
        </f>
        <f v="41 4 32" fn="0.982821649910755 -0 -0.184557862110234">
            <n d="1 0 -1.83690953073357e-016"/>
            <n d="1 0 -1.83690953073357e-016"/>
            <n d="0.931876791066597 0 -0.36277492508637"/>
        </f>
    </facets>
    <facets>
        <f v="45 51 52" fn="1 0 0">
            <n d="1 -0 -0"/>
            <n d="1 -0 -0"/>
            <n d="1 -0 -0"/>
        </f>
        <f v="49 50 51" fn="1 -0 -0">
            <n d="1 -0 -0"/>
            <n d="1 -0 -0"/>
            <n d="1 -0 -0"/>
        </f>
        <f v="49 9 50" fn="1 -0 -0">
            <n d="1 -0 -0"/>
            <n d="1 -0 -0"/>
            <n d="1 -0 -0"/>
        </f>
        <f v="48 49 51" fn="1 -0 -0">
            <n d="1 -0 -0"/>
            <n d="1 -0 -0"/>
            <n d="1 -0 -0"/>
        </f>
        <f v="42 48 51" fn="1 0 0">
            <n d="1 -0 -0"/>
            <n d="1 -0 -0"/>
            <n d="1 -0 -0"/>
        </f>
        <f v="43 47 48" fn="1 -0 -0">
            <n d="1 -0 -0"/>
            <n d="1 -0 -0"/>
            <n d="1 -0 -0"/>
        </f>
        <f v="43 7 47" fn="1 -0 -0">
            <n d="1 -0 -0"/>
            <n d="1 -0 -0"/>
            <n d="1 -0 -0"/>
        </f>
        <f v="42 43 48" fn="1 -0 -0">
            <n d="1 -0 -0"/>
            <n d="1 -0 -0"/>
            <n d="1 -0 -0"/>
        </f>
        <f v="45 42 51" fn="1 -0 0">
            <n d="1 -0 -0"/>
            <n d="1 -0 -0"/>
            <n d="1 -0 -0"/>
        </f>
        <f v="44 45 52" fn="1 -0 -0">
            <n d="1 -0 -0"/>
            <n d="1 -0 -0"/>
            <n d="1 -0 -0"/>
        </f>
        <f v="46 4 41" fn="1 0 0">
            <n d="1 -0 -0"/>
            <n d="1 -0 -0"/>
            <n d="1 -0 -0"/>
        </f>
        <f v="46 41 42" fn="1 -0 -0">
            <n d="1 -0 -0"/>
            <n d="1 -0 -0"/>
            <n d="1 -0 -0"/>
        </f>
        <f v="45 46 42" fn="1 -0 -0">
            <n d="1 -0 -0"/>
            <n d="1 -0 -0"/>
            <n d="1 -0 -0"/>
        </f>
        <f v="44 52 8" fn="1 0 0">
            <n d="1 -0 -0"/>
            <n d="1 -0 -0"/>
            <n d="1 -0 -0"/>
        </f>
    </facets>
    <facets>
        <f v="12 67 9" fn="0 1 0">
            <n d="-0 1 -0"/>
            <n d="-0 1 -0"/>
            <n d="-0 1 -0"/>
        </f>
        <f v="12 66 67" fn="0 1 0">
            <n d="-0 1 -0"/>
            <n d="-0 1 -0"/>
            <n d="-0 1 -0"/>
        </f>
        <f v="12 65 66" fn="-0 1 -0">
            <n d="-0 1 -0"/>
            <n d="-0 1 -0"/>
            <n d="-0 1 -0"/>
        </f>
        <f v="62 12 9" fn="-0 1 -0">
            <n d="-0 1 -0"/>
            <n d="-0 1 -0"/>
            <n d="-0 1 -0"/>
        </f>
        <f v="49 63 62" fn="0 1 0">
            <n d="-0 1 -0"/>
            <n d="-0 1 -0"/>
            <n d="-0 1 -0"/>
        </f>
        <f v="0 11 64" fn="0 1 0">
            <n d="-0 1 -0"/>
            <n d="-0 1 -0"/>
            <n d="-0 1 -0"/>
        </f>
        <f v="60 61 11" fn="-0 1 -0">
            <n d="-0 1 -0"/>
            <n d="-0 1 -0"/>
            <n d="-0 1 -0"/>
        </f>
        <f v="59 60 11" fn="-0 1 -0">
            <n d="-0 1 -0"/>
            <n d="-0 1 -0"/>
            <n d="-0 1 -0"/>
        </f>
        <f v="0 59 11" fn="-0 1 -0">
            <n d="-0 1 -0"/>
            <n d="-0 1 -0"/>
            <n d="-0 1 -0"/>
        </f>
        <f v="20 0 64" fn="0 1 0">
            <n d="-0 1 -0"/>
            <n d="-0 1 -0"/>
            <n d="-0 1 -0"/>
        </f>
        <f v="20 64 63" fn="-0 1 -0">
            <n d="-0 1 -0"/>
            <n d="-0 1 -0"/>
            <n d="-0 1 -0"/>
        </f>
        <f v="21 20 63" fn="-0 1 -0">
            <n d="-0 1 -0"/>
            <n d="-0 1 -0"/>
            <n d="-0 1 -0"/>
        </f>
        <f v="48 21 63" fn="0 1 0">
            <n d="-0 1 -0"/>
            <n d="-0 1 -0"/>
            <n d="-0 1 -0"/>
        </f>
        <f v="54 22 21" fn="0 1 0">
            <n d="-0 1 -0"/>
            <n d="-0 1 -0"/>
            <n d="-0 1 -0"/>
        </f>
        <f v="53 1 22" fn="0 1 0">
            <n d="-0 1 -0"/>
            <n d="-0 1 -0"/>
            <n d="-0 1 -0"/>
        </f>
        <f v="10 58 1" fn="0 1 0">
            <n d="-0 1 -0"/>
            <n d="-0 1 -0"/>
            <n d="-0 1 -0"/>
        </f>
        <f v="10 57 58" fn="0 1 0">
            <n d="-0 1 -0"/>
            <n d="-0 1 -0"/>
            <n d="-0 1 -0"/>
        </f>
        <f v="10 56 57" fn="-0 1 -0">
            <n d="-0 1 -0"/>
            <n d="-0 1 -0"/>
            <n d="-0 1 -0"/>
        </f>
        <f v="53 10 1" fn="-0 1 -0">
            <n d="-0 1 -0"/>
            <n d="-0 1 -0"/>
            <n d="-0 1 -0"/>
        </f>
        <f v="54 53 22" fn="-0 1 -0">
            <n d="-0 1 -0"/>
            <n d="-0 1 -0"/>
            <n d="-0 1 -0"/>
        </f>
        <f v="48 54 21" fn="0 1 -0">
            <n d="-0 1 -0"/>
            <n d="-0 1 -0"/>
            <n d="-0 1 -0"/>
        </f>
        <f v="7 6 55" fn="0 1 0">
            <n d="-0 1 -0"/>
            <n d="-0 1 -0"/>
            <n d="-0 1 -0"/>
        </f>
        <f v="39 40 6" fn="-0 1 -0">
            <n d="-0 1 -0"/>
            <n d="-0 1 -0"/>
            <n d="-0 1 -0"/>
        </f>
        <f v="38 39 6" fn="-0 1 -0">
            <n d="-0 1 -0"/>
            <n d="-0 1 -0"/>
            <n d="-0 1 -0"/>
        </f>
        <f v="7 38 6" fn="-0 1 -0">
            <n d="-0 1 -0"/>
            <n d="-0 1 -0"/>
            <n d="-0 1 -0"/>
        </f>
        <f v="49 48 63" fn="0 1 0">
            <n d="-0 1 -0"/>
            <n d="-0 1 -0"/>
            <n d="-0 1 -0"/>
        </f>
        <f v="47 7 55" fn="0 1 0">
            <n d="-0 1 -0"/>
            <n d="-0 1 -0"/>
            <n d="-0 1 -0"/>
        </f>
        <f v="47 55 54" fn="-0 1 -0">
            <n d="-0 1 -0"/>
            <n d="-0 1 -0"/>
            <n d="-0 1 -0"/>
        </f>
        <f v="48 47 54" fn="-0 1 0">
            <n d="-0 1 -0"/>
            <n d="-0 1 -0"/>
            <n d="-0 1 -0"/>
        </f>
        <f v="49 62 9" fn="0 1 -0">
            <n d="-0 1 -0"/>
            <n d="-0 1 -0"/>
            <n d="-0 1 -0"/>
        </f>
    </facets>
    <facets>
        <f v="79 68 69" fn="-0 -1 -0">
            <n d="0 -1 0"/>
            <n d="0 -1 0"/>
            <n d="0 -1 0"/>
        </f>
        <f v="71 69 70" fn="0 -1 0">
            <n d="0 -1 0"/>
            <n d="0 -1 0"/>
            <n d="0 -1 0"/>
        </f>
        <f v="71 70 14" fn="0 -1 0">
            <n d="0 -1 0"/>
            <n d="0 -1 0"/>
            <n d="0 -1 0"/>
        </f>
        <f v="72 69 71" fn="0 -1 0">
            <n d="0 -1 0"/>
            <n d="0 -1 0"/>
            <n d="0 -1 0"/>
        </f>
        <f v="78 69 72" fn="-0 -1 -0">
            <n d="0 -1 0"/>
            <n d="0 -1 0"/>
            <n d="0 -1 0"/>
        </f>
        <f v="75 72 73" fn="-0 -1 -0">
            <n d="0 -1 0"/>
            <n d="0 -1 0"/>
            <n d="0 -1 0"/>
        </f>
        <f v="74 73 15" fn="0 -1 -0">
            <n d="0 -1 0"/>
            <n d="0 -1 0"/>
            <n d="0 -1 0"/>
        </f>
        <f v="75 73 74" fn="0 -1 -0">
            <n d="0 -1 0"/>
            <n d="0 -1 0"/>
            <n d="0 -1 0"/>
        </f>
        <f v="78 72 75" fn="0 -1 0">
            <n d="0 -1 0"/>
            <n d="0 -1 0"/>
            <n d="0 -1 0"/>
        </f>
        <f v="77 75 76" fn="0 -1 0">
            <n d="0 -1 0"/>
            <n d="0 -1 0"/>
            <n d="0 -1 0"/>
        </f>
        <f v="77 76 16" fn="0 -1 0">
            <n d="0 -1 0"/>
            <n d="0 -1 0"/>
            <n d="0 -1 0"/>
        </f>
        <f v="79 69 78" fn="0 -1 -0">
            <n d="0 -1 0"/>
            <n d="0 -1 0"/>
            <n d="0 -1 0"/>
        </f>
        <f v="78 75 77" fn="0 -1 0">
            <n d="0 -1 0"/>
            <n d="0 -1 0"/>
            <n d="0 -1 0"/>
        </f>
        <f v="79 13 68" fn="-0 -1 -0">
            <n d="0 -1 0"/>
            <n d="0 -1 0"/>
            <n d="0 -1 0"/>
        </f>
    </facets>
    <facets>
        <f v="71 80 81" fn="0.00969446015407419 -0.838427144635291 -0.544927463595876">
            <n d="0 -1 6.12303176911189e-017"/>
            <n d="0 -0.931876791066596 -0.362774925086372"/>
            <n d="0 -0.70991252004167 -0.704289864961924"/>
        </f>
        <f v="85 81 82" fn="0.00998649357397652 -0.551437812336725 -0.834156225818272">
            <n d="0 -1.22460635382238e-016 -1"/>
            <n d="0 -0.70991252004167 -0.704289864961924"/>
            <n d="0 -0.369866709934827 -0.929084827602941"/>
        </f>
        <f v="85 82 17" fn="-0 -0.188301848632801 -0.982111202360237">
            <n d="0 -1.22460635382238e-016 -1"/>
            <n d="0 -0.369866709934827 -0.929084827602941"/>
            <n d="0 -1.22460635382238e-016 -1"/>
        </f>
        <f v="84 81 85" fn="-0 -0.384519268072532 -0.9231169657638">
            <n d="0 -1.22460635382238e-016 -1"/>
            <n d="0 -0.70991252004167 -0.704289864961924"/>
            <n d="0 -1.22460635382238e-016 -1"/>
        </f>
        <f v="72 81 84" fn="0.0100989785946432 -0.707070721580007 -0.707070721580007">
            <n d="0 -1 6.12303176911189e-017"/>
            <n d="0 -0.70991252004167 -0.704289864961924"/>
            <n d="0 -1.22460635382238e-016 -1"/>
        </f>
        <f v="87 84 83" fn="-0 -0.380846084368955 -0.924638448270909">
            <n d="0 -0.704289864961926 -0.709912520041669"/>
            <n d="0 -1.22460635382238e-016 -1"/>
            <n d="0 -1.22460635382238e-016 -1"/>
        </f>
        <f v="88 83 5" fn="0 -0.184557862110234 -0.982821649910755">
            <n d="0 -0.36277492508637 -0.931876791066597"/>
            <n d="0 -1.22460635382238e-016 -1"/>
            <n d="0 -1.22460635382238e-016 -1"/>
        </f>
        <f v="87 83 88" fn="-0.00969446015407414 -0.544927463595877 -0.83842714463529">
            <n d="0 -0.704289864961926 -0.709912520041669"/>
            <n d="0 -1.22460635382238e-016 -1"/>
            <n d="0 -0.36277492508637 -0.931876791066597"/>
        </f>
        <f v="72 84 87" fn="-0.0100989785946432 -0.707070721580007 -0.707070721580007">
            <n d="0 -1 6.12303176911189e-017"/>
            <n d="0 -1.22460635382238e-016 -1"/>
            <n d="0 -0.704289864961926 -0.709912520041669"/>
        </f>
        <f v="72 87 73" fn="0 -0.923116965763799 -0.384519268072533">
            <n d="0 -1 6.12303176911189e-017"/>
            <n d="0 -0.704289864961926 -0.709912520041669"/>
            <n d="0 -1 6.12303176911189e-017"/>
        </f>
        <f v="73 87 86" fn="-0.0099864935739764 -0.834156225818272 -0.551437812336725">
            <n d="0 -1 6.12303176911189e-017"/>
            <n d="0 -0.704289864961926 -0.709912520041669"/>
            <n d="0 -0.929084827602942 -0.369866709934824"/>
        </f>
        <f v="73 86 15" fn="0 -0.982111202360237 -0.188301848632802">
            <n d="0 -1 6.12303176911189e-017"/>
            <n d="0 -0.929084827602942 -0.369866709934824"/>
            <n d="0 -1 6.12303176911189e-017"/>
        </f>
        <f v="71 81 72" fn="0 -0.92463844827091 -0.380846084368952">
            <n d="0 -1 6.12303176911189e-017"/>
            <n d="0 -0.70991252004167 -0.704289864961924"/>
            <n d="0 -1 6.12303176911189e-017"/>
        </f>
        <f v="71 14 80" fn="-0 -0.982821649910756 -0.184557862110233">
            <n d="0 -1 6.12303176911189e-017"/>
            <n d="0 -1 6.12303176911189e-017"/>
            <n d="0 -0.931876791066596 -0.362774925086372"/>
        </f>
    </facets>
    <facets>
        <f v="44 89 90" fn="0.838394864656932 -0.544906483541921 -0.013075745136026">
            <n d="1 -1.22460635382238e-016 -0"/>
            <n d="0.931876791066596 -0.362774925086374 -0"/>
            <n d="0.709912520041667 -0.704289864961927 -0"/>
        </f>
        <f v="76 91 16" fn="0.188301848632789 -0.982111202360239 -0">
            <n d="-6.12303176911189e-017 -1 0"/>
            <n d="0.369866709934833 -0.929084827602939 -0"/>
            <n d="-6.12303176911189e-017 -1 0"/>
        </f>
        <f v="76 90 91" fn="0.551415283347533 -0.834122146369602 -0.0134696037999566">
            <n d="-6.12303176911189e-017 -1 0"/>
            <n d="0.709912520041667 -0.704289864961927 -0"/>
            <n d="0.369866709934833 -0.929084827602939 -0"/>
        </f>
        <f v="75 90 76" fn="0.384519268072535 -0.923116965763799 0">
            <n d="-6.12303176911189e-017 -1 0"/>
            <n d="0.709912520041667 -0.704289864961927 -0"/>
            <n d="-6.12303176911189e-017 -1 0"/>
        </f>
        <f v="45 90 75" fn="0.707041179826814 -0.707041179826814 -0.0136213089758149">
            <n d="1 -1.22460635382238e-016 -0"/>
            <n d="0.709912520041667 -0.704289864961927 -0"/>
            <n d="-6.12303176911189e-017 -1 0"/>
        </f>
        <f v="93 75 74" fn="0.380846084368955 -0.924638448270909 -0">
            <n d="0.704289864961926 -0.709912520041668 -0"/>
            <n d="-6.12303176911189e-017 -1 0"/>
            <n d="-6.12303176911189e-017 -1 0"/>
        </f>
        <f v="94 74 15" fn="0.184557862110233 -0.982821649910756 0">
            <n d="0.362774925086372 -0.931876791066596 -0"/>
            <n d="-6.12303176911189e-017 -1 0"/>
            <n d="-6.12303176911189e-017 -1 0"/>
        </f>
        <f v="93 74 94" fn="0.544906483541926 -0.838394864656929 0.0130757451360266">
            <n d="0.704289864961926 -0.709912520041668 -0"/>
            <n d="-6.12303176911189e-017 -1 0"/>
            <n d="0.362774925086372 -0.931876791066596 -0"/>
        </f>
        <f v="45 75 93" fn="0.707041179826814 -0.707041179826814 0.013621308975815">
            <n d="1 -1.22460635382238e-016 -0"/>
            <n d="-6.12303176911189e-017 -1 0"/>
            <n d="0.704289864961926 -0.709912520041668 -0"/>
        </f>
        <f v="46 93 92" fn="0.834122146369613 -0.551415283347517 0.0134696037999554">
            <n d="1 -1.22460635382238e-016 -0"/>
            <n d="0.704289864961926 -0.709912520041668 -0"/>
            <n d="0.929084827602942 -0.369866709934823 -0"/>
        </f>
        <f v="45 93 46" fn="0.923116965763799 -0.384519268072533 0">
            <n d="1 -1.22460635382238e-016 -0"/>
            <n d="0.704289864961926 -0.709912520041668 -0"/>
            <n d="1 -1.22460635382238e-016 -0"/>
        </f>
        <f v="46 92 4" fn="0.982111202360238 -0.188301848632795 0">
            <n d="1 -1.22460635382238e-016 -0"/>
            <n d="0.929084827602942 -0.369866709934823 -0"/>
            <n d="1 -1.22460635382238e-016 -0"/>
        </f>
        <f v="44 90 45" fn="0.924638448270908 -0.380846084368958 0">
            <n d="1 -1.22460635382238e-016 -0"/>
            <n d="0.709912520041667 -0.704289864961927 -0"/>
            <n d="1 -1.22460635382238e-016 -0"/>
        </f>
        <f v="44 8 89" fn="0.982821649910753 -0.184557862110247 -0">
            <n d="1 -1.22460635382238e-016 -0"/>
            <n d="1 -1.22460635382238e-016 -0"/>
            <n d="0.931876791066596 -0.362774925086374 -0"/>
        </f>
    </facets>
    <facets>
        <f v="99 97 96" fn="-0.639560460789874 -0.641281902376863 0.423933884795914">
            <n d="-0.709912520041669 -2.75044407252163e-015 0.704289864961926"/>
            <n d="-1.70664477468379e-016 -0.929084827602941 0.369866709934827"/>
            <n d="-1.29371676534762e-016 -0.704289864961924 0.70991252004167"/>
        </f>
        <f v="98 96 95" fn="-0.475716387692243 -0.479340027978662 0.737514105667451">
            <n d="-0.369866709934828 4.52941123053569e-017 0.92908482760294"/>
            <n d="-1.29371676534762e-016 -0.704289864961924 0.70991252004167"/>
            <n d="-6.66384717402307e-017 -0.362774925086369 0.931876791066597"/>
        </f>
        <f v="98 95 18" fn="-0.185178991587073 -0.181365898582189 0.965823561478115">
            <n d="-0.369866709934828 4.52941123053569e-017 0.92908482760294"/>
            <n d="-6.66384717402307e-017 -0.362774925086369 0.931876791066597"/>
            <n d="-0.000265203753549494 -0.000265203753549494 0.999999929666967"/>
        </f>
        <f v="99 96 98" fn="-0.483364215917705 -0.481385779706581 0.731181759801589">
            <n d="-0.709912520041669 -2.75044407252163e-015 0.704289864961926"/>
            <n d="-1.29371676534762e-016 -0.704289864961924 0.70991252004167"/>
            <n d="-0.369866709934828 4.52941123053569e-017 0.92908482760294"/>
        </f>
        <f v="100 97 99" fn="-0.643021792289044 -0.641764053901737 0.417925679709915">
            <n d="-0.931876791066597 1.14118223931976e-016 0.36277492508637"/>
            <n d="-1.70664477468379e-016 -0.929084827602941 0.369866709934827"/>
            <n d="-0.709912520041669 -2.75044407252163e-015 0.704289864961926"/>
        </f>
        <f v="101 97 102" fn="-0.479340027978655 -0.737514105667453 0.475716387692245">
            <n d="-0.362774925086379 -0.931876791066594 0"/>
            <n d="-1.70664477468379e-016 -0.929084827602941 0.369866709934827"/>
            <n d="-0.704289864961926 -0.709912520041668 2.77555756156289e-015"/>
        </f>
        <f v="103 100 3" fn="-0.965823561478115 -0.185178991587074 0.181365898582188">
            <n d="-0.929084827602942 -0.369866709934826 0"/>
            <n d="-0.931876791066597 1.14118223931976e-016 0.36277492508637"/>
            <n d="-1 1.22460635382238e-016 0"/>
        </f>
        <f v="102 97 100" fn="-0.518669119069176 -0.515018554081911 0.682450169518173">
            <n d="-0.704289864961926 -0.709912520041668 2.77555756156289e-015"/>
            <n d="-1.70664477468379e-016 -0.929084827602941 0.369866709934827"/>
            <n d="-0.931876791066597 1.14118223931976e-016 0.36277492508637"/>
        </f>
        <f v="102 100 103" fn="-0.729136475558939 -0.482012134576732 0.485823323987509">
            <n d="-0.704289864961926 -0.709912520041668 2.77555756156289e-015"/>
            <n d="-0.931876791066597 1.14118223931976e-016 0.36277492508637"/>
            <n d="-0.929084827602942 -0.369866709934826 0"/>
        </f>
        <f v="101 13 97" fn="-0.181365898582198 -0.965823561478112 0.185178991587081">
            <n d="-0.362774925086379 -0.931876791066594 0"/>
            <n d="-1.83690953073357e-016 -1 0"/>
            <n d="-1.70664477468379e-016 -0.929084827602941 0.369866709934827"/>
        </f>
    </facets>
    <facets>
        <f v="68 101 102" fn="-0.544906483541922 -0.838394864656931 -0.0130757451360263">
            <n d="6.12303176911189e-017 -1 0"/>
            <n d="-0.362774925086379 -0.931876791066594 0"/>
            <n d="-0.704289864961926 -0.709912520041668 0"/>
        </f>
        <f v="28 102 103" fn="-0.834122146369611 -0.55141528334752 -0.0134696037999557">
            <n d="-1 -1.22460635382238e-016 0"/>
            <n d="-0.704289864961926 -0.709912520041668 0"/>
            <n d="-0.929084827602941 -0.369866709934826 0"/>
        </f>
        <f v="28 103 3" fn="-0.982111202360238 -0.188301848632794 0">
            <n d="-1 -1.22460635382238e-016 0"/>
            <n d="-0.929084827602941 -0.369866709934826 0"/>
            <n d="-1 -1.22460635382238e-016 0"/>
        </f>
        <f v="27 102 28" fn="-0.923116965763799 -0.384519268072533 0">
            <n d="-1 -1.22460635382238e-016 0"/>
            <n d="-0.704289864961926 -0.709912520041668 0"/>
            <n d="-1 -1.22460635382238e-016 0"/>
        </f>
        <f v="69 102 27" fn="-0.707041179826814 -0.707041179826814 -0.013621308975815">
            <n d="6.12303176911189e-017 -1 0"/>
            <n d="-0.704289864961926 -0.709912520041668 0"/>
            <n d="-1 -1.22460635382238e-016 0"/>
        </f>
        <f v="105 27 26" fn="-0.924638448270908 -0.380846084368958 -0">
            <n d="-0.709912520041667 -0.704289864961927 0"/>
            <n d="-1 -1.22460635382238e-016 0"/>
            <n d="-1 -1.22460635382238e-016 0"/>
        </f>
        <f v="106 26 2" fn="-0.982821649910753 -0.184557862110247 0">
            <n d="-0.931876791066596 -0.362774925086374 0"/>
            <n d="-1 -1.22460635382238e-016 0"/>
            <n d="-1 -1.22460635382238e-016 0"/>
        </f>
        <f v="105 26 106" fn="-0.838394864656932 -0.544906483541921 0.013075745136026">
            <n d="-0.709912520041667 -0.704289864961927 0"/>
            <n d="-1 -1.22460635382238e-016 0"/>
            <n d="-0.931876791066596 -0.362774925086374 0"/>
        </f>
        <f v="69 27 105" fn="-0.707041179826814 -0.707041179826814 0.0136213089758149">
            <n d="6.12303176911189e-017 -1 0"/>
            <n d="-1 -1.22460635382238e-016 0"/>
            <n d="-0.709912520041667 -0.704289864961927 0"/>
        </f>
        <f v="69 105 70" fn="-0.384519268072535 -0.923116965763799 -0">
            <n d="6.12303176911189e-017 -1 0"/>
            <n d="-0.709912520041667 -0.704289864961927 0"/>
            <n d="6.12303176911189e-017 -1 0"/>
        </f>
        <f v="70 105 104" fn="-0.551415283347522 -0.83412214636961 0.0134696037999557">
            <n d="6.12303176911189e-017 -1 0"/>
            <n d="-0.709912520041667 -0.704289864961927 0"/>
            <n d="-0.369866709934829 -0.92908482760294 0"/>
        </f>
        <f v="70 104 14" fn="-0.188301848632799 -0.982111202360237 -0">
            <n d="6.12303176911189e-017 -1 0"/>
            <n d="-0.369866709934829 -0.92908482760294 0"/>
            <n d="6.12303176911189e-017 -1 0"/>
        </f>
        <f v="68 102 69" fn="-0.380846084368955 -0.924638448270909 -0">
            <n d="6.12303176911189e-017 -1 0"/>
            <n d="-0.704289864961926 -0.709912520041668 0"/>
            <n d="6.12303176911189e-017 -1 0"/>
        </f>
        <f v="68 13 101" fn="-0.184557862110245 -0.982821649910754 0">
            <n d="6.12303176911189e-017 -1 0"/>
            <n d="6.12303176911189e-017 -1 0"/>
            <n d="-0.362774925086379 -0.931876791066594 0"/>
        </f>
    </facets>
    <facets>
        <f v="82 104 105" fn="-0.447184466540362 -0.676452899145905 -0.585181619774674">
            <n d="5.51668854034515e-015 -0.369866709934827 -0.929084827602941"/>
            <n d="-0.369866709934829 -0.92908482760294 -5.55111512312578e-015"/>
            <n d="-0.709912520041667 -0.704289864961927 -2.77555756156289e-015"/>
        </f>
        <f v="107 106 2" fn="-0.96582356147811 -0.181365898582201 -0.185178991587086">
            <n d="-0.929084827602941 -2.36180296353098e-015 -0.369866709934828"/>
            <n d="-0.931876791066596 -0.362774925086374 0"/>
            <n d="-1 1.22460635382238e-016 0"/>
        </f>
        <f v="109 105 106" fn="-0.679088306263884 -0.441366755188924 -0.586544507867604">
            <n d="-0.362774925086366 -2.69434965936852e-015 -0.931876791066599"/>
            <n d="-0.709912520041667 -0.704289864961927 -2.77555756156289e-015"/>
            <n d="-0.931876791066596 -0.362774925086374 0"/>
        </f>
        <f v="108 106 107" fn="-0.729136475558944 -0.485823323987504 -0.482012134576728">
            <n d="-0.704289864961919 -2.72865998237061e-015 -0.709912520041675"/>
            <n d="-0.931876791066596 -0.362774925086374 0"/>
            <n d="-0.929084827602941 -2.36180296353098e-015 -0.369866709934828"/>
        </f>
        <f v="109 106 108" fn="-0.332438077764572 -0.792377816495987 -0.511490293531801">
            <n d="-0.362774925086366 -2.69434965936852e-015 -0.931876791066599"/>
            <n d="-0.931876791066596 -0.362774925086374 0"/>
            <n d="-0.704289864961919 -2.72865998237061e-015 -0.709912520041675"/>
        </f>
        <f v="17 105 109" fn="-0.11760375506721 -0.770682874409206 -0.626272515672256">
            <n d="-0.000897842415197758 -0.000369809160378168 -0.99999952855998"/>
            <n d="-0.709912520041667 -0.704289864961927 -2.77555756156289e-015"/>
            <n d="-0.362774925086366 -2.69434965936852e-015 -0.931876791066599"/>
        </f>
        <f v="82 105 17" fn="-0.767330988302954 -0.120748794163313 -0.629780027547809">
            <n d="5.51668854034515e-015 -0.369866709934827 -0.929084827602941"/>
            <n d="-0.709912520041667 -0.704289864961927 -2.77555756156289e-015"/>
            <n d="-0.000374841220091351 -0.000899882836739052 -0.999999524852357"/>
        </f>
        <f v="81 104 82" fn="-0.783690540746531 -0.342543483635499 -0.518163196457706">
            <n d="-1.30404507405163e-016 -0.70991252004167 -0.704289864961924"/>
            <n d="-0.369866709934829 -0.92908482760294 -5.55111512312578e-015"/>
            <n d="5.51668854034515e-015 -0.369866709934827 -0.929084827602941"/>
        </f>
        <f v="80 104 81" fn="-0.47571638769225 -0.737514105667446 -0.47934002797866">
            <n d="-5.96488732541124e-015 -0.931876791066596 -0.362774925086372"/>
            <n d="-0.369866709934829 -0.92908482760294 -5.55111512312578e-015"/>
            <n d="-1.30404507405163e-016 -0.70991252004167 -0.704289864961924"/>
        </f>
        <f v="80 14 104" fn="-0.185178991587077 -0.965823561478115 -0.181365898582184">
            <n d="-5.96488732541124e-015 -0.931876791066596 -0.362774925086372"/>
            <n d="-1.83690953073357e-016 -1 0"/>
            <n d="-0.369866709934829 -0.92908482760294 -5.55111512312578e-015"/>
        </f>
    </facets>
    <facets>
        <f v="23 58 57" fn="-0.833954966247508 -0.0241282032425626 -0.551304765152092">
            <n d="-1 0 6.12303176911189e-017"/>
            <n d="-0.92908482760294 0 -0.369866709934831"/>
            <n d="-0.704289864961921 0 -0.709912520041673"/>
        </f>
        <f v="112 57 56" fn="-0.544803561655854 -0.0234229517413078 -0.838236508712678">
            <n d="-1.22460635382238e-016 0 -1"/>
            <n d="-0.704289864961921 0 -0.709912520041673"/>
            <n d="-0.362774925086363 0 -0.9318767910666"/>
        </f>
        <f v="112 56 10" fn="-0.184557862110238 0 -0.982821649910755">
            <n d="-1.22460635382238e-016 0 -1"/>
            <n d="-0.362774925086363 0 -0.9318767910666"/>
            <n d="-1.22460635382238e-016 0 -1"/>
        </f>
        <f v="111 57 112" fn="-0.380846084368955 0 -0.924638448270909">
            <n d="-1.22460635382238e-016 0 -1"/>
            <n d="-0.704289864961921 0 -0.709912520041673"/>
            <n d="-1.22460635382238e-016 0 -1"/>
        </f>
        <f v="24 57 111" fn="-0.706896261008803 -0.0243998431049974 -0.706896261008803">
            <n d="-1 0 6.12303176911189e-017"/>
            <n d="-0.704289864961921 0 -0.709912520041673"/>
            <n d="-1.22460635382238e-016 0 -1"/>
        </f>
        <f v="108 111 110" fn="-0.380846084368948 -0 -0.924638448270912">
            <n d="-0.704289864961919 0 -0.709912520041675"/>
            <n d="-1.22460635382238e-016 0 -1"/>
            <n d="-1.22460635382238e-016 0 -1"/>
        </f>
        <f v="109 110 17" fn="-0.184557862110221 0 -0.982821649910758">
            <n d="-0.362774925086366 0 -0.931876791066599"/>
            <n d="-1.22460635382238e-016 0 -1"/>
            <n d="-1.22460635382238e-016 0 -1"/>
        </f>
        <f v="108 110 109" fn="-0.544803561655861 0.0234229517413095 -0.838236508712674">
            <n d="-0.704289864961919 0 -0.709912520041675"/>
            <n d="-1.22460635382238e-016 0 -1"/>
            <n d="-0.362774925086366 0 -0.931876791066599"/>
        </f>
        <f v="24 111 108" fn="-0.706896261008803 0.0243998431049977 -0.706896261008803">
            <n d="-1 0 6.12303176911189e-017"/>
            <n d="-1.22460635382238e-016 0 -1"/>
            <n d="-0.704289864961919 0 -0.709912520041675"/>
        </f>
        <f v="25 108 107" fn="-0.833954966247523 0.0241282032425598 -0.55130476515207">
            <n d="-1 0 6.12303176911189e-017"/>
            <n d="-0.704289864961919 0 -0.709912520041675"/>
            <n d="-0.929084827602941 0 -0.369866709934828"/>
        </f>
        <f v="25 107 2" fn="-0.982111202360235 -0 -0.188301848632808">
            <n d="-1 0 6.12303176911189e-017"/>
            <n d="-0.929084827602941 0 -0.369866709934828"/>
            <n d="-1 0 6.12303176911189e-017"/>
        </f>
        <f v="23 57 24" fn="-0.923116965763797 -0 -0.384519268072538">
            <n d="-1 0 6.12303176911189e-017"/>
            <n d="-0.704289864961921 0 -0.709912520041673"/>
            <n d="-1 0 6.12303176911189e-017"/>
        </f>
        <f v="24 108 25" fn="-0.923116965763798 -0 -0.384519268072536">
            <n d="-1 0 6.12303176911189e-017"/>
            <n d="-0.704289864961919 0 -0.709912520041675"/>
            <n d="-1 0 6.12303176911189e-017"/>
        </f>
        <f v="23 1 58" fn="-0.982111202360239 0 -0.188301848632791">
            <n d="-1 0 6.12303176911189e-017"/>
            <n d="-1 0 6.12303176911189e-017"/>
            <n d="-0.92908482760294 0 -0.369866709934831"/>
        </f>
    </facets>
    <facets>
        <f v="53 111 112" fn="0 0 -1">
            <n d="-0 -0 -1"/>
            <n d="-0 -0 -1"/>
            <n d="-0 -0 -1"/>
        </f>
        <f v="85 17 110" fn="0 0 -1">
            <n d="-0 -0 -1"/>
            <n d="-0 -0 -1"/>
            <n d="-0 -0 -1"/>
        </f>
        <f v="85 110 111" fn="-0 -0 -1">
            <n d="-0 -0 -1"/>
            <n d="-0 -0 -1"/>
            <n d="-0 -0 -1"/>
        </f>
        <f v="84 85 111" fn="-0 -0 -1">
            <n d="-0 -0 -1"/>
            <n d="-0 -0 -1"/>
            <n d="-0 -0 -1"/>
        </f>
        <f v="36 84 111" fn="-0 0 -1">
            <n d="-0 -0 -1"/>
            <n d="-0 -0 -1"/>
            <n d="-0 -0 -1"/>
        </f>
        <f v="36 83 84" fn="0 0 -1">
            <n d="-0 -0 -1"/>
            <n d="-0 -0 -1"/>
            <n d="-0 -0 -1"/>
        </f>
        <f v="37 5 83" fn="-0 -0 -1">
            <n d="-0 -0 -1"/>
            <n d="-0 -0 -1"/>
            <n d="-0 -0 -1"/>
        </f>
        <f v="36 37 83" fn="-0 -0 -1">
            <n d="-0 -0 -1"/>
            <n d="-0 -0 -1"/>
            <n d="-0 -0 -1"/>
        </f>
        <f v="54 36 111" fn="0 -0 -1">
            <n d="-0 -0 -1"/>
            <n d="-0 -0 -1"/>
            <n d="-0 -0 -1"/>
        </f>
        <f v="55 35 36" fn="-0 -0 -1">
            <n d="-0 -0 -1"/>
            <n d="-0 -0 -1"/>
            <n d="-0 -0 -1"/>
        </f>
        <f v="55 6 35" fn="0 -0 -1">
            <n d="-0 -0 -1"/>
            <n d="-0 -0 -1"/>
            <n d="-0 -0 -1"/>
        </f>
        <f v="53 54 111" fn="0 -0 -1">
            <n d="-0 -0 -1"/>
            <n d="-0 -0 -1"/>
            <n d="-0 -0 -1"/>
        </f>
        <f v="54 55 36" fn="0 -0 -1">
            <n d="-0 -0 -1"/>
            <n d="-0 -0 -1"/>
            <n d="-0 -0 -1"/>
        </f>
        <f v="53 112 10" fn="-0 0 -1">
            <n d="-0 -0 -1"/>
            <n d="-0 -0 -1"/>
            <n d="-0 -0 -1"/>
        </f>
    </facets>
    <facets>
        <f v="29 100 99" fn="-0.838236508712668 0.0234229517413097 0.54480356165587">
            <n d="-1 0 6.12303176911189e-017"/>
            <n d="-0.931876791066597 0 0.36277492508637"/>
            <n d="-0.709912520041668 0 0.704289864961926"/>
        </f>
        <f v="115 98 18" fn="-0.188301848632792 -0 0.982111202360238">
            <n d="0 0 1"/>
            <n d="-0.369866709934828 0 0.929084827602941"/>
            <n d="0 0 1"/>
        </f>
        <f v="115 99 98" fn="-0.55130476515209 0.0241282032425623 0.833954966247509">
            <n d="0 0 1"/>
            <n d="-0.709912520041668 0 0.704289864961926"/>
            <n d="-0.369866709934828 0 0.929084827602941"/>
        </f>
        <f v="114 99 115" fn="-0.384519268072538 0 0.923116965763797">
            <n d="0 0 1"/>
            <n d="-0.709912520041668 0 0.704289864961926"/>
            <n d="0 0 1"/>
        </f>
        <f v="30 99 114" fn="-0.706896261008803 0.0243998431049972 0.706896261008803">
            <n d="-1 0 6.12303176911189e-017"/>
            <n d="-0.709912520041668 0 0.704289864961926"/>
            <n d="0 0 1"/>
        </f>
        <f v="60 114 113" fn="-0.384519268072538 -0 0.923116965763797">
            <n d="-0.709912520041668 0 0.704289864961926"/>
            <n d="0 0 1"/>
            <n d="0 0 1"/>
        </f>
        <f v="61 113 11" fn="-0.188301848632802 0 0.982111202360236">
            <n d="-0.369866709934824 0 0.929084827602942"/>
            <n d="0 0 1"/>
            <n d="0 0 1"/>
        </f>
        <f v="60 113 61" fn="-0.551304765152079 -0.0241282032425606 0.833954966247517">
            <n d="-0.709912520041668 0 0.704289864961926"/>
            <n d="0 0 1"/>
            <n d="-0.369866709934824 0 0.929084827602942"/>
        </f>
        <f v="30 114 60" fn="-0.706896261008803 -0.0243998431049972 0.706896261008803">
            <n d="-1 0 6.12303176911189e-017"/>
            <n d="0 0 1"/>
            <n d="-0.709912520041668 0 0.704289864961926"/>
        </f>
        <f v="29 99 30" fn="-0.924638448270907 0 0.38084608436896">
            <n d="-1 0 6.12303176911189e-017"/>
            <n d="-0.709912520041668 0 0.704289864961926"/>
            <n d="-1 0 6.12303176911189e-017"/>
        </f>
        <f v="31 59 0" fn="-0.982821649910755 -0 0.184557862110234">
            <n d="-1 0 6.12303176911189e-017"/>
            <n d="-0.931876791066597 0 0.36277492508637"/>
            <n d="-1 0 6.12303176911189e-017"/>
        </f>
        <f v="31 60 59" fn="-0.838236508712668 -0.0234229517413096 0.54480356165587">
            <n d="-1 0 6.12303176911189e-017"/>
            <n d="-0.709912520041668 0 0.704289864961926"/>
            <n d="-0.931876791066597 0 0.36277492508637"/>
        </f>
        <f v="30 60 31" fn="-0.924638448270907 0 0.38084608436896">
            <n d="-1 0 6.12303176911189e-017"/>
            <n d="-0.709912520041668 0 0.704289864961926"/>
            <n d="-1 0 6.12303176911189e-017"/>
        </f>
        <f v="29 3 100" fn="-0.982821649910755 -0 0.184557862110234">
            <n d="-1 0 6.12303176911189e-017"/>
            <n d="-1 0 6.12303176911189e-017"/>
            <n d="-0.931876791066597 0 0.36277492508637"/>
        </f>
    </facets>
    <facets>
        <f v="116 114 115" fn="0 0 1">
            <n d="-0 -0 1"/>
            <n d="-0 -0 1"/>
            <n d="-0 -0 1"/>
        </f>
        <f v="64 113 114" fn="-0 -0 1">
            <n d="-0 -0 1"/>
            <n d="-0 -0 1"/>
            <n d="-0 -0 1"/>
        </f>
        <f v="64 11 113" fn="0 -0 1">
            <n d="-0 -0 1"/>
            <n d="-0 -0 1"/>
            <n d="-0 -0 1"/>
        </f>
        <f v="63 64 114" fn="0 -0 1">
            <n d="-0 -0 1"/>
            <n d="-0 -0 1"/>
            <n d="-0 -0 1"/>
        </f>
        <f v="120 63 114" fn="0 0 1">
            <n d="-0 -0 1"/>
            <n d="-0 -0 1"/>
            <n d="-0 -0 1"/>
        </f>
        <f v="120 62 63" fn="0 0 1">
            <n d="-0 -0 1"/>
            <n d="-0 -0 1"/>
            <n d="-0 -0 1"/>
        </f>
        <f v="121 12 62" fn="-0 -0 1">
            <n d="-0 -0 1"/>
            <n d="-0 -0 1"/>
            <n d="-0 -0 1"/>
        </f>
        <f v="120 121 62" fn="-0 -0 1">
            <n d="-0 -0 1"/>
            <n d="-0 -0 1"/>
            <n d="-0 -0 1"/>
        </f>
        <f v="117 120 114" fn="0 -0 1">
            <n d="-0 -0 1"/>
            <n d="-0 -0 1"/>
            <n d="-0 -0 1"/>
        </f>
        <f v="116 117 114" fn="-0 -0 1">
            <n d="-0 -0 1"/>
            <n d="-0 -0 1"/>
            <n d="-0 -0 1"/>
        </f>
        <f v="118 19 119" fn="0 0 1">
            <n d="-0 -0 1"/>
            <n d="-0 -0 1"/>
            <n d="-0 -0 1"/>
        </f>
        <f v="118 119 120" fn="-0 -0 1">
            <n d="-0 -0 1"/>
            <n d="-0 -0 1"/>
            <n d="-0 -0 1"/>
        </f>
        <f v="117 118 120" fn="-0 -0 1">
            <n d="-0 -0 1"/>
            <n d="-0 -0 1"/>
            <n d="-0 -0 1"/>
        </f>
        <f v="116 115 18" fn="0 0 1">
            <n d="-0 -0 1"/>
            <n d="-0 -0 1"/>
            <n d="-0 -0 1"/>
        </f>
    </facets>
    <facets>
        <f v="50 67 66" fn="0.833954966247508 -0.0241282032425626 0.551304765152092">
            <n d="1 0 -1.83690953073357e-016"/>
            <n d="0.92908482760294 -0 0.369866709934831"/>
            <n d="0.704289864961922 -0 0.709912520041672"/>
        </f>
        <f v="121 66 65" fn="0.544803561655854 -0.0234229517413078 0.838236508712678">
            <n d="2.44921270764475e-016 -0 1"/>
            <n d="0.704289864961922 -0 0.709912520041672"/>
            <n d="0.362774925086363 -0 0.9318767910666"/>
        </f>
        <f v="121 65 12" fn="0.184557862110238 -0 0.982821649910755">
            <n d="2.44921270764475e-016 -0 1"/>
            <n d="0.362774925086363 -0 0.9318767910666"/>
            <n d="2.44921270764475e-016 -0 1"/>
        </f>
        <f v="120 66 121" fn="0.380846084368955 -0 0.924638448270909">
            <n d="2.44921270764475e-016 -0 1"/>
            <n d="0.704289864961922 -0 0.709912520041672"/>
            <n d="2.44921270764475e-016 -0 1"/>
        </f>
        <f v="51 66 120" fn="0.706896261008803 -0.0243998431049974 0.706896261008803">
            <n d="1 0 -1.83690953073357e-016"/>
            <n d="0.704289864961922 -0 0.709912520041672"/>
            <n d="2.44921270764475e-016 -0 1"/>
        </f>
        <f v="123 120 119" fn="0.380846084368948 -0 0.924638448270912">
            <n d="0.704289864961919 -0 0.709912520041675"/>
            <n d="2.44921270764475e-016 -0 1"/>
            <n d="2.44921270764475e-016 -0 1"/>
        </f>
        <f v="124 119 19" fn="0.184557862110221 0 0.982821649910758">
            <n d="0.362774925086365 -0 0.931876791066599"/>
            <n d="2.44921270764475e-016 -0 1"/>
            <n d="2.44921270764475e-016 -0 1"/>
        </f>
        <f v="123 119 124" fn="0.544803561655861 0.0234229517413095 0.838236508712674">
            <n d="0.704289864961919 -0 0.709912520041675"/>
            <n d="2.44921270764475e-016 -0 1"/>
            <n d="0.362774925086365 -0 0.931876791066599"/>
        </f>
        <f v="51 120 123" fn="0.706896261008803 0.0243998431049977 0.706896261008803">
            <n d="1 0 -1.83690953073357e-016"/>
            <n d="2.44921270764475e-016 -0 1"/>
            <n d="0.704289864961919 -0 0.709912520041675"/>
        </f>
        <f v="52 123 122" fn="0.833954966247523 0.0241282032425598 0.55130476515207">
            <n d="1 0 -1.83690953073357e-016"/>
            <n d="0.704289864961919 -0 0.709912520041675"/>
            <n d="0.929084827602941 -0 0.369866709934827"/>
        </f>
        <f v="52 122 8" fn="0.982111202360235 0 0.188301848632808">
            <n d="1 0 -1.83690953073357e-016"/>
            <n d="0.929084827602941 -0 0.369866709934827"/>
            <n d="1 0 -1.83690953073357e-016"/>
        </f>
        <f v="50 66 51" fn="0.923116965763797 0 0.384519268072538">
            <n d="1 0 -1.83690953073357e-016"/>
            <n d="0.704289864961922 -0 0.709912520041672"/>
            <n d="1 0 -1.83690953073357e-016"/>
        </f>
        <f v="51 123 52" fn="0.923116965763798 0 0.384519268072536">
            <n d="1 0 -1.83690953073357e-016"/>
            <n d="0.704289864961919 -0 0.709912520041675"/>
            <n d="1 0 -1.83690953073357e-016"/>
        </f>
        <f v="50 9 67" fn="0.982111202360239 -0 0.188301848632791">
            <n d="1 0 -1.83690953073357e-016"/>
            <n d="1 0 -1.83690953073357e-016"/>
            <n d="0.92908482760294 -0 0.369866709934831"/>
        </f>
    </facets>
    <facets>
        <f v="116 95 96" fn="0.00969446015407423 -0.54492746359588 0.838427144635287">
            <n d="0 -1.22460635382238e-016 1"/>
            <n d="0 -0.36277492508637 0.931876791066597"/>
            <n d="0 -0.704289864961924 0.70991252004167"/>
        </f>
        <f v="79 97 13" fn="-0 -0.982111202360237 0.188301848632801">
            <n d="0 -1 -6.12303176911189e-017"/>
            <n d="0 -0.929084827602941 0.369866709934827"/>
            <n d="0 -1 -6.12303176911189e-017"/>
        </f>
        <f v="79 96 97" fn="0.00998649357397673 -0.834156225818267 0.551437812336732">
            <n d="0 -1 -6.12303176911189e-017"/>
            <n d="0 -0.704289864961924 0.70991252004167"/>
            <n d="0 -0.929084827602941 0.369866709934827"/>
        </f>
        <f v="78 96 79" fn="0 -0.923116965763798 0.384519268072536">
            <n d="0 -1 -6.12303176911189e-017"/>
            <n d="0 -0.704289864961924 0.70991252004167"/>
            <n d="0 -1 -6.12303176911189e-017"/>
        </f>
        <f v="117 96 78" fn="0.0100989785946431 -0.707070721580007 0.707070721580007">
            <n d="0 -1.22460635382238e-016 1"/>
            <n d="0 -0.704289864961924 0.70991252004167"/>
            <n d="0 -1 -6.12303176911189e-017"/>
        </f>
        <f v="126 78 77" fn="-0 -0.924638448270909 0.380846084368957">
            <n d="0 -0.70991252004167 0.704289864961924"/>
            <n d="0 -1 -6.12303176911189e-017"/>
            <n d="0 -1 -6.12303176911189e-017"/>
        </f>
        <f v="127 77 16" fn="0 -0.982821649910756 0.184557862110233">
            <n d="0 -0.931876791066596 0.362774925086372"/>
            <n d="0 -1 -6.12303176911189e-017"/>
            <n d="0 -1 -6.12303176911189e-017"/>
        </f>
        <f v="126 77 127" fn="-0.00969446015407442 -0.838427144635286 0.544927463595884">
            <n d="0 -0.70991252004167 0.704289864961924"/>
            <n d="0 -1 -6.12303176911189e-017"/>
            <n d="0 -0.931876791066596 0.362774925086372"/>
        </f>
        <f v="117 78 126" fn="-0.0100989785946431 -0.707070721580007 0.707070721580007">
            <n d="0 -1.22460635382238e-016 1"/>
            <n d="0 -1 -6.12303176911189e-017"/>
            <n d="0 -0.70991252004167 0.704289864961924"/>
        </f>
        <f v="118 126 125" fn="-0.00998649357397674 -0.551437812336733 0.834156225818267">
            <n d="0 -1.22460635382238e-016 1"/>
            <n d="0 -0.70991252004167 0.704289864961924"/>
            <n d="0 -0.369866709934827 0.929084827602941"/>
        </f>
        <f v="117 126 118" fn="0 -0.384519268072536 0.923116965763798">
            <n d="0 -1.22460635382238e-016 1"/>
            <n d="0 -0.70991252004167 0.704289864961924"/>
            <n d="0 -1.22460635382238e-016 1"/>
        </f>
        <f v="118 125 19" fn="0 -0.188301848632801 0.982111202360237">
            <n d="0 -1.22460635382238e-016 1"/>
            <n d="0 -0.369866709934827 0.929084827602941"/>
            <n d="0 -1.22460635382238e-016 1"/>
        </f>
        <f v="116 96 117" fn="0 -0.380846084368957 0.924638448270909">
            <n d="0 -1.22460635382238e-016 1"/>
            <n d="0 -0.704289864961924 0.70991252004167"/>
            <n d="0 -1.22460635382238e-016 1"/>
        </f>
        <f v="116 18 95" fn="-0 -0.184557862110234 0.982821649910755">
            <n d="0 -1.22460635382238e-016 1"/>
            <n d="0 -1.22460635382238e-016 1"/>
            <n d="0 -0.36277492508637 0.931876791066597"/>
        </f>
    </facets>
    <facets>
        <f v="89 8 122" fn="0.96582356147811 -0.181365898582201 0.185178991587086">
            <n d="0.931876791066596 -0.362774925086374 0"/>
            <n d="1 -2.44921270764475e-016 0"/>
            <n d="0.929084827602941 -2.70313191846774e-015 0.369866709934828"/>
        </f>
        <f v="89 122 123" fn="0.729136475558944 -0.485823323987504 0.482012134576728">
            <n d="0.931876791066596 -0.362774925086374 0"/>
            <n d="0.929084827602941 -2.70313191846774e-015 0.369866709934828"/>
            <n d="0.704289864961919 -2.67463580580378e-015 0.709912520041675"/>
        </f>
        <f v="89 123 124" fn="0.332438077764571 -0.792377816495987 0.511490293531801">
            <n d="0.931876791066596 -0.362774925086374 0"/>
            <n d="0.704289864961919 -2.67463580580378e-015 0.709912520041675"/>
            <n d="0.362774925086366 -2.988731032684e-015 0.931876791066599"/>
        </f>
        <f v="90 124 19" fn="0.11760375506721 -0.770682874409206 0.626272515672256">
            <n d="0.709912520041667 -0.704289864961928 2.77555756156289e-015"/>
            <n d="0.362774925086366 -2.988731032684e-015 0.931876791066599"/>
            <n d="0.000897842415197758 -0.000369809160378169 0.99999952855998"/>
        </f>
        <f v="90 19 125" fn="0.767330988302953 -0.120748794163313 0.629780027547809">
            <n d="0.709912520041667 -0.704289864961928 2.77555756156289e-015"/>
            <n d="0.00037484122009135 -0.000899882836739052 0.999999524852357"/>
            <n d="-5.65257087726122e-015 -0.369866709934827 0.929084827602941"/>
        </f>
        <f v="91 125 126" fn="0.783690540746519 -0.342543483635512 0.518163196457715">
            <n d="0.369866709934833 -0.929084827602939 5.55111512312575e-015"/>
            <n d="-5.65257087726122e-015 -0.369866709934827 0.929084827602941"/>
            <n d="-1.30404507405163e-016 -0.70991252004167 0.704289864961924"/>
        </f>
        <f v="90 125 91" fn="0.44718446654037 -0.676452899145897 0.585181619774677">
            <n d="0.709912520041667 -0.704289864961928 2.77555756156289e-015"/>
            <n d="-5.65257087726122e-015 -0.369866709934827 0.929084827602941"/>
            <n d="0.369866709934833 -0.929084827602939 5.55111512312575e-015"/>
        </f>
        <f v="91 127 16" fn="0.185178991587067 -0.965823561478117 0.181365898582185">
            <n d="0.369866709934833 -0.929084827602939 5.55111512312575e-015"/>
            <n d="5.62253265361531e-015 -0.931876791066596 0.362774925086372"/>
            <n d="-1.83690953073357e-016 -1 0"/>
        </f>
        <f v="91 126 127" fn="0.475716387692246 -0.737514105667444 0.479340027978669">
            <n d="0.369866709934833 -0.929084827602939 5.55111512312575e-015"/>
            <n d="-1.30404507405163e-016 -0.70991252004167 0.704289864961924"/>
            <n d="5.62253265361531e-015 -0.931876791066596 0.362774925086372"/>
        </f>
        <f v="89 124 90" fn="0.679088306263884 -0.441366755188924 0.586544507867604">
            <n d="0.931876791066596 -0.362774925086374 0"/>
            <n d="0.362774925086366 -2.988731032684e-015 0.931876791066599"/>
            <n d="0.709912520041667 -0.704289864961928 2.77555756156289e-015"/>
        </f>
    </facets>
    <facets>
        <f v="34 92 93" fn="0.67645289914591 -0.447184466540356 -0.585181619774673">
            <n d="0.369866709934825 2.44688459021535e-015 -0.929084827602942"/>
            <n d="0.929084827602942 -0.369866709934825 -2.77555756156289e-015"/>
            <n d="0.704289864961925 -0.70991252004167 -2.77555756156289e-015"/>
        </f>
        <f v="86 94 15" fn="0.181365898582185 -0.965823561478114 -0.185178991587082">
            <n d="-3.98217114092886e-016 -0.929084827602942 -0.369866709934824"/>
            <n d="0.362774925086373 -0.931876791066596 -2.77555756156288e-015"/>
            <n d="-4.28612223837832e-016 -1 0"/>
        </f>
        <f v="88 93 94" fn="0.441366755188929 -0.679088306263875 -0.58654450786761">
            <n d="-1.55489767393872e-016 -0.362774925086369 -0.931876791066597"/>
            <n d="0.704289864961925 -0.70991252004167 -2.77555756156289e-015"/>
            <n d="0.362774925086373 -0.931876791066596 -2.77555756156288e-015"/>
        </f>
        <f v="87 94 86" fn="0.485823323987493 -0.729136475558949 -0.482012134576733">
            <n d="-3.01867245247777e-016 -0.704289864961926 -0.709912520041668"/>
            <n d="0.362774925086373 -0.931876791066596 -2.77555756156288e-015"/>
            <n d="-3.98217114092886e-016 -0.929084827602942 -0.369866709934824"/>
        </f>
        <f v="88 94 87" fn="0.792377816495978 -0.332438077764579 -0.51149029353181">
            <n d="-1.55489767393872e-016 -0.362774925086369 -0.931876791066597"/>
            <n d="0.362774925086373 -0.931876791066596 -2.77555756156288e-015"/>
            <n d="-3.01867245247777e-016 -0.704289864961926 -0.709912520041668"/>
        </f>
        <f v="5 93 88" fn="0.770682874409198 -0.117603755067225 -0.626272515672262">
            <n d="0.000369809160378164 -0.00089784241519776 -0.99999952855998"/>
            <n d="0.704289864961925 -0.70991252004167 -2.77555756156289e-015"/>
            <n d="-1.55489767393872e-016 -0.362774925086369 -0.931876791066597"/>
        </f>
        <f v="34 93 5" fn="0.120748794163308 -0.767330988302955 -0.629780027547808">
            <n d="0.369866709934825 2.44688459021535e-015 -0.929084827602942"/>
            <n d="0.704289864961925 -0.70991252004167 -2.77555756156289e-015"/>
            <n d="0.00089988283673905 -0.000374841220091356 -0.999999524852357"/>
        </f>
        <f v="32 92 33" fn="0.737514105667448 -0.475716387692246 -0.479340027978662">
            <n d="0.931876791066597 -4.56472895727905e-016 -0.36277492508637"/>
            <n d="0.929084827602942 -0.369866709934825 -2.77555756156289e-015"/>
            <n d="0.709912520041669 -2.8698612737842e-015 -0.704289864961926"/>
        </f>
        <f v="33 92 34" fn="0.342543483635504 -0.783690540746531 -0.518163196457702">
            <n d="0.709912520041669 -2.8698612737842e-015 -0.704289864961926"/>
            <n d="0.929084827602942 -0.369866709934825 -2.77555756156289e-015"/>
            <n d="0.369866709934825 2.44688459021535e-015 -0.929084827602942"/>
        </f>
        <f v="32 4 92" fn="0.965823561478115 -0.185178991587074 -0.181365898582188">
            <n d="0.931876791066597 -4.56472895727905e-016 -0.36277492508637"/>
            <n d="1 -4.89842541528951e-016 0"/>
            <n d="0.929084827602942 -0.369866709934825 -2.77555756156289e-015"/>
        </f>
    </facets>
</shell>
</step-assembly>
