<?xml version="1.0" encoding="UTF-8" ?>
<step-assembly root="id59">
<product id="id59" name="Assem1" shape="id23" children="id84 id71 id71"/>
<product id="id84" name="Body_3.2x1.6x1.6x0.6" shape="id36"/>
<product id="id71" name="Contact_1.6x1.6x0.6" shape="id28"/>
<shape id="id23" unit="mm 0.001000">
    <child ref="id28" xform="-4.49213e-017 -1 -1.50054e-016 0 1 -4.49213e-017 -1.3011e-016 0 1.3011e-016 -1.50054e-016 1 0 1.3 1.6263e-016 -7.11508e-017 1"/>
    <child ref="id28" xform="1.83671e-032 1 -1.35525e-016 0 -1 7.11597e-047 -1.35525e-016 0 -1.35525e-016 1.35525e-016 1 0 -1.3 4.33681e-016 -1.58832e-016 1"/>
    <child ref="id36" xform="1 0 0 0 0 1 0 0 0 0 1 0 0 0 0 1"/>
</shape>
<shape id="id28" unit="mm 0.001000">
    <child ref="id29" xform="1 0 0 0 0 1 0 0 0 0 1 0 0 0 0 1"/>
</shape>
<shape id="id29" unit="mm 0.001000" shell="id72"/>
<shape id="id36" unit="mm 0.001000">
    <child ref="id37" xform="1 0 0 0 0 1 0 0 0 0 1 0 0 0 0 1"/>
</shape>
<shape id="id37" unit="mm 0.001000" shell="id85"/>
<shell id="id72">
    <verts>
        <v p="0.8 0.3 0.8"/>
        <v p="0.8 0.3 -0.8"/>
        <v p="0.8 -0.3 0.8"/>
        <v p="0.8 -0.3 -0.8"/>
        <v p="-0.8 0.3 -0.8"/>
        <v p="-0.8 -0.3 -0.8"/>
        <v p="-0.8 0.3 0.8"/>
        <v p="-0.8 -0.3 0.8"/>
        <v p="0.8 0.3 0.4"/>
        <v p="0.8 0.3 0"/>
        <v p="0.8 0.3 -0.4"/>
        <v p="0.8 -0.15 0.8"/>
        <v p="0.8 0 0.8"/>
        <v p="0.8 0.15 0.8"/>
        <v p="0.8 -0.3 0.4"/>
        <v p="0.8 -0.3 0"/>
        <v p="0.8 -0.3 -0.4"/>
        <v p="0.8 -0.15 -0.8"/>
        <v p="0.8 0 -0.8"/>
        <v p="0.8 0.15 -0.8"/>
        <v p="0.4 0.3 -0.8"/>
        <v p="0 0.3 -0.8"/>
        <v p="-0.4 0.3 -0.8"/>
        <v p="0.4 -0.3 -0.8"/>
        <v p="0 -0.3 -0.8"/>
        <v p="-0.4 -0.3 -0.8"/>
        <v p="-0.8 -0.15 -0.8"/>
        <v p="-0.8 0 -0.8"/>
        <v p="-0.8 0.15 -0.8"/>
        <v p="-0.8 0.3 -0.4"/>
        <v p="-0.8 0.3 0"/>
        <v p="-0.8 0.3 0.4"/>
        <v p="-0.8 -0.3 -0.4"/>
        <v p="-0.8 -0.3 0"/>
        <v p="-0.8 -0.3 0.4"/>
        <v p="-0.8 -0.15 0.8"/>
        <v p="-0.8 0 0.8"/>
        <v p="-0.8 0.15 0.8"/>
        <v p="-0.4 0.3 0.8"/>
        <v p="0 0.3 0.8"/>
        <v p="0.4 0.3 0.8"/>
        <v p="-0.4 -0.3 0.8"/>
        <v p="0 -0.3 0.8"/>
        <v p="0.4 -0.3 0.8"/>
    </verts>
    <facets color="1e1e1e">
        <f v="19 10 9" fn="1 -0 -0">
            <n d="1 0 1.35525271560688e-016"/>
            <n d="1 0 1.35525271560688e-016"/>
            <n d="1 0 1.35525271560688e-016"/>
        </f>
        <f v="13 8 0" fn="1 -0 -0">
            <n d="1 0 1.35525271560688e-016"/>
            <n d="1 0 1.35525271560688e-016"/>
            <n d="1 0 1.35525271560688e-016"/>
        </f>
        <f v="13 9 8" fn="1 0 0">
            <n d="1 0 1.35525271560688e-016"/>
            <n d="1 0 1.35525271560688e-016"/>
            <n d="1 0 1.35525271560688e-016"/>
        </f>
        <f v="12 9 13" fn="1 -0 0">
            <n d="1 0 1.35525271560688e-016"/>
            <n d="1 0 1.35525271560688e-016"/>
            <n d="1 0 1.35525271560688e-016"/>
        </f>
        <f v="15 9 12" fn="1 -0 -0">
            <n d="1 0 1.35525271560688e-016"/>
            <n d="1 0 1.35525271560688e-016"/>
            <n d="1 0 1.35525271560688e-016"/>
        </f>
        <f v="15 12 11" fn="1 -0 -0">
            <n d="1 0 1.35525271560688e-016"/>
            <n d="1 0 1.35525271560688e-016"/>
            <n d="1 0 1.35525271560688e-016"/>
        </f>
        <f v="14 11 2" fn="1 0 0">
            <n d="1 0 1.35525271560688e-016"/>
            <n d="1 0 1.35525271560688e-016"/>
            <n d="1 0 1.35525271560688e-016"/>
        </f>
        <f v="15 11 14" fn="1 0 0">
            <n d="1 0 1.35525271560688e-016"/>
            <n d="1 0 1.35525271560688e-016"/>
            <n d="1 0 1.35525271560688e-016"/>
        </f>
        <f v="18 9 15" fn="1 -0 -0">
            <n d="1 0 1.35525271560688e-016"/>
            <n d="1 0 1.35525271560688e-016"/>
            <n d="1 0 1.35525271560688e-016"/>
        </f>
        <f v="19 9 18" fn="1 0 -0">
            <n d="1 0 1.35525271560688e-016"/>
            <n d="1 0 1.35525271560688e-016"/>
            <n d="1 0 1.35525271560688e-016"/>
        </f>
        <f v="17 16 3" fn="1 -0 -0">
            <n d="1 0 1.35525271560688e-016"/>
            <n d="1 0 1.35525271560688e-016"/>
            <n d="1 0 1.35525271560688e-016"/>
        </f>
        <f v="17 15 16" fn="1 0 0">
            <n d="1 0 1.35525271560688e-016"/>
            <n d="1 0 1.35525271560688e-016"/>
            <n d="1 0 1.35525271560688e-016"/>
        </f>
        <f v="18 15 17" fn="1 0 0">
            <n d="1 0 1.35525271560688e-016"/>
            <n d="1 0 1.35525271560688e-016"/>
            <n d="1 0 1.35525271560688e-016"/>
        </f>
        <f v="19 1 10" fn="1 -0 -0">
            <n d="1 0 1.35525271560688e-016"/>
            <n d="1 0 1.35525271560688e-016"/>
            <n d="1 0 1.35525271560688e-016"/>
        </f>
    </facets>
    <facets color="1e1e1e">
        <f v="28 22 21" fn="-0 -0 -1">
            <n d="1.35525271560688e-016 0 -1"/>
            <n d="1.35525271560688e-016 0 -1"/>
            <n d="1.35525271560688e-016 0 -1"/>
        </f>
        <f v="19 20 1" fn="-0 0 -1">
            <n d="1.35525271560688e-016 0 -1"/>
            <n d="1.35525271560688e-016 0 -1"/>
            <n d="1.35525271560688e-016 0 -1"/>
        </f>
        <f v="19 21 20" fn="0 0 -1">
            <n d="1.35525271560688e-016 0 -1"/>
            <n d="1.35525271560688e-016 0 -1"/>
            <n d="1.35525271560688e-016 0 -1"/>
        </f>
        <f v="18 21 19" fn="0 0 -1">
            <n d="1.35525271560688e-016 0 -1"/>
            <n d="1.35525271560688e-016 0 -1"/>
            <n d="1.35525271560688e-016 0 -1"/>
        </f>
        <f v="24 21 18" fn="-0 -0 -1">
            <n d="1.35525271560688e-016 0 -1"/>
            <n d="1.35525271560688e-016 0 -1"/>
            <n d="1.35525271560688e-016 0 -1"/>
        </f>
        <f v="24 18 17" fn="-0 -0 -1">
            <n d="1.35525271560688e-016 0 -1"/>
            <n d="1.35525271560688e-016 0 -1"/>
            <n d="1.35525271560688e-016 0 -1"/>
        </f>
        <f v="23 17 3" fn="0 0 -1">
            <n d="1.35525271560688e-016 0 -1"/>
            <n d="1.35525271560688e-016 0 -1"/>
            <n d="1.35525271560688e-016 0 -1"/>
        </f>
        <f v="24 17 23" fn="0 0 -1">
            <n d="1.35525271560688e-016 0 -1"/>
            <n d="1.35525271560688e-016 0 -1"/>
            <n d="1.35525271560688e-016 0 -1"/>
        </f>
        <f v="27 21 24" fn="0 -0 -1">
            <n d="1.35525271560688e-016 0 -1"/>
            <n d="1.35525271560688e-016 0 -1"/>
            <n d="1.35525271560688e-016 0 -1"/>
        </f>
        <f v="28 21 27" fn="0 0 -1">
            <n d="1.35525271560688e-016 0 -1"/>
            <n d="1.35525271560688e-016 0 -1"/>
            <n d="1.35525271560688e-016 0 -1"/>
        </f>
        <f v="26 25 5" fn="-0 -0 -1">
            <n d="1.35525271560688e-016 0 -1"/>
            <n d="1.35525271560688e-016 0 -1"/>
            <n d="1.35525271560688e-016 0 -1"/>
        </f>
        <f v="26 24 25" fn="0 0 -1">
            <n d="1.35525271560688e-016 0 -1"/>
            <n d="1.35525271560688e-016 0 -1"/>
            <n d="1.35525271560688e-016 0 -1"/>
        </f>
        <f v="27 24 26" fn="0 0 -1">
            <n d="1.35525271560688e-016 0 -1"/>
            <n d="1.35525271560688e-016 0 -1"/>
            <n d="1.35525271560688e-016 0 -1"/>
        </f>
        <f v="28 4 22" fn="-0 -0 -1">
            <n d="1.35525271560688e-016 0 -1"/>
            <n d="1.35525271560688e-016 0 -1"/>
            <n d="1.35525271560688e-016 0 -1"/>
        </f>
    </facets>
    <facets color="1e1e1e">
        <f v="37 31 30" fn="-1 -0 -0">
            <n d="-1 0 -1.35525271560688e-016"/>
            <n d="-1 0 -1.35525271560688e-016"/>
            <n d="-1 0 -1.35525271560688e-016"/>
        </f>
        <f v="28 29 4" fn="-1 -0 -0">
            <n d="-1 0 -1.35525271560688e-016"/>
            <n d="-1 0 -1.35525271560688e-016"/>
            <n d="-1 0 -1.35525271560688e-016"/>
        </f>
        <f v="28 30 29" fn="-1 0 0">
            <n d="-1 0 -1.35525271560688e-016"/>
            <n d="-1 0 -1.35525271560688e-016"/>
            <n d="-1 0 -1.35525271560688e-016"/>
        </f>
        <f v="27 30 28" fn="-1 0 0">
            <n d="-1 0 -1.35525271560688e-016"/>
            <n d="-1 0 -1.35525271560688e-016"/>
            <n d="-1 0 -1.35525271560688e-016"/>
        </f>
        <f v="33 30 27" fn="-1 0 -0">
            <n d="-1 0 -1.35525271560688e-016"/>
            <n d="-1 0 -1.35525271560688e-016"/>
            <n d="-1 0 -1.35525271560688e-016"/>
        </f>
        <f v="33 27 26" fn="-1 -0 -0">
            <n d="-1 0 -1.35525271560688e-016"/>
            <n d="-1 0 -1.35525271560688e-016"/>
            <n d="-1 0 -1.35525271560688e-016"/>
        </f>
        <f v="32 26 5" fn="-1 0 0">
            <n d="-1 0 -1.35525271560688e-016"/>
            <n d="-1 0 -1.35525271560688e-016"/>
            <n d="-1 0 -1.35525271560688e-016"/>
        </f>
        <f v="33 26 32" fn="-1 0 0">
            <n d="-1 0 -1.35525271560688e-016"/>
            <n d="-1 0 -1.35525271560688e-016"/>
            <n d="-1 0 -1.35525271560688e-016"/>
        </f>
        <f v="36 30 33" fn="-1 -0 -0">
            <n d="-1 0 -1.35525271560688e-016"/>
            <n d="-1 0 -1.35525271560688e-016"/>
            <n d="-1 0 -1.35525271560688e-016"/>
        </f>
        <f v="37 30 36" fn="-1 -0 -0">
            <n d="-1 0 -1.35525271560688e-016"/>
            <n d="-1 0 -1.35525271560688e-016"/>
            <n d="-1 0 -1.35525271560688e-016"/>
        </f>
        <f v="35 34 7" fn="-1 -0 -0">
            <n d="-1 0 -1.35525271560688e-016"/>
            <n d="-1 0 -1.35525271560688e-016"/>
            <n d="-1 0 -1.35525271560688e-016"/>
        </f>
        <f v="35 33 34" fn="-1 0 0">
            <n d="-1 0 -1.35525271560688e-016"/>
            <n d="-1 0 -1.35525271560688e-016"/>
            <n d="-1 0 -1.35525271560688e-016"/>
        </f>
        <f v="36 33 35" fn="-1 -0 0">
            <n d="-1 0 -1.35525271560688e-016"/>
            <n d="-1 0 -1.35525271560688e-016"/>
            <n d="-1 0 -1.35525271560688e-016"/>
        </f>
        <f v="37 6 31" fn="-1 0 -0">
            <n d="-1 0 -1.35525271560688e-016"/>
            <n d="-1 0 -1.35525271560688e-016"/>
            <n d="-1 0 -1.35525271560688e-016"/>
        </f>
    </facets>
    <facets color="1e1e1e">
        <f v="13 40 39" fn="-0 -0 1">
            <n d="-1.35525271560688e-016 0 1"/>
            <n d="-1.35525271560688e-016 0 1"/>
            <n d="-1.35525271560688e-016 0 1"/>
        </f>
        <f v="37 38 6" fn="-0 -0 1">
            <n d="-1.35525271560688e-016 0 1"/>
            <n d="-1.35525271560688e-016 0 1"/>
            <n d="-1.35525271560688e-016 0 1"/>
        </f>
        <f v="37 39 38" fn="0 0 1">
            <n d="-1.35525271560688e-016 0 1"/>
            <n d="-1.35525271560688e-016 0 1"/>
            <n d="-1.35525271560688e-016 0 1"/>
        </f>
        <f v="36 39 37" fn="0 0 1">
            <n d="-1.35525271560688e-016 0 1"/>
            <n d="-1.35525271560688e-016 0 1"/>
            <n d="-1.35525271560688e-016 0 1"/>
        </f>
        <f v="42 39 36" fn="-0 -0 1">
            <n d="-1.35525271560688e-016 0 1"/>
            <n d="-1.35525271560688e-016 0 1"/>
            <n d="-1.35525271560688e-016 0 1"/>
        </f>
        <f v="42 36 35" fn="-0 -0 1">
            <n d="-1.35525271560688e-016 0 1"/>
            <n d="-1.35525271560688e-016 0 1"/>
            <n d="-1.35525271560688e-016 0 1"/>
        </f>
        <f v="41 35 7" fn="0 0 1">
            <n d="-1.35525271560688e-016 0 1"/>
            <n d="-1.35525271560688e-016 0 1"/>
            <n d="-1.35525271560688e-016 0 1"/>
        </f>
        <f v="42 35 41" fn="0 0 1">
            <n d="-1.35525271560688e-016 0 1"/>
            <n d="-1.35525271560688e-016 0 1"/>
            <n d="-1.35525271560688e-016 0 1"/>
        </f>
        <f v="12 39 42" fn="0 -0 1">
            <n d="-1.35525271560688e-016 0 1"/>
            <n d="-1.35525271560688e-016 0 1"/>
            <n d="-1.35525271560688e-016 0 1"/>
        </f>
        <f v="13 39 12" fn="0 0 1">
            <n d="-1.35525271560688e-016 0 1"/>
            <n d="-1.35525271560688e-016 0 1"/>
            <n d="-1.35525271560688e-016 0 1"/>
        </f>
        <f v="11 43 2" fn="-0 0 1">
            <n d="-1.35525271560688e-016 0 1"/>
            <n d="-1.35525271560688e-016 0 1"/>
            <n d="-1.35525271560688e-016 0 1"/>
        </f>
        <f v="11 42 43" fn="0 0 1">
            <n d="-1.35525271560688e-016 0 1"/>
            <n d="-1.35525271560688e-016 0 1"/>
            <n d="-1.35525271560688e-016 0 1"/>
        </f>
        <f v="12 42 11" fn="0 0 1">
            <n d="-1.35525271560688e-016 0 1"/>
            <n d="-1.35525271560688e-016 0 1"/>
            <n d="-1.35525271560688e-016 0 1"/>
        </f>
        <f v="13 0 40" fn="-0 -0 1">
            <n d="-1.35525271560688e-016 0 1"/>
            <n d="-1.35525271560688e-016 0 1"/>
            <n d="-1.35525271560688e-016 0 1"/>
        </f>
    </facets>
    <facets color="1e1e1e">
        <f v="39 8 9" fn="-0 1 -0">
            <n d="0 1 0"/>
            <n d="0 1 0"/>
            <n d="0 1 0"/>
        </f>
        <f v="20 10 1" fn="-0 1 -0">
            <n d="0 1 0"/>
            <n d="0 1 0"/>
            <n d="0 1 0"/>
        </f>
        <f v="20 9 10" fn="0 1 0">
            <n d="0 1 0"/>
            <n d="0 1 0"/>
            <n d="0 1 0"/>
        </f>
        <f v="21 9 20" fn="0 1 0">
            <n d="0 1 0"/>
            <n d="0 1 0"/>
            <n d="0 1 0"/>
        </f>
        <f v="30 9 21" fn="-0 1 -0">
            <n d="0 1 0"/>
            <n d="0 1 0"/>
            <n d="0 1 0"/>
        </f>
        <f v="29 21 22" fn="0 1 0">
            <n d="0 1 0"/>
            <n d="0 1 0"/>
            <n d="0 1 0"/>
        </f>
        <f v="29 22 4" fn="0 1 0">
            <n d="0 1 0"/>
            <n d="0 1 0"/>
            <n d="0 1 0"/>
        </f>
        <f v="30 21 29" fn="0 1 0">
            <n d="0 1 0"/>
            <n d="0 1 0"/>
            <n d="0 1 0"/>
        </f>
        <f v="39 9 30" fn="-0 1 0">
            <n d="0 1 0"/>
            <n d="0 1 0"/>
            <n d="0 1 0"/>
        </f>
        <f v="40 8 39" fn="0 1 0">
            <n d="0 1 0"/>
            <n d="0 1 0"/>
            <n d="0 1 0"/>
        </f>
        <f v="38 31 6" fn="0 1 -0">
            <n d="0 1 0"/>
            <n d="0 1 0"/>
            <n d="0 1 0"/>
        </f>
        <f v="38 30 31" fn="0 1 0">
            <n d="0 1 0"/>
            <n d="0 1 0"/>
            <n d="0 1 0"/>
        </f>
        <f v="39 30 38" fn="0 1 0">
            <n d="0 1 0"/>
            <n d="0 1 0"/>
            <n d="0 1 0"/>
        </f>
        <f v="40 0 8" fn="-0 1 -0">
            <n d="0 1 0"/>
            <n d="0 1 0"/>
            <n d="0 1 0"/>
        </f>
    </facets>
    <facets color="a4adb2">
        <f v="15 24 23" fn="0 -1 0">
            <n d="-0 -1 -0"/>
            <n d="-0 -1 -0"/>
            <n d="-0 -1 -0"/>
        </f>
        <f v="32 5 25" fn="0 -1 0">
            <n d="-0 -1 -0"/>
            <n d="-0 -1 -0"/>
            <n d="-0 -1 -0"/>
        </f>
        <f v="32 25 24" fn="-0 -1 -0">
            <n d="-0 -1 -0"/>
            <n d="-0 -1 -0"/>
            <n d="-0 -1 -0"/>
        </f>
        <f v="33 32 24" fn="-0 -1 -0">
            <n d="-0 -1 -0"/>
            <n d="-0 -1 -0"/>
            <n d="-0 -1 -0"/>
        </f>
        <f v="42 33 24" fn="0 -1 -0">
            <n d="-0 -1 -0"/>
            <n d="-0 -1 -0"/>
            <n d="-0 -1 -0"/>
        </f>
        <f v="41 34 33" fn="-0 -1 -0">
            <n d="-0 -1 -0"/>
            <n d="-0 -1 -0"/>
            <n d="-0 -1 -0"/>
        </f>
        <f v="41 7 34" fn="-0 -1 -0">
            <n d="-0 -1 -0"/>
            <n d="-0 -1 -0"/>
            <n d="-0 -1 -0"/>
        </f>
        <f v="42 41 33" fn="-0 -1 -0">
            <n d="-0 -1 -0"/>
            <n d="-0 -1 -0"/>
            <n d="-0 -1 -0"/>
        </f>
        <f v="15 42 24" fn="-0 -1 0">
            <n d="-0 -1 -0"/>
            <n d="-0 -1 -0"/>
            <n d="-0 -1 -0"/>
        </f>
        <f v="14 43 42" fn="-0 -1 -0">
            <n d="-0 -1 -0"/>
            <n d="-0 -1 -0"/>
            <n d="-0 -1 -0"/>
        </f>
        <f v="14 2 43" fn="-0 -1 0">
            <n d="-0 -1 -0"/>
            <n d="-0 -1 -0"/>
            <n d="-0 -1 -0"/>
        </f>
        <f v="16 15 23" fn="-0 -1 0">
            <n d="-0 -1 -0"/>
            <n d="-0 -1 -0"/>
            <n d="-0 -1 -0"/>
        </f>
        <f v="15 14 42" fn="-0 -1 0">
            <n d="-0 -1 -0"/>
            <n d="-0 -1 -0"/>
            <n d="-0 -1 -0"/>
        </f>
        <f v="16 23 3" fn="0 -1 -0">
            <n d="-0 -1 -0"/>
            <n d="-0 -1 -0"/>
            <n d="-0 -1 -0"/>
        </f>
    </facets>
</shell>
<shell id="id85">
    <verts>
        <v p="1 0.8 0.8"/>
        <v p="1 0.8 -0.8"/>
        <v p="1 -0.8 0.8"/>
        <v p="1 -0.8 -0.8"/>
        <v p="-1 0.8 -0.8"/>
        <v p="-1 -0.8 -0.8"/>
        <v p="-1 0.8 0.8"/>
        <v p="-1 -0.8 0.8"/>
        <v p="1 0.8 0.4"/>
        <v p="1 0.8 0"/>
        <v p="1 0.8 -0.4"/>
        <v p="1 -0.4 0.8"/>
        <v p="1 0 0.8"/>
        <v p="1 0.4 0.8"/>
        <v p="1 -0.8 0.4"/>
        <v p="1 -0.8 0"/>
        <v p="1 -0.8 -0.4"/>
        <v p="1 -0.4 -0.8"/>
        <v p="1 0 -0.8"/>
        <v p="1 0.4 -0.8"/>
        <v p="0.5 0.8 -0.8"/>
        <v p="0 0.8 -0.8"/>
        <v p="-0.5 0.8 -0.8"/>
        <v p="0.5 -0.8 -0.8"/>
        <v p="0 -0.8 -0.8"/>
        <v p="-0.5 -0.8 -0.8"/>
        <v p="-1 -0.4 -0.8"/>
        <v p="-1 0 -0.8"/>
        <v p="-1 0.4 -0.8"/>
        <v p="-1 0.8 -0.4"/>
        <v p="-1 0.8 0"/>
        <v p="-1 0.8 0.4"/>
        <v p="-1 -0.8 -0.4"/>
        <v p="-1 -0.8 0"/>
        <v p="-1 -0.8 0.4"/>
        <v p="-1 -0.4 0.8"/>
        <v p="-1 0 0.8"/>
        <v p="-1 0.4 0.8"/>
        <v p="-0.5 0.8 0.8"/>
        <v p="0 0.8 0.8"/>
        <v p="0.5 0.8 0.8"/>
        <v p="-0.5 -0.8 0.8"/>
        <v p="0 -0.8 0.8"/>
        <v p="0.5 -0.8 0.8"/>
    </verts>
    <facets color="1e1e1e">
        <f v="18 10 9" fn="1 -0 -0">
            <n d="1 0 -1.35525271560688e-016"/>
            <n d="1 0 -1.35525271560688e-016"/>
            <n d="1 0 -1.35525271560688e-016"/>
        </f>
        <f v="13 8 0" fn="1 -0 -0">
            <n d="1 0 -1.35525271560688e-016"/>
            <n d="1 0 -1.35525271560688e-016"/>
            <n d="1 0 -1.35525271560688e-016"/>
        </f>
        <f v="12 9 8" fn="1 -0 -0">
            <n d="1 0 -1.35525271560688e-016"/>
            <n d="1 0 -1.35525271560688e-016"/>
            <n d="1 0 -1.35525271560688e-016"/>
        </f>
        <f v="12 8 13" fn="1 -0 0">
            <n d="1 0 -1.35525271560688e-016"/>
            <n d="1 0 -1.35525271560688e-016"/>
            <n d="1 0 -1.35525271560688e-016"/>
        </f>
        <f v="15 9 12" fn="1 -0 -0">
            <n d="1 0 -1.35525271560688e-016"/>
            <n d="1 0 -1.35525271560688e-016"/>
            <n d="1 0 -1.35525271560688e-016"/>
        </f>
        <f v="14 12 11" fn="1 0 0">
            <n d="1 0 -1.35525271560688e-016"/>
            <n d="1 0 -1.35525271560688e-016"/>
            <n d="1 0 -1.35525271560688e-016"/>
        </f>
        <f v="14 11 2" fn="1 0 0">
            <n d="1 0 -1.35525271560688e-016"/>
            <n d="1 0 -1.35525271560688e-016"/>
            <n d="1 0 -1.35525271560688e-016"/>
        </f>
        <f v="15 12 14" fn="1 0 0">
            <n d="1 0 -1.35525271560688e-016"/>
            <n d="1 0 -1.35525271560688e-016"/>
            <n d="1 0 -1.35525271560688e-016"/>
        </f>
        <f v="18 9 15" fn="1 -0 -0">
            <n d="1 0 -1.35525271560688e-016"/>
            <n d="1 0 -1.35525271560688e-016"/>
            <n d="1 0 -1.35525271560688e-016"/>
        </f>
        <f v="19 10 18" fn="1 0 -0">
            <n d="1 0 -1.35525271560688e-016"/>
            <n d="1 0 -1.35525271560688e-016"/>
            <n d="1 0 -1.35525271560688e-016"/>
        </f>
        <f v="17 16 3" fn="1 -0 -0">
            <n d="1 0 -1.35525271560688e-016"/>
            <n d="1 0 -1.35525271560688e-016"/>
            <n d="1 0 -1.35525271560688e-016"/>
        </f>
        <f v="17 15 16" fn="1 0 0">
            <n d="1 0 -1.35525271560688e-016"/>
            <n d="1 0 -1.35525271560688e-016"/>
            <n d="1 0 -1.35525271560688e-016"/>
        </f>
        <f v="18 15 17" fn="1 0 0">
            <n d="1 0 -1.35525271560688e-016"/>
            <n d="1 0 -1.35525271560688e-016"/>
            <n d="1 0 -1.35525271560688e-016"/>
        </f>
        <f v="19 1 10" fn="1 -0 -0">
            <n d="1 0 -1.35525271560688e-016"/>
            <n d="1 0 -1.35525271560688e-016"/>
            <n d="1 0 -1.35525271560688e-016"/>
        </f>
    </facets>
    <facets color="a4adb2">
        <f v="27 22 21" fn="-0 -0 -1">
            <n d="1.0842021724855e-016 0 -1"/>
            <n d="1.0842021724855e-016 0 -1"/>
            <n d="1.0842021724855e-016 0 -1"/>
        </f>
        <f v="19 20 1" fn="-0 0 -1">
            <n d="1.0842021724855e-016 0 -1"/>
            <n d="1.0842021724855e-016 0 -1"/>
            <n d="1.0842021724855e-016 0 -1"/>
        </f>
        <f v="18 21 20" fn="-0 -0 -1">
            <n d="1.0842021724855e-016 0 -1"/>
            <n d="1.0842021724855e-016 0 -1"/>
            <n d="1.0842021724855e-016 0 -1"/>
        </f>
        <f v="18 20 19" fn="0 0 -1">
            <n d="1.0842021724855e-016 0 -1"/>
            <n d="1.0842021724855e-016 0 -1"/>
            <n d="1.0842021724855e-016 0 -1"/>
        </f>
        <f v="24 21 18" fn="-0 -0 -1">
            <n d="1.0842021724855e-016 0 -1"/>
            <n d="1.0842021724855e-016 0 -1"/>
            <n d="1.0842021724855e-016 0 -1"/>
        </f>
        <f v="23 18 17" fn="0 0 -1">
            <n d="1.0842021724855e-016 0 -1"/>
            <n d="1.0842021724855e-016 0 -1"/>
            <n d="1.0842021724855e-016 0 -1"/>
        </f>
        <f v="23 17 3" fn="0 0 -1">
            <n d="1.0842021724855e-016 0 -1"/>
            <n d="1.0842021724855e-016 0 -1"/>
            <n d="1.0842021724855e-016 0 -1"/>
        </f>
        <f v="24 18 23" fn="0 0 -1">
            <n d="1.0842021724855e-016 0 -1"/>
            <n d="1.0842021724855e-016 0 -1"/>
            <n d="1.0842021724855e-016 0 -1"/>
        </f>
        <f v="27 21 24" fn="0 -0 -1">
            <n d="1.0842021724855e-016 0 -1"/>
            <n d="1.0842021724855e-016 0 -1"/>
            <n d="1.0842021724855e-016 0 -1"/>
        </f>
        <f v="28 22 27" fn="0 0 -1">
            <n d="1.0842021724855e-016 0 -1"/>
            <n d="1.0842021724855e-016 0 -1"/>
            <n d="1.0842021724855e-016 0 -1"/>
        </f>
        <f v="26 25 5" fn="-0 -0 -1">
            <n d="1.0842021724855e-016 0 -1"/>
            <n d="1.0842021724855e-016 0 -1"/>
            <n d="1.0842021724855e-016 0 -1"/>
        </f>
        <f v="27 24 25" fn="-0 -0 -1">
            <n d="1.0842021724855e-016 0 -1"/>
            <n d="1.0842021724855e-016 0 -1"/>
            <n d="1.0842021724855e-016 0 -1"/>
        </f>
        <f v="27 25 26" fn="0 0 -1">
            <n d="1.0842021724855e-016 0 -1"/>
            <n d="1.0842021724855e-016 0 -1"/>
            <n d="1.0842021724855e-016 0 -1"/>
        </f>
        <f v="28 4 22" fn="-0 -0 -1">
            <n d="1.0842021724855e-016 0 -1"/>
            <n d="1.0842021724855e-016 0 -1"/>
            <n d="1.0842021724855e-016 0 -1"/>
        </f>
    </facets>
    <facets color="1e1e1e">
        <f v="36 31 30" fn="-1 -0 -0">
            <n d="-1 0 -1.35525271560688e-016"/>
            <n d="-1 0 -1.35525271560688e-016"/>
            <n d="-1 0 -1.35525271560688e-016"/>
        </f>
        <f v="28 29 4" fn="-1 -0 -0">
            <n d="-1 0 -1.35525271560688e-016"/>
            <n d="-1 0 -1.35525271560688e-016"/>
            <n d="-1 0 -1.35525271560688e-016"/>
        </f>
        <f v="27 30 29" fn="-1 -0 -0">
            <n d="-1 0 -1.35525271560688e-016"/>
            <n d="-1 0 -1.35525271560688e-016"/>
            <n d="-1 0 -1.35525271560688e-016"/>
        </f>
        <f v="27 29 28" fn="-1 0 0">
            <n d="-1 0 -1.35525271560688e-016"/>
            <n d="-1 0 -1.35525271560688e-016"/>
            <n d="-1 0 -1.35525271560688e-016"/>
        </f>
        <f v="33 30 27" fn="-1 0 -0">
            <n d="-1 0 -1.35525271560688e-016"/>
            <n d="-1 0 -1.35525271560688e-016"/>
            <n d="-1 0 -1.35525271560688e-016"/>
        </f>
        <f v="32 27 26" fn="-1 0 0">
            <n d="-1 0 -1.35525271560688e-016"/>
            <n d="-1 0 -1.35525271560688e-016"/>
            <n d="-1 0 -1.35525271560688e-016"/>
        </f>
        <f v="32 26 5" fn="-1 0 0">
            <n d="-1 0 -1.35525271560688e-016"/>
            <n d="-1 0 -1.35525271560688e-016"/>
            <n d="-1 0 -1.35525271560688e-016"/>
        </f>
        <f v="33 27 32" fn="-1 0 0">
            <n d="-1 0 -1.35525271560688e-016"/>
            <n d="-1 0 -1.35525271560688e-016"/>
            <n d="-1 0 -1.35525271560688e-016"/>
        </f>
        <f v="36 30 33" fn="-1 -0 -0">
            <n d="-1 0 -1.35525271560688e-016"/>
            <n d="-1 0 -1.35525271560688e-016"/>
            <n d="-1 0 -1.35525271560688e-016"/>
        </f>
        <f v="37 31 36" fn="-1 -0 -0">
            <n d="-1 0 -1.35525271560688e-016"/>
            <n d="-1 0 -1.35525271560688e-016"/>
            <n d="-1 0 -1.35525271560688e-016"/>
        </f>
        <f v="35 34 7" fn="-1 -0 -0">
            <n d="-1 0 -1.35525271560688e-016"/>
            <n d="-1 0 -1.35525271560688e-016"/>
            <n d="-1 0 -1.35525271560688e-016"/>
        </f>
        <f v="35 33 34" fn="-1 0 0">
            <n d="-1 0 -1.35525271560688e-016"/>
            <n d="-1 0 -1.35525271560688e-016"/>
            <n d="-1 0 -1.35525271560688e-016"/>
        </f>
        <f v="36 33 35" fn="-1 -0 0">
            <n d="-1 0 -1.35525271560688e-016"/>
            <n d="-1 0 -1.35525271560688e-016"/>
            <n d="-1 0 -1.35525271560688e-016"/>
        </f>
        <f v="37 6 31" fn="-1 0 -0">
            <n d="-1 0 -1.35525271560688e-016"/>
            <n d="-1 0 -1.35525271560688e-016"/>
            <n d="-1 0 -1.35525271560688e-016"/>
        </f>
    </facets>
    <facets color="a4adb2">
        <f v="12 40 39" fn="-0 -0 1">
            <n d="-1.0842021724855e-016 0 1"/>
            <n d="-1.0842021724855e-016 0 1"/>
            <n d="-1.0842021724855e-016 0 1"/>
        </f>
        <f v="37 38 6" fn="-0 -0 1">
            <n d="-1.0842021724855e-016 0 1"/>
            <n d="-1.0842021724855e-016 0 1"/>
            <n d="-1.0842021724855e-016 0 1"/>
        </f>
        <f v="36 39 38" fn="-0 -0 1">
            <n d="-1.0842021724855e-016 0 1"/>
            <n d="-1.0842021724855e-016 0 1"/>
            <n d="-1.0842021724855e-016 0 1"/>
        </f>
        <f v="36 38 37" fn="0 0 1">
            <n d="-1.0842021724855e-016 0 1"/>
            <n d="-1.0842021724855e-016 0 1"/>
            <n d="-1.0842021724855e-016 0 1"/>
        </f>
        <f v="42 39 36" fn="-0 -0 1">
            <n d="-1.0842021724855e-016 0 1"/>
            <n d="-1.0842021724855e-016 0 1"/>
            <n d="-1.0842021724855e-016 0 1"/>
        </f>
        <f v="41 36 35" fn="0 0 1">
            <n d="-1.0842021724855e-016 0 1"/>
            <n d="-1.0842021724855e-016 0 1"/>
            <n d="-1.0842021724855e-016 0 1"/>
        </f>
        <f v="41 35 7" fn="0 0 1">
            <n d="-1.0842021724855e-016 0 1"/>
            <n d="-1.0842021724855e-016 0 1"/>
            <n d="-1.0842021724855e-016 0 1"/>
        </f>
        <f v="42 36 41" fn="0 0 1">
            <n d="-1.0842021724855e-016 0 1"/>
            <n d="-1.0842021724855e-016 0 1"/>
            <n d="-1.0842021724855e-016 0 1"/>
        </f>
        <f v="12 39 42" fn="0 -0 1">
            <n d="-1.0842021724855e-016 0 1"/>
            <n d="-1.0842021724855e-016 0 1"/>
            <n d="-1.0842021724855e-016 0 1"/>
        </f>
        <f v="13 40 12" fn="0 0 1">
            <n d="-1.0842021724855e-016 0 1"/>
            <n d="-1.0842021724855e-016 0 1"/>
            <n d="-1.0842021724855e-016 0 1"/>
        </f>
        <f v="11 43 2" fn="-0 0 1">
            <n d="-1.0842021724855e-016 0 1"/>
            <n d="-1.0842021724855e-016 0 1"/>
            <n d="-1.0842021724855e-016 0 1"/>
        </f>
        <f v="12 42 43" fn="-0 -0 1">
            <n d="-1.0842021724855e-016 0 1"/>
            <n d="-1.0842021724855e-016 0 1"/>
            <n d="-1.0842021724855e-016 0 1"/>
        </f>
        <f v="12 43 11" fn="0 0 1">
            <n d="-1.0842021724855e-016 0 1"/>
            <n d="-1.0842021724855e-016 0 1"/>
            <n d="-1.0842021724855e-016 0 1"/>
        </f>
        <f v="13 0 40" fn="-0 -0 1">
            <n d="-1.0842021724855e-016 0 1"/>
            <n d="-1.0842021724855e-016 0 1"/>
            <n d="-1.0842021724855e-016 0 1"/>
        </f>
    </facets>
    <facets color="a4adb2">
        <f v="40 8 9" fn="-0 1 -0">
            <n d="0 1 0"/>
            <n d="0 1 0"/>
            <n d="0 1 0"/>
        </f>
        <f v="20 10 1" fn="-0 1 -0">
            <n d="0 1 0"/>
            <n d="0 1 0"/>
            <n d="0 1 0"/>
        </f>
        <f v="20 9 10" fn="0 1 0">
            <n d="0 1 0"/>
            <n d="0 1 0"/>
            <n d="0 1 0"/>
        </f>
        <f v="21 9 20" fn="0 1 0">
            <n d="0 1 0"/>
            <n d="0 1 0"/>
            <n d="0 1 0"/>
        </f>
        <f v="30 9 21" fn="-0 1 -0">
            <n d="0 1 0"/>
            <n d="0 1 0"/>
            <n d="0 1 0"/>
        </f>
        <f v="30 21 22" fn="-0 1 -0">
            <n d="0 1 0"/>
            <n d="0 1 0"/>
            <n d="0 1 0"/>
        </f>
        <f v="29 22 4" fn="0 1 0">
            <n d="0 1 0"/>
            <n d="0 1 0"/>
            <n d="0 1 0"/>
        </f>
        <f v="30 22 29" fn="0 1 0">
            <n d="0 1 0"/>
            <n d="0 1 0"/>
            <n d="0 1 0"/>
        </f>
        <f v="39 9 30" fn="-0 1 0">
            <n d="0 1 0"/>
            <n d="0 1 0"/>
            <n d="0 1 0"/>
        </f>
        <f v="40 9 39" fn="0 1 0">
            <n d="0 1 0"/>
            <n d="0 1 0"/>
            <n d="0 1 0"/>
        </f>
        <f v="38 31 6" fn="0 1 -0">
            <n d="0 1 0"/>
            <n d="0 1 0"/>
            <n d="0 1 0"/>
        </f>
        <f v="38 30 31" fn="0 1 0">
            <n d="0 1 0"/>
            <n d="0 1 0"/>
            <n d="0 1 0"/>
        </f>
        <f v="39 30 38" fn="0 1 0">
            <n d="0 1 0"/>
            <n d="0 1 0"/>
            <n d="0 1 0"/>
        </f>
        <f v="40 0 8" fn="-0 1 -0">
            <n d="0 1 0"/>
            <n d="0 1 0"/>
            <n d="0 1 0"/>
        </f>
    </facets>
    <facets color="a4adb2">
        <f v="15 24 23" fn="0 -1 0">
            <n d="-0 -1 -0"/>
            <n d="-0 -1 -0"/>
            <n d="-0 -1 -0"/>
        </f>
        <f v="32 5 25" fn="0 -1 0">
            <n d="-0 -1 -0"/>
            <n d="-0 -1 -0"/>
            <n d="-0 -1 -0"/>
        </f>
        <f v="33 25 24" fn="0 -1 0">
            <n d="-0 -1 -0"/>
            <n d="-0 -1 -0"/>
            <n d="-0 -1 -0"/>
        </f>
        <f v="33 32 25" fn="-0 -1 -0">
            <n d="-0 -1 -0"/>
            <n d="-0 -1 -0"/>
            <n d="-0 -1 -0"/>
        </f>
        <f v="42 33 24" fn="0 -1 -0">
            <n d="-0 -1 -0"/>
            <n d="-0 -1 -0"/>
            <n d="-0 -1 -0"/>
        </f>
        <f v="41 34 33" fn="-0 -1 -0">
            <n d="-0 -1 -0"/>
            <n d="-0 -1 -0"/>
            <n d="-0 -1 -0"/>
        </f>
        <f v="41 7 34" fn="-0 -1 -0">
            <n d="-0 -1 -0"/>
            <n d="-0 -1 -0"/>
            <n d="-0 -1 -0"/>
        </f>
        <f v="42 41 33" fn="-0 -1 -0">
            <n d="-0 -1 -0"/>
            <n d="-0 -1 -0"/>
            <n d="-0 -1 -0"/>
        </f>
        <f v="15 42 24" fn="-0 -1 0">
            <n d="-0 -1 -0"/>
            <n d="-0 -1 -0"/>
            <n d="-0 -1 -0"/>
        </f>
        <f v="15 43 42" fn="0 -1 0">
            <n d="-0 -1 -0"/>
            <n d="-0 -1 -0"/>
            <n d="-0 -1 -0"/>
        </f>
        <f v="14 2 43" fn="-0 -1 0">
            <n d="-0 -1 -0"/>
            <n d="-0 -1 -0"/>
            <n d="-0 -1 -0"/>
        </f>
        <f v="16 15 23" fn="-0 -1 0">
            <n d="-0 -1 -0"/>
            <n d="-0 -1 -0"/>
            <n d="-0 -1 -0"/>
        </f>
        <f v="15 14 43" fn="-0 -1 0">
            <n d="-0 -1 -0"/>
            <n d="-0 -1 -0"/>
            <n d="-0 -1 -0"/>
        </f>
        <f v="16 23 3" fn="0 -1 -0">
            <n d="-0 -1 -0"/>
            <n d="-0 -1 -0"/>
            <n d="-0 -1 -0"/>
        </f>
    </facets>
</shell>
</step-assembly>
