<?xml version="1.0" encoding="UTF-8" ?>
<step-assembly root="id59">
<product id="id59" name="Assem1" shape="id23" children="id71 id79 id79"/>
<product id="id71" name="Body_4.5x2x1.4x0.26" shape="id28"/>
<product id="id79" name="Contact_2x1.4x0.26" shape="id34"/>
<shape id="id23" unit="mm 0.001000">
    <child ref="id28" xform="1 0 0 0 0 1 0 0 0 0 1 0 0 0 0 1"/>
    <child ref="id34" xform="-3.27863e-016 1.54886e-016 -1 0 1 -2.76412e-032 -3.27863e-016 0 -7.84225e-032 -1 -1.54886e-016 0 2.12 0 5.42101e-016 1"/>
    <child ref="id34" xform="-2.1684e-016 1.0842e-016 1 0 -1 5.71008e-034 -2.1684e-016 0 -2.40809e-032 -1 1.0842e-016 0 -2.12 0 -2.1684e-016 1"/>
</shape>
<shape id="id28" unit="mm 0.001000">
    <child ref="id29" xform="1 0 0 0 0 1 0 0 0 0 1 0 0 0 0 1"/>
</shape>
<shape id="id29" unit="mm 0.001000" shell="id72"/>
<shape id="id34" unit="mm 0.001000">
    <child ref="id35" xform="1 0 0 0 0 1 0 0 0 0 1 0 0 0 0 1"/>
</shape>
<shape id="id35" unit="mm 0.001000" shell="id80"/>
<shell id="id72">
    <verts>
        <v p="1.99 0.7 1"/>
        <v p="1.99 0.7 -1"/>
        <v p="1.99 -0.7 1"/>
        <v p="1.99 -0.7 -1"/>
        <v p="-1.99 0.7 -1"/>
        <v p="-1.99 -0.7 -1"/>
        <v p="-1.99 0.7 1"/>
        <v p="-1.99 -0.7 1"/>
        <v p="1.99 0.7 0.5"/>
        <v p="1.99 0.7 0"/>
        <v p="1.99 0.7 -0.5"/>
        <v p="1.99 -0.35 1"/>
        <v p="1.99 0 1"/>
        <v p="1.99 0.35 1"/>
        <v p="1.99 -0.7 0.5"/>
        <v p="1.99 -0.7 0"/>
        <v p="1.99 -0.7 -0.5"/>
        <v p="1.99 -0.35 -1"/>
        <v p="1.99 0 -1"/>
        <v p="1.99 0.35 -1"/>
        <v p="0.995 0.7 -1"/>
        <v p="0 0.7 -1"/>
        <v p="-0.995 0.7 -1"/>
        <v p="0.995 -0.7 -1"/>
        <v p="0 -0.7 -1"/>
        <v p="-0.995 -0.7 -1"/>
        <v p="-1.99 -0.35 -1"/>
        <v p="-1.99 0 -1"/>
        <v p="-1.99 0.35 -1"/>
        <v p="-1.99 0.7 -0.5"/>
        <v p="-1.99 0.7 0"/>
        <v p="-1.99 0.7 0.5"/>
        <v p="-1.99 -0.7 -0.5"/>
        <v p="-1.99 -0.7 0"/>
        <v p="-1.99 -0.7 0.5"/>
        <v p="-1.99 -0.35 1"/>
        <v p="-1.99 0 1"/>
        <v p="-1.99 0.35 1"/>
        <v p="-0.995 0.7 1"/>
        <v p="0 0.7 1"/>
        <v p="0.995 0.7 1"/>
        <v p="-0.995 -0.7 1"/>
        <v p="0 -0.7 1"/>
        <v p="0.995 -0.7 1"/>
    </verts>
    <facets color="1e1e1e">
        <f v="19 10 9" fn="1 -0 -0">
            <n d="1 0 -2.16840434497101e-016"/>
            <n d="1 0 -2.16840434497101e-016"/>
            <n d="1 0 -2.16840434497101e-016"/>
        </f>
        <f v="13 8 0" fn="1 -0 -0">
            <n d="1 0 -2.16840434497101e-016"/>
            <n d="1 0 -2.16840434497101e-016"/>
            <n d="1 0 -2.16840434497101e-016"/>
        </f>
        <f v="13 9 8" fn="1 0 0">
            <n d="1 0 -2.16840434497101e-016"/>
            <n d="1 0 -2.16840434497101e-016"/>
            <n d="1 0 -2.16840434497101e-016"/>
        </f>
        <f v="12 9 13" fn="1 -0 0">
            <n d="1 0 -2.16840434497101e-016"/>
            <n d="1 0 -2.16840434497101e-016"/>
            <n d="1 0 -2.16840434497101e-016"/>
        </f>
        <f v="15 9 12" fn="1 -0 -0">
            <n d="1 0 -2.16840434497101e-016"/>
            <n d="1 0 -2.16840434497101e-016"/>
            <n d="1 0 -2.16840434497101e-016"/>
        </f>
        <f v="15 12 11" fn="1 -0 -0">
            <n d="1 0 -2.16840434497101e-016"/>
            <n d="1 0 -2.16840434497101e-016"/>
            <n d="1 0 -2.16840434497101e-016"/>
        </f>
        <f v="14 11 2" fn="1 0 0">
            <n d="1 0 -2.16840434497101e-016"/>
            <n d="1 0 -2.16840434497101e-016"/>
            <n d="1 0 -2.16840434497101e-016"/>
        </f>
        <f v="15 11 14" fn="1 0 0">
            <n d="1 0 -2.16840434497101e-016"/>
            <n d="1 0 -2.16840434497101e-016"/>
            <n d="1 0 -2.16840434497101e-016"/>
        </f>
        <f v="18 9 15" fn="1 -0 -0">
            <n d="1 0 -2.16840434497101e-016"/>
            <n d="1 0 -2.16840434497101e-016"/>
            <n d="1 0 -2.16840434497101e-016"/>
        </f>
        <f v="19 9 18" fn="1 0 -0">
            <n d="1 0 -2.16840434497101e-016"/>
            <n d="1 0 -2.16840434497101e-016"/>
            <n d="1 0 -2.16840434497101e-016"/>
        </f>
        <f v="17 16 3" fn="1 -0 -0">
            <n d="1 0 -2.16840434497101e-016"/>
            <n d="1 0 -2.16840434497101e-016"/>
            <n d="1 0 -2.16840434497101e-016"/>
        </f>
        <f v="17 15 16" fn="1 0 0">
            <n d="1 0 -2.16840434497101e-016"/>
            <n d="1 0 -2.16840434497101e-016"/>
            <n d="1 0 -2.16840434497101e-016"/>
        </f>
        <f v="18 15 17" fn="1 0 0">
            <n d="1 0 -2.16840434497101e-016"/>
            <n d="1 0 -2.16840434497101e-016"/>
            <n d="1 0 -2.16840434497101e-016"/>
        </f>
        <f v="19 1 10" fn="1 -0 -0">
            <n d="1 0 -2.16840434497101e-016"/>
            <n d="1 0 -2.16840434497101e-016"/>
            <n d="1 0 -2.16840434497101e-016"/>
        </f>
    </facets>
    <facets color="a4adb2">
        <f v="28 22 21" fn="-0 -0 -1">
            <n d="1.08965042460855e-016 0 -1"/>
            <n d="1.08965042460855e-016 0 -1"/>
            <n d="1.08965042460855e-016 0 -1"/>
        </f>
        <f v="19 20 1" fn="-0 0 -1">
            <n d="1.08965042460855e-016 0 -1"/>
            <n d="1.08965042460855e-016 0 -1"/>
            <n d="1.08965042460855e-016 0 -1"/>
        </f>
        <f v="19 21 20" fn="0 0 -1">
            <n d="1.08965042460855e-016 0 -1"/>
            <n d="1.08965042460855e-016 0 -1"/>
            <n d="1.08965042460855e-016 0 -1"/>
        </f>
        <f v="18 21 19" fn="0 0 -1">
            <n d="1.08965042460855e-016 0 -1"/>
            <n d="1.08965042460855e-016 0 -1"/>
            <n d="1.08965042460855e-016 0 -1"/>
        </f>
        <f v="24 21 18" fn="-0 -0 -1">
            <n d="1.08965042460855e-016 0 -1"/>
            <n d="1.08965042460855e-016 0 -1"/>
            <n d="1.08965042460855e-016 0 -1"/>
        </f>
        <f v="23 18 17" fn="0 0 -1">
            <n d="1.08965042460855e-016 0 -1"/>
            <n d="1.08965042460855e-016 0 -1"/>
            <n d="1.08965042460855e-016 0 -1"/>
        </f>
        <f v="23 17 3" fn="0 0 -1">
            <n d="1.08965042460855e-016 0 -1"/>
            <n d="1.08965042460855e-016 0 -1"/>
            <n d="1.08965042460855e-016 0 -1"/>
        </f>
        <f v="24 18 23" fn="0 0 -1">
            <n d="1.08965042460855e-016 0 -1"/>
            <n d="1.08965042460855e-016 0 -1"/>
            <n d="1.08965042460855e-016 0 -1"/>
        </f>
        <f v="27 21 24" fn="0 -0 -1">
            <n d="1.08965042460855e-016 0 -1"/>
            <n d="1.08965042460855e-016 0 -1"/>
            <n d="1.08965042460855e-016 0 -1"/>
        </f>
        <f v="28 21 27" fn="0 0 -1">
            <n d="1.08965042460855e-016 0 -1"/>
            <n d="1.08965042460855e-016 0 -1"/>
            <n d="1.08965042460855e-016 0 -1"/>
        </f>
        <f v="26 25 5" fn="-0 -0 -1">
            <n d="1.08965042460855e-016 0 -1"/>
            <n d="1.08965042460855e-016 0 -1"/>
            <n d="1.08965042460855e-016 0 -1"/>
        </f>
        <f v="26 24 25" fn="0 0 -1">
            <n d="1.08965042460855e-016 0 -1"/>
            <n d="1.08965042460855e-016 0 -1"/>
            <n d="1.08965042460855e-016 0 -1"/>
        </f>
        <f v="27 24 26" fn="0 0 -1">
            <n d="1.08965042460855e-016 0 -1"/>
            <n d="1.08965042460855e-016 0 -1"/>
            <n d="1.08965042460855e-016 0 -1"/>
        </f>
        <f v="28 4 22" fn="-0 -0 -1">
            <n d="1.08965042460855e-016 0 -1"/>
            <n d="1.08965042460855e-016 0 -1"/>
            <n d="1.08965042460855e-016 0 -1"/>
        </f>
    </facets>
    <facets color="1e1e1e">
        <f v="37 31 30" fn="-1 -0 -0">
            <n d="-1 0 -2.16840434497101e-016"/>
            <n d="-1 0 -2.16840434497101e-016"/>
            <n d="-1 0 -2.16840434497101e-016"/>
        </f>
        <f v="28 29 4" fn="-1 -0 -0">
            <n d="-1 0 -2.16840434497101e-016"/>
            <n d="-1 0 -2.16840434497101e-016"/>
            <n d="-1 0 -2.16840434497101e-016"/>
        </f>
        <f v="28 30 29" fn="-1 0 0">
            <n d="-1 0 -2.16840434497101e-016"/>
            <n d="-1 0 -2.16840434497101e-016"/>
            <n d="-1 0 -2.16840434497101e-016"/>
        </f>
        <f v="27 30 28" fn="-1 0 0">
            <n d="-1 0 -2.16840434497101e-016"/>
            <n d="-1 0 -2.16840434497101e-016"/>
            <n d="-1 0 -2.16840434497101e-016"/>
        </f>
        <f v="33 30 27" fn="-1 0 -0">
            <n d="-1 0 -2.16840434497101e-016"/>
            <n d="-1 0 -2.16840434497101e-016"/>
            <n d="-1 0 -2.16840434497101e-016"/>
        </f>
        <f v="33 27 26" fn="-1 -0 -0">
            <n d="-1 0 -2.16840434497101e-016"/>
            <n d="-1 0 -2.16840434497101e-016"/>
            <n d="-1 0 -2.16840434497101e-016"/>
        </f>
        <f v="32 26 5" fn="-1 0 0">
            <n d="-1 0 -2.16840434497101e-016"/>
            <n d="-1 0 -2.16840434497101e-016"/>
            <n d="-1 0 -2.16840434497101e-016"/>
        </f>
        <f v="33 26 32" fn="-1 0 0">
            <n d="-1 0 -2.16840434497101e-016"/>
            <n d="-1 0 -2.16840434497101e-016"/>
            <n d="-1 0 -2.16840434497101e-016"/>
        </f>
        <f v="36 30 33" fn="-1 -0 -0">
            <n d="-1 0 -2.16840434497101e-016"/>
            <n d="-1 0 -2.16840434497101e-016"/>
            <n d="-1 0 -2.16840434497101e-016"/>
        </f>
        <f v="37 30 36" fn="-1 -0 -0">
            <n d="-1 0 -2.16840434497101e-016"/>
            <n d="-1 0 -2.16840434497101e-016"/>
            <n d="-1 0 -2.16840434497101e-016"/>
        </f>
        <f v="35 34 7" fn="-1 -0 -0">
            <n d="-1 0 -2.16840434497101e-016"/>
            <n d="-1 0 -2.16840434497101e-016"/>
            <n d="-1 0 -2.16840434497101e-016"/>
        </f>
        <f v="35 33 34" fn="-1 0 0">
            <n d="-1 0 -2.16840434497101e-016"/>
            <n d="-1 0 -2.16840434497101e-016"/>
            <n d="-1 0 -2.16840434497101e-016"/>
        </f>
        <f v="36 33 35" fn="-1 -0 0">
            <n d="-1 0 -2.16840434497101e-016"/>
            <n d="-1 0 -2.16840434497101e-016"/>
            <n d="-1 0 -2.16840434497101e-016"/>
        </f>
        <f v="37 6 31" fn="-1 0 -0">
            <n d="-1 0 -2.16840434497101e-016"/>
            <n d="-1 0 -2.16840434497101e-016"/>
            <n d="-1 0 -2.16840434497101e-016"/>
        </f>
    </facets>
    <facets color="a4adb2">
        <f v="13 40 39" fn="-0 -0 1">
            <n d="-1.08965042460855e-016 0 1"/>
            <n d="-1.08965042460855e-016 0 1"/>
            <n d="-1.08965042460855e-016 0 1"/>
        </f>
        <f v="37 38 6" fn="-0 -0 1">
            <n d="-1.08965042460855e-016 0 1"/>
            <n d="-1.08965042460855e-016 0 1"/>
            <n d="-1.08965042460855e-016 0 1"/>
        </f>
        <f v="37 39 38" fn="0 0 1">
            <n d="-1.08965042460855e-016 0 1"/>
            <n d="-1.08965042460855e-016 0 1"/>
            <n d="-1.08965042460855e-016 0 1"/>
        </f>
        <f v="36 39 37" fn="0 0 1">
            <n d="-1.08965042460855e-016 0 1"/>
            <n d="-1.08965042460855e-016 0 1"/>
            <n d="-1.08965042460855e-016 0 1"/>
        </f>
        <f v="42 39 36" fn="-0 -0 1">
            <n d="-1.08965042460855e-016 0 1"/>
            <n d="-1.08965042460855e-016 0 1"/>
            <n d="-1.08965042460855e-016 0 1"/>
        </f>
        <f v="41 36 35" fn="0 0 1">
            <n d="-1.08965042460855e-016 0 1"/>
            <n d="-1.08965042460855e-016 0 1"/>
            <n d="-1.08965042460855e-016 0 1"/>
        </f>
        <f v="41 35 7" fn="0 0 1">
            <n d="-1.08965042460855e-016 0 1"/>
            <n d="-1.08965042460855e-016 0 1"/>
            <n d="-1.08965042460855e-016 0 1"/>
        </f>
        <f v="42 36 41" fn="0 0 1">
            <n d="-1.08965042460855e-016 0 1"/>
            <n d="-1.08965042460855e-016 0 1"/>
            <n d="-1.08965042460855e-016 0 1"/>
        </f>
        <f v="12 39 42" fn="0 -0 1">
            <n d="-1.08965042460855e-016 0 1"/>
            <n d="-1.08965042460855e-016 0 1"/>
            <n d="-1.08965042460855e-016 0 1"/>
        </f>
        <f v="13 39 12" fn="0 0 1">
            <n d="-1.08965042460855e-016 0 1"/>
            <n d="-1.08965042460855e-016 0 1"/>
            <n d="-1.08965042460855e-016 0 1"/>
        </f>
        <f v="11 43 2" fn="-0 0 1">
            <n d="-1.08965042460855e-016 0 1"/>
            <n d="-1.08965042460855e-016 0 1"/>
            <n d="-1.08965042460855e-016 0 1"/>
        </f>
        <f v="11 42 43" fn="0 0 1">
            <n d="-1.08965042460855e-016 0 1"/>
            <n d="-1.08965042460855e-016 0 1"/>
            <n d="-1.08965042460855e-016 0 1"/>
        </f>
        <f v="12 42 11" fn="0 0 1">
            <n d="-1.08965042460855e-016 0 1"/>
            <n d="-1.08965042460855e-016 0 1"/>
            <n d="-1.08965042460855e-016 0 1"/>
        </f>
        <f v="13 0 40" fn="-0 -0 1">
            <n d="-1.08965042460855e-016 0 1"/>
            <n d="-1.08965042460855e-016 0 1"/>
            <n d="-1.08965042460855e-016 0 1"/>
        </f>
    </facets>
    <facets color="a4adb2">
        <f v="39 8 9" fn="-0 1 -0">
            <n d="0 1 0"/>
            <n d="0 1 0"/>
            <n d="0 1 0"/>
        </f>
        <f v="20 10 1" fn="-0 1 -0">
            <n d="0 1 0"/>
            <n d="0 1 0"/>
            <n d="0 1 0"/>
        </f>
        <f v="21 9 10" fn="-0 1 -0">
            <n d="0 1 0"/>
            <n d="0 1 0"/>
            <n d="0 1 0"/>
        </f>
        <f v="21 10 20" fn="0 1 0">
            <n d="0 1 0"/>
            <n d="0 1 0"/>
            <n d="0 1 0"/>
        </f>
        <f v="30 9 21" fn="-0 1 -0">
            <n d="0 1 0"/>
            <n d="0 1 0"/>
            <n d="0 1 0"/>
        </f>
        <f v="29 21 22" fn="0 1 0">
            <n d="0 1 0"/>
            <n d="0 1 0"/>
            <n d="0 1 0"/>
        </f>
        <f v="29 22 4" fn="0 1 0">
            <n d="0 1 0"/>
            <n d="0 1 0"/>
            <n d="0 1 0"/>
        </f>
        <f v="30 21 29" fn="0 1 0">
            <n d="0 1 0"/>
            <n d="0 1 0"/>
            <n d="0 1 0"/>
        </f>
        <f v="39 9 30" fn="-0 1 0">
            <n d="0 1 0"/>
            <n d="0 1 0"/>
            <n d="0 1 0"/>
        </f>
        <f v="40 8 39" fn="0 1 0">
            <n d="0 1 0"/>
            <n d="0 1 0"/>
            <n d="0 1 0"/>
        </f>
        <f v="38 31 6" fn="0 1 -0">
            <n d="0 1 0"/>
            <n d="0 1 0"/>
            <n d="0 1 0"/>
        </f>
        <f v="39 30 31" fn="-0 1 -0">
            <n d="0 1 0"/>
            <n d="0 1 0"/>
            <n d="0 1 0"/>
        </f>
        <f v="39 31 38" fn="0 1 0">
            <n d="0 1 0"/>
            <n d="0 1 0"/>
            <n d="0 1 0"/>
        </f>
        <f v="40 0 8" fn="-0 1 -0">
            <n d="0 1 0"/>
            <n d="0 1 0"/>
            <n d="0 1 0"/>
        </f>
    </facets>
    <facets color="a4adb2">
        <f v="16 24 23" fn="0 -1 0">
            <n d="-0 -1 -0"/>
            <n d="-0 -1 -0"/>
            <n d="-0 -1 -0"/>
        </f>
        <f v="32 5 25" fn="0 -1 0">
            <n d="-0 -1 -0"/>
            <n d="-0 -1 -0"/>
            <n d="-0 -1 -0"/>
        </f>
        <f v="32 25 24" fn="-0 -1 -0">
            <n d="-0 -1 -0"/>
            <n d="-0 -1 -0"/>
            <n d="-0 -1 -0"/>
        </f>
        <f v="33 32 24" fn="-0 -1 -0">
            <n d="-0 -1 -0"/>
            <n d="-0 -1 -0"/>
            <n d="-0 -1 -0"/>
        </f>
        <f v="15 33 24" fn="-0 -1 0">
            <n d="-0 -1 -0"/>
            <n d="-0 -1 -0"/>
            <n d="-0 -1 -0"/>
        </f>
        <f v="42 34 33" fn="0 -1 0">
            <n d="-0 -1 -0"/>
            <n d="-0 -1 -0"/>
            <n d="-0 -1 -0"/>
        </f>
        <f v="41 7 34" fn="-0 -1 -0">
            <n d="-0 -1 -0"/>
            <n d="-0 -1 -0"/>
            <n d="-0 -1 -0"/>
        </f>
        <f v="42 41 34" fn="-0 -1 -0">
            <n d="-0 -1 -0"/>
            <n d="-0 -1 -0"/>
            <n d="-0 -1 -0"/>
        </f>
        <f v="15 42 33" fn="-0 -1 -0">
            <n d="-0 -1 -0"/>
            <n d="-0 -1 -0"/>
            <n d="-0 -1 -0"/>
        </f>
        <f v="14 43 42" fn="-0 -1 -0">
            <n d="-0 -1 -0"/>
            <n d="-0 -1 -0"/>
            <n d="-0 -1 -0"/>
        </f>
        <f v="14 2 43" fn="-0 -1 0">
            <n d="-0 -1 -0"/>
            <n d="-0 -1 -0"/>
            <n d="-0 -1 -0"/>
        </f>
        <f v="16 15 24" fn="-0 -1 0">
            <n d="-0 -1 -0"/>
            <n d="-0 -1 -0"/>
            <n d="-0 -1 -0"/>
        </f>
        <f v="15 14 42" fn="-0 -1 0">
            <n d="-0 -1 -0"/>
            <n d="-0 -1 -0"/>
            <n d="-0 -1 -0"/>
        </f>
        <f v="16 23 3" fn="0 -1 -0">
            <n d="-0 -1 -0"/>
            <n d="-0 -1 -0"/>
            <n d="-0 -1 -0"/>
        </f>
    </facets>
</shell>
<shell id="id80">
    <verts>
        <v p="1 0.13 0.7"/>
        <v p="1 0.13 -0.7"/>
        <v p="1 -0.13 0.7"/>
        <v p="1 -0.13 -0.7"/>
        <v p="-1 0.13 -0.7"/>
        <v p="-1 -0.13 -0.7"/>
        <v p="-1 0.13 0.7"/>
        <v p="-1 -0.13 0.7"/>
        <v p="1 0.13 0.35"/>
        <v p="1 0.13 0"/>
        <v p="1 0.13 -0.35"/>
        <v p="1 -0.065 0.7"/>
        <v p="1 0 0.7"/>
        <v p="1 0.065 0.7"/>
        <v p="1 -0.13 0.35"/>
        <v p="1 -0.13 0"/>
        <v p="1 -0.13 -0.35"/>
        <v p="1 -0.065 -0.7"/>
        <v p="1 0 -0.7"/>
        <v p="1 0.065 -0.7"/>
        <v p="0.5 0.13 -0.7"/>
        <v p="0 0.13 -0.7"/>
        <v p="-0.5 0.13 -0.7"/>
        <v p="0.5 -0.13 -0.7"/>
        <v p="0 -0.13 -0.7"/>
        <v p="-0.5 -0.13 -0.7"/>
        <v p="-1 -0.065 -0.7"/>
        <v p="-1 0 -0.7"/>
        <v p="-1 0.065 -0.7"/>
        <v p="-1 0.13 -0.35"/>
        <v p="-1 0.13 0"/>
        <v p="-1 0.13 0.35"/>
        <v p="-1 -0.13 -0.35"/>
        <v p="-1 -0.13 0"/>
        <v p="-1 -0.13 0.35"/>
        <v p="-1 -0.065 0.7"/>
        <v p="-1 0 0.7"/>
        <v p="-1 0.065 0.7"/>
        <v p="-0.5 0.13 0.7"/>
        <v p="0 0.13 0.7"/>
        <v p="0.5 0.13 0.7"/>
        <v p="-0.5 -0.13 0.7"/>
        <v p="0 -0.13 0.7"/>
        <v p="0.5 -0.13 0.7"/>
    </verts>
    <facets color="1e1e1e">
        <f v="18 10 9" fn="1 -0 -0">
            <n d="1 0 1.54886024640786e-016"/>
            <n d="1 0 1.54886024640786e-016"/>
            <n d="1 0 1.54886024640786e-016"/>
        </f>
        <f v="13 8 0" fn="1 -0 -0">
            <n d="1 0 1.54886024640786e-016"/>
            <n d="1 0 1.54886024640786e-016"/>
            <n d="1 0 1.54886024640786e-016"/>
        </f>
        <f v="12 9 8" fn="1 -0 -0">
            <n d="1 0 1.54886024640786e-016"/>
            <n d="1 0 1.54886024640786e-016"/>
            <n d="1 0 1.54886024640786e-016"/>
        </f>
        <f v="12 8 13" fn="1 -0 0">
            <n d="1 0 1.54886024640786e-016"/>
            <n d="1 0 1.54886024640786e-016"/>
            <n d="1 0 1.54886024640786e-016"/>
        </f>
        <f v="15 9 12" fn="1 -0 -0">
            <n d="1 0 1.54886024640786e-016"/>
            <n d="1 0 1.54886024640786e-016"/>
            <n d="1 0 1.54886024640786e-016"/>
        </f>
        <f v="14 12 11" fn="1 0 0">
            <n d="1 0 1.54886024640786e-016"/>
            <n d="1 0 1.54886024640786e-016"/>
            <n d="1 0 1.54886024640786e-016"/>
        </f>
        <f v="14 11 2" fn="1 0 0">
            <n d="1 0 1.54886024640786e-016"/>
            <n d="1 0 1.54886024640786e-016"/>
            <n d="1 0 1.54886024640786e-016"/>
        </f>
        <f v="15 12 14" fn="1 0 0">
            <n d="1 0 1.54886024640786e-016"/>
            <n d="1 0 1.54886024640786e-016"/>
            <n d="1 0 1.54886024640786e-016"/>
        </f>
        <f v="18 9 15" fn="1 -0 -0">
            <n d="1 0 1.54886024640786e-016"/>
            <n d="1 0 1.54886024640786e-016"/>
            <n d="1 0 1.54886024640786e-016"/>
        </f>
        <f v="19 10 18" fn="1 0 -0">
            <n d="1 0 1.54886024640786e-016"/>
            <n d="1 0 1.54886024640786e-016"/>
            <n d="1 0 1.54886024640786e-016"/>
        </f>
        <f v="17 16 3" fn="1 -0 -0">
            <n d="1 0 1.54886024640786e-016"/>
            <n d="1 0 1.54886024640786e-016"/>
            <n d="1 0 1.54886024640786e-016"/>
        </f>
        <f v="18 15 16" fn="1 -0 -0">
            <n d="1 0 1.54886024640786e-016"/>
            <n d="1 0 1.54886024640786e-016"/>
            <n d="1 0 1.54886024640786e-016"/>
        </f>
        <f v="18 16 17" fn="1 0 0">
            <n d="1 0 1.54886024640786e-016"/>
            <n d="1 0 1.54886024640786e-016"/>
            <n d="1 0 1.54886024640786e-016"/>
        </f>
        <f v="19 1 10" fn="1 -0 -0">
            <n d="1 0 1.54886024640786e-016"/>
            <n d="1 0 1.54886024640786e-016"/>
            <n d="1 0 1.54886024640786e-016"/>
        </f>
    </facets>
    <facets color="1e1e1e">
        <f v="27 22 21" fn="-0 -0 -1">
            <n d="1.0842021724855e-016 0 -1"/>
            <n d="1.0842021724855e-016 0 -1"/>
            <n d="1.0842021724855e-016 0 -1"/>
        </f>
        <f v="19 20 1" fn="-0 0 -1">
            <n d="1.0842021724855e-016 0 -1"/>
            <n d="1.0842021724855e-016 0 -1"/>
            <n d="1.0842021724855e-016 0 -1"/>
        </f>
        <f v="19 21 20" fn="0 0 -1">
            <n d="1.0842021724855e-016 0 -1"/>
            <n d="1.0842021724855e-016 0 -1"/>
            <n d="1.0842021724855e-016 0 -1"/>
        </f>
        <f v="18 21 19" fn="0 0 -1">
            <n d="1.0842021724855e-016 0 -1"/>
            <n d="1.0842021724855e-016 0 -1"/>
            <n d="1.0842021724855e-016 0 -1"/>
        </f>
        <f v="24 21 18" fn="-0 -0 -1">
            <n d="1.0842021724855e-016 0 -1"/>
            <n d="1.0842021724855e-016 0 -1"/>
            <n d="1.0842021724855e-016 0 -1"/>
        </f>
        <f v="23 18 17" fn="0 0 -1">
            <n d="1.0842021724855e-016 0 -1"/>
            <n d="1.0842021724855e-016 0 -1"/>
            <n d="1.0842021724855e-016 0 -1"/>
        </f>
        <f v="23 17 3" fn="0 0 -1">
            <n d="1.0842021724855e-016 0 -1"/>
            <n d="1.0842021724855e-016 0 -1"/>
            <n d="1.0842021724855e-016 0 -1"/>
        </f>
        <f v="24 18 23" fn="0 0 -1">
            <n d="1.0842021724855e-016 0 -1"/>
            <n d="1.0842021724855e-016 0 -1"/>
            <n d="1.0842021724855e-016 0 -1"/>
        </f>
        <f v="27 21 24" fn="0 -0 -1">
            <n d="1.0842021724855e-016 0 -1"/>
            <n d="1.0842021724855e-016 0 -1"/>
            <n d="1.0842021724855e-016 0 -1"/>
        </f>
        <f v="28 22 27" fn="0 0 -1">
            <n d="1.0842021724855e-016 0 -1"/>
            <n d="1.0842021724855e-016 0 -1"/>
            <n d="1.0842021724855e-016 0 -1"/>
        </f>
        <f v="26 25 5" fn="-0 -0 -1">
            <n d="1.0842021724855e-016 0 -1"/>
            <n d="1.0842021724855e-016 0 -1"/>
            <n d="1.0842021724855e-016 0 -1"/>
        </f>
        <f v="26 24 25" fn="0 0 -1">
            <n d="1.0842021724855e-016 0 -1"/>
            <n d="1.0842021724855e-016 0 -1"/>
            <n d="1.0842021724855e-016 0 -1"/>
        </f>
        <f v="27 24 26" fn="0 0 -1">
            <n d="1.0842021724855e-016 0 -1"/>
            <n d="1.0842021724855e-016 0 -1"/>
            <n d="1.0842021724855e-016 0 -1"/>
        </f>
        <f v="28 4 22" fn="-0 -0 -1">
            <n d="1.0842021724855e-016 0 -1"/>
            <n d="1.0842021724855e-016 0 -1"/>
            <n d="1.0842021724855e-016 0 -1"/>
        </f>
    </facets>
    <facets color="1e1e1e">
        <f v="36 31 30" fn="-1 -0 -0">
            <n d="-1 0 -1.54886024640786e-016"/>
            <n d="-1 0 -1.54886024640786e-016"/>
            <n d="-1 0 -1.54886024640786e-016"/>
        </f>
        <f v="28 29 4" fn="-1 -0 -0">
            <n d="-1 0 -1.54886024640786e-016"/>
            <n d="-1 0 -1.54886024640786e-016"/>
            <n d="-1 0 -1.54886024640786e-016"/>
        </f>
        <f v="27 30 29" fn="-1 -0 -0">
            <n d="-1 0 -1.54886024640786e-016"/>
            <n d="-1 0 -1.54886024640786e-016"/>
            <n d="-1 0 -1.54886024640786e-016"/>
        </f>
        <f v="27 29 28" fn="-1 0 0">
            <n d="-1 0 -1.54886024640786e-016"/>
            <n d="-1 0 -1.54886024640786e-016"/>
            <n d="-1 0 -1.54886024640786e-016"/>
        </f>
        <f v="33 30 27" fn="-1 0 -0">
            <n d="-1 0 -1.54886024640786e-016"/>
            <n d="-1 0 -1.54886024640786e-016"/>
            <n d="-1 0 -1.54886024640786e-016"/>
        </f>
        <f v="32 27 26" fn="-1 0 0">
            <n d="-1 0 -1.54886024640786e-016"/>
            <n d="-1 0 -1.54886024640786e-016"/>
            <n d="-1 0 -1.54886024640786e-016"/>
        </f>
        <f v="32 26 5" fn="-1 0 0">
            <n d="-1 0 -1.54886024640786e-016"/>
            <n d="-1 0 -1.54886024640786e-016"/>
            <n d="-1 0 -1.54886024640786e-016"/>
        </f>
        <f v="33 27 32" fn="-1 0 0">
            <n d="-1 0 -1.54886024640786e-016"/>
            <n d="-1 0 -1.54886024640786e-016"/>
            <n d="-1 0 -1.54886024640786e-016"/>
        </f>
        <f v="36 30 33" fn="-1 -0 -0">
            <n d="-1 0 -1.54886024640786e-016"/>
            <n d="-1 0 -1.54886024640786e-016"/>
            <n d="-1 0 -1.54886024640786e-016"/>
        </f>
        <f v="37 31 36" fn="-1 -0 -0">
            <n d="-1 0 -1.54886024640786e-016"/>
            <n d="-1 0 -1.54886024640786e-016"/>
            <n d="-1 0 -1.54886024640786e-016"/>
        </f>
        <f v="35 34 7" fn="-1 -0 -0">
            <n d="-1 0 -1.54886024640786e-016"/>
            <n d="-1 0 -1.54886024640786e-016"/>
            <n d="-1 0 -1.54886024640786e-016"/>
        </f>
        <f v="36 33 34" fn="-1 -0 -0">
            <n d="-1 0 -1.54886024640786e-016"/>
            <n d="-1 0 -1.54886024640786e-016"/>
            <n d="-1 0 -1.54886024640786e-016"/>
        </f>
        <f v="36 34 35" fn="-1 -0 0">
            <n d="-1 0 -1.54886024640786e-016"/>
            <n d="-1 0 -1.54886024640786e-016"/>
            <n d="-1 0 -1.54886024640786e-016"/>
        </f>
        <f v="37 6 31" fn="-1 0 -0">
            <n d="-1 0 -1.54886024640786e-016"/>
            <n d="-1 0 -1.54886024640786e-016"/>
            <n d="-1 0 -1.54886024640786e-016"/>
        </f>
    </facets>
    <facets color="1e1e1e">
        <f v="12 40 39" fn="-0 -0 1">
            <n d="-1.0842021724855e-016 0 1"/>
            <n d="-1.0842021724855e-016 0 1"/>
            <n d="-1.0842021724855e-016 0 1"/>
        </f>
        <f v="37 38 6" fn="-0 -0 1">
            <n d="-1.0842021724855e-016 0 1"/>
            <n d="-1.0842021724855e-016 0 1"/>
            <n d="-1.0842021724855e-016 0 1"/>
        </f>
        <f v="37 39 38" fn="0 0 1">
            <n d="-1.0842021724855e-016 0 1"/>
            <n d="-1.0842021724855e-016 0 1"/>
            <n d="-1.0842021724855e-016 0 1"/>
        </f>
        <f v="36 39 37" fn="0 0 1">
            <n d="-1.0842021724855e-016 0 1"/>
            <n d="-1.0842021724855e-016 0 1"/>
            <n d="-1.0842021724855e-016 0 1"/>
        </f>
        <f v="42 39 36" fn="-0 -0 1">
            <n d="-1.0842021724855e-016 0 1"/>
            <n d="-1.0842021724855e-016 0 1"/>
            <n d="-1.0842021724855e-016 0 1"/>
        </f>
        <f v="41 36 35" fn="0 0 1">
            <n d="-1.0842021724855e-016 0 1"/>
            <n d="-1.0842021724855e-016 0 1"/>
            <n d="-1.0842021724855e-016 0 1"/>
        </f>
        <f v="41 35 7" fn="0 0 1">
            <n d="-1.0842021724855e-016 0 1"/>
            <n d="-1.0842021724855e-016 0 1"/>
            <n d="-1.0842021724855e-016 0 1"/>
        </f>
        <f v="42 36 41" fn="0 0 1">
            <n d="-1.0842021724855e-016 0 1"/>
            <n d="-1.0842021724855e-016 0 1"/>
            <n d="-1.0842021724855e-016 0 1"/>
        </f>
        <f v="12 39 42" fn="0 -0 1">
            <n d="-1.0842021724855e-016 0 1"/>
            <n d="-1.0842021724855e-016 0 1"/>
            <n d="-1.0842021724855e-016 0 1"/>
        </f>
        <f v="13 40 12" fn="0 0 1">
            <n d="-1.0842021724855e-016 0 1"/>
            <n d="-1.0842021724855e-016 0 1"/>
            <n d="-1.0842021724855e-016 0 1"/>
        </f>
        <f v="11 43 2" fn="-0 0 1">
            <n d="-1.0842021724855e-016 0 1"/>
            <n d="-1.0842021724855e-016 0 1"/>
            <n d="-1.0842021724855e-016 0 1"/>
        </f>
        <f v="11 42 43" fn="0 0 1">
            <n d="-1.0842021724855e-016 0 1"/>
            <n d="-1.0842021724855e-016 0 1"/>
            <n d="-1.0842021724855e-016 0 1"/>
        </f>
        <f v="12 42 11" fn="0 0 1">
            <n d="-1.0842021724855e-016 0 1"/>
            <n d="-1.0842021724855e-016 0 1"/>
            <n d="-1.0842021724855e-016 0 1"/>
        </f>
        <f v="13 0 40" fn="-0 -0 1">
            <n d="-1.0842021724855e-016 0 1"/>
            <n d="-1.0842021724855e-016 0 1"/>
            <n d="-1.0842021724855e-016 0 1"/>
        </f>
    </facets>
    <facets color="1e1e1e">
        <f v="39 8 9" fn="-0 1 -0">
            <n d="0 1 0"/>
            <n d="0 1 0"/>
            <n d="0 1 0"/>
        </f>
        <f v="20 10 1" fn="-0 1 -0">
            <n d="0 1 0"/>
            <n d="0 1 0"/>
            <n d="0 1 0"/>
        </f>
        <f v="21 9 10" fn="-0 1 -0">
            <n d="0 1 0"/>
            <n d="0 1 0"/>
            <n d="0 1 0"/>
        </f>
        <f v="21 10 20" fn="0 1 0">
            <n d="0 1 0"/>
            <n d="0 1 0"/>
            <n d="0 1 0"/>
        </f>
        <f v="30 9 21" fn="-0 1 -0">
            <n d="0 1 0"/>
            <n d="0 1 0"/>
            <n d="0 1 0"/>
        </f>
        <f v="29 21 22" fn="0 1 0">
            <n d="0 1 0"/>
            <n d="0 1 0"/>
            <n d="0 1 0"/>
        </f>
        <f v="29 22 4" fn="0 1 0">
            <n d="0 1 0"/>
            <n d="0 1 0"/>
            <n d="0 1 0"/>
        </f>
        <f v="30 21 29" fn="0 1 0">
            <n d="0 1 0"/>
            <n d="0 1 0"/>
            <n d="0 1 0"/>
        </f>
        <f v="39 9 30" fn="-0 1 0">
            <n d="0 1 0"/>
            <n d="0 1 0"/>
            <n d="0 1 0"/>
        </f>
        <f v="40 8 39" fn="0 1 0">
            <n d="0 1 0"/>
            <n d="0 1 0"/>
            <n d="0 1 0"/>
        </f>
        <f v="38 31 6" fn="0 1 -0">
            <n d="0 1 0"/>
            <n d="0 1 0"/>
            <n d="0 1 0"/>
        </f>
        <f v="39 30 31" fn="-0 1 -0">
            <n d="0 1 0"/>
            <n d="0 1 0"/>
            <n d="0 1 0"/>
        </f>
        <f v="39 31 38" fn="0 1 0">
            <n d="0 1 0"/>
            <n d="0 1 0"/>
            <n d="0 1 0"/>
        </f>
        <f v="40 0 8" fn="-0 1 -0">
            <n d="0 1 0"/>
            <n d="0 1 0"/>
            <n d="0 1 0"/>
        </f>
    </facets>
    <facets color="a4adb2">
        <f v="16 24 23" fn="0 -1 0">
            <n d="-0 -1 -0"/>
            <n d="-0 -1 -0"/>
            <n d="-0 -1 -0"/>
        </f>
        <f v="32 5 25" fn="0 -1 0">
            <n d="-0 -1 -0"/>
            <n d="-0 -1 -0"/>
            <n d="-0 -1 -0"/>
        </f>
        <f v="32 25 24" fn="-0 -1 -0">
            <n d="-0 -1 -0"/>
            <n d="-0 -1 -0"/>
            <n d="-0 -1 -0"/>
        </f>
        <f v="33 32 24" fn="-0 -1 -0">
            <n d="-0 -1 -0"/>
            <n d="-0 -1 -0"/>
            <n d="-0 -1 -0"/>
        </f>
        <f v="42 33 24" fn="0 -1 -0">
            <n d="-0 -1 -0"/>
            <n d="-0 -1 -0"/>
            <n d="-0 -1 -0"/>
        </f>
        <f v="42 34 33" fn="0 -1 0">
            <n d="-0 -1 -0"/>
            <n d="-0 -1 -0"/>
            <n d="-0 -1 -0"/>
        </f>
        <f v="41 7 34" fn="-0 -1 -0">
            <n d="-0 -1 -0"/>
            <n d="-0 -1 -0"/>
            <n d="-0 -1 -0"/>
        </f>
        <f v="42 41 34" fn="-0 -1 -0">
            <n d="-0 -1 -0"/>
            <n d="-0 -1 -0"/>
            <n d="-0 -1 -0"/>
        </f>
        <f v="15 42 24" fn="-0 -1 0">
            <n d="-0 -1 -0"/>
            <n d="-0 -1 -0"/>
            <n d="-0 -1 -0"/>
        </f>
        <f v="14 43 42" fn="-0 -1 -0">
            <n d="-0 -1 -0"/>
            <n d="-0 -1 -0"/>
            <n d="-0 -1 -0"/>
        </f>
        <f v="14 2 43" fn="-0 -1 0">
            <n d="-0 -1 -0"/>
            <n d="-0 -1 -0"/>
            <n d="-0 -1 -0"/>
        </f>
        <f v="16 15 24" fn="-0 -1 0">
            <n d="-0 -1 -0"/>
            <n d="-0 -1 -0"/>
            <n d="-0 -1 -0"/>
        </f>
        <f v="15 14 42" fn="-0 -1 0">
            <n d="-0 -1 -0"/>
            <n d="-0 -1 -0"/>
            <n d="-0 -1 -0"/>
        </f>
        <f v="16 23 3" fn="0 -1 -0">
            <n d="-0 -1 -0"/>
            <n d="-0 -1 -0"/>
            <n d="-0 -1 -0"/>
        </f>
    </facets>
</shell>
</step-assembly>
