<?xml version="1.0" encoding="UTF-8" ?>
<step-assembly root="id458">
<product id="id458" name="1.0x0.5x0.5x0" shape="id312" children="id459 id460 id460"/>
<product id="id459" name="Body_1.0x0.5x0.5x0.25" shape="id311"/>
<product id="id460" name="Contact_0.5x0.5x0.25" shape="id313"/>
<shape id="id312" unit="mm 0.001000">
    <child ref="id311" xform="1 0 0 0 0 1 0 0 0 0 1 0 0 0 0 1"/>
    <child ref="id313" xform="5.55112e-017 -1 -1.99493e-017 0 1 5.55112e-017 2.41994e-016 0 -2.41994e-016 -1.99493e-017 1 0 0.375 5.42101e-017 -1.0842e-016 1"/>
    <child ref="id313" xform="1.17549e-032 1 -1.0842e-016 0 -1 1.20424e-046 -1.0842e-016 0 -1.0842e-016 1.0842e-016 1 0 -0.375 0 -1.0842e-016 1"/>
</shape>
<shape id="id311" unit="mm 0.001000">
    <child ref="id32" xform="1 0 0 0 0 1 0 0 0 0 1 0 0 0 0 1"/>
</shape>
<shape id="id32" unit="mm 0.001000" shell="id306"/>
<shape id="id313" unit="mm 0.001000">
    <child ref="id33" xform="1 0 0 0 0 1 0 0 0 0 1 0 0 0 0 1"/>
</shape>
<shape id="id33" unit="mm 0.001000" shell="id307"/>
<shell id="id306">
    <verts>
        <v p="0.25 -0.25 0.25"/>
        <v p="0.25 -0.25 -0.25"/>
        <v p="-0.25 -0.25 0.25"/>
        <v p="-0.25 -0.25 -0.25"/>
        <v p="0.25 0.25 0.25"/>
        <v p="0.25 0.25 -0.25"/>
        <v p="-0.25 0.25 -0.25"/>
        <v p="-0.25 0.25 0.25"/>
        <v p="0.25 -0.25 0.125"/>
        <v p="0.25 -0.25 0"/>
        <v p="0.25 -0.25 -0.125"/>
        <v p="-0.125 -0.25 0.25"/>
        <v p="0 -0.25 0.25"/>
        <v p="0.125 -0.25 0.25"/>
        <v p="-0.25 -0.25 -0.125"/>
        <v p="-0.25 -0.25 0"/>
        <v p="-0.25 -0.25 0.125"/>
        <v p="0.125 -0.25 -0.25"/>
        <v p="0 -0.25 -0.25"/>
        <v p="-0.125 -0.25 -0.25"/>
        <v p="0.25 0.25 0.125"/>
        <v p="0.25 0.25 0"/>
        <v p="0.25 0.25 -0.125"/>
        <v p="0.125 0.25 -0.25"/>
        <v p="0 0.25 -0.25"/>
        <v p="-0.125 0.25 -0.25"/>
        <v p="-0.25 0.25 -0.125"/>
        <v p="-0.25 0.25 0"/>
        <v p="-0.25 0.25 0.125"/>
        <v p="-0.125 0.25 0.25"/>
        <v p="0 0.25 0.25"/>
        <v p="0.125 0.25 0.25"/>
        <v p="-0.25 -0.125 0.25"/>
        <v p="-0.25 0 0.25"/>
        <v p="-0.25 0.125 0.25"/>
        <v p="0.25 -0.125 0.25"/>
        <v p="0.25 0 0.25"/>
        <v p="0.25 0.125 0.25"/>
        <v p="-0.25 -0.125 -0.25"/>
        <v p="-0.25 0 -0.25"/>
        <v p="-0.25 0.125 -0.25"/>
        <v p="0.25 -0.125 -0.25"/>
        <v p="0.25 0 -0.25"/>
        <v p="0.25 0.125 -0.25"/>
    </verts>
    <facets color="90a0a0">
        <f v="9 18 17" fn="0 -1 0">
            <n d="-0 -1 -0"/>
            <n d="-0 -1 -0"/>
            <n d="-0 -1 -0"/>
        </f>
        <f v="14 3 19" fn="0 -1 0">
            <n d="-0 -1 -0"/>
            <n d="-0 -1 -0"/>
            <n d="-0 -1 -0"/>
        </f>
        <f v="14 19 18" fn="-0 -1 -0">
            <n d="-0 -1 -0"/>
            <n d="-0 -1 -0"/>
            <n d="-0 -1 -0"/>
        </f>
        <f v="15 14 18" fn="-0 -1 -0">
            <n d="-0 -1 -0"/>
            <n d="-0 -1 -0"/>
            <n d="-0 -1 -0"/>
        </f>
        <f v="12 15 18" fn="0 -1 -0">
            <n d="-0 -1 -0"/>
            <n d="-0 -1 -0"/>
            <n d="-0 -1 -0"/>
        </f>
        <f v="11 16 15" fn="-0 -1 -0">
            <n d="-0 -1 -0"/>
            <n d="-0 -1 -0"/>
            <n d="-0 -1 -0"/>
        </f>
        <f v="11 2 16" fn="-0 -1 -0">
            <n d="-0 -1 -0"/>
            <n d="-0 -1 -0"/>
            <n d="-0 -1 -0"/>
        </f>
        <f v="12 11 15" fn="-0 -1 -0">
            <n d="-0 -1 -0"/>
            <n d="-0 -1 -0"/>
            <n d="-0 -1 -0"/>
        </f>
        <f v="9 12 18" fn="-0 -1 0">
            <n d="-0 -1 -0"/>
            <n d="-0 -1 -0"/>
            <n d="-0 -1 -0"/>
        </f>
        <f v="8 13 12" fn="-0 -1 -0">
            <n d="-0 -1 -0"/>
            <n d="-0 -1 -0"/>
            <n d="-0 -1 -0"/>
        </f>
        <f v="8 0 13" fn="-0 -1 0">
            <n d="-0 -1 -0"/>
            <n d="-0 -1 -0"/>
            <n d="-0 -1 -0"/>
        </f>
        <f v="10 9 17" fn="-0 -1 0">
            <n d="-0 -1 -0"/>
            <n d="-0 -1 -0"/>
            <n d="-0 -1 -0"/>
        </f>
        <f v="9 8 12" fn="-0 -1 0">
            <n d="-0 -1 -0"/>
            <n d="-0 -1 -0"/>
            <n d="-0 -1 -0"/>
        </f>
        <f v="10 17 1" fn="0 -1 -0">
            <n d="-0 -1 -0"/>
            <n d="-0 -1 -0"/>
            <n d="-0 -1 -0"/>
        </f>
    </facets>
    <facets color="90a0a0">
        <f v="30 20 21" fn="-0 1 -0">
            <n d="0 1 0"/>
            <n d="0 1 0"/>
            <n d="0 1 0"/>
        </f>
        <f v="23 22 5" fn="-0 1 -0">
            <n d="0 1 0"/>
            <n d="0 1 0"/>
            <n d="0 1 0"/>
        </f>
        <f v="23 21 22" fn="0 1 0">
            <n d="0 1 0"/>
            <n d="0 1 0"/>
            <n d="0 1 0"/>
        </f>
        <f v="24 21 23" fn="0 1 0">
            <n d="0 1 0"/>
            <n d="0 1 0"/>
            <n d="0 1 0"/>
        </f>
        <f v="27 21 24" fn="-0 1 -0">
            <n d="0 1 0"/>
            <n d="0 1 0"/>
            <n d="0 1 0"/>
        </f>
        <f v="26 24 25" fn="0 1 0">
            <n d="0 1 0"/>
            <n d="0 1 0"/>
            <n d="0 1 0"/>
        </f>
        <f v="26 25 6" fn="0 1 0">
            <n d="0 1 0"/>
            <n d="0 1 0"/>
            <n d="0 1 0"/>
        </f>
        <f v="27 24 26" fn="0 1 0">
            <n d="0 1 0"/>
            <n d="0 1 0"/>
            <n d="0 1 0"/>
        </f>
        <f v="30 21 27" fn="-0 1 0">
            <n d="0 1 0"/>
            <n d="0 1 0"/>
            <n d="0 1 0"/>
        </f>
        <f v="31 20 30" fn="0 1 0">
            <n d="0 1 0"/>
            <n d="0 1 0"/>
            <n d="0 1 0"/>
        </f>
        <f v="29 28 7" fn="0 1 -0">
            <n d="0 1 0"/>
            <n d="0 1 0"/>
            <n d="0 1 0"/>
        </f>
        <f v="29 27 28" fn="0 1 0">
            <n d="0 1 0"/>
            <n d="0 1 0"/>
            <n d="0 1 0"/>
        </f>
        <f v="30 27 29" fn="0 1 0">
            <n d="0 1 0"/>
            <n d="0 1 0"/>
            <n d="0 1 0"/>
        </f>
        <f v="31 4 20" fn="-0 1 -0">
            <n d="0 1 0"/>
            <n d="0 1 0"/>
            <n d="0 1 0"/>
        </f>
    </facets>
    <facets color="90a0a0">
        <f v="36 31 30" fn="-0 -0 1">
            <n d="-1.0842021724855e-016 0 1"/>
            <n d="-1.0842021724855e-016 0 1"/>
            <n d="-1.0842021724855e-016 0 1"/>
        </f>
        <f v="34 29 7" fn="-0 -0 1">
            <n d="-1.0842021724855e-016 0 1"/>
            <n d="-1.0842021724855e-016 0 1"/>
            <n d="-1.0842021724855e-016 0 1"/>
        </f>
        <f v="34 30 29" fn="0 0 1">
            <n d="-1.0842021724855e-016 0 1"/>
            <n d="-1.0842021724855e-016 0 1"/>
            <n d="-1.0842021724855e-016 0 1"/>
        </f>
        <f v="33 30 34" fn="0 0 1">
            <n d="-1.0842021724855e-016 0 1"/>
            <n d="-1.0842021724855e-016 0 1"/>
            <n d="-1.0842021724855e-016 0 1"/>
        </f>
        <f v="12 30 33" fn="-0 -0 1">
            <n d="-1.0842021724855e-016 0 1"/>
            <n d="-1.0842021724855e-016 0 1"/>
            <n d="-1.0842021724855e-016 0 1"/>
        </f>
        <f v="11 33 32" fn="0 0 1">
            <n d="-1.0842021724855e-016 0 1"/>
            <n d="-1.0842021724855e-016 0 1"/>
            <n d="-1.0842021724855e-016 0 1"/>
        </f>
        <f v="11 32 2" fn="0 0 1">
            <n d="-1.0842021724855e-016 0 1"/>
            <n d="-1.0842021724855e-016 0 1"/>
            <n d="-1.0842021724855e-016 0 1"/>
        </f>
        <f v="12 33 11" fn="0 0 1">
            <n d="-1.0842021724855e-016 0 1"/>
            <n d="-1.0842021724855e-016 0 1"/>
            <n d="-1.0842021724855e-016 0 1"/>
        </f>
        <f v="36 30 12" fn="0 -0 1">
            <n d="-1.0842021724855e-016 0 1"/>
            <n d="-1.0842021724855e-016 0 1"/>
            <n d="-1.0842021724855e-016 0 1"/>
        </f>
        <f v="37 31 36" fn="0 0 1">
            <n d="-1.0842021724855e-016 0 1"/>
            <n d="-1.0842021724855e-016 0 1"/>
            <n d="-1.0842021724855e-016 0 1"/>
        </f>
        <f v="35 13 0" fn="-0 0 1">
            <n d="-1.0842021724855e-016 0 1"/>
            <n d="-1.0842021724855e-016 0 1"/>
            <n d="-1.0842021724855e-016 0 1"/>
        </f>
        <f v="35 12 13" fn="0 0 1">
            <n d="-1.0842021724855e-016 0 1"/>
            <n d="-1.0842021724855e-016 0 1"/>
            <n d="-1.0842021724855e-016 0 1"/>
        </f>
        <f v="36 12 35" fn="0 0 1">
            <n d="-1.0842021724855e-016 0 1"/>
            <n d="-1.0842021724855e-016 0 1"/>
            <n d="-1.0842021724855e-016 0 1"/>
        </f>
        <f v="37 4 31" fn="-0 -0 1">
            <n d="-1.0842021724855e-016 0 1"/>
            <n d="-1.0842021724855e-016 0 1"/>
            <n d="-1.0842021724855e-016 0 1"/>
        </f>
    </facets>
    <facets color="101010">
        <f v="33 28 27" fn="-1 -0 -0">
            <n d="-1 0 -1.0842021724855e-016"/>
            <n d="-1 0 -1.0842021724855e-016"/>
            <n d="-1 0 -1.0842021724855e-016"/>
        </f>
        <f v="40 26 6" fn="-1 -0 -0">
            <n d="-1 0 -1.0842021724855e-016"/>
            <n d="-1 0 -1.0842021724855e-016"/>
            <n d="-1 0 -1.0842021724855e-016"/>
        </f>
        <f v="40 27 26" fn="-1 0 0">
            <n d="-1 0 -1.0842021724855e-016"/>
            <n d="-1 0 -1.0842021724855e-016"/>
            <n d="-1 0 -1.0842021724855e-016"/>
        </f>
        <f v="39 27 40" fn="-1 0 0">
            <n d="-1 0 -1.0842021724855e-016"/>
            <n d="-1 0 -1.0842021724855e-016"/>
            <n d="-1 0 -1.0842021724855e-016"/>
        </f>
        <f v="15 27 39" fn="-1 0 -0">
            <n d="-1 0 -1.0842021724855e-016"/>
            <n d="-1 0 -1.0842021724855e-016"/>
            <n d="-1 0 -1.0842021724855e-016"/>
        </f>
        <f v="14 39 38" fn="-1 0 0">
            <n d="-1 0 -1.0842021724855e-016"/>
            <n d="-1 0 -1.0842021724855e-016"/>
            <n d="-1 0 -1.0842021724855e-016"/>
        </f>
        <f v="14 38 3" fn="-1 0 0">
            <n d="-1 0 -1.0842021724855e-016"/>
            <n d="-1 0 -1.0842021724855e-016"/>
            <n d="-1 0 -1.0842021724855e-016"/>
        </f>
        <f v="15 39 14" fn="-1 0 0">
            <n d="-1 0 -1.0842021724855e-016"/>
            <n d="-1 0 -1.0842021724855e-016"/>
            <n d="-1 0 -1.0842021724855e-016"/>
        </f>
        <f v="33 27 15" fn="-1 -0 -0">
            <n d="-1 0 -1.0842021724855e-016"/>
            <n d="-1 0 -1.0842021724855e-016"/>
            <n d="-1 0 -1.0842021724855e-016"/>
        </f>
        <f v="34 28 33" fn="-1 -0 -0">
            <n d="-1 0 -1.0842021724855e-016"/>
            <n d="-1 0 -1.0842021724855e-016"/>
            <n d="-1 0 -1.0842021724855e-016"/>
        </f>
        <f v="32 16 2" fn="-1 -0 -0">
            <n d="-1 0 -1.0842021724855e-016"/>
            <n d="-1 0 -1.0842021724855e-016"/>
            <n d="-1 0 -1.0842021724855e-016"/>
        </f>
        <f v="32 15 16" fn="-1 0 0">
            <n d="-1 0 -1.0842021724855e-016"/>
            <n d="-1 0 -1.0842021724855e-016"/>
            <n d="-1 0 -1.0842021724855e-016"/>
        </f>
        <f v="33 15 32" fn="-1 -0 0">
            <n d="-1 0 -1.0842021724855e-016"/>
            <n d="-1 0 -1.0842021724855e-016"/>
            <n d="-1 0 -1.0842021724855e-016"/>
        </f>
        <f v="34 7 28" fn="-1 0 -0">
            <n d="-1 0 -1.0842021724855e-016"/>
            <n d="-1 0 -1.0842021724855e-016"/>
            <n d="-1 0 -1.0842021724855e-016"/>
        </f>
    </facets>
    <facets color="90a0a0">
        <f v="39 25 24" fn="-0 -0 -1">
            <n d="1.0842021724855e-016 0 -1"/>
            <n d="1.0842021724855e-016 0 -1"/>
            <n d="1.0842021724855e-016 0 -1"/>
        </f>
        <f v="43 23 5" fn="-0 0 -1">
            <n d="1.0842021724855e-016 0 -1"/>
            <n d="1.0842021724855e-016 0 -1"/>
            <n d="1.0842021724855e-016 0 -1"/>
        </f>
        <f v="43 24 23" fn="0 0 -1">
            <n d="1.0842021724855e-016 0 -1"/>
            <n d="1.0842021724855e-016 0 -1"/>
            <n d="1.0842021724855e-016 0 -1"/>
        </f>
        <f v="42 24 43" fn="0 0 -1">
            <n d="1.0842021724855e-016 0 -1"/>
            <n d="1.0842021724855e-016 0 -1"/>
            <n d="1.0842021724855e-016 0 -1"/>
        </f>
        <f v="18 24 42" fn="-0 -0 -1">
            <n d="1.0842021724855e-016 0 -1"/>
            <n d="1.0842021724855e-016 0 -1"/>
            <n d="1.0842021724855e-016 0 -1"/>
        </f>
        <f v="17 42 41" fn="0 0 -1">
            <n d="1.0842021724855e-016 0 -1"/>
            <n d="1.0842021724855e-016 0 -1"/>
            <n d="1.0842021724855e-016 0 -1"/>
        </f>
        <f v="17 41 1" fn="0 0 -1">
            <n d="1.0842021724855e-016 0 -1"/>
            <n d="1.0842021724855e-016 0 -1"/>
            <n d="1.0842021724855e-016 0 -1"/>
        </f>
        <f v="18 42 17" fn="0 0 -1">
            <n d="1.0842021724855e-016 0 -1"/>
            <n d="1.0842021724855e-016 0 -1"/>
            <n d="1.0842021724855e-016 0 -1"/>
        </f>
        <f v="39 24 18" fn="0 -0 -1">
            <n d="1.0842021724855e-016 0 -1"/>
            <n d="1.0842021724855e-016 0 -1"/>
            <n d="1.0842021724855e-016 0 -1"/>
        </f>
        <f v="40 25 39" fn="0 0 -1">
            <n d="1.0842021724855e-016 0 -1"/>
            <n d="1.0842021724855e-016 0 -1"/>
            <n d="1.0842021724855e-016 0 -1"/>
        </f>
        <f v="38 19 3" fn="-0 -0 -1">
            <n d="1.0842021724855e-016 0 -1"/>
            <n d="1.0842021724855e-016 0 -1"/>
            <n d="1.0842021724855e-016 0 -1"/>
        </f>
        <f v="38 18 19" fn="0 0 -1">
            <n d="1.0842021724855e-016 0 -1"/>
            <n d="1.0842021724855e-016 0 -1"/>
            <n d="1.0842021724855e-016 0 -1"/>
        </f>
        <f v="39 18 38" fn="0 0 -1">
            <n d="1.0842021724855e-016 0 -1"/>
            <n d="1.0842021724855e-016 0 -1"/>
            <n d="1.0842021724855e-016 0 -1"/>
        </f>
        <f v="40 6 25" fn="-0 -0 -1">
            <n d="1.0842021724855e-016 0 -1"/>
            <n d="1.0842021724855e-016 0 -1"/>
            <n d="1.0842021724855e-016 0 -1"/>
        </f>
    </facets>
    <facets color="101010">
        <f v="42 22 21" fn="1 -0 -0">
            <n d="1 0 3.25260651745651e-016"/>
            <n d="1 0 3.25260651745651e-016"/>
            <n d="1 0 3.25260651745651e-016"/>
        </f>
        <f v="37 20 4" fn="1 -0 -0">
            <n d="1 0 3.25260651745651e-016"/>
            <n d="1 0 3.25260651745651e-016"/>
            <n d="1 0 3.25260651745651e-016"/>
        </f>
        <f v="37 21 20" fn="1 0 0">
            <n d="1 0 3.25260651745651e-016"/>
            <n d="1 0 3.25260651745651e-016"/>
            <n d="1 0 3.25260651745651e-016"/>
        </f>
        <f v="36 21 37" fn="1 -0 0">
            <n d="1 0 3.25260651745651e-016"/>
            <n d="1 0 3.25260651745651e-016"/>
            <n d="1 0 3.25260651745651e-016"/>
        </f>
        <f v="9 21 36" fn="1 -0 -0">
            <n d="1 0 3.25260651745651e-016"/>
            <n d="1 0 3.25260651745651e-016"/>
            <n d="1 0 3.25260651745651e-016"/>
        </f>
        <f v="8 36 35" fn="1 0 0">
            <n d="1 0 3.25260651745651e-016"/>
            <n d="1 0 3.25260651745651e-016"/>
            <n d="1 0 3.25260651745651e-016"/>
        </f>
        <f v="8 35 0" fn="1 0 0">
            <n d="1 0 3.25260651745651e-016"/>
            <n d="1 0 3.25260651745651e-016"/>
            <n d="1 0 3.25260651745651e-016"/>
        </f>
        <f v="9 36 8" fn="1 0 0">
            <n d="1 0 3.25260651745651e-016"/>
            <n d="1 0 3.25260651745651e-016"/>
            <n d="1 0 3.25260651745651e-016"/>
        </f>
        <f v="42 21 9" fn="1 -0 -0">
            <n d="1 0 3.25260651745651e-016"/>
            <n d="1 0 3.25260651745651e-016"/>
            <n d="1 0 3.25260651745651e-016"/>
        </f>
        <f v="43 22 42" fn="1 0 -0">
            <n d="1 0 3.25260651745651e-016"/>
            <n d="1 0 3.25260651745651e-016"/>
            <n d="1 0 3.25260651745651e-016"/>
        </f>
        <f v="41 10 1" fn="1 -0 -0">
            <n d="1 0 3.25260651745651e-016"/>
            <n d="1 0 3.25260651745651e-016"/>
            <n d="1 0 3.25260651745651e-016"/>
        </f>
        <f v="41 9 10" fn="1 0 0">
            <n d="1 0 3.25260651745651e-016"/>
            <n d="1 0 3.25260651745651e-016"/>
            <n d="1 0 3.25260651745651e-016"/>
        </f>
        <f v="42 9 41" fn="1 0 0">
            <n d="1 0 3.25260651745651e-016"/>
            <n d="1 0 3.25260651745651e-016"/>
            <n d="1 0 3.25260651745651e-016"/>
        </f>
        <f v="43 5 22" fn="1 -0 -0">
            <n d="1 0 3.25260651745651e-016"/>
            <n d="1 0 3.25260651745651e-016"/>
            <n d="1 0 3.25260651745651e-016"/>
        </f>
    </facets>
</shell>
<shell id="id307">
    <verts>
        <v p="0.25 -0.125 0.25"/>
        <v p="0.25 -0.125 -0.25"/>
        <v p="-0.25 -0.125 0.25"/>
        <v p="-0.25 -0.125 -0.25"/>
        <v p="0.25 0.125 0.25"/>
        <v p="0.25 0.125 -0.25"/>
        <v p="-0.25 0.125 -0.25"/>
        <v p="-0.25 0.125 0.25"/>
        <v p="0.25 -0.125 0.125"/>
        <v p="0.25 -0.125 0"/>
        <v p="0.25 -0.125 -0.125"/>
        <v p="-0.125 -0.125 0.25"/>
        <v p="0 -0.125 0.25"/>
        <v p="0.125 -0.125 0.25"/>
        <v p="-0.25 -0.125 -0.125"/>
        <v p="-0.25 -0.125 0"/>
        <v p="-0.25 -0.125 0.125"/>
        <v p="0.125 -0.125 -0.25"/>
        <v p="0 -0.125 -0.25"/>
        <v p="-0.125 -0.125 -0.25"/>
        <v p="0.25 0.125 0.125"/>
        <v p="0.25 0.125 0"/>
        <v p="0.25 0.125 -0.125"/>
        <v p="0.125 0.125 -0.25"/>
        <v p="0 0.125 -0.25"/>
        <v p="-0.125 0.125 -0.25"/>
        <v p="-0.25 0.125 -0.125"/>
        <v p="-0.25 0.125 0"/>
        <v p="-0.25 0.125 0.125"/>
        <v p="-0.125 0.125 0.25"/>
        <v p="0 0.125 0.25"/>
        <v p="0.125 0.125 0.25"/>
        <v p="-0.25 -0.0625 0.25"/>
        <v p="-0.25 0 0.25"/>
        <v p="-0.25 0.0625 0.25"/>
        <v p="0.25 -0.0625 0.25"/>
        <v p="0.25 0 0.25"/>
        <v p="0.25 0.0625 0.25"/>
        <v p="-0.25 -0.0625 -0.25"/>
        <v p="-0.25 0 -0.25"/>
        <v p="-0.25 0.0625 -0.25"/>
        <v p="0.25 -0.0625 -0.25"/>
        <v p="0.25 0 -0.25"/>
        <v p="0.25 0.0625 -0.25"/>
    </verts>
    <facets color="90a0a0">
        <f v="9 18 17" fn="0 -1 0">
            <n d="-0 -1 -0"/>
            <n d="-0 -1 -0"/>
            <n d="-0 -1 -0"/>
        </f>
        <f v="14 3 19" fn="0 -1 0">
            <n d="-0 -1 -0"/>
            <n d="-0 -1 -0"/>
            <n d="-0 -1 -0"/>
        </f>
        <f v="14 19 18" fn="-0 -1 -0">
            <n d="-0 -1 -0"/>
            <n d="-0 -1 -0"/>
            <n d="-0 -1 -0"/>
        </f>
        <f v="15 14 18" fn="-0 -1 -0">
            <n d="-0 -1 -0"/>
            <n d="-0 -1 -0"/>
            <n d="-0 -1 -0"/>
        </f>
        <f v="12 15 18" fn="0 -1 -0">
            <n d="-0 -1 -0"/>
            <n d="-0 -1 -0"/>
            <n d="-0 -1 -0"/>
        </f>
        <f v="11 16 15" fn="-0 -1 -0">
            <n d="-0 -1 -0"/>
            <n d="-0 -1 -0"/>
            <n d="-0 -1 -0"/>
        </f>
        <f v="11 2 16" fn="-0 -1 -0">
            <n d="-0 -1 -0"/>
            <n d="-0 -1 -0"/>
            <n d="-0 -1 -0"/>
        </f>
        <f v="12 11 15" fn="-0 -1 -0">
            <n d="-0 -1 -0"/>
            <n d="-0 -1 -0"/>
            <n d="-0 -1 -0"/>
        </f>
        <f v="9 12 18" fn="-0 -1 0">
            <n d="-0 -1 -0"/>
            <n d="-0 -1 -0"/>
            <n d="-0 -1 -0"/>
        </f>
        <f v="8 13 12" fn="-0 -1 -0">
            <n d="-0 -1 -0"/>
            <n d="-0 -1 -0"/>
            <n d="-0 -1 -0"/>
        </f>
        <f v="8 0 13" fn="-0 -1 0">
            <n d="-0 -1 -0"/>
            <n d="-0 -1 -0"/>
            <n d="-0 -1 -0"/>
        </f>
        <f v="10 9 17" fn="-0 -1 0">
            <n d="-0 -1 -0"/>
            <n d="-0 -1 -0"/>
            <n d="-0 -1 -0"/>
        </f>
        <f v="9 8 12" fn="-0 -1 0">
            <n d="-0 -1 -0"/>
            <n d="-0 -1 -0"/>
            <n d="-0 -1 -0"/>
        </f>
        <f v="10 17 1" fn="0 -1 -0">
            <n d="-0 -1 -0"/>
            <n d="-0 -1 -0"/>
            <n d="-0 -1 -0"/>
        </f>
    </facets>
    <facets color="101010">
        <f v="30 20 21" fn="-0 1 -0">
            <n d="0 1 0"/>
            <n d="0 1 0"/>
            <n d="0 1 0"/>
        </f>
        <f v="23 22 5" fn="-0 1 -0">
            <n d="0 1 0"/>
            <n d="0 1 0"/>
            <n d="0 1 0"/>
        </f>
        <f v="23 21 22" fn="0 1 0">
            <n d="0 1 0"/>
            <n d="0 1 0"/>
            <n d="0 1 0"/>
        </f>
        <f v="24 21 23" fn="0 1 0">
            <n d="0 1 0"/>
            <n d="0 1 0"/>
            <n d="0 1 0"/>
        </f>
        <f v="27 21 24" fn="-0 1 -0">
            <n d="0 1 0"/>
            <n d="0 1 0"/>
            <n d="0 1 0"/>
        </f>
        <f v="26 24 25" fn="0 1 0">
            <n d="0 1 0"/>
            <n d="0 1 0"/>
            <n d="0 1 0"/>
        </f>
        <f v="26 25 6" fn="0 1 0">
            <n d="0 1 0"/>
            <n d="0 1 0"/>
            <n d="0 1 0"/>
        </f>
        <f v="27 24 26" fn="0 1 0">
            <n d="0 1 0"/>
            <n d="0 1 0"/>
            <n d="0 1 0"/>
        </f>
        <f v="30 21 27" fn="-0 1 0">
            <n d="0 1 0"/>
            <n d="0 1 0"/>
            <n d="0 1 0"/>
        </f>
        <f v="31 20 30" fn="0 1 0">
            <n d="0 1 0"/>
            <n d="0 1 0"/>
            <n d="0 1 0"/>
        </f>
        <f v="29 28 7" fn="0 1 -0">
            <n d="0 1 0"/>
            <n d="0 1 0"/>
            <n d="0 1 0"/>
        </f>
        <f v="29 27 28" fn="0 1 0">
            <n d="0 1 0"/>
            <n d="0 1 0"/>
            <n d="0 1 0"/>
        </f>
        <f v="30 27 29" fn="0 1 0">
            <n d="0 1 0"/>
            <n d="0 1 0"/>
            <n d="0 1 0"/>
        </f>
        <f v="31 4 20" fn="-0 1 -0">
            <n d="0 1 0"/>
            <n d="0 1 0"/>
            <n d="0 1 0"/>
        </f>
    </facets>
    <facets color="101010">
        <f v="36 31 30" fn="-0 -0 1">
            <n d="-3.25260651745651e-016 0 1"/>
            <n d="-3.25260651745651e-016 0 1"/>
            <n d="-3.25260651745651e-016 0 1"/>
        </f>
        <f v="34 29 7" fn="-0 -0 1">
            <n d="-3.25260651745651e-016 0 1"/>
            <n d="-3.25260651745651e-016 0 1"/>
            <n d="-3.25260651745651e-016 0 1"/>
        </f>
        <f v="34 30 29" fn="0 0 1">
            <n d="-3.25260651745651e-016 0 1"/>
            <n d="-3.25260651745651e-016 0 1"/>
            <n d="-3.25260651745651e-016 0 1"/>
        </f>
        <f v="33 30 34" fn="0 0 1">
            <n d="-3.25260651745651e-016 0 1"/>
            <n d="-3.25260651745651e-016 0 1"/>
            <n d="-3.25260651745651e-016 0 1"/>
        </f>
        <f v="12 30 33" fn="-0 -0 1">
            <n d="-3.25260651745651e-016 0 1"/>
            <n d="-3.25260651745651e-016 0 1"/>
            <n d="-3.25260651745651e-016 0 1"/>
        </f>
        <f v="11 33 32" fn="0 0 1">
            <n d="-3.25260651745651e-016 0 1"/>
            <n d="-3.25260651745651e-016 0 1"/>
            <n d="-3.25260651745651e-016 0 1"/>
        </f>
        <f v="11 32 2" fn="0 0 1">
            <n d="-3.25260651745651e-016 0 1"/>
            <n d="-3.25260651745651e-016 0 1"/>
            <n d="-3.25260651745651e-016 0 1"/>
        </f>
        <f v="12 33 11" fn="0 0 1">
            <n d="-3.25260651745651e-016 0 1"/>
            <n d="-3.25260651745651e-016 0 1"/>
            <n d="-3.25260651745651e-016 0 1"/>
        </f>
        <f v="36 30 12" fn="0 -0 1">
            <n d="-3.25260651745651e-016 0 1"/>
            <n d="-3.25260651745651e-016 0 1"/>
            <n d="-3.25260651745651e-016 0 1"/>
        </f>
        <f v="37 31 36" fn="0 0 1">
            <n d="-3.25260651745651e-016 0 1"/>
            <n d="-3.25260651745651e-016 0 1"/>
            <n d="-3.25260651745651e-016 0 1"/>
        </f>
        <f v="35 13 0" fn="-0 0 1">
            <n d="-3.25260651745651e-016 0 1"/>
            <n d="-3.25260651745651e-016 0 1"/>
            <n d="-3.25260651745651e-016 0 1"/>
        </f>
        <f v="35 12 13" fn="0 0 1">
            <n d="-3.25260651745651e-016 0 1"/>
            <n d="-3.25260651745651e-016 0 1"/>
            <n d="-3.25260651745651e-016 0 1"/>
        </f>
        <f v="36 12 35" fn="0 0 1">
            <n d="-3.25260651745651e-016 0 1"/>
            <n d="-3.25260651745651e-016 0 1"/>
            <n d="-3.25260651745651e-016 0 1"/>
        </f>
        <f v="37 4 31" fn="-0 -0 1">
            <n d="-3.25260651745651e-016 0 1"/>
            <n d="-3.25260651745651e-016 0 1"/>
            <n d="-3.25260651745651e-016 0 1"/>
        </f>
    </facets>
    <facets color="101010">
        <f v="33 28 27" fn="-1 -0 -0">
            <n d="-1 0 -1.0842021724855e-016"/>
            <n d="-1 0 -1.0842021724855e-016"/>
            <n d="-1 0 -1.0842021724855e-016"/>
        </f>
        <f v="40 26 6" fn="-1 -0 -0">
            <n d="-1 0 -1.0842021724855e-016"/>
            <n d="-1 0 -1.0842021724855e-016"/>
            <n d="-1 0 -1.0842021724855e-016"/>
        </f>
        <f v="40 27 26" fn="-1 0 0">
            <n d="-1 0 -1.0842021724855e-016"/>
            <n d="-1 0 -1.0842021724855e-016"/>
            <n d="-1 0 -1.0842021724855e-016"/>
        </f>
        <f v="39 27 40" fn="-1 0 0">
            <n d="-1 0 -1.0842021724855e-016"/>
            <n d="-1 0 -1.0842021724855e-016"/>
            <n d="-1 0 -1.0842021724855e-016"/>
        </f>
        <f v="15 27 39" fn="-1 0 -0">
            <n d="-1 0 -1.0842021724855e-016"/>
            <n d="-1 0 -1.0842021724855e-016"/>
            <n d="-1 0 -1.0842021724855e-016"/>
        </f>
        <f v="14 39 38" fn="-1 0 0">
            <n d="-1 0 -1.0842021724855e-016"/>
            <n d="-1 0 -1.0842021724855e-016"/>
            <n d="-1 0 -1.0842021724855e-016"/>
        </f>
        <f v="14 38 3" fn="-1 0 0">
            <n d="-1 0 -1.0842021724855e-016"/>
            <n d="-1 0 -1.0842021724855e-016"/>
            <n d="-1 0 -1.0842021724855e-016"/>
        </f>
        <f v="15 39 14" fn="-1 0 0">
            <n d="-1 0 -1.0842021724855e-016"/>
            <n d="-1 0 -1.0842021724855e-016"/>
            <n d="-1 0 -1.0842021724855e-016"/>
        </f>
        <f v="33 27 15" fn="-1 -0 -0">
            <n d="-1 0 -1.0842021724855e-016"/>
            <n d="-1 0 -1.0842021724855e-016"/>
            <n d="-1 0 -1.0842021724855e-016"/>
        </f>
        <f v="34 28 33" fn="-1 -0 -0">
            <n d="-1 0 -1.0842021724855e-016"/>
            <n d="-1 0 -1.0842021724855e-016"/>
            <n d="-1 0 -1.0842021724855e-016"/>
        </f>
        <f v="32 16 2" fn="-1 -0 -0">
            <n d="-1 0 -1.0842021724855e-016"/>
            <n d="-1 0 -1.0842021724855e-016"/>
            <n d="-1 0 -1.0842021724855e-016"/>
        </f>
        <f v="32 15 16" fn="-1 0 0">
            <n d="-1 0 -1.0842021724855e-016"/>
            <n d="-1 0 -1.0842021724855e-016"/>
            <n d="-1 0 -1.0842021724855e-016"/>
        </f>
        <f v="33 15 32" fn="-1 -0 0">
            <n d="-1 0 -1.0842021724855e-016"/>
            <n d="-1 0 -1.0842021724855e-016"/>
            <n d="-1 0 -1.0842021724855e-016"/>
        </f>
        <f v="34 7 28" fn="-1 0 -0">
            <n d="-1 0 -1.0842021724855e-016"/>
            <n d="-1 0 -1.0842021724855e-016"/>
            <n d="-1 0 -1.0842021724855e-016"/>
        </f>
    </facets>
    <facets color="101010">
        <f v="39 25 24" fn="-0 -0 -1">
            <n d="1.0842021724855e-016 0 -1"/>
            <n d="1.0842021724855e-016 0 -1"/>
            <n d="1.0842021724855e-016 0 -1"/>
        </f>
        <f v="43 23 5" fn="-0 0 -1">
            <n d="1.0842021724855e-016 0 -1"/>
            <n d="1.0842021724855e-016 0 -1"/>
            <n d="1.0842021724855e-016 0 -1"/>
        </f>
        <f v="43 24 23" fn="0 0 -1">
            <n d="1.0842021724855e-016 0 -1"/>
            <n d="1.0842021724855e-016 0 -1"/>
            <n d="1.0842021724855e-016 0 -1"/>
        </f>
        <f v="42 24 43" fn="0 0 -1">
            <n d="1.0842021724855e-016 0 -1"/>
            <n d="1.0842021724855e-016 0 -1"/>
            <n d="1.0842021724855e-016 0 -1"/>
        </f>
        <f v="18 24 42" fn="-0 -0 -1">
            <n d="1.0842021724855e-016 0 -1"/>
            <n d="1.0842021724855e-016 0 -1"/>
            <n d="1.0842021724855e-016 0 -1"/>
        </f>
        <f v="17 42 41" fn="0 0 -1">
            <n d="1.0842021724855e-016 0 -1"/>
            <n d="1.0842021724855e-016 0 -1"/>
            <n d="1.0842021724855e-016 0 -1"/>
        </f>
        <f v="17 41 1" fn="0 0 -1">
            <n d="1.0842021724855e-016 0 -1"/>
            <n d="1.0842021724855e-016 0 -1"/>
            <n d="1.0842021724855e-016 0 -1"/>
        </f>
        <f v="18 42 17" fn="0 0 -1">
            <n d="1.0842021724855e-016 0 -1"/>
            <n d="1.0842021724855e-016 0 -1"/>
            <n d="1.0842021724855e-016 0 -1"/>
        </f>
        <f v="39 24 18" fn="0 -0 -1">
            <n d="1.0842021724855e-016 0 -1"/>
            <n d="1.0842021724855e-016 0 -1"/>
            <n d="1.0842021724855e-016 0 -1"/>
        </f>
        <f v="40 25 39" fn="0 0 -1">
            <n d="1.0842021724855e-016 0 -1"/>
            <n d="1.0842021724855e-016 0 -1"/>
            <n d="1.0842021724855e-016 0 -1"/>
        </f>
        <f v="38 19 3" fn="-0 -0 -1">
            <n d="1.0842021724855e-016 0 -1"/>
            <n d="1.0842021724855e-016 0 -1"/>
            <n d="1.0842021724855e-016 0 -1"/>
        </f>
        <f v="38 18 19" fn="0 0 -1">
            <n d="1.0842021724855e-016 0 -1"/>
            <n d="1.0842021724855e-016 0 -1"/>
            <n d="1.0842021724855e-016 0 -1"/>
        </f>
        <f v="39 18 38" fn="0 0 -1">
            <n d="1.0842021724855e-016 0 -1"/>
            <n d="1.0842021724855e-016 0 -1"/>
            <n d="1.0842021724855e-016 0 -1"/>
        </f>
        <f v="40 6 25" fn="-0 -0 -1">
            <n d="1.0842021724855e-016 0 -1"/>
            <n d="1.0842021724855e-016 0 -1"/>
            <n d="1.0842021724855e-016 0 -1"/>
        </f>
    </facets>
    <facets color="101010">
        <f v="42 22 21" fn="1 -0 -0">
            <n d="1 0 1.0842021724855e-016"/>
            <n d="1 0 1.0842021724855e-016"/>
            <n d="1 0 1.0842021724855e-016"/>
        </f>
        <f v="37 20 4" fn="1 -0 -0">
            <n d="1 0 1.0842021724855e-016"/>
            <n d="1 0 1.0842021724855e-016"/>
            <n d="1 0 1.0842021724855e-016"/>
        </f>
        <f v="37 21 20" fn="1 0 0">
            <n d="1 0 1.0842021724855e-016"/>
            <n d="1 0 1.0842021724855e-016"/>
            <n d="1 0 1.0842021724855e-016"/>
        </f>
        <f v="36 21 37" fn="1 -0 0">
            <n d="1 0 1.0842021724855e-016"/>
            <n d="1 0 1.0842021724855e-016"/>
            <n d="1 0 1.0842021724855e-016"/>
        </f>
        <f v="9 21 36" fn="1 -0 -0">
            <n d="1 0 1.0842021724855e-016"/>
            <n d="1 0 1.0842021724855e-016"/>
            <n d="1 0 1.0842021724855e-016"/>
        </f>
        <f v="8 36 35" fn="1 0 0">
            <n d="1 0 1.0842021724855e-016"/>
            <n d="1 0 1.0842021724855e-016"/>
            <n d="1 0 1.0842021724855e-016"/>
        </f>
        <f v="8 35 0" fn="1 0 0">
            <n d="1 0 1.0842021724855e-016"/>
            <n d="1 0 1.0842021724855e-016"/>
            <n d="1 0 1.0842021724855e-016"/>
        </f>
        <f v="9 36 8" fn="1 0 0">
            <n d="1 0 1.0842021724855e-016"/>
            <n d="1 0 1.0842021724855e-016"/>
            <n d="1 0 1.0842021724855e-016"/>
        </f>
        <f v="42 21 9" fn="1 -0 -0">
            <n d="1 0 1.0842021724855e-016"/>
            <n d="1 0 1.0842021724855e-016"/>
            <n d="1 0 1.0842021724855e-016"/>
        </f>
        <f v="43 22 42" fn="1 0 -0">
            <n d="1 0 1.0842021724855e-016"/>
            <n d="1 0 1.0842021724855e-016"/>
            <n d="1 0 1.0842021724855e-016"/>
        </f>
        <f v="41 10 1" fn="1 -0 -0">
            <n d="1 0 1.0842021724855e-016"/>
            <n d="1 0 1.0842021724855e-016"/>
            <n d="1 0 1.0842021724855e-016"/>
        </f>
        <f v="41 9 10" fn="1 0 0">
            <n d="1 0 1.0842021724855e-016"/>
            <n d="1 0 1.0842021724855e-016"/>
            <n d="1 0 1.0842021724855e-016"/>
        </f>
        <f v="42 9 41" fn="1 0 0">
            <n d="1 0 1.0842021724855e-016"/>
            <n d="1 0 1.0842021724855e-016"/>
            <n d="1 0 1.0842021724855e-016"/>
        </f>
        <f v="43 5 22" fn="1 -0 -0">
            <n d="1 0 1.0842021724855e-016"/>
            <n d="1 0 1.0842021724855e-016"/>
            <n d="1 0 1.0842021724855e-016"/>
        </f>
    </facets>
</shell>
</step-assembly>
