<?xml version="1.0" encoding="UTF-8" ?>
<step-assembly root="id75">
<product id="id75" name="Assem1" shape="id23" children="id95 id95 id87"/>
<product id="id95" name="Base" shape="id34"/>
<product id="id87" name="Ferrite" shape="id28"/>
<shape id="id23" unit="mm 0.001000">
    <child ref="id28" xform="1 0 0 0 0 1 0 0 0 0 1 0 0 0 0 1"/>
    <child ref="id34" xform="1 0 0 0 0 1 0 0 0 0 1 0 2.05998e-015 -1.79 5.42101e-016 1"/>
    <child ref="id34" xform="-1 5.665e-017 -6.93889e-018 0 -5.665e-017 -1 3.69763e-017 0 -6.93889e-018 3.69763e-017 1 0 1.30104e-015 1.79 -2.71051e-016 1"/>
</shape>
<shape id="id28" unit="mm 0.001000">
    <child ref="id29" xform="1 0 0 0 0 1 0 0 0 0 1 0 0 0 0 1"/>
</shape>
<shape id="id29" unit="mm 0.001000" shell="id88"/>
<shape id="id34" unit="mm 0.001000">
    <child ref="id35" xform="1 0 0 0 0 1 0 0 0 0 1 0 0 0 0 1"/>
</shape>
<shape id="id35" unit="mm 0.001000" shell="id96"/>
<shell id="id88">
    <verts>
        <v p="-1.58 -1.79 -1.15"/>
        <v p="1.58 -1.79 -1.15"/>
        <v p="-1.58 1.79 -1.15"/>
        <v p="1.58 1.79 -1.15"/>
        <v p="1.6 -1.79 1.13"/>
        <v p="1.58 -1.79 1.15"/>
        <v p="1.6 1.79 1.13"/>
        <v p="1.58 1.79 1.15"/>
        <v p="-1.58 1.79 1.15"/>
        <v p="-1.58 -1.79 1.15"/>
        <v p="-1.6 -1.79 1.13"/>
        <v p="-1.6 -1.79 -1.13"/>
        <v p="-1.6 1.79 1.13"/>
        <v p="-1.6 1.79 -1.13"/>
        <v p="1.6 -1.79 -1.13"/>
        <v p="1.6 1.79 -1.13"/>
        <v p="-0.79 -1.79 -1.15"/>
        <v p="0 -1.79 -1.15"/>
        <v p="0.79 -1.79 -1.15"/>
        <v p="-1.58 -0.895 -1.15"/>
        <v p="-1.58 0 -1.15"/>
        <v p="-1.58 0.895 -1.15"/>
        <v p="0.79 1.79 -1.15"/>
        <v p="0 1.79 -1.15"/>
        <v p="-0.79 1.79 -1.15"/>
        <v p="1.58 0.895 -1.15"/>
        <v p="1.58 0 -1.15"/>
        <v p="1.58 -0.895 -1.15"/>
        <v p="1.59863753582133 -1.79 1.13725549850173"/>
        <v p="1.59419825040083 -1.79 1.14408579729924"/>
        <v p="1.5873973341987 -1.79 1.14858169655206"/>
        <v p="1.6 0.895 1.13"/>
        <v p="1.6 0 1.13"/>
        <v p="1.6 -0.895 1.13"/>
        <v p="1.58725549850173 1.79 1.14863753582133"/>
        <v p="1.59408579729924 1.79 1.14419825040083"/>
        <v p="1.59858169655206 1.79 1.1373973341987"/>
        <v p="1.58 -0.895 1.15"/>
        <v p="1.58 0 1.15"/>
        <v p="1.58 0.895 1.15"/>
        <v p="0.79 1.79 1.15"/>
        <v p="0 1.79 1.15"/>
        <v p="-0.79 1.79 1.15"/>
        <v p="-1.58 0.895 1.15"/>
        <v p="-1.58 0 1.15"/>
        <v p="-1.58 -0.895 1.15"/>
        <v p="-0.79 -1.79 1.15"/>
        <v p="0 -1.79 1.15"/>
        <v p="0.79 -1.79 1.15"/>
        <v p="-1.6 -1.79 0.565"/>
        <v p="-1.6 -1.79 0"/>
        <v p="-1.6 -1.79 -0.565"/>
        <v p="-1.6 -0.895 1.13"/>
        <v p="-1.6 0 1.13"/>
        <v p="-1.6 0.895 1.13"/>
        <v p="-1.6 1.79 0.565"/>
        <v p="-1.6 1.79 0"/>
        <v p="-1.6 1.79 -0.565"/>
        <v p="-1.6 0.895 -1.13"/>
        <v p="-1.6 0 -1.13"/>
        <v p="-1.6 -0.895 -1.13"/>
        <v p="-1.58725549850173 -1.79 1.14863753582133"/>
        <v p="-1.59408579729924 -1.79 1.14419825040083"/>
        <v p="-1.59858169655206 -1.79 1.1373973341987"/>
        <v p="-1.59863753582133 -1.79 -1.13725549850173"/>
        <v p="-1.59419825040083 -1.79 -1.14408579729924"/>
        <v p="-1.5873973341987 -1.79 -1.14858169655206"/>
        <v p="1.58725549850173 -1.79 -1.14863753582133"/>
        <v p="1.59408579729924 -1.79 -1.14419825040083"/>
        <v p="1.59858169655206 -1.79 -1.1373973341987"/>
        <v p="1.6 -1.79 0.565"/>
        <v p="1.6 -1.79 0"/>
        <v p="1.6 -1.79 -0.565"/>
        <v p="1.59863753582133 1.79 -1.13725549850173"/>
        <v p="1.59419825040083 1.79 -1.14408579729924"/>
        <v p="1.5873973341987 1.79 -1.14858169655206"/>
        <v p="1.6 -0.895 -1.13"/>
        <v p="1.6 0 -1.13"/>
        <v p="1.6 0.895 -1.13"/>
        <v p="-1.58725549850173 1.79 -1.14863753582133"/>
        <v p="-1.59408579729924 1.79 -1.14419825040083"/>
        <v p="-1.59858169655206 1.79 -1.1373973341987"/>
        <v p="-1.59863753582133 1.79 1.13725549850173"/>
        <v p="-1.59419825040083 1.79 1.14408579729924"/>
        <v p="-1.5873973341987 1.79 1.14858169655206"/>
        <v p="1.6 1.79 0.565"/>
        <v p="1.6 1.79 0"/>
        <v p="1.6 1.79 -0.565"/>
    </verts>
    <facets color="333333">
        <f v="17 26 27" fn="0 0 -1">
            <n d="-0 -0 -1"/>
            <n d="-0 -0 -1"/>
            <n d="-0 -0 -1"/>
        </f>
        <f v="22 25 26" fn="-0 -0 -1">
            <n d="-0 -0 -1"/>
            <n d="-0 -0 -1"/>
            <n d="-0 -0 -1"/>
        </f>
        <f v="22 3 25" fn="0 -0 -1">
            <n d="-0 -0 -1"/>
            <n d="-0 -0 -1"/>
            <n d="-0 -0 -1"/>
        </f>
        <f v="23 22 26" fn="0 -0 -1">
            <n d="-0 -0 -1"/>
            <n d="-0 -0 -1"/>
            <n d="-0 -0 -1"/>
        </f>
        <f v="20 23 26" fn="0 0 -1">
            <n d="-0 -0 -1"/>
            <n d="-0 -0 -1"/>
            <n d="-0 -0 -1"/>
        </f>
        <f v="21 24 23" fn="-0 -0 -1">
            <n d="-0 -0 -1"/>
            <n d="-0 -0 -1"/>
            <n d="-0 -0 -1"/>
        </f>
        <f v="21 2 24" fn="-0 -0 -1">
            <n d="-0 -0 -1"/>
            <n d="-0 -0 -1"/>
            <n d="-0 -0 -1"/>
        </f>
        <f v="20 21 23" fn="-0 -0 -1">
            <n d="-0 -0 -1"/>
            <n d="-0 -0 -1"/>
            <n d="-0 -0 -1"/>
        </f>
        <f v="17 20 26" fn="0 0 -1">
            <n d="-0 -0 -1"/>
            <n d="-0 -0 -1"/>
            <n d="-0 -0 -1"/>
        </f>
        <f v="18 17 27" fn="-0 0 -1">
            <n d="-0 -0 -1"/>
            <n d="-0 -0 -1"/>
            <n d="-0 -0 -1"/>
        </f>
        <f v="16 0 19" fn="0 0 -1">
            <n d="-0 -0 -1"/>
            <n d="-0 -0 -1"/>
            <n d="-0 -0 -1"/>
        </f>
        <f v="16 19 20" fn="-0 -0 -1">
            <n d="-0 -0 -1"/>
            <n d="-0 -0 -1"/>
            <n d="-0 -0 -1"/>
        </f>
        <f v="17 16 20" fn="-0 -0 -1">
            <n d="-0 -0 -1"/>
            <n d="-0 -0 -1"/>
            <n d="-0 -0 -1"/>
        </f>
        <f v="18 27 1" fn="0 0 -1">
            <n d="-0 -0 -1"/>
            <n d="-0 -0 -1"/>
            <n d="-0 -0 -1"/>
        </f>
    </facets>
    <facets color="333333">
        <f v="37 30 29" fn="0.551462424474053 0.00323599150430392 0.834193456430931">
            <n d="-1.22460635382238e-016 -0 1"/>
            <n d="0.369866709934819 0 0.929084827602944"/>
            <n d="0.709912520041672 0 0.704289864961922"/>
        </f>
        <f v="33 29 28" fn="0.838462409128591 0.00314135384661516 0.544950383405949">
            <n d="1 0 1.83690953073357e-016"/>
            <n d="0.709912520041672 0 0.704289864961922"/>
            <n d="0.931876791066594 0 0.362774925086378"/>
        </f>
        <f v="33 28 4" fn="0.982821649910762 0 0.184557862110198">
            <n d="1 0 1.83690953073357e-016"/>
            <n d="0.931876791066594 0 0.362774925086378"/>
            <n d="1 0 1.83690953073357e-016"/>
        </f>
        <f v="32 29 33" fn="0.924638448270913 0 0.380846084368946">
            <n d="1 0 1.83690953073357e-016"/>
            <n d="0.709912520041672 0 0.704289864961922"/>
            <n d="1 0 1.83690953073357e-016"/>
        </f>
        <f v="38 29 32" fn="0.707102995011904 0.00327244410030304 0.707102995011904">
            <n d="-1.22460635382238e-016 -0 1"/>
            <n d="0.709912520041672 0 0.704289864961922"/>
            <n d="1 0 1.83690953073357e-016"/>
        </f>
        <f v="35 32 31" fn="0.923116965763799 -0 0.384519268072535">
            <n d="0.704289864961927 0 0.709912520041667"/>
            <n d="1 0 1.83690953073357e-016"/>
            <n d="1 0 1.83690953073357e-016"/>
        </f>
        <f v="36 31 6" fn="0.982111202360237 0 0.188301848632798">
            <n d="0.929084827602944 0 0.369866709934819"/>
            <n d="1 0 1.83690953073357e-016"/>
            <n d="1 0 1.83690953073357e-016"/>
        </f>
        <f v="35 31 36" fn="0.834193456430922 -0.00323599150430403 0.551462424474066">
            <n d="0.704289864961927 0 0.709912520041667"/>
            <n d="1 0 1.83690953073357e-016"/>
            <n d="0.929084827602944 0 0.369866709934819"/>
        </f>
        <f v="38 32 35" fn="0.707102995011904 -0.00327244410030295 0.707102995011904">
            <n d="-1.22460635382238e-016 -0 1"/>
            <n d="1 0 1.83690953073357e-016"/>
            <n d="0.704289864961927 0 0.709912520041667"/>
        </f>
        <f v="39 35 34" fn="0.544950383405949 -0.00314135384661495 0.83846240912859">
            <n d="-1.22460635382238e-016 -0 1"/>
            <n d="0.704289864961927 0 0.709912520041667"/>
            <n d="0.362774925086381 0 0.931876791066593"/>
        </f>
        <f v="39 34 7" fn="0.184557862110227 -0 0.982821649910757">
            <n d="-1.22460635382238e-016 -0 1"/>
            <n d="0.362774925086381 0 0.931876791066593"/>
            <n d="-1.22460635382238e-016 -0 1"/>
        </f>
        <f v="37 29 38" fn="0.384519268072529 -0 0.923116965763801">
            <n d="-1.22460635382238e-016 -0 1"/>
            <n d="0.709912520041672 0 0.704289864961922"/>
            <n d="-1.22460635382238e-016 -0 1"/>
        </f>
        <f v="38 35 39" fn="0.380846084368958 -0 0.924638448270908">
            <n d="-1.22460635382238e-016 -0 1"/>
            <n d="0.704289864961927 0 0.709912520041667"/>
            <n d="-1.22460635382238e-016 -0 1"/>
        </f>
        <f v="37 5 30" fn="0.188301848632798 0 0.982111202360237">
            <n d="-1.22460635382238e-016 -0 1"/>
            <n d="-1.22460635382238e-016 -0 1"/>
            <n d="0.369866709934819 0 0.929084827602944"/>
        </f>
    </facets>
    <facets color="333333">
        <f v="38 40 41" fn="-0 -0 1">
            <n d="0 0 1"/>
            <n d="0 0 1"/>
            <n d="0 0 1"/>
        </f>
        <f v="43 42 8" fn="-0 -0 1">
            <n d="0 0 1"/>
            <n d="0 0 1"/>
            <n d="0 0 1"/>
        </f>
        <f v="43 41 42" fn="0 0 1">
            <n d="0 0 1"/>
            <n d="0 0 1"/>
            <n d="0 0 1"/>
        </f>
        <f v="44 41 43" fn="0 0 1">
            <n d="0 0 1"/>
            <n d="0 0 1"/>
            <n d="0 0 1"/>
        </f>
        <f v="47 41 44" fn="-0 -0 1">
            <n d="0 0 1"/>
            <n d="0 0 1"/>
            <n d="0 0 1"/>
        </f>
        <f v="46 44 45" fn="0 0 1">
            <n d="0 0 1"/>
            <n d="0 0 1"/>
            <n d="0 0 1"/>
        </f>
        <f v="46 45 9" fn="0 0 1">
            <n d="0 0 1"/>
            <n d="0 0 1"/>
            <n d="0 0 1"/>
        </f>
        <f v="47 44 46" fn="0 0 1">
            <n d="0 0 1"/>
            <n d="0 0 1"/>
            <n d="0 0 1"/>
        </f>
        <f v="38 41 47" fn="0 -0 1">
            <n d="0 0 1"/>
            <n d="0 0 1"/>
            <n d="0 0 1"/>
        </f>
        <f v="39 40 38" fn="0 0 1">
            <n d="0 0 1"/>
            <n d="0 0 1"/>
            <n d="0 0 1"/>
        </f>
        <f v="37 48 5" fn="-0 0 1">
            <n d="0 0 1"/>
            <n d="0 0 1"/>
            <n d="0 0 1"/>
        </f>
        <f v="37 47 48" fn="0 0 1">
            <n d="0 0 1"/>
            <n d="0 0 1"/>
            <n d="0 0 1"/>
        </f>
        <f v="38 47 37" fn="0 0 1">
            <n d="0 0 1"/>
            <n d="0 0 1"/>
            <n d="0 0 1"/>
        </f>
        <f v="39 7 40" fn="-0 -0 1">
            <n d="0 0 1"/>
            <n d="0 0 1"/>
            <n d="0 0 1"/>
        </f>
    </facets>
    <facets color="333333">
        <f v="50 59 60" fn="-1 0 0">
            <n d="-1 -0 -0"/>
            <n d="-1 -0 -0"/>
            <n d="-1 -0 -0"/>
        </f>
        <f v="57 58 59" fn="-1 -0 -0">
            <n d="-1 -0 -0"/>
            <n d="-1 -0 -0"/>
            <n d="-1 -0 -0"/>
        </f>
        <f v="57 13 58" fn="-1 -0 -0">
            <n d="-1 -0 -0"/>
            <n d="-1 -0 -0"/>
            <n d="-1 -0 -0"/>
        </f>
        <f v="56 57 59" fn="-1 -0 -0">
            <n d="-1 -0 -0"/>
            <n d="-1 -0 -0"/>
            <n d="-1 -0 -0"/>
        </f>
        <f v="53 56 59" fn="-1 0 0">
            <n d="-1 -0 -0"/>
            <n d="-1 -0 -0"/>
            <n d="-1 -0 -0"/>
        </f>
        <f v="54 55 56" fn="-1 -0 -0">
            <n d="-1 -0 -0"/>
            <n d="-1 -0 -0"/>
            <n d="-1 -0 -0"/>
        </f>
        <f v="54 12 55" fn="-1 0 -0">
            <n d="-1 -0 -0"/>
            <n d="-1 -0 -0"/>
            <n d="-1 -0 -0"/>
        </f>
        <f v="53 54 56" fn="-1 0 -0">
            <n d="-1 -0 -0"/>
            <n d="-1 -0 -0"/>
            <n d="-1 -0 -0"/>
        </f>
        <f v="50 53 59" fn="-1 0 0">
            <n d="-1 -0 -0"/>
            <n d="-1 -0 -0"/>
            <n d="-1 -0 -0"/>
        </f>
        <f v="51 50 60" fn="-1 0 -0">
            <n d="-1 -0 -0"/>
            <n d="-1 -0 -0"/>
            <n d="-1 -0 -0"/>
        </f>
        <f v="49 10 52" fn="-1 0 0">
            <n d="-1 -0 -0"/>
            <n d="-1 -0 -0"/>
            <n d="-1 -0 -0"/>
        </f>
        <f v="49 52 53" fn="-1 -0 -0">
            <n d="-1 -0 -0"/>
            <n d="-1 -0 -0"/>
            <n d="-1 -0 -0"/>
        </f>
        <f v="50 49 53" fn="-1 -0 -0">
            <n d="-1 -0 -0"/>
            <n d="-1 -0 -0"/>
            <n d="-1 -0 -0"/>
        </f>
        <f v="51 60 11" fn="-1 0 0">
            <n d="-1 -0 -0"/>
            <n d="-1 -0 -0"/>
            <n d="-1 -0 -0"/>
        </f>
    </facets>
    <facets color="333333">
        <f v="29 30 5" fn="5.56167206490814e-014 -1 1.33519286741253e-013">
            <n d="-0 -1 -0"/>
            <n d="-0 -1 -0"/>
            <n d="-0 -1 -0"/>
        </f>
        <f v="28 29 5" fn="1.85683339604453e-014 -1 4.45770746178111e-014">
            <n d="-0 -1 -0"/>
            <n d="-0 -1 -0"/>
            <n d="-0 -1 -0"/>
        </f>
        <f v="4 28 5" fn="-3.76791636960529e-014 -1 -3.76791636960529e-014">
            <n d="-0 -1 -0"/>
            <n d="-0 -1 -0"/>
            <n d="-0 -1 -0"/>
        </f>
        <f v="48 4 5" fn="0 -1 0">
            <n d="-0 -1 -0"/>
            <n d="-0 -1 -0"/>
            <n d="-0 -1 -0"/>
        </f>
        <f v="47 71 70" fn="0 -1 0">
            <n d="-0 -1 -0"/>
            <n d="-0 -1 -0"/>
            <n d="-0 -1 -0"/>
        </f>
        <f v="18 14 72" fn="0 -1 0">
            <n d="-0 -1 -0"/>
            <n d="-0 -1 -0"/>
            <n d="-0 -1 -0"/>
        </f>
        <f v="1 69 14" fn="0 -1 0">
            <n d="-0 -1 -0"/>
            <n d="-0 -1 -0"/>
            <n d="-0 -1 -0"/>
        </f>
        <f v="1 68 69" fn="0 -1 0">
            <n d="-0 -1 -0"/>
            <n d="-0 -1 -0"/>
            <n d="-0 -1 -0"/>
        </f>
        <f v="1 67 68" fn="-0 -1 -0">
            <n d="-0 -1 -0"/>
            <n d="-0 -1 -0"/>
            <n d="-0 -1 -0"/>
        </f>
        <f v="18 1 14" fn="-0 -1 -0">
            <n d="-0 -1 -0"/>
            <n d="-0 -1 -0"/>
            <n d="-0 -1 -0"/>
        </f>
        <f v="17 72 71" fn="0 -1 0">
            <n d="-0 -1 -0"/>
            <n d="-0 -1 -0"/>
            <n d="-0 -1 -0"/>
        </f>
        <f v="17 18 72" fn="-0 -1 -0">
            <n d="-0 -1 -0"/>
            <n d="-0 -1 -0"/>
            <n d="-0 -1 -0"/>
        </f>
        <f v="50 17 71" fn="0 -1 0">
            <n d="-0 -1 -0"/>
            <n d="-0 -1 -0"/>
            <n d="-0 -1 -0"/>
        </f>
        <f v="51 16 17" fn="-0 -1 -0">
            <n d="-0 -1 -0"/>
            <n d="-0 -1 -0"/>
            <n d="-0 -1 -0"/>
        </f>
        <f v="11 0 16" fn="0 -1 0">
            <n d="-0 -1 -0"/>
            <n d="-0 -1 -0"/>
            <n d="-0 -1 -0"/>
        </f>
        <f v="65 66 0" fn="-5.56167206490814e-014 -1 -1.33519286741253e-013">
            <n d="-0 -1 -0"/>
            <n d="-0 -1 -0"/>
            <n d="-0 -1 -0"/>
        </f>
        <f v="64 65 0" fn="-1.85683339604453e-014 -1 -4.45770746178111e-014">
            <n d="-0 -1 -0"/>
            <n d="-0 -1 -0"/>
            <n d="-0 -1 -0"/>
        </f>
        <f v="11 64 0" fn="3.76791636960529e-014 -1 3.76791636960529e-014">
            <n d="-0 -1 -0"/>
            <n d="-0 -1 -0"/>
            <n d="-0 -1 -0"/>
        </f>
        <f v="51 11 16" fn="-0 -1 -0">
            <n d="-0 -1 -0"/>
            <n d="-0 -1 -0"/>
            <n d="-0 -1 -0"/>
        </f>
        <f v="50 51 17" fn="-0 -1 -0">
            <n d="-0 -1 -0"/>
            <n d="-0 -1 -0"/>
            <n d="-0 -1 -0"/>
        </f>
        <f v="47 50 71" fn="0 -1 -0">
            <n d="-0 -1 -0"/>
            <n d="-0 -1 -0"/>
            <n d="-0 -1 -0"/>
        </f>
        <f v="46 10 49" fn="0 -1 0">
            <n d="-0 -1 -0"/>
            <n d="-0 -1 -0"/>
            <n d="-0 -1 -0"/>
        </f>
        <f v="9 63 10" fn="0 -1 0">
            <n d="-0 -1 -0"/>
            <n d="-0 -1 -0"/>
            <n d="-0 -1 -0"/>
        </f>
        <f v="9 62 63" fn="0 -1 0">
            <n d="-0 -1 -0"/>
            <n d="-0 -1 -0"/>
            <n d="-0 -1 -0"/>
        </f>
        <f v="9 61 62" fn="-0 -1 -0">
            <n d="-0 -1 -0"/>
            <n d="-0 -1 -0"/>
            <n d="-0 -1 -0"/>
        </f>
        <f v="48 47 70" fn="-0 -1 -0">
            <n d="-0 -1 -0"/>
            <n d="-0 -1 -0"/>
            <n d="-0 -1 -0"/>
        </f>
        <f v="46 9 10" fn="-0 -1 -0">
            <n d="-0 -1 -0"/>
            <n d="-0 -1 -0"/>
            <n d="-0 -1 -0"/>
        </f>
        <f v="47 49 50" fn="0 -1 0">
            <n d="-0 -1 -0"/>
            <n d="-0 -1 -0"/>
            <n d="-0 -1 -0"/>
        </f>
        <f v="47 46 49" fn="-0 -1 -0">
            <n d="-0 -1 -0"/>
            <n d="-0 -1 -0"/>
            <n d="-0 -1 -0"/>
        </f>
        <f v="48 70 4" fn="-0 -1 -0">
            <n d="-0 -1 -0"/>
            <n d="-0 -1 -0"/>
            <n d="-0 -1 -0"/>
        </f>
    </facets>
    <facets color="333333">
        <f v="76 69 68" fn="0.834193456430923 0.00323599150430403 -0.551462424474066">
            <n d="1 0 -1.83690953073357e-016"/>
            <n d="0.929084827602944 0 -0.369866709934819"/>
            <n d="0.704289864961927 0 -0.709912520041667"/>
        </f>
        <f v="27 67 1" fn="0.184557862110227 -0 -0.982821649910757">
            <n d="-1.22460635382238e-016 0 -1"/>
            <n d="0.362774925086381 0 -0.931876791066593"/>
            <n d="-1.22460635382238e-016 0 -1"/>
        </f>
        <f v="27 68 67" fn="0.544950383405949 0.00314135384661495 -0.83846240912859">
            <n d="-1.22460635382238e-016 0 -1"/>
            <n d="0.704289864961927 0 -0.709912520041667"/>
            <n d="0.362774925086381 0 -0.931876791066593"/>
        </f>
        <f v="26 68 27" fn="0.380846084368958 0 -0.924638448270908">
            <n d="-1.22460635382238e-016 0 -1"/>
            <n d="0.704289864961927 0 -0.709912520041667"/>
            <n d="-1.22460635382238e-016 0 -1"/>
        </f>
        <f v="77 68 26" fn="0.707102995011904 0.00327244410030295 -0.707102995011904">
            <n d="1 0 -1.83690953073357e-016"/>
            <n d="0.704289864961927 0 -0.709912520041667"/>
            <n d="-1.22460635382238e-016 0 -1"/>
        </f>
        <f v="74 26 25" fn="0.384519268072529 -0 -0.923116965763801">
            <n d="0.709912520041672 0 -0.704289864961922"/>
            <n d="-1.22460635382238e-016 0 -1"/>
            <n d="-1.22460635382238e-016 0 -1"/>
        </f>
        <f v="75 25 3" fn="0.188301848632798 0 -0.982111202360237">
            <n d="0.369866709934819 0 -0.929084827602944"/>
            <n d="-1.22460635382238e-016 0 -1"/>
            <n d="-1.22460635382238e-016 0 -1"/>
        </f>
        <f v="74 25 75" fn="0.551462424474053 -0.00323599150430392 -0.834193456430931">
            <n d="0.709912520041672 0 -0.704289864961922"/>
            <n d="-1.22460635382238e-016 0 -1"/>
            <n d="0.369866709934819 0 -0.929084827602944"/>
        </f>
        <f v="77 26 74" fn="0.707102995011904 -0.00327244410030304 -0.707102995011904">
            <n d="1 0 -1.83690953073357e-016"/>
            <n d="-1.22460635382238e-016 0 -1"/>
            <n d="0.709912520041672 0 -0.704289864961922"/>
        </f>
        <f v="76 68 77" fn="0.923116965763799 0 -0.384519268072535">
            <n d="1 0 -1.83690953073357e-016"/>
            <n d="0.704289864961927 0 -0.709912520041667"/>
            <n d="1 0 -1.83690953073357e-016"/>
        </f>
        <f v="78 73 15" fn="0.982821649910762 -0 -0.184557862110198">
            <n d="1 0 -1.83690953073357e-016"/>
            <n d="0.931876791066594 0 -0.362774925086378"/>
            <n d="1 0 -1.83690953073357e-016"/>
        </f>
        <f v="78 74 73" fn="0.838462409128591 -0.00314135384661516 -0.544950383405949">
            <n d="1 0 -1.83690953073357e-016"/>
            <n d="0.709912520041672 0 -0.704289864961922"/>
            <n d="0.931876791066594 0 -0.362774925086378"/>
        </f>
        <f v="77 74 78" fn="0.924638448270913 0 -0.380846084368946">
            <n d="1 0 -1.83690953073357e-016"/>
            <n d="0.709912520041672 0 -0.704289864961922"/>
            <n d="1 0 -1.83690953073357e-016"/>
        </f>
        <f v="76 14 69" fn="0.982111202360237 -0 -0.188301848632798">
            <n d="1 0 -1.83690953073357e-016"/>
            <n d="1 0 -1.83690953073357e-016"/>
            <n d="0.929084827602944 0 -0.369866709934819"/>
        </f>
    </facets>
    <facets color="333333">
        <f v="58 81 80" fn="-0.834193456430923 -0.00323599150430403 -0.551462424474066">
            <n d="-1 0 -6.12303176911189e-017"/>
            <n d="-0.929084827602944 0 -0.369866709934819"/>
            <n d="-0.704289864961927 0 -0.709912520041667"/>
        </f>
        <f v="21 79 2" fn="-0.184557862110227 0 -0.982821649910757">
            <n d="0 0 -1"/>
            <n d="-0.362774925086382 0 -0.931876791066593"/>
            <n d="0 0 -1"/>
        </f>
        <f v="21 80 79" fn="-0.544950383405949 -0.00314135384661495 -0.83846240912859">
            <n d="0 0 -1"/>
            <n d="-0.704289864961927 0 -0.709912520041667"/>
            <n d="-0.362774925086382 0 -0.931876791066593"/>
        </f>
        <f v="20 80 21" fn="-0.380846084368958 0 -0.924638448270908">
            <n d="0 0 -1"/>
            <n d="-0.704289864961927 0 -0.709912520041667"/>
            <n d="0 0 -1"/>
        </f>
        <f v="59 80 20" fn="-0.707102995011904 -0.00327244410030295 -0.707102995011904">
            <n d="-1 0 -6.12303176911189e-017"/>
            <n d="-0.704289864961927 0 -0.709912520041667"/>
            <n d="0 0 -1"/>
        </f>
        <f v="65 20 19" fn="-0.384519268072529 -0 -0.923116965763801">
            <n d="-0.709912520041673 0 -0.704289864961922"/>
            <n d="0 0 -1"/>
            <n d="0 0 -1"/>
        </f>
        <f v="66 19 0" fn="-0.188301848632798 0 -0.982111202360237">
            <n d="-0.369866709934819 0 -0.929084827602944"/>
            <n d="0 0 -1"/>
            <n d="0 0 -1"/>
        </f>
        <f v="65 19 66" fn="-0.551462424474053 0.00323599150430392 -0.834193456430931">
            <n d="-0.709912520041673 0 -0.704289864961922"/>
            <n d="0 0 -1"/>
            <n d="-0.369866709934819 0 -0.929084827602944"/>
        </f>
        <f v="59 20 65" fn="-0.707102995011904 0.00327244410030304 -0.707102995011904">
            <n d="-1 0 -6.12303176911189e-017"/>
            <n d="0 0 -1"/>
            <n d="-0.709912520041673 0 -0.704289864961922"/>
        </f>
        <f v="58 80 59" fn="-0.923116965763799 -0 -0.384519268072535">
            <n d="-1 0 -6.12303176911189e-017"/>
            <n d="-0.704289864961927 0 -0.709912520041667"/>
            <n d="-1 0 -6.12303176911189e-017"/>
        </f>
        <f v="60 64 11" fn="-0.982821649910762 -0 -0.184557862110198">
            <n d="-1 0 -6.12303176911189e-017"/>
            <n d="-0.931876791066594 0 -0.362774925086378"/>
            <n d="-1 0 -6.12303176911189e-017"/>
        </f>
        <f v="60 65 64" fn="-0.838462409128591 0.00314135384661516 -0.544950383405949">
            <n d="-1 0 -6.12303176911189e-017"/>
            <n d="-0.709912520041673 0 -0.704289864961922"/>
            <n d="-0.931876791066594 0 -0.362774925086378"/>
        </f>
        <f v="59 65 60" fn="-0.924638448270913 -0 -0.380846084368946">
            <n d="-1 0 -6.12303176911189e-017"/>
            <n d="-0.709912520041673 0 -0.704289864961922"/>
            <n d="-1 0 -6.12303176911189e-017"/>
        </f>
        <f v="58 13 81" fn="-0.982111202360237 0 -0.188301848632798">
            <n d="-1 0 -6.12303176911189e-017"/>
            <n d="-1 0 -6.12303176911189e-017"/>
            <n d="-0.929084827602944 0 -0.369866709934819"/>
        </f>
    </facets>
    <facets color="333333">
        <f v="43 84 83" fn="-0.551462424474053 -0.00323599150430392 0.834193456430931">
            <n d="0 0 1"/>
            <n d="-0.369866709934819 0 0.929084827602944"/>
            <n d="-0.709912520041673 0 0.704289864961922"/>
        </f>
        <f v="54 83 82" fn="-0.838462409128591 -0.00314135384661516 0.544950383405949">
            <n d="-1 0 6.12303176911189e-017"/>
            <n d="-0.709912520041673 0 0.704289864961922"/>
            <n d="-0.931876791066594 0 0.362774925086378"/>
        </f>
        <f v="54 82 12" fn="-0.982821649910762 0 0.184557862110198">
            <n d="-1 0 6.12303176911189e-017"/>
            <n d="-0.931876791066594 0 0.362774925086378"/>
            <n d="-1 0 6.12303176911189e-017"/>
        </f>
        <f v="53 83 54" fn="-0.924638448270913 0 0.380846084368946">
            <n d="-1 0 6.12303176911189e-017"/>
            <n d="-0.709912520041673 0 0.704289864961922"/>
            <n d="-1 0 6.12303176911189e-017"/>
        </f>
        <f v="44 83 53" fn="-0.707102995011904 -0.00327244410030304 0.707102995011904">
            <n d="0 0 1"/>
            <n d="-0.709912520041673 0 0.704289864961922"/>
            <n d="-1 0 6.12303176911189e-017"/>
        </f>
        <f v="62 53 52" fn="-0.923116965763799 -0 0.384519268072535">
            <n d="-0.704289864961927 0 0.709912520041667"/>
            <n d="-1 0 6.12303176911189e-017"/>
            <n d="-1 0 6.12303176911189e-017"/>
        </f>
        <f v="63 52 10" fn="-0.982111202360237 0 0.188301848632798">
            <n d="-0.929084827602944 0 0.369866709934819"/>
            <n d="-1 0 6.12303176911189e-017"/>
            <n d="-1 0 6.12303176911189e-017"/>
        </f>
        <f v="62 52 63" fn="-0.834193456430922 0.00323599150430403 0.551462424474066">
            <n d="-0.704289864961927 0 0.709912520041667"/>
            <n d="-1 0 6.12303176911189e-017"/>
            <n d="-0.929084827602944 0 0.369866709934819"/>
        </f>
        <f v="44 53 62" fn="-0.707102995011904 0.00327244410030295 0.707102995011904">
            <n d="0 0 1"/>
            <n d="-1 0 6.12303176911189e-017"/>
            <n d="-0.704289864961927 0 0.709912520041667"/>
        </f>
        <f v="45 62 61" fn="-0.544950383405949 0.00314135384661495 0.83846240912859">
            <n d="0 0 1"/>
            <n d="-0.704289864961927 0 0.709912520041667"/>
            <n d="-0.362774925086382 0 0.931876791066593"/>
        </f>
        <f v="45 61 9" fn="-0.184557862110227 0 0.982821649910757">
            <n d="0 0 1"/>
            <n d="-0.362774925086382 0 0.931876791066593"/>
            <n d="0 0 1"/>
        </f>
        <f v="43 83 44" fn="-0.384519268072529 0 0.923116965763801">
            <n d="0 0 1"/>
            <n d="-0.709912520041673 0 0.704289864961922"/>
            <n d="0 0 1"/>
        </f>
        <f v="44 62 45" fn="-0.380846084368958 0 0.924638448270908">
            <n d="0 0 1"/>
            <n d="-0.704289864961927 0 0.709912520041667"/>
            <n d="0 0 1"/>
        </f>
        <f v="43 8 84" fn="-0.188301848632798 -0 0.982111202360237">
            <n d="0 0 1"/>
            <n d="0 0 1"/>
            <n d="-0.369866709934819 0 0.929084827602944"/>
        </f>
    </facets>
    <facets color="333333">
        <f v="2 81 13" fn="0 1 0">
            <n d="-0 1 -0"/>
            <n d="-0 1 -0"/>
            <n d="-0 1 -0"/>
        </f>
        <f v="2 80 81" fn="0 1 0">
            <n d="-0 1 -0"/>
            <n d="-0 1 -0"/>
            <n d="-0 1 -0"/>
        </f>
        <f v="2 79 80" fn="-0 1 -0">
            <n d="-0 1 -0"/>
            <n d="-0 1 -0"/>
            <n d="-0 1 -0"/>
        </f>
        <f v="24 2 13" fn="-0 1 -0">
            <n d="-0 1 -0"/>
            <n d="-0 1 -0"/>
            <n d="-0 1 -0"/>
        </f>
        <f v="57 23 24" fn="0 1 0">
            <n d="-0 1 -0"/>
            <n d="-0 1 -0"/>
            <n d="-0 1 -0"/>
        </f>
        <f v="87 22 23" fn="-0 1 -0">
            <n d="-0 1 -0"/>
            <n d="-0 1 -0"/>
            <n d="-0 1 -0"/>
        </f>
        <f v="15 3 22" fn="0 1 0">
            <n d="-0 1 -0"/>
            <n d="-0 1 -0"/>
            <n d="-0 1 -0"/>
        </f>
        <f v="74 75 3" fn="5.56167206490814e-014 1 -1.33519286741253e-013">
            <n d="-0 1 -0"/>
            <n d="-0 1 -0"/>
            <n d="-0 1 -0"/>
        </f>
        <f v="73 74 3" fn="1.85683339604453e-014 1 -4.45770746178111e-014">
            <n d="-0 1 -0"/>
            <n d="-0 1 -0"/>
            <n d="-0 1 -0"/>
        </f>
        <f v="15 73 3" fn="-3.76791636960529e-014 1 3.76791636960529e-014">
            <n d="-0 1 -0"/>
            <n d="-0 1 -0"/>
            <n d="-0 1 -0"/>
        </f>
        <f v="87 15 22" fn="-0 1 0">
            <n d="-0 1 -0"/>
            <n d="-0 1 -0"/>
            <n d="-0 1 -0"/>
        </f>
        <f v="86 87 23" fn="-0 1 0">
            <n d="-0 1 -0"/>
            <n d="-0 1 -0"/>
            <n d="-0 1 -0"/>
        </f>
        <f v="41 86 23" fn="0 1 0">
            <n d="-0 1 -0"/>
            <n d="-0 1 -0"/>
            <n d="-0 1 -0"/>
        </f>
        <f v="41 85 86" fn="0 1 0">
            <n d="-0 1 -0"/>
            <n d="-0 1 -0"/>
            <n d="-0 1 -0"/>
        </f>
        <f v="40 6 85" fn="0 1 0">
            <n d="-0 1 -0"/>
            <n d="-0 1 -0"/>
            <n d="-0 1 -0"/>
        </f>
        <f v="7 36 6" fn="0 1 0">
            <n d="-0 1 -0"/>
            <n d="-0 1 -0"/>
            <n d="-0 1 -0"/>
        </f>
        <f v="7 35 36" fn="0 1 0">
            <n d="-0 1 -0"/>
            <n d="-0 1 -0"/>
            <n d="-0 1 -0"/>
        </f>
        <f v="7 34 35" fn="-0 1 -0">
            <n d="-0 1 -0"/>
            <n d="-0 1 -0"/>
            <n d="-0 1 -0"/>
        </f>
        <f v="40 7 6" fn="-0 1 -0">
            <n d="-0 1 -0"/>
            <n d="-0 1 -0"/>
            <n d="-0 1 -0"/>
        </f>
        <f v="41 40 85" fn="-0 1 -0">
            <n d="-0 1 -0"/>
            <n d="-0 1 -0"/>
            <n d="-0 1 -0"/>
        </f>
        <f v="56 41 23" fn="-0 1 0">
            <n d="-0 1 -0"/>
            <n d="-0 1 -0"/>
            <n d="-0 1 -0"/>
        </f>
        <f v="12 8 42" fn="0 1 0">
            <n d="-0 1 -0"/>
            <n d="-0 1 -0"/>
            <n d="-0 1 -0"/>
        </f>
        <f v="83 84 8" fn="-5.56167206490814e-014 1 1.33519286741253e-013">
            <n d="-0 1 -0"/>
            <n d="-0 1 -0"/>
            <n d="-0 1 -0"/>
        </f>
        <f v="82 83 8" fn="-1.85683339604453e-014 1 4.45770746178111e-014">
            <n d="-0 1 -0"/>
            <n d="-0 1 -0"/>
            <n d="-0 1 -0"/>
        </f>
        <f v="12 82 8" fn="3.76791636960529e-014 1 -3.76791636960529e-014">
            <n d="-0 1 -0"/>
            <n d="-0 1 -0"/>
            <n d="-0 1 -0"/>
        </f>
        <f v="57 56 23" fn="-0 1 -0">
            <n d="-0 1 -0"/>
            <n d="-0 1 -0"/>
            <n d="-0 1 -0"/>
        </f>
        <f v="55 12 42" fn="0 1 0">
            <n d="-0 1 -0"/>
            <n d="-0 1 -0"/>
            <n d="-0 1 -0"/>
        </f>
        <f v="55 42 41" fn="-0 1 -0">
            <n d="-0 1 -0"/>
            <n d="-0 1 -0"/>
            <n d="-0 1 -0"/>
        </f>
        <f v="56 55 41" fn="-0 1 -0">
            <n d="-0 1 -0"/>
            <n d="-0 1 -0"/>
            <n d="-0 1 -0"/>
        </f>
        <f v="57 24 13" fn="0 1 0">
            <n d="-0 1 -0"/>
            <n d="-0 1 -0"/>
            <n d="-0 1 -0"/>
        </f>
    </facets>
    <facets color="333333">
        <f v="71 32 33" fn="1 0 0">
            <n d="1 -0 -0"/>
            <n d="1 -0 -0"/>
            <n d="1 -0 -0"/>
        </f>
        <f v="85 31 32" fn="1 -0 -0">
            <n d="1 -0 -0"/>
            <n d="1 -0 -0"/>
            <n d="1 -0 -0"/>
        </f>
        <f v="85 6 31" fn="1 -0 -0">
            <n d="1 -0 -0"/>
            <n d="1 -0 -0"/>
            <n d="1 -0 -0"/>
        </f>
        <f v="86 85 32" fn="1 -0 -0">
            <n d="1 -0 -0"/>
            <n d="1 -0 -0"/>
            <n d="1 -0 -0"/>
        </f>
        <f v="77 86 32" fn="1 0 0">
            <n d="1 -0 -0"/>
            <n d="1 -0 -0"/>
            <n d="1 -0 -0"/>
        </f>
        <f v="78 87 86" fn="1 -0 -0">
            <n d="1 -0 -0"/>
            <n d="1 -0 -0"/>
            <n d="1 -0 -0"/>
        </f>
        <f v="78 15 87" fn="1 -0 -0">
            <n d="1 -0 -0"/>
            <n d="1 -0 -0"/>
            <n d="1 -0 -0"/>
        </f>
        <f v="77 78 86" fn="1 -0 -0">
            <n d="1 -0 -0"/>
            <n d="1 -0 -0"/>
            <n d="1 -0 -0"/>
        </f>
        <f v="71 77 32" fn="1 -0 0">
            <n d="1 -0 -0"/>
            <n d="1 -0 -0"/>
            <n d="1 -0 -0"/>
        </f>
        <f v="70 71 33" fn="1 -0 -0">
            <n d="1 -0 -0"/>
            <n d="1 -0 -0"/>
            <n d="1 -0 -0"/>
        </f>
        <f v="72 14 76" fn="1 0 0">
            <n d="1 -0 -0"/>
            <n d="1 -0 -0"/>
            <n d="1 -0 -0"/>
        </f>
        <f v="72 76 77" fn="1 -0 -0">
            <n d="1 -0 -0"/>
            <n d="1 -0 -0"/>
            <n d="1 -0 -0"/>
        </f>
        <f v="71 72 77" fn="1 -0 -0">
            <n d="1 -0 -0"/>
            <n d="1 -0 -0"/>
            <n d="1 -0 -0"/>
        </f>
        <f v="70 33 4" fn="1 0 0">
            <n d="1 -0 -0"/>
            <n d="1 -0 -0"/>
            <n d="1 -0 -0"/>
        </f>
    </facets>
</shell>
<shell id="id96">
    <verts>
        <v p="-1.58 -0.44 1.15"/>
        <v p="1.58 -0.44 1.15"/>
        <v p="1.58 0 1.15"/>
        <v p="-1.58 0 1.15"/>
        <v p="-1.58 -0.46 1.13"/>
        <v p="-1.58 -0.46 -1.13"/>
        <v p="1.58 -0.46 -1.13"/>
        <v p="1.58 -0.46 1.13"/>
        <v p="1.6 -0.44 1.13"/>
        <v p="1.6 -0.44 -1.13"/>
        <v p="1.6 0 -1.13"/>
        <v p="1.6 0 1.13"/>
        <v p="-1.6 0 1.13"/>
        <v p="-1.6 0 -1.13"/>
        <v p="-1.6 -0.44 -1.13"/>
        <v p="-1.6 -0.44 1.13"/>
        <v p="-1.58 0 -1.15"/>
        <v p="1.58 0 -1.15"/>
        <v p="1.58 -0.44 -1.15"/>
        <v p="-1.58 -0.44 -1.15"/>
        <v p="-0.79 -0.44 1.15"/>
        <v p="0 -0.44 1.15"/>
        <v p="0.79 -0.44 1.15"/>
        <v p="1.58 -0.33 1.15"/>
        <v p="1.58 -0.22 1.15"/>
        <v p="1.58 -0.11 1.15"/>
        <v p="0.79 0 1.15"/>
        <v p="0 0 1.15"/>
        <v p="-0.79 0 1.15"/>
        <v p="-1.58 -0.11 1.15"/>
        <v p="-1.58 -0.22 1.15"/>
        <v p="-1.58 -0.33 1.15"/>
        <v p="-1.58 -0.46 0.565"/>
        <v p="-1.58 -0.46 0"/>
        <v p="-1.58 -0.46 -0.565"/>
        <v p="-0.79 -0.46 -1.13"/>
        <v p="0 -0.46 -1.13"/>
        <v p="0.79 -0.46 -1.13"/>
        <v p="1.58 -0.46 -0.565"/>
        <v p="1.58 -0.46 0"/>
        <v p="1.58 -0.46 0.565"/>
        <v p="0.79 -0.46 1.13"/>
        <v p="0 -0.46 1.13"/>
        <v p="-0.79 -0.46 1.13"/>
        <v p="1.6 -0.44 0.565"/>
        <v p="1.6 -0.44 0"/>
        <v p="1.6 -0.44 -0.565"/>
        <v p="1.6 -0.33 -1.13"/>
        <v p="1.6 -0.22 -1.13"/>
        <v p="1.6 -0.11 -1.13"/>
        <v p="1.6 0 -0.565"/>
        <v p="1.6 0 0"/>
        <v p="1.6 0 0.565"/>
        <v p="1.6 -0.11 1.13"/>
        <v p="1.6 -0.22 1.13"/>
        <v p="1.6 -0.33 1.13"/>
        <v p="-1.6 0 0.565"/>
        <v p="-1.6 0 0"/>
        <v p="-1.6 0 -0.565"/>
        <v p="-1.6 -0.11 -1.13"/>
        <v p="-1.6 -0.22 -1.13"/>
        <v p="-1.6 -0.33 -1.13"/>
        <v p="-1.6 -0.44 -0.565"/>
        <v p="-1.6 -0.44 0"/>
        <v p="-1.6 -0.44 0.565"/>
        <v p="-1.6 -0.33 1.13"/>
        <v p="-1.6 -0.22 1.13"/>
        <v p="-1.6 -0.11 1.13"/>
        <v p="-0.79 0 -1.15"/>
        <v p="0 0 -1.15"/>
        <v p="0.79 0 -1.15"/>
        <v p="1.58 -0.11 -1.15"/>
        <v p="1.58 -0.22 -1.15"/>
        <v p="1.58 -0.33 -1.15"/>
        <v p="0.79 -0.44 -1.15"/>
        <v p="0 -0.44 -1.15"/>
        <v p="-0.79 -0.44 -1.15"/>
        <v p="-1.58 -0.33 -1.15"/>
        <v p="-1.58 -0.22 -1.15"/>
        <v p="-1.58 -0.11 -1.15"/>
        <v p="1.59863753582133 -0.44 -1.13725549850173"/>
        <v p="1.59419825040083 -0.44 -1.14408579729924"/>
        <v p="1.5873973341987 -0.44 -1.14858169655206"/>
        <v p="1.59863753582133 0 -1.13725549850173"/>
        <v p="1.59419825040083 0 -1.14408579729924"/>
        <v p="1.5873973341987 0 -1.14858169655206"/>
        <v p="1.59858169655206 -0.447397334198697 -1.13"/>
        <v p="1.59408579729924 -0.454198250400833 -1.13"/>
        <v p="1.58725549850173 -0.458637535821332 -1.13"/>
        <v p="1.58 -0.458581696552059 -1.1373973341987"/>
        <v p="1.58 -0.454085797299238 -1.14419825040083"/>
        <v p="1.58 -0.447255498501727 -1.14863753582133"/>
        <v p="1.59863753582133 -0.447255498501727 1.13"/>
        <v p="1.59419825040083 -0.454085797299238 1.13"/>
        <v p="1.5873973341987 -0.458581696552059 1.13"/>
        <v p="-1.58 -0.458637535821332 -1.13725549850173"/>
        <v p="-1.58 -0.454198250400833 -1.14408579729924"/>
        <v p="-1.58 -0.447397334198697 -1.14858169655206"/>
        <v p="1.59858169655206 -0.44 1.1373973341987"/>
        <v p="1.59408579729924 -0.44 1.14419825040083"/>
        <v p="1.58725549850173 -0.44 1.14863753582133"/>
        <v p="1.58 -0.447397334198697 1.14858169655206"/>
        <v p="1.58 -0.454198250400833 1.14408579729924"/>
        <v p="1.58 -0.458637535821332 1.13725549850173"/>
        <v p="-1.5873973341987 -0.458581696552059 -1.13"/>
        <v p="-1.59419825040083 -0.454085797299238 -1.13"/>
        <v p="-1.59863753582133 -0.447255498501727 -1.13"/>
        <v p="-1.59858169655206 -0.44 -1.1373973341987"/>
        <v p="-1.59408579729924 -0.44 -1.14419825040083"/>
        <v p="-1.58725549850173 -0.44 -1.14863753582133"/>
        <v p="1.58725549850173 0 1.14863753582133"/>
        <v p="1.59408579729924 0 1.14419825040083"/>
        <v p="1.59858169655206 0 1.1373973341987"/>
        <v p="-1.58 -0.447255498501727 1.14863753582133"/>
        <v p="-1.58 -0.454085797299238 1.14419825040083"/>
        <v p="-1.58 -0.458581696552059 1.1373973341987"/>
        <v p="-1.58725549850173 -0.458637535821332 1.13"/>
        <v p="-1.59408579729924 -0.454198250400833 1.13"/>
        <v p="-1.59858169655206 -0.447397334198697 1.13"/>
        <v p="-1.58725549850173 0 -1.14863753582133"/>
        <v p="-1.59408579729924 0 -1.14419825040083"/>
        <v p="-1.59858169655206 0 -1.1373973341987"/>
        <v p="-1.5873973341987 -0.44 1.14858169655206"/>
        <v p="-1.59419825040083 -0.44 1.14408579729924"/>
        <v p="-1.59863753582133 -0.44 1.13725549850173"/>
        <v p="-1.59863753582133 0 1.13725549850173"/>
        <v p="-1.59419825040083 0 1.14408579729924"/>
        <v p="-1.5873973341987 0 1.14858169655206"/>
    </verts>
    <facets color="f9f9f9">
        <f v="21 30 31" fn="0 0 1">
            <n d="-0 -0 1"/>
            <n d="-0 -0 1"/>
            <n d="-0 -0 1"/>
        </f>
        <f v="27 29 30" fn="0 0 1">
            <n d="-0 -0 1"/>
            <n d="-0 -0 1"/>
            <n d="-0 -0 1"/>
        </f>
        <f v="28 3 29" fn="0 -0 1">
            <n d="-0 -0 1"/>
            <n d="-0 -0 1"/>
            <n d="-0 -0 1"/>
        </f>
        <f v="27 28 29" fn="0 -0 1">
            <n d="-0 -0 1"/>
            <n d="-0 -0 1"/>
            <n d="-0 -0 1"/>
        </f>
        <f v="24 27 30" fn="0 0 1">
            <n d="-0 -0 1"/>
            <n d="-0 -0 1"/>
            <n d="-0 -0 1"/>
        </f>
        <f v="25 26 27" fn="-0 -0 1">
            <n d="-0 -0 1"/>
            <n d="-0 -0 1"/>
            <n d="-0 -0 1"/>
        </f>
        <f v="25 2 26" fn="-0 -0 1">
            <n d="-0 -0 1"/>
            <n d="-0 -0 1"/>
            <n d="-0 -0 1"/>
        </f>
        <f v="24 25 27" fn="-0 -0 1">
            <n d="-0 -0 1"/>
            <n d="-0 -0 1"/>
            <n d="-0 -0 1"/>
        </f>
        <f v="21 24 30" fn="0 -0 1">
            <n d="-0 -0 1"/>
            <n d="-0 -0 1"/>
            <n d="-0 -0 1"/>
        </f>
        <f v="20 21 31" fn="-0 -0 1">
            <n d="-0 -0 1"/>
            <n d="-0 -0 1"/>
            <n d="-0 -0 1"/>
        </f>
        <f v="22 1 23" fn="0 0 1">
            <n d="-0 -0 1"/>
            <n d="-0 -0 1"/>
            <n d="-0 -0 1"/>
        </f>
        <f v="21 23 24" fn="0 0 1">
            <n d="-0 -0 1"/>
            <n d="-0 -0 1"/>
            <n d="-0 -0 1"/>
        </f>
        <f v="21 22 23" fn="-0 -0 1">
            <n d="-0 -0 1"/>
            <n d="-0 -0 1"/>
            <n d="-0 -0 1"/>
        </f>
        <f v="20 31 0" fn="0 0 1">
            <n d="-0 -0 1"/>
            <n d="-0 -0 1"/>
            <n d="-0 -0 1"/>
        </f>
    </facets>
    <facets color="f9f9f9">
        <f v="42 32 33" fn="-0 -1 -0">
            <n d="0 -1 0"/>
            <n d="0 -1 0"/>
            <n d="0 -1 0"/>
        </f>
        <f v="35 33 34" fn="0 -1 0">
            <n d="0 -1 0"/>
            <n d="0 -1 0"/>
            <n d="0 -1 0"/>
        </f>
        <f v="35 34 5" fn="0 -1 0">
            <n d="0 -1 0"/>
            <n d="0 -1 0"/>
            <n d="0 -1 0"/>
        </f>
        <f v="36 33 35" fn="0 -1 0">
            <n d="0 -1 0"/>
            <n d="0 -1 0"/>
            <n d="0 -1 0"/>
        </f>
        <f v="39 33 36" fn="-0 -1 -0">
            <n d="0 -1 0"/>
            <n d="0 -1 0"/>
            <n d="0 -1 0"/>
        </f>
        <f v="38 36 37" fn="0 -1 0">
            <n d="0 -1 0"/>
            <n d="0 -1 0"/>
            <n d="0 -1 0"/>
        </f>
        <f v="38 37 6" fn="0 -1 -0">
            <n d="0 -1 0"/>
            <n d="0 -1 0"/>
            <n d="0 -1 0"/>
        </f>
        <f v="39 36 38" fn="0 -1 -0">
            <n d="0 -1 0"/>
            <n d="0 -1 0"/>
            <n d="0 -1 0"/>
        </f>
        <f v="42 33 39" fn="-0 -1 -0">
            <n d="0 -1 0"/>
            <n d="0 -1 0"/>
            <n d="0 -1 0"/>
        </f>
        <f v="41 39 40" fn="0 -1 0">
            <n d="0 -1 0"/>
            <n d="0 -1 0"/>
            <n d="0 -1 0"/>
        </f>
        <f v="41 40 7" fn="0 -1 0">
            <n d="0 -1 0"/>
            <n d="0 -1 0"/>
            <n d="0 -1 0"/>
        </f>
        <f v="43 32 42" fn="0 -1 -0">
            <n d="0 -1 0"/>
            <n d="0 -1 0"/>
            <n d="0 -1 0"/>
        </f>
        <f v="42 39 41" fn="0 -1 0">
            <n d="0 -1 0"/>
            <n d="0 -1 0"/>
            <n d="0 -1 0"/>
        </f>
        <f v="43 4 32" fn="-0 -1 -0">
            <n d="0 -1 0"/>
            <n d="0 -1 0"/>
            <n d="0 -1 0"/>
        </f>
    </facets>
    <facets color="f9f9f9">
        <f v="45 54 55" fn="1 0 0">
            <n d="1 -0 -0"/>
            <n d="1 -0 -0"/>
            <n d="1 -0 -0"/>
        </f>
        <f v="52 53 54" fn="1 -0 -0">
            <n d="1 -0 -0"/>
            <n d="1 -0 -0"/>
            <n d="1 -0 -0"/>
        </f>
        <f v="52 11 53" fn="1 -0 -0">
            <n d="1 -0 -0"/>
            <n d="1 -0 -0"/>
            <n d="1 -0 -0"/>
        </f>
        <f v="51 52 54" fn="1 -0 -0">
            <n d="1 -0 -0"/>
            <n d="1 -0 -0"/>
            <n d="1 -0 -0"/>
        </f>
        <f v="48 51 54" fn="1 0 0">
            <n d="1 -0 -0"/>
            <n d="1 -0 -0"/>
            <n d="1 -0 -0"/>
        </f>
        <f v="48 50 51" fn="1 0 0">
            <n d="1 -0 -0"/>
            <n d="1 -0 -0"/>
            <n d="1 -0 -0"/>
        </f>
        <f v="49 10 50" fn="1 -0 -0">
            <n d="1 -0 -0"/>
            <n d="1 -0 -0"/>
            <n d="1 -0 -0"/>
        </f>
        <f v="48 49 50" fn="1 -0 -0">
            <n d="1 -0 -0"/>
            <n d="1 -0 -0"/>
            <n d="1 -0 -0"/>
        </f>
        <f v="45 48 54" fn="1 -0 0">
            <n d="1 -0 -0"/>
            <n d="1 -0 -0"/>
            <n d="1 -0 -0"/>
        </f>
        <f v="44 45 55" fn="1 -0 -0">
            <n d="1 -0 -0"/>
            <n d="1 -0 -0"/>
            <n d="1 -0 -0"/>
        </f>
        <f v="46 9 47" fn="1 0 0">
            <n d="1 -0 -0"/>
            <n d="1 -0 -0"/>
            <n d="1 -0 -0"/>
        </f>
        <f v="45 47 48" fn="1 0 0">
            <n d="1 -0 -0"/>
            <n d="1 -0 -0"/>
            <n d="1 -0 -0"/>
        </f>
        <f v="45 46 47" fn="1 -0 -0">
            <n d="1 -0 -0"/>
            <n d="1 -0 -0"/>
            <n d="1 -0 -0"/>
        </f>
        <f v="44 55 8" fn="1 0 0">
            <n d="1 -0 -0"/>
            <n d="1 -0 -0"/>
            <n d="1 -0 -0"/>
        </f>
    </facets>
    <facets color="f9f9f9">
        <f v="56 66 67" fn="-1 0 0">
            <n d="-1 -0 9.42784497813482e-017"/>
            <n d="-1 -0 9.42784497813482e-017"/>
            <n d="-1 -0 9.42784497813482e-017"/>
        </f>
        <f v="64 15 65" fn="-1 0 0">
            <n d="-1 -0 9.42784497813482e-017"/>
            <n d="-1 -0 9.42784497813482e-017"/>
            <n d="-1 -0 9.42784497813482e-017"/>
        </f>
        <f v="63 65 66" fn="-1 0 0">
            <n d="-1 -0 9.42784497813482e-017"/>
            <n d="-1 -0 9.42784497813482e-017"/>
            <n d="-1 -0 9.42784497813482e-017"/>
        </f>
        <f v="63 64 65" fn="-1 -0 -0">
            <n d="-1 -0 9.42784497813482e-017"/>
            <n d="-1 -0 9.42784497813482e-017"/>
            <n d="-1 -0 9.42784497813482e-017"/>
        </f>
        <f v="60 63 66" fn="-1 0 0">
            <n d="-1 -0 9.42784497813482e-017"/>
            <n d="-1 -0 9.42784497813482e-017"/>
            <n d="-1 -0 9.42784497813482e-017"/>
        </f>
        <f v="61 62 63" fn="-1 -0 -0">
            <n d="-1 -0 9.42784497813482e-017"/>
            <n d="-1 -0 9.42784497813482e-017"/>
            <n d="-1 -0 9.42784497813482e-017"/>
        </f>
        <f v="61 14 62" fn="-1 -0 -0">
            <n d="-1 -0 9.42784497813482e-017"/>
            <n d="-1 -0 9.42784497813482e-017"/>
            <n d="-1 -0 9.42784497813482e-017"/>
        </f>
        <f v="60 61 63" fn="-1 -0 -0">
            <n d="-1 -0 9.42784497813482e-017"/>
            <n d="-1 -0 9.42784497813482e-017"/>
            <n d="-1 -0 9.42784497813482e-017"/>
        </f>
        <f v="57 60 66" fn="-1 -0 0">
            <n d="-1 -0 9.42784497813482e-017"/>
            <n d="-1 -0 9.42784497813482e-017"/>
            <n d="-1 -0 9.42784497813482e-017"/>
        </f>
        <f v="58 59 60" fn="-1 -0 -0">
            <n d="-1 -0 9.42784497813482e-017"/>
            <n d="-1 -0 9.42784497813482e-017"/>
            <n d="-1 -0 9.42784497813482e-017"/>
        </f>
        <f v="58 13 59" fn="-1 -0 -0">
            <n d="-1 -0 9.42784497813482e-017"/>
            <n d="-1 -0 9.42784497813482e-017"/>
            <n d="-1 -0 9.42784497813482e-017"/>
        </f>
        <f v="56 57 66" fn="-1 -0 -0">
            <n d="-1 -0 9.42784497813482e-017"/>
            <n d="-1 -0 9.42784497813482e-017"/>
            <n d="-1 -0 9.42784497813482e-017"/>
        </f>
        <f v="57 58 60" fn="-1 -0 -0">
            <n d="-1 -0 9.42784497813482e-017"/>
            <n d="-1 -0 9.42784497813482e-017"/>
            <n d="-1 -0 9.42784497813482e-017"/>
        </f>
        <f v="56 67 12" fn="-1 0 0">
            <n d="-1 -0 9.42784497813482e-017"/>
            <n d="-1 -0 9.42784497813482e-017"/>
            <n d="-1 -0 9.42784497813482e-017"/>
        </f>
    </facets>
    <facets color="f9f9f9">
        <f v="69 78 79" fn="0 0 -1">
            <n d="-0 -0 -1"/>
            <n d="-0 -0 -1"/>
            <n d="-0 -0 -1"/>
        </f>
        <f v="76 19 77" fn="0 0 -1">
            <n d="-0 -0 -1"/>
            <n d="-0 -0 -1"/>
            <n d="-0 -0 -1"/>
        </f>
        <f v="75 77 78" fn="0 0 -1">
            <n d="-0 -0 -1"/>
            <n d="-0 -0 -1"/>
            <n d="-0 -0 -1"/>
        </f>
        <f v="75 76 77" fn="-0 -0 -1">
            <n d="-0 -0 -1"/>
            <n d="-0 -0 -1"/>
            <n d="-0 -0 -1"/>
        </f>
        <f v="72 75 78" fn="-0 0 -1">
            <n d="-0 -0 -1"/>
            <n d="-0 -0 -1"/>
            <n d="-0 -0 -1"/>
        </f>
        <f v="73 74 75" fn="-0 -0 -1">
            <n d="-0 -0 -1"/>
            <n d="-0 -0 -1"/>
            <n d="-0 -0 -1"/>
        </f>
        <f v="73 18 74" fn="-0 -0 -1">
            <n d="-0 -0 -1"/>
            <n d="-0 -0 -1"/>
            <n d="-0 -0 -1"/>
        </f>
        <f v="72 73 75" fn="-0 -0 -1">
            <n d="-0 -0 -1"/>
            <n d="-0 -0 -1"/>
            <n d="-0 -0 -1"/>
        </f>
        <f v="69 72 78" fn="0 -0 -1">
            <n d="-0 -0 -1"/>
            <n d="-0 -0 -1"/>
            <n d="-0 -0 -1"/>
        </f>
        <f v="69 71 72" fn="0 0 -1">
            <n d="-0 -0 -1"/>
            <n d="-0 -0 -1"/>
            <n d="-0 -0 -1"/>
        </f>
        <f v="70 17 71" fn="0 -0 -1">
            <n d="-0 -0 -1"/>
            <n d="-0 -0 -1"/>
            <n d="-0 -0 -1"/>
        </f>
        <f v="68 69 79" fn="0 -0 -1">
            <n d="-0 -0 -1"/>
            <n d="-0 -0 -1"/>
            <n d="-0 -0 -1"/>
        </f>
        <f v="69 70 71" fn="0 -0 -1">
            <n d="-0 -0 -1"/>
            <n d="-0 -0 -1"/>
            <n d="-0 -0 -1"/>
        </f>
        <f v="68 79 16" fn="-0 0 -1">
            <n d="-0 -0 -1"/>
            <n d="-0 -0 -1"/>
            <n d="-0 -0 -1"/>
        </f>
    </facets>
    <facets color="f9f9f9">
        <f v="47 80 81" fn="0.838192803994588 0.0255509787214846 -0.544775156204892">
            <n d="1 0 -1.83690953073357e-016"/>
            <n d="0.931876791066594 0 -0.362774925086378"/>
            <n d="0.709912520041672 0 -0.704289864961922"/>
        </f>
        <f v="73 82 18" fn="0.188301848632798 -0 -0.982111202360237">
            <n d="-1.22460635382238e-016 0 -1"/>
            <n d="0.369866709934819 0 -0.929084827602944"/>
            <n d="-1.22460635382238e-016 0 -1"/>
        </f>
        <f v="73 81 82" fn="0.551274263866894 0.0263202200012063 -0.83390882716104">
            <n d="-1.22460635382238e-016 0 -1"/>
            <n d="0.709912520041672 0 -0.704289864961922"/>
            <n d="0.369866709934819 0 -0.929084827602944"/>
        </f>
        <f v="72 81 73" fn="0.38451926807253 0 -0.923116965763801">
            <n d="-1.22460635382238e-016 0 -1"/>
            <n d="0.709912520041672 0 -0.704289864961922"/>
            <n d="-1.22460635382238e-016 0 -1"/>
        </f>
        <f v="48 81 72" fn="0.7068562660399 0.0266165046589517 -0.7068562660399">
            <n d="1 0 -1.83690953073357e-016"/>
            <n d="0.709912520041672 0 -0.704289864961922"/>
            <n d="-1.22460635382238e-016 0 -1"/>
        </f>
        <f v="84 72 71" fn="0.384519268072529 -0 -0.923116965763801">
            <n d="0.709912520041672 0 -0.704289864961922"/>
            <n d="-1.22460635382238e-016 0 -1"/>
            <n d="-1.22460635382238e-016 0 -1"/>
        </f>
        <f v="85 71 17" fn="0.188301848632798 0 -0.982111202360237">
            <n d="0.369866709934819 0 -0.929084827602944"/>
            <n d="-1.22460635382238e-016 0 -1"/>
            <n d="-1.22460635382238e-016 0 -1"/>
        </f>
        <f v="84 71 85" fn="0.551274263866894 -0.0263202200012063 -0.83390882716104">
            <n d="0.709912520041672 0 -0.704289864961922"/>
            <n d="-1.22460635382238e-016 0 -1"/>
            <n d="0.369866709934819 0 -0.929084827602944"/>
        </f>
        <f v="48 72 84" fn="0.7068562660399 -0.0266165046589517 -0.7068562660399">
            <n d="1 0 -1.83690953073357e-016"/>
            <n d="-1.22460635382238e-016 0 -1"/>
            <n d="0.709912520041672 0 -0.704289864961922"/>
        </f>
        <f v="47 81 48" fn="0.924638448270913 0 -0.380846084368946">
            <n d="1 0 -1.83690953073357e-016"/>
            <n d="0.709912520041672 0 -0.704289864961922"/>
            <n d="1 0 -1.83690953073357e-016"/>
        </f>
        <f v="49 83 10" fn="0.982821649910762 -0 -0.184557862110198">
            <n d="1 0 -1.83690953073357e-016"/>
            <n d="0.931876791066594 0 -0.362774925086378"/>
            <n d="1 0 -1.83690953073357e-016"/>
        </f>
        <f v="49 84 83" fn="0.838192803994588 -0.0255509787214846 -0.544775156204892">
            <n d="1 0 -1.83690953073357e-016"/>
            <n d="0.709912520041672 0 -0.704289864961922"/>
            <n d="0.931876791066594 0 -0.362774925086378"/>
        </f>
        <f v="48 84 49" fn="0.924638448270913 0 -0.380846084368946">
            <n d="1 0 -1.83690953073357e-016"/>
            <n d="0.709912520041672 0 -0.704289864961922"/>
            <n d="1 0 -1.83690953073357e-016"/>
        </f>
        <f v="47 9 80" fn="0.982821649910762 -0 -0.184557862110198">
            <n d="1 0 -1.83690953073357e-016"/>
            <n d="1 0 -1.83690953073357e-016"/>
            <n d="0.931876791066594 0 -0.362774925086378"/>
        </f>
    </facets>
    <facets color="f9f9f9">
        <f v="81 86 87" fn="0.7311817598016 -0.483364215917702 -0.481385779706568">
            <n d="0.709912520041673 -2.86986127378422e-015 -0.704289864961921"/>
            <n d="0.929084827602941 -0.369866709934826 0"/>
            <n d="0.704289864961925 -0.70991252004167 0"/>
        </f>
        <f v="89 88 6" fn="0.181365898582182 -0.965823561478116 -0.185178991587075">
            <n d="1.11544862011755e-014 -0.92908482760294 -0.369866709934829"/>
            <n d="0.362774925086373 -0.931876791066596 -1.11022302462515e-014"/>
            <n d="-4.28612223837832e-016 -1 0"/>
        </f>
        <f v="89 87 88" fn="0.479340027978668 -0.737514105667437 -0.475716387692258">
            <n d="1.11544862011755e-014 -0.92908482760294 -0.369866709934829"/>
            <n d="0.704289864961925 -0.70991252004167 0"/>
            <n d="0.362774925086373 -0.931876791066596 -1.11022302462515e-014"/>
        </f>
        <f v="90 87 89" fn="0.48138577970658 -0.731181759801598 -0.483364215917693">
            <n d="1.09577638216607e-014 -0.70428986496192 -0.709912520041674"/>
            <n d="0.704289864961925 -0.70991252004167 0"/>
            <n d="1.11544862011755e-014 -0.92908482760294 -0.369866709934829"/>
        </f>
        <f v="81 87 90" fn="0.577350269189632 -0.577350269189627 -0.577350269189618">
            <n d="0.709912520041673 -2.86986127378422e-015 -0.704289864961921"/>
            <n d="0.704289864961925 -0.70991252004167 0"/>
            <n d="1.09577638216607e-014 -0.70428986496192 -0.709912520041674"/>
        </f>
        <f v="82 90 91" fn="0.475716387692261 -0.479340027978647 -0.737514105667449">
            <n d="0.369866709934819 -1.81176449221423e-016 -0.929084827602944"/>
            <n d="1.09577638216607e-014 -0.70428986496192 -0.709912520041674"/>
            <n d="-1.55489767393869e-016 -0.362774925086363 -0.9318767910666"/>
        </f>
        <f v="82 91 18" fn="0.185178991587079 -0.181365898582161 -0.965823561478119">
            <n d="0.369866709934819 -1.81176449221423e-016 -0.929084827602944"/>
            <n d="-1.55489767393869e-016 -0.362774925086363 -0.9318767910666"/>
            <n d="0.000265203753549494 -0.000265203753549494 -0.999999929666967"/>
        </f>
        <f v="81 90 82" fn="0.483364215917687 -0.481385779706556 -0.731181759801618">
            <n d="0.709912520041673 -2.86986127378422e-015 -0.704289864961921"/>
            <n d="1.09577638216607e-014 -0.70428986496192 -0.709912520041674"/>
            <n d="0.369866709934819 -1.81176449221423e-016 -0.929084827602944"/>
        </f>
        <f v="80 86 81" fn="0.737514105667419 -0.475716387692291 -0.479340027978663">
            <n d="0.931876791066594 -3.76716431830691e-015 -0.362774925086378"/>
            <n d="0.929084827602941 -0.369866709934826 0"/>
            <n d="0.709912520041673 -2.86986127378422e-015 -0.704289864961921"/>
        </f>
        <f v="80 9 86" fn="0.965823561478121 -0.185178991587075 -0.181365898582152">
            <n d="0.931876791066594 -3.76716431830691e-015 -0.362774925086378"/>
            <n d="1 -4.89842541528951e-016 0"/>
            <n d="0.929084827602941 -0.369866709934826 0"/>
        </f>
    </facets>
    <facets color="f9f9f9">
        <f v="44 92 93" fn="0.838456165279964 -0.54494632527799 -0.0049760898336265">
            <n d="1 -1.22460635382238e-016 -0"/>
            <n d="0.931876791066598 -0.362774925086367 -0"/>
            <n d="0.709912520041674 -0.70428986496192 -0"/>
        </f>
        <f v="40 94 7" fn="0.188301848632799 -0.982111202360237 -0">
            <n d="-6.12303176911189e-017 -1 0"/>
            <n d="0.369866709934829 -0.92908482760294 -0"/>
            <n d="-6.12303176911189e-017 -1 0"/>
        </f>
        <f v="40 93 94" fn="0.551458066692797 -0.834186864444854 -0.00512599913243246">
            <n d="-6.12303176911189e-017 -1 0"/>
            <n d="0.709912520041674 -0.70428986496192 -0"/>
            <n d="0.369866709934829 -0.92908482760294 -0"/>
        </f>
        <f v="39 93 40" fn="0.384519268072533 -0.9231169657638 0">
            <n d="-6.12303176911189e-017 -1 0"/>
            <n d="0.709912520041674 -0.70428986496192 -0"/>
            <n d="-6.12303176911189e-017 -1 0"/>
        </f>
        <f v="45 93 39" fn="0.707097280728313 -0.707097280728313 -0.00518374124083589">
            <n d="1 -1.22460635382238e-016 -0"/>
            <n d="0.709912520041674 -0.70428986496192 -0"/>
            <n d="-6.12303176911189e-017 -1 0"/>
        </f>
        <f v="87 39 38" fn="0.380846084368955 -0.924638448270909 -0">
            <n d="0.704289864961926 -0.709912520041668 -0"/>
            <n d="-6.12303176911189e-017 -1 0"/>
            <n d="-6.12303176911189e-017 -1 0"/>
        </f>
        <f v="88 38 6" fn="0.184557862110233 -0.982821649910756 0">
            <n d="0.362774925086372 -0.931876791066596 -0"/>
            <n d="-6.12303176911189e-017 -1 0"/>
            <n d="-6.12303176911189e-017 -1 0"/>
        </f>
        <f v="87 38 88" fn="0.544946325278008 -0.838456165279953 0.00497608983362686">
            <n d="0.704289864961926 -0.709912520041668 -0"/>
            <n d="-6.12303176911189e-017 -1 0"/>
            <n d="0.362774925086372 -0.931876791066596 -0"/>
        </f>
        <f v="45 39 87" fn="0.707097280728313 -0.707097280728313 0.00518374124083582">
            <n d="1 -1.22460635382238e-016 -0"/>
            <n d="-6.12303176911189e-017 -1 0"/>
            <n d="0.704289864961926 -0.709912520041668 -0"/>
        </f>
        <f v="46 87 86" fn="0.83418686444485 -0.551458066692803 0.00512599913243258">
            <n d="1 -1.22460635382238e-016 -0"/>
            <n d="0.704289864961926 -0.709912520041668 -0"/>
            <n d="0.929084827602941 -0.369866709934826 -0"/>
        </f>
        <f v="45 87 46" fn="0.923116965763799 -0.384519268072533 0">
            <n d="1 -1.22460635382238e-016 -0"/>
            <n d="0.704289864961926 -0.709912520041668 -0"/>
            <n d="1 -1.22460635382238e-016 -0"/>
        </f>
        <f v="46 86 9" fn="0.982111202360238 -0.188301848632794 0">
            <n d="1 -1.22460635382238e-016 -0"/>
            <n d="0.929084827602941 -0.369866709934826 -0"/>
            <n d="1 -1.22460635382238e-016 -0"/>
        </f>
        <f v="44 93 45" fn="0.924638448270912 -0.380846084368947 0">
            <n d="1 -1.22460635382238e-016 -0"/>
            <n d="0.709912520041674 -0.70428986496192 -0"/>
            <n d="1 -1.22460635382238e-016 -0"/>
        </f>
        <f v="44 8 92" fn="0.982821649910755 -0.184557862110236 -0">
            <n d="1 -1.22460635382238e-016 -0"/>
            <n d="1 -1.22460635382238e-016 -0"/>
            <n d="0.931876791066598 -0.362774925086367 -0"/>
        </f>
    </facets>
    <facets color="f9f9f9">
        <f v="35 95 96" fn="0.00355887058245386 -0.83846123633543 -0.544949621160562">
            <n d="0 -1 6.12303176911189e-017"/>
            <n d="0 -0.9318767910666 -0.362774925086363"/>
            <n d="0 -0.709912520041674 -0.70428986496192"/>
        </f>
        <f v="76 96 97" fn="0.00366608619940886 -0.551461605943854 -0.834192218245774">
            <n d="0 -1.22460635382238e-016 -1"/>
            <n d="0 -0.709912520041674 -0.70428986496192"/>
            <n d="0 -0.369866709934831 -0.929084827602939"/>
        </f>
        <f v="76 97 19" fn="-0 -0.188301848632791 -0.982111202360239">
            <n d="0 -1.22460635382238e-016 -1"/>
            <n d="0 -0.369866709934831 -0.929084827602939"/>
            <n d="0 -1.22460635382238e-016 -1"/>
        </f>
        <f v="75 96 76" fn="-0 -0.384519268072546 -0.923116965763794">
            <n d="0 -1.22460635382238e-016 -1"/>
            <n d="0 -0.709912520041674 -0.70428986496192"/>
            <n d="0 -1.22460635382238e-016 -1"/>
        </f>
        <f v="36 96 75" fn="0.00370738357472649 -0.707101921687047 -0.707101921687047">
            <n d="0 -1 6.12303176911189e-017"/>
            <n d="0 -0.709912520041674 -0.70428986496192"/>
            <n d="0 -1.22460635382238e-016 -1"/>
        </f>
        <f v="90 75 74" fn="-0 -0.380846084368947 -0.924638448270912">
            <n d="0 -0.70428986496192 -0.709912520041674"/>
            <n d="0 -1.22460635382238e-016 -1"/>
            <n d="0 -1.22460635382238e-016 -1"/>
        </f>
        <f v="91 74 18" fn="0 -0.184557862110207 -0.982821649910761">
            <n d="0 -0.362774925086364 -0.9318767910666"/>
            <n d="0 -1.22460635382238e-016 -1"/>
            <n d="0 -1.22460635382238e-016 -1"/>
        </f>
        <f v="90 74 91" fn="-0.00355887058245419 -0.544949621160564 -0.838461236335428">
            <n d="0 -0.70428986496192 -0.709912520041674"/>
            <n d="0 -1.22460635382238e-016 -1"/>
            <n d="0 -0.362774925086364 -0.9318767910666"/>
        </f>
        <f v="36 75 90" fn="-0.00370738357472664 -0.707101921687047 -0.707101921687047">
            <n d="0 -1 6.12303176911189e-017"/>
            <n d="0 -1.22460635382238e-016 -1"/>
            <n d="0 -0.70428986496192 -0.709912520041674"/>
        </f>
        <f v="36 90 37" fn="0 -0.9231169657638 -0.384519268072533">
            <n d="0 -1 6.12303176911189e-017"/>
            <n d="0 -0.70428986496192 -0.709912520041674"/>
            <n d="0 -1 6.12303176911189e-017"/>
        </f>
        <f v="37 90 89" fn="-0.00366608619940843 -0.834192218245794 -0.551461605943823">
            <n d="0 -1 6.12303176911189e-017"/>
            <n d="0 -0.70428986496192 -0.709912520041674"/>
            <n d="0 -0.92908482760294 -0.369866709934829"/>
        </f>
        <f v="37 89 6" fn="0 -0.982111202360237 -0.188301848632799">
            <n d="0 -1 6.12303176911189e-017"/>
            <n d="0 -0.92908482760294 -0.369866709934829"/>
            <n d="0 -1 6.12303176911189e-017"/>
        </f>
        <f v="35 96 36" fn="0 -0.924638448270907 -0.38084608436896">
            <n d="0 -1 6.12303176911189e-017"/>
            <n d="0 -0.709912520041674 -0.70428986496192"/>
            <n d="0 -1 6.12303176911189e-017"/>
        </f>
        <f v="35 5 95" fn="-0 -0.982821649910755 -0.184557862110238">
            <n d="0 -1 6.12303176911189e-017"/>
            <n d="0 -1 6.12303176911189e-017"/>
            <n d="0 -0.9318767910666 -0.362774925086363"/>
        </f>
    </facets>
    <facets color="f9f9f9">
        <f v="93 98 99" fn="0.731181759801603 -0.481385779706566 0.4833642159177">
            <n d="0.709912520041674 -0.70428986496192 0"/>
            <n d="0.929084827602944 0 0.369866709934819"/>
            <n d="0.704289864961927 2.77555756156289e-015 0.709912520041667"/>
        </f>
        <f v="101 99 100" fn="0.479340027978652 -0.475716387692233 0.737514105667463">
            <n d="2.26470561526787e-017 -0.369866709934832 0.929084827602939"/>
            <n d="0.704289864961927 2.77555756156289e-015 0.709912520041667"/>
            <n d="0.362774925086376 2.77555756156291e-015 0.931876791066595"/>
        </f>
        <f v="101 100 1" fn="0.181365898582216 -0.1851789915871 0.965823561478105">
            <n d="2.26470561526787e-017 -0.369866709934832 0.929084827602939"/>
            <n d="0.362774925086376 2.77555756156291e-015 0.931876791066595"/>
            <n d="0.000265203753549495 -0.000265203753549493 0.999999929666967"/>
        </f>
        <f v="102 99 101" fn="0.481385779706566 -0.483364215917675 0.731181759801619">
            <n d="1.1392989812302e-014 -0.70991252004167 0.704289864961924"/>
            <n d="0.704289864961927 2.77555756156289e-015 0.709912520041667"/>
            <n d="2.26470561526787e-017 -0.369866709934832 0.929084827602939"/>
        </f>
        <f v="93 99 102" fn="0.577350269189633 -0.577350269189617 0.577350269189627">
            <n d="0.709912520041674 -0.70428986496192 0"/>
            <n d="0.704289864961927 2.77555756156289e-015 0.709912520041667"/>
            <n d="1.1392989812302e-014 -0.70991252004167 0.704289864961924"/>
        </f>
        <f v="94 103 7" fn="0.18517899158708 -0.965823561478116 0.181365898582174">
            <n d="0.369866709934829 -0.92908482760294 0"/>
            <n d="1.08168062353478e-014 -0.931876791066597 0.362774925086371"/>
            <n d="6.12303176911189e-017 -1 0"/>
        </f>
        <f v="94 102 103" fn="0.475716387692265 -0.737514105667441 0.479340027978655">
            <n d="0.369866709934829 -0.92908482760294 0"/>
            <n d="1.1392989812302e-014 -0.70991252004167 0.704289864961924"/>
            <n d="1.08168062353478e-014 -0.931876791066597 0.362774925086371"/>
        </f>
        <f v="93 102 94" fn="0.483364215917698 -0.731181759801604 0.481385779706566">
            <n d="0.709912520041674 -0.70428986496192 0"/>
            <n d="1.1392989812302e-014 -0.70991252004167 0.704289864961924"/>
            <n d="0.369866709934829 -0.92908482760294 0"/>
        </f>
        <f v="92 98 93" fn="0.737514105667446 -0.479340027978652 0.475716387692258">
            <n d="0.931876791066598 -0.362774925086367 1.11022302462516e-014"/>
            <n d="0.929084827602944 0 0.369866709934819"/>
            <n d="0.709912520041674 -0.70428986496192 0"/>
        </f>
        <f v="92 8 98" fn="0.965823561478115 -0.181365898582184 0.185178991587078">
            <n d="0.931876791066598 -0.362774925086367 1.11022302462516e-014"/>
            <n d="1 0 0"/>
            <n d="0.929084827602944 0 0.369866709934819"/>
        </f>
    </facets>
    <facets color="f9f9f9">
        <f v="96 104 105" fn="-0.483364215917693 -0.731181759801588 -0.481385779706595">
            <n d="1.12191171357619e-014 -0.709912520041674 -0.70428986496192"/>
            <n d="-0.369866709934838 -0.929084827602937 0"/>
            <n d="-0.70991252004168 -0.704289864961914 0"/>
        </f>
        <f v="107 106 14" fn="-0.965823561478108 -0.181365898582224 -0.185178991587077">
            <n d="-0.929084827602944 1.13776318312253e-016 -0.369866709934819"/>
            <n d="-0.931876791066597 -0.362774925086371 1.11022302462517e-014"/>
            <n d="-1 1.22460635382238e-016 0"/>
        </f>
        <f v="107 105 106" fn="-0.737514105667519 -0.479340027978621 -0.475716387692177">
            <n d="-0.929084827602944 1.13776318312253e-016 -0.369866709934819"/>
            <n d="-0.70991252004168 -0.704289864961914 0"/>
            <n d="-0.931876791066597 -0.362774925086371 1.11022302462517e-014"/>
        </f>
        <f v="108 105 107" fn="-0.731181759801607 -0.481385779706557 -0.483364215917703">
            <n d="-0.704289864961927 2.90115555108365e-015 -0.709912520041667"/>
            <n d="-0.70991252004168 -0.704289864961914 0"/>
            <n d="-0.929084827602944 1.13776318312253e-016 -0.369866709934819"/>
        </f>
        <f v="96 105 108" fn="-0.577350269189611 -0.577350269189624 -0.577350269189642">
            <n d="1.12191171357619e-014 -0.709912520041674 -0.70428986496192"/>
            <n d="-0.70991252004168 -0.704289864961914 0"/>
            <n d="-0.704289864961927 2.90115555108365e-015 -0.709912520041667"/>
        </f>
        <f v="97 108 109" fn="-0.479340027978661 -0.475716387692202 -0.737514105667478">
            <n d="-1.12372005860645e-014 -0.36986670993483 -0.92908482760294"/>
            <n d="-0.704289864961927 2.90115555108365e-015 -0.709912520041667"/>
            <n d="-0.362774925086376 2.78320095502223e-015 -0.931876791066595"/>
        </f>
        <f v="96 108 97" fn="-0.481385779706599 -0.483364215917737 -0.731181759801556">
            <n d="1.12191171357619e-014 -0.709912520041674 -0.70428986496192"/>
            <n d="-0.704289864961927 2.90115555108365e-015 -0.709912520041667"/>
            <n d="-1.12372005860645e-014 -0.36986670993483 -0.92908482760294"/>
        </f>
        <f v="97 109 19" fn="-0.181365898582217 -0.185178991587065 -0.965823561478111">
            <n d="-1.12372005860645e-014 -0.36986670993483 -0.92908482760294"/>
            <n d="-0.362774925086376 2.78320095502223e-015 -0.931876791066595"/>
            <n d="-0.000265203753549499 -0.000265203753549489 -0.999999929666967"/>
        </f>
        <f v="95 5 104" fn="-0.185178991587067 -0.965823561478114 -0.181365898582198">
            <n d="1.05885697874839e-014 -0.9318767910666 -0.362774925086363"/>
            <n d="-1.83690953073357e-016 -1 0"/>
            <n d="-0.369866709934838 -0.929084827602937 0"/>
        </f>
        <f v="95 104 96" fn="-0.475716387692212 -0.737514105667465 -0.479340027978671">
            <n d="1.05885697874839e-014 -0.9318767910666 -0.362774925086363"/>
            <n d="-0.369866709934838 -0.929084827602937 0"/>
            <n d="1.12191171357619e-014 -0.709912520041674 -0.70428986496192"/>
        </f>
    </facets>
    <facets color="f9f9f9">
        <f v="53 112 111" fn="0.833908827161032 -0.0263202200012072 0.551274263866907">
            <n d="1 0 -1.83690953073357e-016"/>
            <n d="0.929084827602945 -0 0.369866709934818"/>
            <n d="0.704289864961928 -0 0.709912520041667"/>
        </f>
        <f v="25 111 110" fn="0.544775156204892 -0.0255509787214829 0.838192803994588">
            <n d="2.44921270764475e-016 -0 1"/>
            <n d="0.704289864961928 -0 0.709912520041667"/>
            <n d="0.362774925086382 -0 0.931876791066593"/>
        </f>
        <f v="25 110 2" fn="0.184557862110227 -0 0.982821649910757">
            <n d="2.44921270764475e-016 -0 1"/>
            <n d="0.362774925086382 -0 0.931876791066593"/>
            <n d="2.44921270764475e-016 -0 1"/>
        </f>
        <f v="24 111 25" fn="0.380846084368958 -0 0.924638448270908">
            <n d="2.44921270764475e-016 -0 1"/>
            <n d="0.704289864961928 -0 0.709912520041667"/>
            <n d="2.44921270764475e-016 -0 1"/>
        </f>
        <f v="54 111 24" fn="0.7068562660399 -0.026616504658951 0.7068562660399">
            <n d="1 0 -1.83690953073357e-016"/>
            <n d="0.704289864961928 -0 0.709912520041667"/>
            <n d="2.44921270764475e-016 -0 1"/>
        </f>
        <f v="99 24 23" fn="0.380846084368958 -0 0.924638448270908">
            <n d="0.704289864961928 -0 0.709912520041667"/>
            <n d="2.44921270764475e-016 -0 1"/>
            <n d="2.44921270764475e-016 -0 1"/>
        </f>
        <f v="100 23 1" fn="0.184557862110262 0 0.98282164991075">
            <n d="0.362774925086376 -0 0.931876791066595"/>
            <n d="2.44921270764475e-016 -0 1"/>
            <n d="2.44921270764475e-016 -0 1"/>
        </f>
        <f v="99 23 100" fn="0.54477515620486 0.0255509787214778 0.838192803994609">
            <n d="0.704289864961928 -0 0.709912520041667"/>
            <n d="2.44921270764475e-016 -0 1"/>
            <n d="0.362774925086376 -0 0.931876791066595"/>
        </f>
        <f v="54 24 99" fn="0.7068562660399 0.026616504658951 0.7068562660399">
            <n d="1 0 -1.83690953073357e-016"/>
            <n d="2.44921270764475e-016 -0 1"/>
            <n d="0.704289864961928 -0 0.709912520041667"/>
        </f>
        <f v="55 99 98" fn="0.833908827161032 0.0263202200012072 0.551274263866907">
            <n d="1 0 -1.83690953073357e-016"/>
            <n d="0.704289864961928 -0 0.709912520041667"/>
            <n d="0.929084827602945 -0 0.369866709934818"/>
        </f>
        <f v="55 98 8" fn="0.982111202360237 0 0.188301848632798">
            <n d="1 0 -1.83690953073357e-016"/>
            <n d="0.929084827602945 -0 0.369866709934818"/>
            <n d="1 0 -1.83690953073357e-016"/>
        </f>
        <f v="53 111 54" fn="0.923116965763799 0 0.384519268072535">
            <n d="1 0 -1.83690953073357e-016"/>
            <n d="0.704289864961928 -0 0.709912520041667"/>
            <n d="1 0 -1.83690953073357e-016"/>
        </f>
        <f v="54 99 55" fn="0.923116965763799 0 0.384519268072535">
            <n d="1 0 -1.83690953073357e-016"/>
            <n d="0.704289864961928 -0 0.709912520041667"/>
            <n d="1 0 -1.83690953073357e-016"/>
        </f>
        <f v="53 11 112" fn="0.982111202360237 -0 0.188301848632798">
            <n d="1 0 -1.83690953073357e-016"/>
            <n d="1 0 -1.83690953073357e-016"/>
            <n d="0.929084827602945 -0 0.369866709934818"/>
        </f>
    </facets>
    <facets color="f9f9f9">
        <f v="20 113 114" fn="0.00355887058245396 -0.544949621160564 0.838461236335428">
            <n d="0 -1.22460635382238e-016 1"/>
            <n d="0 -0.362774925086367 0.931876791066598"/>
            <n d="0 -0.704289864961926 0.709912520041669"/>
        </f>
        <f v="43 115 4" fn="-0 -0.982111202360237 0.188301848632799">
            <n d="0 -1 -6.12303176911189e-017"/>
            <n d="0 -0.92908482760294 0.369866709934829"/>
            <n d="0 -1 -6.12303176911189e-017"/>
        </f>
        <f v="43 114 115" fn="0.00366608619940856 -0.834192218245786 0.551461605943835">
            <n d="0 -1 -6.12303176911189e-017"/>
            <n d="0 -0.704289864961926 0.709912520041669"/>
            <n d="0 -0.92908482760294 0.369866709934829"/>
        </f>
        <f v="42 114 43" fn="0 -0.923116965763797 0.384519268072538">
            <n d="0 -1 -6.12303176911189e-017"/>
            <n d="0 -0.704289864961926 0.709912520041669"/>
            <n d="0 -1 -6.12303176911189e-017"/>
        </f>
        <f v="21 114 42" fn="0.00370738357472654 -0.707101921687047 0.707101921687047">
            <n d="0 -1.22460635382238e-016 1"/>
            <n d="0 -0.704289864961926 0.709912520041669"/>
            <n d="0 -1 -6.12303176911189e-017"/>
        </f>
        <f v="102 42 41" fn="-0 -0.92463844827091 0.380846084368952">
            <n d="0 -0.70991252004167 0.704289864961924"/>
            <n d="0 -1 -6.12303176911189e-017"/>
            <n d="0 -1 -6.12303176911189e-017"/>
        </f>
        <f v="103 41 7" fn="0 -0.982821649910757 0.184557862110226">
            <n d="0 -0.931876791066597 0.362774925086371"/>
            <n d="0 -1 -6.12303176911189e-017"/>
            <n d="0 -1 -6.12303176911189e-017"/>
        </f>
        <f v="102 41 103" fn="-0.00355887058245408 -0.83846123633543 0.544949621160562">
            <n d="0 -0.70991252004167 0.704289864961924"/>
            <n d="0 -1 -6.12303176911189e-017"/>
            <n d="0 -0.931876791066597 0.362774925086371"/>
        </f>
        <f v="21 42 102" fn="-0.00370738357472661 -0.707101921687047 0.707101921687047">
            <n d="0 -1.22460635382238e-016 1"/>
            <n d="0 -1 -6.12303176911189e-017"/>
            <n d="0 -0.70991252004167 0.704289864961924"/>
        </f>
        <f v="22 102 101" fn="-0.00366608619940812 -0.55146160594381 0.834192218245803">
            <n d="0 -1.22460635382238e-016 1"/>
            <n d="0 -0.70991252004167 0.704289864961924"/>
            <n d="0 -0.369866709934832 0.929084827602939"/>
        </f>
        <f v="21 102 22" fn="0 -0.384519268072532 0.9231169657638">
            <n d="0 -1.22460635382238e-016 1"/>
            <n d="0 -0.70991252004167 0.704289864961924"/>
            <n d="0 -1.22460635382238e-016 1"/>
        </f>
        <f v="22 101 1" fn="0 -0.188301848632821 0.982111202360233">
            <n d="0 -1.22460635382238e-016 1"/>
            <n d="0 -0.369866709934832 0.929084827602939"/>
            <n d="0 -1.22460635382238e-016 1"/>
        </f>
        <f v="20 114 21" fn="0 -0.38084608436896 0.924638448270907">
            <n d="0 -1.22460635382238e-016 1"/>
            <n d="0 -0.704289864961926 0.709912520041669"/>
            <n d="0 -1.22460635382238e-016 1"/>
        </f>
        <f v="20 0 113" fn="-0 -0.184557862110236 0.982821649910755">
            <n d="0 -1.22460635382238e-016 1"/>
            <n d="0 -1.22460635382238e-016 1"/>
            <n d="0 -0.362774925086367 0.931876791066598"/>
        </f>
    </facets>
    <facets color="f9f9f9">
        <f v="32 116 117" fn="-0.544946325278003 -0.838456165279956 -0.00497608983362671">
            <n d="6.12303176911189e-017 -1 -5.77269943153815e-033"/>
            <n d="-0.362774925086373 -0.931876791066596 3.4201857556688e-017"/>
            <n d="-0.704289864961926 -0.709912520041668 6.63993566653254e-017"/>
        </f>
        <f v="64 117 118" fn="-0.83418686444485 -0.551458066692803 -0.00512599913243258">
            <n d="-1 -1.22460635382238e-016 9.42784497813482e-017"/>
            <n d="-0.704289864961926 -0.709912520041668 6.63993566653254e-017"/>
            <n d="-0.929084827602941 -0.369866709934826 8.75926772617765e-017"/>
        </f>
        <f v="64 118 15" fn="-0.982111202360238 -0.188301848632794 0">
            <n d="-1 -1.22460635382238e-016 9.42784497813482e-017"/>
            <n d="-0.929084827602941 -0.369866709934826 8.75926772617765e-017"/>
            <n d="-1 -1.22460635382238e-016 9.42784497813482e-017"/>
        </f>
        <f v="63 117 64" fn="-0.923116965763799 -0.384519268072533 0">
            <n d="-1 -1.22460635382238e-016 9.42784497813482e-017"/>
            <n d="-0.704289864961926 -0.709912520041668 6.63993566653254e-017"/>
            <n d="-1 -1.22460635382238e-016 9.42784497813482e-017"/>
        </f>
        <f v="33 117 63" fn="-0.707097280728313 -0.707097280728313 -0.00518374124083582">
            <n d="6.12303176911189e-017 -1 -5.77269943153815e-033"/>
            <n d="-0.704289864961926 -0.709912520041668 6.63993566653254e-017"/>
            <n d="-1 -1.22460635382238e-016 9.42784497813482e-017"/>
        </f>
        <f v="105 63 62" fn="-0.924638448270918 -0.380846084368935 -0">
            <n d="-0.70991252004168 -0.704289864961915 6.69294518698998e-017"/>
            <n d="-1 -1.22460635382238e-016 9.42784497813482e-017"/>
            <n d="-1 -1.22460635382238e-016 9.42784497813482e-017"/>
        </f>
        <f v="106 62 14" fn="-0.98282164991075 -0.184557862110265 0">
            <n d="-0.931876791066597 -0.362774925086371 8.78558992489761e-017"/>
            <n d="-1 -1.22460635382238e-016 9.42784497813482e-017"/>
            <n d="-1 -1.22460635382238e-016 9.42784497813482e-017"/>
        </f>
        <f v="105 62 106" fn="-0.838456165279989 -0.544946325277952 0.00497608983362562">
            <n d="-0.70991252004168 -0.704289864961915 6.69294518698998e-017"/>
            <n d="-1 -1.22460635382238e-016 9.42784497813482e-017"/>
            <n d="-0.931876791066597 -0.362774925086371 8.78558992489761e-017"/>
        </f>
        <f v="33 63 105" fn="-0.707097280728313 -0.707097280728313 0.00518374124083603">
            <n d="6.12303176911189e-017 -1 -5.77269943153815e-033"/>
            <n d="-1 -1.22460635382238e-016 9.42784497813482e-017"/>
            <n d="-0.70991252004168 -0.704289864961915 6.69294518698998e-017"/>
        </f>
        <f v="33 105 34" fn="-0.384519268072527 -0.923116965763802 -0">
            <n d="6.12303176911189e-017 -1 -5.77269943153815e-033"/>
            <n d="-0.70991252004168 -0.704289864961915 6.69294518698998e-017"/>
            <n d="6.12303176911189e-017 -1 -5.77269943153815e-033"/>
        </f>
        <f v="34 105 104" fn="-0.551458066692801 -0.834186864444851 0.00512599913243283">
            <n d="6.12303176911189e-017 -1 -5.77269943153815e-033"/>
            <n d="-0.70991252004168 -0.704289864961915 6.69294518698998e-017"/>
            <n d="-0.369866709934838 -0.929084827602937 3.48704600383841e-017"/>
        </f>
        <f v="34 104 5" fn="-0.188301848632787 -0.982111202360239 -0">
            <n d="6.12303176911189e-017 -1 -5.77269943153815e-033"/>
            <n d="-0.369866709934838 -0.929084827602937 3.48704600383841e-017"/>
            <n d="6.12303176911189e-017 -1 -5.77269943153815e-033"/>
        </f>
        <f v="32 117 33" fn="-0.380846084368955 -0.924638448270909 -0">
            <n d="6.12303176911189e-017 -1 -5.77269943153815e-033"/>
            <n d="-0.704289864961926 -0.709912520041668 6.63993566653254e-017"/>
            <n d="6.12303176911189e-017 -1 -5.77269943153815e-033"/>
        </f>
        <f v="32 4 116" fn="-0.18455786211024 -0.982821649910754 0">
            <n d="6.12303176911189e-017 -1 -5.77269943153815e-033"/>
            <n d="6.12303176911189e-017 -1 -5.77269943153815e-033"/>
            <n d="-0.362774925086373 -0.931876791066596 3.4201857556688e-017"/>
        </f>
    </facets>
    <facets color="f9f9f9">
        <f v="59 121 120" fn="-0.833908827161032 -0.0263202200012072 -0.551274263866907">
            <n d="-1 0 6.12303176911189e-017"/>
            <n d="-0.929084827602944 0 -0.369866709934819"/>
            <n d="-0.704289864961927 0 -0.709912520041667"/>
        </f>
        <f v="79 120 119" fn="-0.544775156204892 -0.0255509787214829 -0.838192803994588">
            <n d="-1.22460635382238e-016 0 -1"/>
            <n d="-0.704289864961927 0 -0.709912520041667"/>
            <n d="-0.362774925086382 0 -0.931876791066593"/>
        </f>
        <f v="79 119 16" fn="-0.184557862110227 0 -0.982821649910757">
            <n d="-1.22460635382238e-016 0 -1"/>
            <n d="-0.362774925086382 0 -0.931876791066593"/>
            <n d="-1.22460635382238e-016 0 -1"/>
        </f>
        <f v="78 120 79" fn="-0.380846084368958 0 -0.924638448270908">
            <n d="-1.22460635382238e-016 0 -1"/>
            <n d="-0.704289864961927 0 -0.709912520041667"/>
            <n d="-1.22460635382238e-016 0 -1"/>
        </f>
        <f v="60 120 78" fn="-0.7068562660399 -0.026616504658951 -0.7068562660399">
            <n d="-1 0 6.12303176911189e-017"/>
            <n d="-0.704289864961927 0 -0.709912520041667"/>
            <n d="-1.22460635382238e-016 0 -1"/>
        </f>
        <f v="108 78 77" fn="-0.380846084368958 -0 -0.924638448270908">
            <n d="-0.704289864961927 0 -0.709912520041667"/>
            <n d="-1.22460635382238e-016 0 -1"/>
            <n d="-1.22460635382238e-016 0 -1"/>
        </f>
        <f v="109 77 19" fn="-0.184557862110262 0 -0.98282164991075">
            <n d="-0.362774925086376 0 -0.931876791066595"/>
            <n d="-1.22460635382238e-016 0 -1"/>
            <n d="-1.22460635382238e-016 0 -1"/>
        </f>
        <f v="108 77 109" fn="-0.54477515620486 0.0255509787214778 -0.838192803994609">
            <n d="-0.704289864961927 0 -0.709912520041667"/>
            <n d="-1.22460635382238e-016 0 -1"/>
            <n d="-0.362774925086376 0 -0.931876791066595"/>
        </f>
        <f v="60 78 108" fn="-0.7068562660399 0.026616504658951 -0.7068562660399">
            <n d="-1 0 6.12303176911189e-017"/>
            <n d="-1.22460635382238e-016 0 -1"/>
            <n d="-0.704289864961927 0 -0.709912520041667"/>
        </f>
        <f v="61 108 107" fn="-0.833908827161032 0.0263202200012072 -0.551274263866907">
            <n d="-1 0 6.12303176911189e-017"/>
            <n d="-0.704289864961927 0 -0.709912520041667"/>
            <n d="-0.929084827602944 0 -0.369866709934819"/>
        </f>
        <f v="61 107 14" fn="-0.982111202360237 -0 -0.188301848632798">
            <n d="-1 0 6.12303176911189e-017"/>
            <n d="-0.929084827602944 0 -0.369866709934819"/>
            <n d="-1 0 6.12303176911189e-017"/>
        </f>
        <f v="59 120 60" fn="-0.923116965763799 -0 -0.384519268072535">
            <n d="-1 0 6.12303176911189e-017"/>
            <n d="-0.704289864961927 0 -0.709912520041667"/>
            <n d="-1 0 6.12303176911189e-017"/>
        </f>
        <f v="60 108 61" fn="-0.923116965763799 -0 -0.384519268072535">
            <n d="-1 0 6.12303176911189e-017"/>
            <n d="-0.704289864961927 0 -0.709912520041667"/>
            <n d="-1 0 6.12303176911189e-017"/>
        </f>
        <f v="59 13 121" fn="-0.982111202360237 0 -0.188301848632798">
            <n d="-1 0 6.12303176911189e-017"/>
            <n d="-1 0 6.12303176911189e-017"/>
            <n d="-0.929084827602944 0 -0.369866709934819"/>
        </f>
    </facets>
    <facets color="f9f9f9">
        <f v="117 115 114" fn="-0.481385779706568 -0.731181759801603 0.483364215917697">
            <n d="-0.704289864961926 -0.709912520041668 1.11022302462516e-014"/>
            <n d="-1.70664477468379e-016 -0.92908482760294 0.369866709934829"/>
            <n d="-1.13890027434433e-014 -0.704289864961926 0.709912520041669"/>
        </f>
        <f v="122 114 113" fn="-0.475716387692264 -0.479340027978646 0.737514105667447">
            <n d="-0.369866709934823 2.83760896670692e-015 0.929084827602943"/>
            <n d="-1.13890027434433e-014 -0.704289864961926 0.709912520041669"/>
            <n d="-6.66384717402304e-017 -0.362774925086368 0.931876791066598"/>
        </f>
        <f v="122 113 0" fn="-0.185178991587107 -0.181365898582189 0.965823561478108">
            <n d="-0.369866709934823 2.83760896670692e-015 0.929084827602943"/>
            <n d="-6.66384717402304e-017 -0.362774925086368 0.931876791066598"/>
            <n d="-0.000265203753549495 -0.000265203753549493 0.999999929666967"/>
        </f>
        <f v="123 114 122" fn="-0.48336421591768 -0.481385779706553 0.731181759801625">
            <n d="-0.709912520041667 -2.75044407252163e-015 0.704289864961927"/>
            <n d="-1.13890027434433e-014 -0.704289864961926 0.709912520041669"/>
            <n d="-0.369866709934823 2.83760896670692e-015 0.929084827602943"/>
        </f>
        <f v="117 114 123" fn="-0.577350269189626 -0.577350269189621 0.57735026918963">
            <n d="-0.704289864961926 -0.709912520041668 1.11022302462516e-014"/>
            <n d="-1.13890027434433e-014 -0.704289864961926 0.709912520041669"/>
            <n d="-0.709912520041667 -2.75044407252163e-015 0.704289864961927"/>
        </f>
        <f v="116 115 117" fn="-0.479340027978649 -0.737514105667465 0.475716387692234">
            <n d="-0.362774925086373 -0.931876791066596 0"/>
            <n d="-1.70664477468379e-016 -0.92908482760294 0.369866709934829"/>
            <n d="-0.704289864961926 -0.709912520041668 1.11022302462516e-014"/>
        </f>
        <f v="118 124 15" fn="-0.965823561478114 -0.185178991587074 0.181365898582194">
            <n d="-0.929084827602942 -0.369866709934826 0"/>
            <n d="-0.9318767910666 2.59713679086625e-015 0.362774925086363"/>
            <n d="-1 1.22460635382238e-016 0"/>
        </f>
        <f v="118 123 124" fn="-0.737514105667467 -0.475716387692225 0.479340027978655">
            <n d="-0.929084827602942 -0.369866709934826 0"/>
            <n d="-0.709912520041667 -2.75044407252163e-015 0.704289864961927"/>
            <n d="-0.9318767910666 2.59713679086625e-015 0.362774925086363"/>
        </f>
        <f v="117 123 118" fn="-0.731181759801604 -0.48336421591769 0.481385779706574">
            <n d="-0.704289864961926 -0.709912520041668 1.11022302462516e-014"/>
            <n d="-0.709912520041667 -2.75044407252163e-015 0.704289864961927"/>
            <n d="-0.929084827602942 -0.369866709934826 0"/>
        </f>
        <f v="116 4 115" fn="-0.181365898582194 -0.965823561478113 0.185178991587079">
            <n d="-0.362774925086373 -0.931876791066596 0"/>
            <n d="-1.83690953073357e-016 -1 0"/>
            <n d="-1.70664477468379e-016 -0.92908482760294 0.369866709934829"/>
        </f>
    </facets>
    <facets color="f9f9f9">
        <f v="65 124 123" fn="-0.838192803994604 0.0255509787214789 0.544775156204867">
            <n d="-1 0 6.12303176911189e-017"/>
            <n d="-0.9318767910666 0 0.362774925086362"/>
            <n d="-0.709912520041667 0 0.704289864961927"/>
        </f>
        <f v="31 122 0" fn="-0.188301848632826 -0 0.982111202360232">
            <n d="0 0 1"/>
            <n d="-0.369866709934822 0 0.929084827602943"/>
            <n d="0 0 1"/>
        </f>
        <f v="31 123 122" fn="-0.551274263866888 0.0263202200012041 0.833908827161044">
            <n d="0 0 1"/>
            <n d="-0.709912520041667 0 0.704289864961927"/>
            <n d="-0.369866709934822 0 0.929084827602943"/>
        </f>
        <f v="30 123 31" fn="-0.384519268072535 0 0.923116965763799">
            <n d="0 0 1"/>
            <n d="-0.709912520041667 0 0.704289864961927"/>
            <n d="0 0 1"/>
        </f>
        <f v="66 123 30" fn="-0.7068562660399 0.0266165046589509 0.7068562660399">
            <n d="-1 0 6.12303176911189e-017"/>
            <n d="-0.709912520041667 0 0.704289864961927"/>
            <n d="0 0 1"/>
        </f>
        <f v="126 30 29" fn="-0.384519268072529 -0 0.923116965763801">
            <n d="-0.709912520041673 0 0.704289864961922"/>
            <n d="0 0 1"/>
            <n d="0 0 1"/>
        </f>
        <f v="127 29 3" fn="-0.188301848632798 0 0.982111202360237">
            <n d="-0.369866709934819 0 0.929084827602944"/>
            <n d="0 0 1"/>
            <n d="0 0 1"/>
        </f>
        <f v="126 29 127" fn="-0.551274263866894 -0.0263202200012063 0.83390882716104">
            <n d="-0.709912520041673 0 0.704289864961922"/>
            <n d="0 0 1"/>
            <n d="-0.369866709934819 0 0.929084827602944"/>
        </f>
        <f v="66 30 126" fn="-0.7068562660399 -0.0266165046589517 0.7068562660399">
            <n d="-1 0 6.12303176911189e-017"/>
            <n d="0 0 1"/>
            <n d="-0.709912520041673 0 0.704289864961922"/>
        </f>
        <f v="67 126 125" fn="-0.838192803994588 -0.0255509787214846 0.544775156204892">
            <n d="-1 0 6.12303176911189e-017"/>
            <n d="-0.709912520041673 0 0.704289864961922"/>
            <n d="-0.931876791066594 0 0.362774925086378"/>
        </f>
        <f v="66 126 67" fn="-0.924638448270913 0 0.380846084368946">
            <n d="-1 0 6.12303176911189e-017"/>
            <n d="-0.709912520041673 0 0.704289864961922"/>
            <n d="-1 0 6.12303176911189e-017"/>
        </f>
        <f v="67 125 12" fn="-0.982821649910762 0 0.184557862110198">
            <n d="-1 0 6.12303176911189e-017"/>
            <n d="-0.931876791066594 0 0.362774925086378"/>
            <n d="-1 0 6.12303176911189e-017"/>
        </f>
        <f v="65 123 66" fn="-0.924638448270908 0 0.380846084368958">
            <n d="-1 0 6.12303176911189e-017"/>
            <n d="-0.709912520041667 0 0.704289864961927"/>
            <n d="-1 0 6.12303176911189e-017"/>
        </f>
        <f v="65 15 124" fn="-0.982821649910755 -0 0.184557862110238">
            <n d="-1 0 6.12303176911189e-017"/>
            <n d="-1 0 6.12303176911189e-017"/>
            <n d="-0.9318767910666 0 0.362774925086362"/>
        </f>
    </facets>
    <facets color="f9f9f9">
        <f v="2 112 11" fn="0 1 0">
            <n d="-0 1 -0"/>
            <n d="-0 1 -0"/>
            <n d="-0 1 -0"/>
        </f>
        <f v="2 111 112" fn="0 1 0">
            <n d="-0 1 -0"/>
            <n d="-0 1 -0"/>
            <n d="-0 1 -0"/>
        </f>
        <f v="2 110 111" fn="-0 1 -0">
            <n d="-0 1 -0"/>
            <n d="-0 1 -0"/>
            <n d="-0 1 -0"/>
        </f>
        <f v="26 2 11" fn="-0 1 0">
            <n d="-0 1 -0"/>
            <n d="-0 1 -0"/>
            <n d="-0 1 -0"/>
        </f>
        <f v="52 27 26" fn="0 1 0">
            <n d="-0 1 -0"/>
            <n d="-0 1 -0"/>
            <n d="-0 1 -0"/>
        </f>
        <f v="12 3 28" fn="0 1 0">
            <n d="-0 1 -0"/>
            <n d="-0 1 -0"/>
            <n d="-0 1 -0"/>
        </f>
        <f v="126 127 3" fn="-0 1 -0">
            <n d="-0 1 -0"/>
            <n d="-0 1 -0"/>
            <n d="-0 1 -0"/>
        </f>
        <f v="125 126 3" fn="-0 1 -0">
            <n d="-0 1 -0"/>
            <n d="-0 1 -0"/>
            <n d="-0 1 -0"/>
        </f>
        <f v="12 125 3" fn="-0 1 -0">
            <n d="-0 1 -0"/>
            <n d="-0 1 -0"/>
            <n d="-0 1 -0"/>
        </f>
        <f v="56 12 28" fn="0 1 0">
            <n d="-0 1 -0"/>
            <n d="-0 1 -0"/>
            <n d="-0 1 -0"/>
        </f>
        <f v="56 28 27" fn="-0 1 -0">
            <n d="-0 1 -0"/>
            <n d="-0 1 -0"/>
            <n d="-0 1 -0"/>
        </f>
        <f v="57 56 27" fn="-0 1 -0">
            <n d="-0 1 -0"/>
            <n d="-0 1 -0"/>
            <n d="-0 1 -0"/>
        </f>
        <f v="69 57 27" fn="0 1 -0">
            <n d="-0 1 -0"/>
            <n d="-0 1 -0"/>
            <n d="-0 1 -0"/>
        </f>
        <f v="69 58 57" fn="0 1 0">
            <n d="-0 1 -0"/>
            <n d="-0 1 -0"/>
            <n d="-0 1 -0"/>
        </f>
        <f v="68 13 58" fn="0 1 0">
            <n d="-0 1 -0"/>
            <n d="-0 1 -0"/>
            <n d="-0 1 -0"/>
        </f>
        <f v="16 121 13" fn="0 1 0">
            <n d="-0 1 -0"/>
            <n d="-0 1 -0"/>
            <n d="-0 1 -0"/>
        </f>
        <f v="16 120 121" fn="0 1 0">
            <n d="-0 1 -0"/>
            <n d="-0 1 -0"/>
            <n d="-0 1 -0"/>
        </f>
        <f v="16 119 120" fn="-0 1 -0">
            <n d="-0 1 -0"/>
            <n d="-0 1 -0"/>
            <n d="-0 1 -0"/>
        </f>
        <f v="68 16 13" fn="-0 1 -0">
            <n d="-0 1 -0"/>
            <n d="-0 1 -0"/>
            <n d="-0 1 -0"/>
        </f>
        <f v="69 68 58" fn="-0 1 -0">
            <n d="-0 1 -0"/>
            <n d="-0 1 -0"/>
            <n d="-0 1 -0"/>
        </f>
        <f v="51 69 27" fn="0 1 0">
            <n d="-0 1 -0"/>
            <n d="-0 1 -0"/>
            <n d="-0 1 -0"/>
        </f>
        <f v="10 17 70" fn="0 1 0">
            <n d="-0 1 -0"/>
            <n d="-0 1 -0"/>
            <n d="-0 1 -0"/>
        </f>
        <f v="84 85 17" fn="-0 1 -0">
            <n d="-0 1 -0"/>
            <n d="-0 1 -0"/>
            <n d="-0 1 -0"/>
        </f>
        <f v="83 84 17" fn="-0 1 -0">
            <n d="-0 1 -0"/>
            <n d="-0 1 -0"/>
            <n d="-0 1 -0"/>
        </f>
        <f v="10 83 17" fn="-0 1 -0">
            <n d="-0 1 -0"/>
            <n d="-0 1 -0"/>
            <n d="-0 1 -0"/>
        </f>
        <f v="52 51 27" fn="0 1 0">
            <n d="-0 1 -0"/>
            <n d="-0 1 -0"/>
            <n d="-0 1 -0"/>
        </f>
        <f v="50 10 70" fn="0 1 0">
            <n d="-0 1 -0"/>
            <n d="-0 1 -0"/>
            <n d="-0 1 -0"/>
        </f>
        <f v="50 70 69" fn="-0 1 -0">
            <n d="-0 1 -0"/>
            <n d="-0 1 -0"/>
            <n d="-0 1 -0"/>
        </f>
        <f v="51 50 69" fn="-0 1 0">
            <n d="-0 1 -0"/>
            <n d="-0 1 -0"/>
            <n d="-0 1 -0"/>
        </f>
        <f v="52 26 11" fn="0 1 -0">
            <n d="-0 1 -0"/>
            <n d="-0 1 -0"/>
            <n d="-0 1 -0"/>
        </f>
    </facets>
</shell>
</step-assembly>
