<?xml version="1.0" encoding="UTF-8" ?>
<step-assembly root="id75">
<product id="id75" name="Assem1" shape="id23" children="id95 id95 id87"/>
<product id="id95" name="Base" shape="id34"/>
<product id="id87" name="Ferrite" shape="id28"/>
<shape id="id23" unit="mm 0.001000">
    <child ref="id28" xform="1 0 0 0 0 1 0 0 0 0 1 0 0 0 0 1"/>
    <child ref="id34" xform="1 0 0 0 0 1 0 0 0 0 1 0 7.58942e-016 -3.36 3.25261e-016 1"/>
    <child ref="id34" xform="-1 5.665e-017 -6.93889e-018 0 -5.665e-017 -1 3.69763e-017 0 -6.93889e-018 3.69763e-017 1 0 4.33681e-016 3.36 -2.71051e-016 1"/>
</shape>
<shape id="id28" unit="mm 0.001000">
    <child ref="id29" xform="1 0 0 0 0 1 0 0 0 0 1 0 0 0 0 1"/>
</shape>
<shape id="id29" unit="mm 0.001000" shell="id88"/>
<shape id="id34" unit="mm 0.001000">
    <child ref="id35" xform="1 0 0 0 0 1 0 0 0 0 1 0 0 0 0 1"/>
</shape>
<shape id="id35" unit="mm 0.001000" shell="id96"/>
<shell id="id88">
    <verts>
        <v p="-1.505 -3.36 -1.14"/>
        <v p="1.505 -3.36 -1.14"/>
        <v p="-1.505 3.36 -1.14"/>
        <v p="1.505 3.36 -1.14"/>
        <v p="1.525 -3.36 1.12"/>
        <v p="1.505 -3.36 1.14"/>
        <v p="1.525 3.36 1.12"/>
        <v p="1.505 3.36 1.14"/>
        <v p="-1.505 3.36 1.14"/>
        <v p="-1.505 -3.36 1.14"/>
        <v p="-1.525 -3.36 1.12"/>
        <v p="-1.525 -3.36 -1.12"/>
        <v p="-1.525 3.36 1.12"/>
        <v p="-1.525 3.36 -1.12"/>
        <v p="1.525 -3.36 -1.12"/>
        <v p="1.525 3.36 -1.12"/>
        <v p="-0.7525 -3.36 -1.14"/>
        <v p="0 -3.36 -1.14"/>
        <v p="0.7525 -3.36 -1.14"/>
        <v p="-1.505 -1.68 -1.14"/>
        <v p="-1.505 0 -1.14"/>
        <v p="-1.505 1.68 -1.14"/>
        <v p="0.7525 3.36 -1.14"/>
        <v p="0 3.36 -1.14"/>
        <v p="-0.7525 3.36 -1.14"/>
        <v p="1.505 1.68 -1.14"/>
        <v p="1.505 0 -1.14"/>
        <v p="1.505 -1.68 -1.14"/>
        <v p="1.52363753582133 -3.36 1.12725549850173"/>
        <v p="1.51919825040083 -3.36 1.13408579729924"/>
        <v p="1.5123973341987 -3.36 1.13858169655206"/>
        <v p="1.525 1.68 1.12"/>
        <v p="1.525 0 1.12"/>
        <v p="1.525 -1.68 1.12"/>
        <v p="1.51225549850173 3.36 1.13863753582133"/>
        <v p="1.51908579729924 3.36 1.13419825040083"/>
        <v p="1.52358169655206 3.36 1.1273973341987"/>
        <v p="1.505 -1.68 1.14"/>
        <v p="1.505 0 1.14"/>
        <v p="1.505 1.68 1.14"/>
        <v p="0.7525 3.36 1.14"/>
        <v p="0 3.36 1.14"/>
        <v p="-0.7525 3.36 1.14"/>
        <v p="-1.505 1.68 1.14"/>
        <v p="-1.505 0 1.14"/>
        <v p="-1.505 -1.68 1.14"/>
        <v p="-0.7525 -3.36 1.14"/>
        <v p="0 -3.36 1.14"/>
        <v p="0.7525 -3.36 1.14"/>
        <v p="-1.525 -3.36 0.56"/>
        <v p="-1.525 -3.36 0"/>
        <v p="-1.525 -3.36 -0.56"/>
        <v p="-1.525 -1.68 1.12"/>
        <v p="-1.525 0 1.12"/>
        <v p="-1.525 1.68 1.12"/>
        <v p="-1.525 3.36 0.56"/>
        <v p="-1.525 3.36 0"/>
        <v p="-1.525 3.36 -0.56"/>
        <v p="-1.525 1.68 -1.12"/>
        <v p="-1.525 0 -1.12"/>
        <v p="-1.525 -1.68 -1.12"/>
        <v p="-1.51225549850173 -3.36 1.13863753582133"/>
        <v p="-1.51908579729924 -3.36 1.13419825040083"/>
        <v p="-1.52358169655206 -3.36 1.1273973341987"/>
        <v p="-1.52363753582133 -3.36 -1.12725549850173"/>
        <v p="-1.51919825040083 -3.36 -1.13408579729924"/>
        <v p="-1.5123973341987 -3.36 -1.13858169655206"/>
        <v p="1.51225549850173 -3.36 -1.13863753582133"/>
        <v p="1.51908579729924 -3.36 -1.13419825040083"/>
        <v p="1.52358169655206 -3.36 -1.1273973341987"/>
        <v p="1.525 -3.36 0.56"/>
        <v p="1.525 -3.36 0"/>
        <v p="1.525 -3.36 -0.56"/>
        <v p="1.52363753582133 3.36 -1.12725549850173"/>
        <v p="1.51919825040083 3.36 -1.13408579729924"/>
        <v p="1.5123973341987 3.36 -1.13858169655206"/>
        <v p="1.525 -1.68 -1.12"/>
        <v p="1.525 0 -1.12"/>
        <v p="1.525 1.68 -1.12"/>
        <v p="-1.51225549850173 3.36 -1.13863753582133"/>
        <v p="-1.51908579729924 3.36 -1.13419825040083"/>
        <v p="-1.52358169655206 3.36 -1.1273973341987"/>
        <v p="-1.52363753582133 3.36 1.12725549850173"/>
        <v p="-1.51919825040083 3.36 1.13408579729924"/>
        <v p="-1.5123973341987 3.36 1.13858169655206"/>
        <v p="1.525 3.36 0.56"/>
        <v p="1.525 3.36 0"/>
        <v p="1.525 3.36 -0.56"/>
    </verts>
    <facets color="333333">
        <f v="18 26 27" fn="0 0 -1">
            <n d="-0 -0 -1"/>
            <n d="-0 -0 -1"/>
            <n d="-0 -0 -1"/>
        </f>
        <f v="22 25 26" fn="-0 -0 -1">
            <n d="-0 -0 -1"/>
            <n d="-0 -0 -1"/>
            <n d="-0 -0 -1"/>
        </f>
        <f v="22 3 25" fn="0 -0 -1">
            <n d="-0 -0 -1"/>
            <n d="-0 -0 -1"/>
            <n d="-0 -0 -1"/>
        </f>
        <f v="23 22 26" fn="0 -0 -1">
            <n d="-0 -0 -1"/>
            <n d="-0 -0 -1"/>
            <n d="-0 -0 -1"/>
        </f>
        <f v="20 23 26" fn="0 0 -1">
            <n d="-0 -0 -1"/>
            <n d="-0 -0 -1"/>
            <n d="-0 -0 -1"/>
        </f>
        <f v="21 24 23" fn="-0 -0 -1">
            <n d="-0 -0 -1"/>
            <n d="-0 -0 -1"/>
            <n d="-0 -0 -1"/>
        </f>
        <f v="21 2 24" fn="-0 -0 -1">
            <n d="-0 -0 -1"/>
            <n d="-0 -0 -1"/>
            <n d="-0 -0 -1"/>
        </f>
        <f v="20 21 23" fn="-0 -0 -1">
            <n d="-0 -0 -1"/>
            <n d="-0 -0 -1"/>
            <n d="-0 -0 -1"/>
        </f>
        <f v="17 20 26" fn="0 0 -1">
            <n d="-0 -0 -1"/>
            <n d="-0 -0 -1"/>
            <n d="-0 -0 -1"/>
        </f>
        <f v="18 17 26" fn="-0 0 -1">
            <n d="-0 -0 -1"/>
            <n d="-0 -0 -1"/>
            <n d="-0 -0 -1"/>
        </f>
        <f v="16 0 19" fn="0 0 -1">
            <n d="-0 -0 -1"/>
            <n d="-0 -0 -1"/>
            <n d="-0 -0 -1"/>
        </f>
        <f v="16 19 20" fn="-0 -0 -1">
            <n d="-0 -0 -1"/>
            <n d="-0 -0 -1"/>
            <n d="-0 -0 -1"/>
        </f>
        <f v="17 16 20" fn="-0 -0 -1">
            <n d="-0 -0 -1"/>
            <n d="-0 -0 -1"/>
            <n d="-0 -0 -1"/>
        </f>
        <f v="18 27 1" fn="0 0 -1">
            <n d="-0 -0 -1"/>
            <n d="-0 -0 -1"/>
            <n d="-0 -0 -1"/>
        </f>
    </facets>
    <facets color="333333">
        <f v="37 30 29" fn="0.551464492383182 0.00172394241473504 0.834196584542942">
            <n d="-1.22460635382238e-016 -0 1"/>
            <n d="0.369866709934822 0 0.929084827602943"/>
            <n d="0.709912520041667 0 0.704289864961927"/>
        </f>
        <f v="33 29 28" fn="0.838465372035105 0.00167352477849139 0.544952309117824">
            <n d="1 0 1.83690953073357e-016"/>
            <n d="0.709912520041667 0 0.704289864961927"/>
            <n d="0.931876791066593 0 0.36277492508638"/>
        </f>
        <f v="33 28 4" fn="0.982821649910745 0 0.184557862110291">
            <n d="1 0 1.83690953073357e-016"/>
            <n d="0.931876791066593 0 0.36277492508638"/>
            <n d="1 0 1.83690953073357e-016"/>
        </f>
        <f v="32 29 33" fn="0.924638448270901 0 0.380846084368976">
            <n d="1 0 1.83690953073357e-016"/>
            <n d="0.709912520041667 0 0.704289864961927"/>
            <n d="1 0 1.83690953073357e-016"/>
        </f>
        <f v="38 29 32" fn="0.707105706626599 0.00174336232222844 0.707105706626606">
            <n d="-1.22460635382238e-016 -0 1"/>
            <n d="0.709912520041667 0 0.704289864961927"/>
            <n d="1 0 1.83690953073357e-016"/>
        </f>
        <f v="35 32 31" fn="0.923116965763799 -0 0.384519268072535">
            <n d="0.704289864961927 0 0.709912520041667"/>
            <n d="1 0 1.83690953073357e-016"/>
            <n d="1 0 1.83690953073357e-016"/>
        </f>
        <f v="36 31 6" fn="0.982111202360244 0 0.188301848632764">
            <n d="0.929084827602942 0 0.369866709934825"/>
            <n d="1 0 1.83690953073357e-016"/>
            <n d="1 0 1.83690953073357e-016"/>
        </f>
        <f v="35 31 36" fn="0.834196584542929 -0.00172394241473532 0.551464492383201">
            <n d="0.704289864961927 0 0.709912520041667"/>
            <n d="1 0 1.83690953073357e-016"/>
            <n d="0.929084827602942 0 0.369866709934825"/>
        </f>
        <f v="38 32 35" fn="0.707105706626598 -0.00174336232222853 0.707105706626606">
            <n d="-1.22460635382238e-016 -0 1"/>
            <n d="1 0 1.83690953073357e-016"/>
            <n d="0.704289864961927 0 0.709912520041667"/>
        </f>
        <f v="39 35 34" fn="0.544952309117837 -0.00167352477849181 0.838465372035097">
            <n d="-1.22460635382238e-016 -0 1"/>
            <n d="0.704289864961927 0 0.709912520041667"/>
            <n d="0.362774925086395 0 0.931876791066588"/>
        </f>
        <f v="39 34 7" fn="0.184557862110222 -0 0.982821649910758">
            <n d="-1.22460635382238e-016 -0 1"/>
            <n d="0.362774925086395 0 0.931876791066588"/>
            <n d="-1.22460635382238e-016 -0 1"/>
        </f>
        <f v="37 29 38" fn="0.38451926807254 -0 0.923116965763797">
            <n d="-1.22460635382238e-016 -0 1"/>
            <n d="0.709912520041667 0 0.704289864961927"/>
            <n d="-1.22460635382238e-016 -0 1"/>
        </f>
        <f v="38 35 39" fn="0.380846084368946 -0 0.924638448270913">
            <n d="-1.22460635382238e-016 -0 1"/>
            <n d="0.704289864961927 0 0.709912520041667"/>
            <n d="-1.22460635382238e-016 -0 1"/>
        </f>
        <f v="37 5 30" fn="0.188301848632798 0 0.982111202360237">
            <n d="-1.22460635382238e-016 -0 1"/>
            <n d="-1.22460635382238e-016 -0 1"/>
            <n d="0.369866709934822 0 0.929084827602943"/>
        </f>
    </facets>
    <facets color="333333">
        <f v="38 40 41" fn="-0 -0 1">
            <n d="0 0 1"/>
            <n d="0 0 1"/>
            <n d="0 0 1"/>
        </f>
        <f v="43 42 8" fn="-0 -0 1">
            <n d="0 0 1"/>
            <n d="0 0 1"/>
            <n d="0 0 1"/>
        </f>
        <f v="43 41 42" fn="0 0 1">
            <n d="0 0 1"/>
            <n d="0 0 1"/>
            <n d="0 0 1"/>
        </f>
        <f v="44 41 43" fn="0 0 1">
            <n d="0 0 1"/>
            <n d="0 0 1"/>
            <n d="0 0 1"/>
        </f>
        <f v="47 41 44" fn="-0 -0 1">
            <n d="0 0 1"/>
            <n d="0 0 1"/>
            <n d="0 0 1"/>
        </f>
        <f v="46 44 45" fn="0 0 1">
            <n d="0 0 1"/>
            <n d="0 0 1"/>
            <n d="0 0 1"/>
        </f>
        <f v="46 45 9" fn="0 0 1">
            <n d="0 0 1"/>
            <n d="0 0 1"/>
            <n d="0 0 1"/>
        </f>
        <f v="47 44 46" fn="0 0 1">
            <n d="0 0 1"/>
            <n d="0 0 1"/>
            <n d="0 0 1"/>
        </f>
        <f v="38 41 47" fn="0 -0 1">
            <n d="0 0 1"/>
            <n d="0 0 1"/>
            <n d="0 0 1"/>
        </f>
        <f v="39 40 38" fn="0 0 1">
            <n d="0 0 1"/>
            <n d="0 0 1"/>
            <n d="0 0 1"/>
        </f>
        <f v="37 48 5" fn="-0 0 1">
            <n d="0 0 1"/>
            <n d="0 0 1"/>
            <n d="0 0 1"/>
        </f>
        <f v="38 47 48" fn="-0 -0 1">
            <n d="0 0 1"/>
            <n d="0 0 1"/>
            <n d="0 0 1"/>
        </f>
        <f v="38 48 37" fn="0 0 1">
            <n d="0 0 1"/>
            <n d="0 0 1"/>
            <n d="0 0 1"/>
        </f>
        <f v="39 7 40" fn="-0 -0 1">
            <n d="0 0 1"/>
            <n d="0 0 1"/>
            <n d="0 0 1"/>
        </f>
    </facets>
    <facets color="333333">
        <f v="50 59 60" fn="-1 0 0">
            <n d="-1 -0 -0"/>
            <n d="-1 -0 -0"/>
            <n d="-1 -0 -0"/>
        </f>
        <f v="56 58 59" fn="-1 0 0">
            <n d="-1 -0 -0"/>
            <n d="-1 -0 -0"/>
            <n d="-1 -0 -0"/>
        </f>
        <f v="57 13 58" fn="-1 -0 -0">
            <n d="-1 -0 -0"/>
            <n d="-1 -0 -0"/>
            <n d="-1 -0 -0"/>
        </f>
        <f v="56 57 58" fn="-1 -0 -0">
            <n d="-1 -0 -0"/>
            <n d="-1 -0 -0"/>
            <n d="-1 -0 -0"/>
        </f>
        <f v="53 56 59" fn="-1 0 0">
            <n d="-1 -0 -0"/>
            <n d="-1 -0 -0"/>
            <n d="-1 -0 -0"/>
        </f>
        <f v="53 55 56" fn="-1 0 0">
            <n d="-1 -0 -0"/>
            <n d="-1 -0 -0"/>
            <n d="-1 -0 -0"/>
        </f>
        <f v="54 12 55" fn="-1 0 -0">
            <n d="-1 -0 -0"/>
            <n d="-1 -0 -0"/>
            <n d="-1 -0 -0"/>
        </f>
        <f v="53 54 55" fn="-1 0 -0">
            <n d="-1 -0 -0"/>
            <n d="-1 -0 -0"/>
            <n d="-1 -0 -0"/>
        </f>
        <f v="50 53 59" fn="-1 0 0">
            <n d="-1 -0 -0"/>
            <n d="-1 -0 -0"/>
            <n d="-1 -0 -0"/>
        </f>
        <f v="51 50 60" fn="-1 0 -0">
            <n d="-1 -0 -0"/>
            <n d="-1 -0 -0"/>
            <n d="-1 -0 -0"/>
        </f>
        <f v="49 10 52" fn="-1 0 0">
            <n d="-1 -0 -0"/>
            <n d="-1 -0 -0"/>
            <n d="-1 -0 -0"/>
        </f>
        <f v="49 52 53" fn="-1 -0 -0">
            <n d="-1 -0 -0"/>
            <n d="-1 -0 -0"/>
            <n d="-1 -0 -0"/>
        </f>
        <f v="50 49 53" fn="-1 -0 -0">
            <n d="-1 -0 -0"/>
            <n d="-1 -0 -0"/>
            <n d="-1 -0 -0"/>
        </f>
        <f v="51 60 11" fn="-1 0 0">
            <n d="-1 -0 -0"/>
            <n d="-1 -0 -0"/>
            <n d="-1 -0 -0"/>
        </f>
    </facets>
    <facets color="333333">
        <f v="29 30 5" fn="-0 -1 -0">
            <n d="-0 -1 -0"/>
            <n d="-0 -1 -0"/>
            <n d="-0 -1 -0"/>
        </f>
        <f v="28 29 5" fn="-0 -1 -0">
            <n d="-0 -1 -0"/>
            <n d="-0 -1 -0"/>
            <n d="-0 -1 -0"/>
        </f>
        <f v="4 28 5" fn="-0 -1 -0">
            <n d="-0 -1 -0"/>
            <n d="-0 -1 -0"/>
            <n d="-0 -1 -0"/>
        </f>
        <f v="48 4 5" fn="0 -1 0">
            <n d="-0 -1 -0"/>
            <n d="-0 -1 -0"/>
            <n d="-0 -1 -0"/>
        </f>
        <f v="47 71 70" fn="0 -1 0">
            <n d="-0 -1 -0"/>
            <n d="-0 -1 -0"/>
            <n d="-0 -1 -0"/>
        </f>
        <f v="18 14 72" fn="0 -1 0">
            <n d="-0 -1 -0"/>
            <n d="-0 -1 -0"/>
            <n d="-0 -1 -0"/>
        </f>
        <f v="1 69 14" fn="0 -1 0">
            <n d="-0 -1 -0"/>
            <n d="-0 -1 -0"/>
            <n d="-0 -1 -0"/>
        </f>
        <f v="1 68 69" fn="-8.02829957181766e-014 -1 1.18371326213471e-013">
            <n d="-0 -1 -0"/>
            <n d="-0 -1 -0"/>
            <n d="-0 -1 -0"/>
        </f>
        <f v="1 67 68" fn="2.64179621635852e-014 -1 -1.40682953649455e-013">
            <n d="-0 -1 -0"/>
            <n d="-0 -1 -0"/>
            <n d="-0 -1 -0"/>
        </f>
        <f v="18 1 14" fn="-0 -1 -0">
            <n d="-0 -1 -0"/>
            <n d="-0 -1 -0"/>
            <n d="-0 -1 -0"/>
        </f>
        <f v="17 72 71" fn="0 -1 0">
            <n d="-0 -1 -0"/>
            <n d="-0 -1 -0"/>
            <n d="-0 -1 -0"/>
        </f>
        <f v="17 18 72" fn="-0 -1 -0">
            <n d="-0 -1 -0"/>
            <n d="-0 -1 -0"/>
            <n d="-0 -1 -0"/>
        </f>
        <f v="50 17 71" fn="0 -1 0">
            <n d="-0 -1 -0"/>
            <n d="-0 -1 -0"/>
            <n d="-0 -1 -0"/>
        </f>
        <f v="51 16 17" fn="-0 -1 -0">
            <n d="-0 -1 -0"/>
            <n d="-0 -1 -0"/>
            <n d="-0 -1 -0"/>
        </f>
        <f v="11 0 16" fn="0 -1 0">
            <n d="-0 -1 -0"/>
            <n d="-0 -1 -0"/>
            <n d="-0 -1 -0"/>
        </f>
        <f v="65 66 0" fn="-0 -1 -0">
            <n d="-0 -1 -0"/>
            <n d="-0 -1 -0"/>
            <n d="-0 -1 -0"/>
        </f>
        <f v="64 65 0" fn="-0 -1 -0">
            <n d="-0 -1 -0"/>
            <n d="-0 -1 -0"/>
            <n d="-0 -1 -0"/>
        </f>
        <f v="11 64 0" fn="-0 -1 -0">
            <n d="-0 -1 -0"/>
            <n d="-0 -1 -0"/>
            <n d="-0 -1 -0"/>
        </f>
        <f v="51 11 16" fn="-0 -1 -0">
            <n d="-0 -1 -0"/>
            <n d="-0 -1 -0"/>
            <n d="-0 -1 -0"/>
        </f>
        <f v="50 51 17" fn="-0 -1 -0">
            <n d="-0 -1 -0"/>
            <n d="-0 -1 -0"/>
            <n d="-0 -1 -0"/>
        </f>
        <f v="47 50 71" fn="0 -1 -0">
            <n d="-0 -1 -0"/>
            <n d="-0 -1 -0"/>
            <n d="-0 -1 -0"/>
        </f>
        <f v="47 49 50" fn="0 -1 0">
            <n d="-0 -1 -0"/>
            <n d="-0 -1 -0"/>
            <n d="-0 -1 -0"/>
        </f>
        <f v="46 10 49" fn="0 -1 0">
            <n d="-0 -1 -0"/>
            <n d="-0 -1 -0"/>
            <n d="-0 -1 -0"/>
        </f>
        <f v="9 63 10" fn="0 -1 0">
            <n d="-0 -1 -0"/>
            <n d="-0 -1 -0"/>
            <n d="-0 -1 -0"/>
        </f>
        <f v="9 62 63" fn="8.02829957181766e-014 -1 -1.18371326213471e-013">
            <n d="-0 -1 -0"/>
            <n d="-0 -1 -0"/>
            <n d="-0 -1 -0"/>
        </f>
        <f v="9 61 62" fn="-2.64179621635852e-014 -1 1.40682953649455e-013">
            <n d="-0 -1 -0"/>
            <n d="-0 -1 -0"/>
            <n d="-0 -1 -0"/>
        </f>
        <f v="47 46 49" fn="-0 -1 -0">
            <n d="-0 -1 -0"/>
            <n d="-0 -1 -0"/>
            <n d="-0 -1 -0"/>
        </f>
        <f v="46 9 10" fn="-0 -1 -0">
            <n d="-0 -1 -0"/>
            <n d="-0 -1 -0"/>
            <n d="-0 -1 -0"/>
        </f>
        <f v="48 47 70" fn="-0 -1 -0">
            <n d="-0 -1 -0"/>
            <n d="-0 -1 -0"/>
            <n d="-0 -1 -0"/>
        </f>
        <f v="48 70 4" fn="-0 -1 -0">
            <n d="-0 -1 -0"/>
            <n d="-0 -1 -0"/>
            <n d="-0 -1 -0"/>
        </f>
    </facets>
    <facets color="333333">
        <f v="76 69 68" fn="0.834196584542929 0.00172394241473532 -0.551464492383201">
            <n d="1 0 -1.83690953073357e-016"/>
            <n d="0.929084827602942 0 -0.369866709934825"/>
            <n d="0.704289864961927 0 -0.709912520041667"/>
        </f>
        <f v="27 67 1" fn="0.184557862110222 -0 -0.982821649910758">
            <n d="-1.22460635382238e-016 0 -1"/>
            <n d="0.362774925086395 0 -0.931876791066588"/>
            <n d="-1.22460635382238e-016 0 -1"/>
        </f>
        <f v="27 68 67" fn="0.544952309117837 0.00167352477849181 -0.838465372035097">
            <n d="-1.22460635382238e-016 0 -1"/>
            <n d="0.704289864961927 0 -0.709912520041667"/>
            <n d="0.362774925086395 0 -0.931876791066588"/>
        </f>
        <f v="26 68 27" fn="0.380846084368946 0 -0.924638448270913">
            <n d="-1.22460635382238e-016 0 -1"/>
            <n d="0.704289864961927 0 -0.709912520041667"/>
            <n d="-1.22460635382238e-016 0 -1"/>
        </f>
        <f v="77 68 26" fn="0.707105706626598 0.00174336232222853 -0.707105706626606">
            <n d="1 0 -1.83690953073357e-016"/>
            <n d="0.704289864961927 0 -0.709912520041667"/>
            <n d="-1.22460635382238e-016 0 -1"/>
        </f>
        <f v="74 26 25" fn="0.38451926807254 -0 -0.923116965763797">
            <n d="0.709912520041667 0 -0.704289864961927"/>
            <n d="-1.22460635382238e-016 0 -1"/>
            <n d="-1.22460635382238e-016 0 -1"/>
        </f>
        <f v="75 25 3" fn="0.188301848632798 0 -0.982111202360237">
            <n d="0.369866709934822 0 -0.929084827602943"/>
            <n d="-1.22460635382238e-016 0 -1"/>
            <n d="-1.22460635382238e-016 0 -1"/>
        </f>
        <f v="74 25 75" fn="0.551464492383182 -0.00172394241473504 -0.834196584542942">
            <n d="0.709912520041667 0 -0.704289864961927"/>
            <n d="-1.22460635382238e-016 0 -1"/>
            <n d="0.369866709934822 0 -0.929084827602943"/>
        </f>
        <f v="77 26 74" fn="0.707105706626599 -0.00174336232222844 -0.707105706626606">
            <n d="1 0 -1.83690953073357e-016"/>
            <n d="-1.22460635382238e-016 0 -1"/>
            <n d="0.709912520041667 0 -0.704289864961927"/>
        </f>
        <f v="76 68 77" fn="0.923116965763799 0 -0.384519268072535">
            <n d="1 0 -1.83690953073357e-016"/>
            <n d="0.704289864961927 0 -0.709912520041667"/>
            <n d="1 0 -1.83690953073357e-016"/>
        </f>
        <f v="78 73 15" fn="0.982821649910745 -0 -0.184557862110291">
            <n d="1 0 -1.83690953073357e-016"/>
            <n d="0.931876791066593 0 -0.36277492508638"/>
            <n d="1 0 -1.83690953073357e-016"/>
        </f>
        <f v="78 74 73" fn="0.838465372035105 -0.00167352477849139 -0.544952309117824">
            <n d="1 0 -1.83690953073357e-016"/>
            <n d="0.709912520041667 0 -0.704289864961927"/>
            <n d="0.931876791066593 0 -0.36277492508638"/>
        </f>
        <f v="77 74 78" fn="0.924638448270901 0 -0.380846084368976">
            <n d="1 0 -1.83690953073357e-016"/>
            <n d="0.709912520041667 0 -0.704289864961927"/>
            <n d="1 0 -1.83690953073357e-016"/>
        </f>
        <f v="76 14 69" fn="0.982111202360244 -0 -0.188301848632764">
            <n d="1 0 -1.83690953073357e-016"/>
            <n d="1 0 -1.83690953073357e-016"/>
            <n d="0.929084827602942 0 -0.369866709934825"/>
        </f>
    </facets>
    <facets color="333333">
        <f v="58 81 80" fn="-0.834196584542929 -0.00172394241473532 -0.551464492383201">
            <n d="-1 0 -6.12303176911189e-017"/>
            <n d="-0.929084827602942 0 -0.369866709934824"/>
            <n d="-0.704289864961927 0 -0.709912520041667"/>
        </f>
        <f v="21 79 2" fn="-0.184557862110222 0 -0.982821649910758">
            <n d="0 0 -1"/>
            <n d="-0.362774925086395 0 -0.931876791066588"/>
            <n d="0 0 -1"/>
        </f>
        <f v="21 80 79" fn="-0.544952309117837 -0.00167352477849181 -0.838465372035097">
            <n d="0 0 -1"/>
            <n d="-0.704289864961927 0 -0.709912520041667"/>
            <n d="-0.362774925086395 0 -0.931876791066588"/>
        </f>
        <f v="20 80 21" fn="-0.380846084368946 0 -0.924638448270913">
            <n d="0 0 -1"/>
            <n d="-0.704289864961927 0 -0.709912520041667"/>
            <n d="0 0 -1"/>
        </f>
        <f v="59 80 20" fn="-0.707105706626598 -0.00174336232222853 -0.707105706626606">
            <n d="-1 0 -6.12303176911189e-017"/>
            <n d="-0.704289864961927 0 -0.709912520041667"/>
            <n d="0 0 -1"/>
        </f>
        <f v="65 20 19" fn="-0.38451926807254 -0 -0.923116965763797">
            <n d="-0.709912520041667 0 -0.704289864961927"/>
            <n d="0 0 -1"/>
            <n d="0 0 -1"/>
        </f>
        <f v="66 19 0" fn="-0.188301848632798 0 -0.982111202360237">
            <n d="-0.369866709934822 0 -0.929084827602943"/>
            <n d="0 0 -1"/>
            <n d="0 0 -1"/>
        </f>
        <f v="65 19 66" fn="-0.551464492383182 0.00172394241473504 -0.834196584542942">
            <n d="-0.709912520041667 0 -0.704289864961927"/>
            <n d="0 0 -1"/>
            <n d="-0.369866709934822 0 -0.929084827602943"/>
        </f>
        <f v="59 20 65" fn="-0.707105706626599 0.00174336232222844 -0.707105706626606">
            <n d="-1 0 -6.12303176911189e-017"/>
            <n d="0 0 -1"/>
            <n d="-0.709912520041667 0 -0.704289864961927"/>
        </f>
        <f v="58 80 59" fn="-0.923116965763799 -0 -0.384519268072535">
            <n d="-1 0 -6.12303176911189e-017"/>
            <n d="-0.704289864961927 0 -0.709912520041667"/>
            <n d="-1 0 -6.12303176911189e-017"/>
        </f>
        <f v="60 64 11" fn="-0.982821649910745 -0 -0.184557862110291">
            <n d="-1 0 -6.12303176911189e-017"/>
            <n d="-0.931876791066594 0 -0.36277492508638"/>
            <n d="-1 0 -6.12303176911189e-017"/>
        </f>
        <f v="60 65 64" fn="-0.838465372035105 0.00167352477849139 -0.544952309117824">
            <n d="-1 0 -6.12303176911189e-017"/>
            <n d="-0.709912520041667 0 -0.704289864961927"/>
            <n d="-0.931876791066594 0 -0.36277492508638"/>
        </f>
        <f v="59 65 60" fn="-0.924638448270901 -0 -0.380846084368976">
            <n d="-1 0 -6.12303176911189e-017"/>
            <n d="-0.709912520041667 0 -0.704289864961927"/>
            <n d="-1 0 -6.12303176911189e-017"/>
        </f>
        <f v="58 13 81" fn="-0.982111202360244 0 -0.188301848632764">
            <n d="-1 0 -6.12303176911189e-017"/>
            <n d="-1 0 -6.12303176911189e-017"/>
            <n d="-0.929084827602942 0 -0.369866709934824"/>
        </f>
    </facets>
    <facets color="333333">
        <f v="43 84 83" fn="-0.551464492383182 -0.00172394241473504 0.834196584542942">
            <n d="0 0 1"/>
            <n d="-0.369866709934822 0 0.929084827602943"/>
            <n d="-0.709912520041667 0 0.704289864961927"/>
        </f>
        <f v="54 83 82" fn="-0.838465372035105 -0.00167352477849139 0.544952309117824">
            <n d="-1 0 6.12303176911189e-017"/>
            <n d="-0.709912520041667 0 0.704289864961927"/>
            <n d="-0.931876791066594 0 0.36277492508638"/>
        </f>
        <f v="54 82 12" fn="-0.982821649910745 0 0.184557862110291">
            <n d="-1 0 6.12303176911189e-017"/>
            <n d="-0.931876791066594 0 0.36277492508638"/>
            <n d="-1 0 6.12303176911189e-017"/>
        </f>
        <f v="53 83 54" fn="-0.924638448270901 0 0.380846084368976">
            <n d="-1 0 6.12303176911189e-017"/>
            <n d="-0.709912520041667 0 0.704289864961927"/>
            <n d="-1 0 6.12303176911189e-017"/>
        </f>
        <f v="44 83 53" fn="-0.707105706626599 -0.00174336232222844 0.707105706626606">
            <n d="0 0 1"/>
            <n d="-0.709912520041667 0 0.704289864961927"/>
            <n d="-1 0 6.12303176911189e-017"/>
        </f>
        <f v="62 53 52" fn="-0.923116965763799 -0 0.384519268072535">
            <n d="-0.704289864961927 0 0.709912520041667"/>
            <n d="-1 0 6.12303176911189e-017"/>
            <n d="-1 0 6.12303176911189e-017"/>
        </f>
        <f v="63 52 10" fn="-0.982111202360244 0 0.188301848632764">
            <n d="-0.929084827602942 0 0.369866709934824"/>
            <n d="-1 0 6.12303176911189e-017"/>
            <n d="-1 0 6.12303176911189e-017"/>
        </f>
        <f v="62 52 63" fn="-0.834196584542929 0.00172394241473532 0.551464492383201">
            <n d="-0.704289864961927 0 0.709912520041667"/>
            <n d="-1 0 6.12303176911189e-017"/>
            <n d="-0.929084827602942 0 0.369866709934824"/>
        </f>
        <f v="44 53 62" fn="-0.707105706626598 0.00174336232222853 0.707105706626606">
            <n d="0 0 1"/>
            <n d="-1 0 6.12303176911189e-017"/>
            <n d="-0.704289864961927 0 0.709912520041667"/>
        </f>
        <f v="45 62 61" fn="-0.544952309117837 0.00167352477849181 0.838465372035097">
            <n d="0 0 1"/>
            <n d="-0.704289864961927 0 0.709912520041667"/>
            <n d="-0.362774925086395 0 0.931876791066588"/>
        </f>
        <f v="45 61 9" fn="-0.184557862110222 0 0.982821649910758">
            <n d="0 0 1"/>
            <n d="-0.362774925086395 0 0.931876791066588"/>
            <n d="0 0 1"/>
        </f>
        <f v="43 83 44" fn="-0.38451926807254 0 0.923116965763797">
            <n d="0 0 1"/>
            <n d="-0.709912520041667 0 0.704289864961927"/>
            <n d="0 0 1"/>
        </f>
        <f v="44 62 45" fn="-0.380846084368946 0 0.924638448270913">
            <n d="0 0 1"/>
            <n d="-0.704289864961927 0 0.709912520041667"/>
            <n d="0 0 1"/>
        </f>
        <f v="43 8 84" fn="-0.188301848632798 -0 0.982111202360237">
            <n d="0 0 1"/>
            <n d="0 0 1"/>
            <n d="-0.369866709934822 0 0.929084827602943"/>
        </f>
    </facets>
    <facets color="333333">
        <f v="2 81 13" fn="0 1 0">
            <n d="-0 1 -0"/>
            <n d="-0 1 -0"/>
            <n d="-0 1 -0"/>
        </f>
        <f v="2 80 81" fn="8.02829957181766e-014 1 1.18371326213471e-013">
            <n d="-0 1 -0"/>
            <n d="-0 1 -0"/>
            <n d="-0 1 -0"/>
        </f>
        <f v="2 79 80" fn="-2.64179621635852e-014 1 -1.40682953649455e-013">
            <n d="-0 1 -0"/>
            <n d="-0 1 -0"/>
            <n d="-0 1 -0"/>
        </f>
        <f v="24 2 13" fn="-0 1 -0">
            <n d="-0 1 -0"/>
            <n d="-0 1 -0"/>
            <n d="-0 1 -0"/>
        </f>
        <f v="57 23 24" fn="0 1 0">
            <n d="-0 1 -0"/>
            <n d="-0 1 -0"/>
            <n d="-0 1 -0"/>
        </f>
        <f v="87 22 23" fn="-0 1 -0">
            <n d="-0 1 -0"/>
            <n d="-0 1 -0"/>
            <n d="-0 1 -0"/>
        </f>
        <f v="15 3 22" fn="0 1 0">
            <n d="-0 1 -0"/>
            <n d="-0 1 -0"/>
            <n d="-0 1 -0"/>
        </f>
        <f v="74 75 3" fn="-0 1 -0">
            <n d="-0 1 -0"/>
            <n d="-0 1 -0"/>
            <n d="-0 1 -0"/>
        </f>
        <f v="73 74 3" fn="-0 1 -0">
            <n d="-0 1 -0"/>
            <n d="-0 1 -0"/>
            <n d="-0 1 -0"/>
        </f>
        <f v="15 73 3" fn="-0 1 -0">
            <n d="-0 1 -0"/>
            <n d="-0 1 -0"/>
            <n d="-0 1 -0"/>
        </f>
        <f v="87 15 22" fn="-0 1 0">
            <n d="-0 1 -0"/>
            <n d="-0 1 -0"/>
            <n d="-0 1 -0"/>
        </f>
        <f v="86 87 23" fn="-0 1 0">
            <n d="-0 1 -0"/>
            <n d="-0 1 -0"/>
            <n d="-0 1 -0"/>
        </f>
        <f v="41 86 23" fn="0 1 0">
            <n d="-0 1 -0"/>
            <n d="-0 1 -0"/>
            <n d="-0 1 -0"/>
        </f>
        <f v="41 85 86" fn="0 1 0">
            <n d="-0 1 -0"/>
            <n d="-0 1 -0"/>
            <n d="-0 1 -0"/>
        </f>
        <f v="40 6 85" fn="0 1 0">
            <n d="-0 1 -0"/>
            <n d="-0 1 -0"/>
            <n d="-0 1 -0"/>
        </f>
        <f v="7 36 6" fn="0 1 0">
            <n d="-0 1 -0"/>
            <n d="-0 1 -0"/>
            <n d="-0 1 -0"/>
        </f>
        <f v="7 35 36" fn="-8.02829957181766e-014 1 -1.18371326213471e-013">
            <n d="-0 1 -0"/>
            <n d="-0 1 -0"/>
            <n d="-0 1 -0"/>
        </f>
        <f v="7 34 35" fn="2.64179621635852e-014 1 1.40682953649455e-013">
            <n d="-0 1 -0"/>
            <n d="-0 1 -0"/>
            <n d="-0 1 -0"/>
        </f>
        <f v="40 7 6" fn="-0 1 -0">
            <n d="-0 1 -0"/>
            <n d="-0 1 -0"/>
            <n d="-0 1 -0"/>
        </f>
        <f v="41 40 85" fn="-0 1 -0">
            <n d="-0 1 -0"/>
            <n d="-0 1 -0"/>
            <n d="-0 1 -0"/>
        </f>
        <f v="56 41 23" fn="-0 1 0">
            <n d="-0 1 -0"/>
            <n d="-0 1 -0"/>
            <n d="-0 1 -0"/>
        </f>
        <f v="12 8 42" fn="0 1 0">
            <n d="-0 1 -0"/>
            <n d="-0 1 -0"/>
            <n d="-0 1 -0"/>
        </f>
        <f v="83 84 8" fn="-0 1 -0">
            <n d="-0 1 -0"/>
            <n d="-0 1 -0"/>
            <n d="-0 1 -0"/>
        </f>
        <f v="82 83 8" fn="-0 1 -0">
            <n d="-0 1 -0"/>
            <n d="-0 1 -0"/>
            <n d="-0 1 -0"/>
        </f>
        <f v="12 82 8" fn="-0 1 -0">
            <n d="-0 1 -0"/>
            <n d="-0 1 -0"/>
            <n d="-0 1 -0"/>
        </f>
        <f v="57 56 23" fn="-0 1 -0">
            <n d="-0 1 -0"/>
            <n d="-0 1 -0"/>
            <n d="-0 1 -0"/>
        </f>
        <f v="55 12 42" fn="0 1 0">
            <n d="-0 1 -0"/>
            <n d="-0 1 -0"/>
            <n d="-0 1 -0"/>
        </f>
        <f v="55 42 41" fn="-0 1 -0">
            <n d="-0 1 -0"/>
            <n d="-0 1 -0"/>
            <n d="-0 1 -0"/>
        </f>
        <f v="56 55 41" fn="-0 1 -0">
            <n d="-0 1 -0"/>
            <n d="-0 1 -0"/>
            <n d="-0 1 -0"/>
        </f>
        <f v="57 24 13" fn="0 1 0">
            <n d="-0 1 -0"/>
            <n d="-0 1 -0"/>
            <n d="-0 1 -0"/>
        </f>
    </facets>
    <facets color="333333">
        <f v="70 32 33" fn="1 0 0">
            <n d="1 -0 -0"/>
            <n d="1 -0 -0"/>
            <n d="1 -0 -0"/>
        </f>
        <f v="85 31 32" fn="1 -0 -0">
            <n d="1 -0 -0"/>
            <n d="1 -0 -0"/>
            <n d="1 -0 -0"/>
        </f>
        <f v="85 6 31" fn="1 -0 -0">
            <n d="1 -0 -0"/>
            <n d="1 -0 -0"/>
            <n d="1 -0 -0"/>
        </f>
        <f v="86 85 32" fn="1 -0 -0">
            <n d="1 -0 -0"/>
            <n d="1 -0 -0"/>
            <n d="1 -0 -0"/>
        </f>
        <f v="77 86 32" fn="1 0 0">
            <n d="1 -0 -0"/>
            <n d="1 -0 -0"/>
            <n d="1 -0 -0"/>
        </f>
        <f v="78 87 86" fn="1 -0 -0">
            <n d="1 -0 -0"/>
            <n d="1 -0 -0"/>
            <n d="1 -0 -0"/>
        </f>
        <f v="78 15 87" fn="1 -0 -0">
            <n d="1 -0 -0"/>
            <n d="1 -0 -0"/>
            <n d="1 -0 -0"/>
        </f>
        <f v="77 78 86" fn="1 -0 -0">
            <n d="1 -0 -0"/>
            <n d="1 -0 -0"/>
            <n d="1 -0 -0"/>
        </f>
        <f v="71 77 32" fn="1 -0 0">
            <n d="1 -0 -0"/>
            <n d="1 -0 -0"/>
            <n d="1 -0 -0"/>
        </f>
        <f v="70 71 32" fn="1 -0 -0">
            <n d="1 -0 -0"/>
            <n d="1 -0 -0"/>
            <n d="1 -0 -0"/>
        </f>
        <f v="72 14 76" fn="1 0 0">
            <n d="1 -0 -0"/>
            <n d="1 -0 -0"/>
            <n d="1 -0 -0"/>
        </f>
        <f v="71 76 77" fn="1 0 0">
            <n d="1 -0 -0"/>
            <n d="1 -0 -0"/>
            <n d="1 -0 -0"/>
        </f>
        <f v="71 72 76" fn="1 -0 -0">
            <n d="1 -0 -0"/>
            <n d="1 -0 -0"/>
            <n d="1 -0 -0"/>
        </f>
        <f v="70 33 4" fn="1 0 0">
            <n d="1 -0 -0"/>
            <n d="1 -0 -0"/>
            <n d="1 -0 -0"/>
        </f>
    </facets>
</shell>
<shell id="id96">
    <verts>
        <v p="-1.505 -0.87 1.14"/>
        <v p="1.505 -0.87 1.14"/>
        <v p="1.505 0 1.14"/>
        <v p="-1.505 0 1.14"/>
        <v p="-1.505 -0.89 1.12"/>
        <v p="-1.505 -0.89 -1.12"/>
        <v p="1.505 -0.89 -1.12"/>
        <v p="1.505 -0.89 1.12"/>
        <v p="1.525 -0.87 1.12"/>
        <v p="1.525 -0.87 -1.12"/>
        <v p="1.525 0 -1.12"/>
        <v p="1.525 0 1.12"/>
        <v p="-1.525 0 1.12"/>
        <v p="-1.525 0 -1.12"/>
        <v p="-1.525 -0.87 -1.12"/>
        <v p="-1.525 -0.87 1.12"/>
        <v p="-1.505 0 -1.14"/>
        <v p="1.505 0 -1.14"/>
        <v p="1.505 -0.87 -1.14"/>
        <v p="-1.505 -0.87 -1.14"/>
        <v p="-0.7525 -0.87 1.14"/>
        <v p="0 -0.87 1.14"/>
        <v p="0.7525 -0.87 1.14"/>
        <v p="1.505 -0.6525 1.14"/>
        <v p="1.505 -0.435 1.14"/>
        <v p="1.505 -0.2175 1.14"/>
        <v p="0.7525 0 1.14"/>
        <v p="0 0 1.14"/>
        <v p="-0.7525 0 1.14"/>
        <v p="-1.505 -0.2175 1.14"/>
        <v p="-1.505 -0.435 1.14"/>
        <v p="-1.505 -0.6525 1.14"/>
        <v p="-1.505 -0.89 0.56"/>
        <v p="-1.505 -0.89 0"/>
        <v p="-1.505 -0.89 -0.56"/>
        <v p="-0.7525 -0.89 -1.12"/>
        <v p="0 -0.89 -1.12"/>
        <v p="0.7525 -0.89 -1.12"/>
        <v p="1.505 -0.89 -0.56"/>
        <v p="1.505 -0.89 0"/>
        <v p="1.505 -0.89 0.56"/>
        <v p="0.7525 -0.89 1.12"/>
        <v p="0 -0.89 1.12"/>
        <v p="-0.7525 -0.89 1.12"/>
        <v p="1.525 -0.87 0.56"/>
        <v p="1.525 -0.87 0"/>
        <v p="1.525 -0.87 -0.56"/>
        <v p="1.525 -0.6525 -1.12"/>
        <v p="1.525 -0.435 -1.12"/>
        <v p="1.525 -0.2175 -1.12"/>
        <v p="1.525 0 -0.56"/>
        <v p="1.525 0 0"/>
        <v p="1.525 0 0.56"/>
        <v p="1.525 -0.2175 1.12"/>
        <v p="1.525 -0.435 1.12"/>
        <v p="1.525 -0.6525 1.12"/>
        <v p="-1.525 0 0.56"/>
        <v p="-1.525 0 0"/>
        <v p="-1.525 0 -0.56"/>
        <v p="-1.525 -0.2175 -1.12"/>
        <v p="-1.525 -0.435 -1.12"/>
        <v p="-1.525 -0.6525 -1.12"/>
        <v p="-1.525 -0.87 -0.56"/>
        <v p="-1.525 -0.87 0"/>
        <v p="-1.525 -0.87 0.56"/>
        <v p="-1.525 -0.6525 1.12"/>
        <v p="-1.525 -0.435 1.12"/>
        <v p="-1.525 -0.2175 1.12"/>
        <v p="-0.7525 0 -1.14"/>
        <v p="0 0 -1.14"/>
        <v p="0.7525 0 -1.14"/>
        <v p="1.505 -0.2175 -1.14"/>
        <v p="1.505 -0.435 -1.14"/>
        <v p="1.505 -0.6525 -1.14"/>
        <v p="0.7525 -0.87 -1.14"/>
        <v p="0 -0.87 -1.14"/>
        <v p="-0.7525 -0.87 -1.14"/>
        <v p="-1.505 -0.6525 -1.14"/>
        <v p="-1.505 -0.435 -1.14"/>
        <v p="-1.505 -0.2175 -1.14"/>
        <v p="1.52363753582133 -0.87 -1.12725549850173"/>
        <v p="1.51919825040083 -0.87 -1.13408579729924"/>
        <v p="1.5123973341987 -0.87 -1.13858169655206"/>
        <v p="1.52363753582133 0 -1.12725549850173"/>
        <v p="1.51919825040083 0 -1.13408579729924"/>
        <v p="1.5123973341987 0 -1.13858169655206"/>
        <v p="1.52358169655206 -0.877397334198697 -1.12"/>
        <v p="1.51908579729924 -0.884198250400834 -1.12"/>
        <v p="1.51225549850173 -0.888637535821332 -1.12"/>
        <v p="1.505 -0.888581696552059 -1.1273973341987"/>
        <v p="1.505 -0.884085797299239 -1.13419825040083"/>
        <v p="1.505 -0.877255498501728 -1.13863753582133"/>
        <v p="1.52363753582133 -0.877255498501728 1.12"/>
        <v p="1.51919825040083 -0.884085797299239 1.12"/>
        <v p="1.5123973341987 -0.888581696552059 1.12"/>
        <v p="-1.505 -0.888637535821332 -1.12725549850173"/>
        <v p="-1.505 -0.884198250400833 -1.13408579729924"/>
        <v p="-1.505 -0.877397334198696 -1.13858169655206"/>
        <v p="1.52358169655206 -0.87 1.1273973341987"/>
        <v p="1.51908579729924 -0.87 1.13419825040083"/>
        <v p="1.51225549850173 -0.87 1.13863753582133"/>
        <v p="1.505 -0.877397334198696 1.13858169655206"/>
        <v p="1.505 -0.884198250400833 1.13408579729924"/>
        <v p="1.505 -0.888637535821332 1.12725549850173"/>
        <v p="-1.5123973341987 -0.888581696552059 -1.12"/>
        <v p="-1.51919825040083 -0.884085797299239 -1.12"/>
        <v p="-1.52363753582133 -0.877255498501727 -1.12"/>
        <v p="-1.52358169655206 -0.87 -1.1273973341987"/>
        <v p="-1.51908579729924 -0.87 -1.13419825040083"/>
        <v p="-1.51225549850173 -0.87 -1.13863753582133"/>
        <v p="1.51225549850173 0 1.13863753582133"/>
        <v p="1.51908579729924 0 1.13419825040083"/>
        <v p="1.52358169655206 0 1.1273973341987"/>
        <v p="-1.505 -0.877255498501728 1.13863753582133"/>
        <v p="-1.505 -0.884085797299239 1.13419825040083"/>
        <v p="-1.505 -0.888581696552059 1.1273973341987"/>
        <v p="-1.51225549850173 -0.888637535821332 1.12"/>
        <v p="-1.51908579729924 -0.884198250400834 1.12"/>
        <v p="-1.52358169655206 -0.877397334198697 1.12"/>
        <v p="-1.51225549850173 0 -1.13863753582133"/>
        <v p="-1.51908579729924 0 -1.13419825040083"/>
        <v p="-1.52358169655206 0 -1.1273973341987"/>
        <v p="-1.5123973341987 -0.87 1.13858169655206"/>
        <v p="-1.51919825040083 -0.87 1.13408579729924"/>
        <v p="-1.52363753582133 -0.87 1.12725549850173"/>
        <v p="-1.52363753582133 0 1.12725549850173"/>
        <v p="-1.51919825040083 0 1.13408579729924"/>
        <v p="-1.5123973341987 0 1.13858169655206"/>
    </verts>
    <facets color="f9f9f9">
        <f v="21 30 31" fn="0 0 1">
            <n d="-0 -0 1"/>
            <n d="-0 -0 1"/>
            <n d="-0 -0 1"/>
        </f>
        <f v="27 29 30" fn="0 0 1">
            <n d="-0 -0 1"/>
            <n d="-0 -0 1"/>
            <n d="-0 -0 1"/>
        </f>
        <f v="28 3 29" fn="0 -0 1">
            <n d="-0 -0 1"/>
            <n d="-0 -0 1"/>
            <n d="-0 -0 1"/>
        </f>
        <f v="27 28 29" fn="0 -0 1">
            <n d="-0 -0 1"/>
            <n d="-0 -0 1"/>
            <n d="-0 -0 1"/>
        </f>
        <f v="24 27 30" fn="0 0 1">
            <n d="-0 -0 1"/>
            <n d="-0 -0 1"/>
            <n d="-0 -0 1"/>
        </f>
        <f v="25 26 27" fn="-0 -0 1">
            <n d="-0 -0 1"/>
            <n d="-0 -0 1"/>
            <n d="-0 -0 1"/>
        </f>
        <f v="25 2 26" fn="-0 -0 1">
            <n d="-0 -0 1"/>
            <n d="-0 -0 1"/>
            <n d="-0 -0 1"/>
        </f>
        <f v="24 25 27" fn="-0 -0 1">
            <n d="-0 -0 1"/>
            <n d="-0 -0 1"/>
            <n d="-0 -0 1"/>
        </f>
        <f v="21 24 30" fn="0 -0 1">
            <n d="-0 -0 1"/>
            <n d="-0 -0 1"/>
            <n d="-0 -0 1"/>
        </f>
        <f v="20 21 31" fn="-0 -0 1">
            <n d="-0 -0 1"/>
            <n d="-0 -0 1"/>
            <n d="-0 -0 1"/>
        </f>
        <f v="22 1 23" fn="0 0 1">
            <n d="-0 -0 1"/>
            <n d="-0 -0 1"/>
            <n d="-0 -0 1"/>
        </f>
        <f v="21 23 24" fn="0 0 1">
            <n d="-0 -0 1"/>
            <n d="-0 -0 1"/>
            <n d="-0 -0 1"/>
        </f>
        <f v="21 22 23" fn="-0 -0 1">
            <n d="-0 -0 1"/>
            <n d="-0 -0 1"/>
            <n d="-0 -0 1"/>
        </f>
        <f v="20 31 0" fn="0 0 1">
            <n d="-0 -0 1"/>
            <n d="-0 -0 1"/>
            <n d="-0 -0 1"/>
        </f>
    </facets>
    <facets color="f9f9f9">
        <f v="43 32 33" fn="-0 -1 -0">
            <n d="0 -1 0"/>
            <n d="0 -1 0"/>
            <n d="0 -1 0"/>
        </f>
        <f v="35 33 34" fn="0 -1 0">
            <n d="0 -1 0"/>
            <n d="0 -1 0"/>
            <n d="0 -1 0"/>
        </f>
        <f v="35 34 5" fn="0 -1 0">
            <n d="0 -1 0"/>
            <n d="0 -1 0"/>
            <n d="0 -1 0"/>
        </f>
        <f v="36 33 35" fn="0 -1 0">
            <n d="0 -1 0"/>
            <n d="0 -1 0"/>
            <n d="0 -1 0"/>
        </f>
        <f v="42 33 36" fn="-0 -1 -0">
            <n d="0 -1 0"/>
            <n d="0 -1 0"/>
            <n d="0 -1 0"/>
        </f>
        <f v="38 36 37" fn="0 -1 0">
            <n d="0 -1 0"/>
            <n d="0 -1 0"/>
            <n d="0 -1 0"/>
        </f>
        <f v="38 37 6" fn="0 -1 -0">
            <n d="0 -1 0"/>
            <n d="0 -1 0"/>
            <n d="0 -1 0"/>
        </f>
        <f v="39 36 38" fn="0 -1 -0">
            <n d="0 -1 0"/>
            <n d="0 -1 0"/>
            <n d="0 -1 0"/>
        </f>
        <f v="42 36 39" fn="0 -1 0">
            <n d="0 -1 0"/>
            <n d="0 -1 0"/>
            <n d="0 -1 0"/>
        </f>
        <f v="41 39 40" fn="0 -1 0">
            <n d="0 -1 0"/>
            <n d="0 -1 0"/>
            <n d="0 -1 0"/>
        </f>
        <f v="41 40 7" fn="0 -1 0">
            <n d="0 -1 0"/>
            <n d="0 -1 0"/>
            <n d="0 -1 0"/>
        </f>
        <f v="43 33 42" fn="0 -1 -0">
            <n d="0 -1 0"/>
            <n d="0 -1 0"/>
            <n d="0 -1 0"/>
        </f>
        <f v="42 39 41" fn="0 -1 0">
            <n d="0 -1 0"/>
            <n d="0 -1 0"/>
            <n d="0 -1 0"/>
        </f>
        <f v="43 4 32" fn="-0 -1 -0">
            <n d="0 -1 0"/>
            <n d="0 -1 0"/>
            <n d="0 -1 0"/>
        </f>
    </facets>
    <facets color="f9f9f9">
        <f v="45 54 55" fn="1 0 0">
            <n d="1 -0 -0"/>
            <n d="1 -0 -0"/>
            <n d="1 -0 -0"/>
        </f>
        <f v="51 53 54" fn="1 0 0">
            <n d="1 -0 -0"/>
            <n d="1 -0 -0"/>
            <n d="1 -0 -0"/>
        </f>
        <f v="52 11 53" fn="1 -0 -0">
            <n d="1 -0 -0"/>
            <n d="1 -0 -0"/>
            <n d="1 -0 -0"/>
        </f>
        <f v="51 52 53" fn="1 -0 -0">
            <n d="1 -0 -0"/>
            <n d="1 -0 -0"/>
            <n d="1 -0 -0"/>
        </f>
        <f v="45 51 54" fn="1 0 0">
            <n d="1 -0 -0"/>
            <n d="1 -0 -0"/>
            <n d="1 -0 -0"/>
        </f>
        <f v="48 50 51" fn="1 0 0">
            <n d="1 -0 -0"/>
            <n d="1 -0 -0"/>
            <n d="1 -0 -0"/>
        </f>
        <f v="49 10 50" fn="1 -0 -0">
            <n d="1 -0 -0"/>
            <n d="1 -0 -0"/>
            <n d="1 -0 -0"/>
        </f>
        <f v="48 49 50" fn="1 -0 -0">
            <n d="1 -0 -0"/>
            <n d="1 -0 -0"/>
            <n d="1 -0 -0"/>
        </f>
        <f v="45 48 51" fn="1 -0 -0">
            <n d="1 -0 -0"/>
            <n d="1 -0 -0"/>
            <n d="1 -0 -0"/>
        </f>
        <f v="44 45 55" fn="1 -0 -0">
            <n d="1 -0 -0"/>
            <n d="1 -0 -0"/>
            <n d="1 -0 -0"/>
        </f>
        <f v="46 9 47" fn="1 0 0">
            <n d="1 -0 -0"/>
            <n d="1 -0 -0"/>
            <n d="1 -0 -0"/>
        </f>
        <f v="46 47 48" fn="1 -0 -0">
            <n d="1 -0 -0"/>
            <n d="1 -0 -0"/>
            <n d="1 -0 -0"/>
        </f>
        <f v="45 46 48" fn="1 -0 -0">
            <n d="1 -0 -0"/>
            <n d="1 -0 -0"/>
            <n d="1 -0 -0"/>
        </f>
        <f v="44 55 8" fn="1 0 0">
            <n d="1 -0 -0"/>
            <n d="1 -0 -0"/>
            <n d="1 -0 -0"/>
        </f>
    </facets>
    <facets color="f9f9f9">
        <f v="56 66 67" fn="-1 0 0">
            <n d="-1 -0 -0"/>
            <n d="-1 -0 -0"/>
            <n d="-1 -0 -0"/>
        </f>
        <f v="64 15 65" fn="-1 0 0">
            <n d="-1 -0 -0"/>
            <n d="-1 -0 -0"/>
            <n d="-1 -0 -0"/>
        </f>
        <f v="64 65 66" fn="-1 -0 -0">
            <n d="-1 -0 -0"/>
            <n d="-1 -0 -0"/>
            <n d="-1 -0 -0"/>
        </f>
        <f v="63 64 66" fn="-1 -0 -0">
            <n d="-1 -0 -0"/>
            <n d="-1 -0 -0"/>
            <n d="-1 -0 -0"/>
        </f>
        <f v="57 63 66" fn="-1 0 0">
            <n d="-1 -0 -0"/>
            <n d="-1 -0 -0"/>
            <n d="-1 -0 -0"/>
        </f>
        <f v="61 62 63" fn="-1 -0 -0">
            <n d="-1 -0 -0"/>
            <n d="-1 -0 -0"/>
            <n d="-1 -0 -0"/>
        </f>
        <f v="61 14 62" fn="-1 -0 -0">
            <n d="-1 -0 -0"/>
            <n d="-1 -0 -0"/>
            <n d="-1 -0 -0"/>
        </f>
        <f v="60 61 63" fn="-1 -0 -0">
            <n d="-1 -0 -0"/>
            <n d="-1 -0 -0"/>
            <n d="-1 -0 -0"/>
        </f>
        <f v="57 60 63" fn="-1 -0 -0">
            <n d="-1 -0 -0"/>
            <n d="-1 -0 -0"/>
            <n d="-1 -0 -0"/>
        </f>
        <f v="57 59 60" fn="-1 0 0">
            <n d="-1 -0 -0"/>
            <n d="-1 -0 -0"/>
            <n d="-1 -0 -0"/>
        </f>
        <f v="58 13 59" fn="-1 -0 -0">
            <n d="-1 -0 -0"/>
            <n d="-1 -0 -0"/>
            <n d="-1 -0 -0"/>
        </f>
        <f v="56 57 66" fn="-1 -0 -0">
            <n d="-1 -0 -0"/>
            <n d="-1 -0 -0"/>
            <n d="-1 -0 -0"/>
        </f>
        <f v="57 58 59" fn="-1 -0 -0">
            <n d="-1 -0 -0"/>
            <n d="-1 -0 -0"/>
            <n d="-1 -0 -0"/>
        </f>
        <f v="56 67 12" fn="-1 0 0">
            <n d="-1 -0 -0"/>
            <n d="-1 -0 -0"/>
            <n d="-1 -0 -0"/>
        </f>
    </facets>
    <facets color="f9f9f9">
        <f v="69 78 79" fn="0 0 -1">
            <n d="-0 -0 -1"/>
            <n d="-0 -0 -1"/>
            <n d="-0 -0 -1"/>
        </f>
        <f v="76 19 77" fn="0 0 -1">
            <n d="-0 -0 -1"/>
            <n d="-0 -0 -1"/>
            <n d="-0 -0 -1"/>
        </f>
        <f v="75 77 78" fn="0 0 -1">
            <n d="-0 -0 -1"/>
            <n d="-0 -0 -1"/>
            <n d="-0 -0 -1"/>
        </f>
        <f v="75 76 77" fn="-0 -0 -1">
            <n d="-0 -0 -1"/>
            <n d="-0 -0 -1"/>
            <n d="-0 -0 -1"/>
        </f>
        <f v="72 75 78" fn="-0 0 -1">
            <n d="-0 -0 -1"/>
            <n d="-0 -0 -1"/>
            <n d="-0 -0 -1"/>
        </f>
        <f v="73 74 75" fn="-0 -0 -1">
            <n d="-0 -0 -1"/>
            <n d="-0 -0 -1"/>
            <n d="-0 -0 -1"/>
        </f>
        <f v="73 18 74" fn="-0 -0 -1">
            <n d="-0 -0 -1"/>
            <n d="-0 -0 -1"/>
            <n d="-0 -0 -1"/>
        </f>
        <f v="72 73 75" fn="-0 -0 -1">
            <n d="-0 -0 -1"/>
            <n d="-0 -0 -1"/>
            <n d="-0 -0 -1"/>
        </f>
        <f v="69 72 78" fn="0 -0 -1">
            <n d="-0 -0 -1"/>
            <n d="-0 -0 -1"/>
            <n d="-0 -0 -1"/>
        </f>
        <f v="69 71 72" fn="0 0 -1">
            <n d="-0 -0 -1"/>
            <n d="-0 -0 -1"/>
            <n d="-0 -0 -1"/>
        </f>
        <f v="70 17 71" fn="0 -0 -1">
            <n d="-0 -0 -1"/>
            <n d="-0 -0 -1"/>
            <n d="-0 -0 -1"/>
        </f>
        <f v="68 69 79" fn="0 -0 -1">
            <n d="-0 -0 -1"/>
            <n d="-0 -0 -1"/>
            <n d="-0 -0 -1"/>
        </f>
        <f v="69 70 71" fn="0 -0 -1">
            <n d="-0 -0 -1"/>
            <n d="-0 -0 -1"/>
            <n d="-0 -0 -1"/>
        </f>
        <f v="68 79 16" fn="-0 0 -1">
            <n d="-0 -0 -1"/>
            <n d="-0 -0 -1"/>
            <n d="-0 -0 -1"/>
        </f>
    </facets>
    <facets color="f9f9f9">
        <f v="47 80 81" fn="0.83839650283225 0.012925474470505 -0.544907548257835">
            <n d="1 0 -1.83690953073357e-016"/>
            <n d="0.931876791066593 0 -0.36277492508638"/>
            <n d="0.709912520041667 0 -0.704289864961927"/>
        </f>
        <f v="73 82 18" fn="0.188301848632798 -0 -0.982111202360237">
            <n d="-1.22460635382238e-016 0 -1"/>
            <n d="0.369866709934822 0 -0.929084827602943"/>
            <n d="-1.22460635382238e-016 0 -1"/>
        </f>
        <f v="73 81 82" fn="0.551416426666458 0.0133148083749883 -0.834123875860373">
            <n d="-1.22460635382238e-016 0 -1"/>
            <n d="0.709912520041667 0 -0.704289864961927"/>
            <n d="0.369866709934822 0 -0.929084827602943"/>
        </f>
        <f v="72 81 73" fn="0.38451926807254 0 -0.923116965763797">
            <n d="-1.22460635382238e-016 0 -1"/>
            <n d="0.709912520041667 0 -0.704289864961927"/>
            <n d="-1.22460635382238e-016 0 -1"/>
        </f>
        <f v="48 81 72" fn="0.707042679033049 0.0134647707565429 -0.707042679033057">
            <n d="1 0 -1.83690953073357e-016"/>
            <n d="0.709912520041667 0 -0.704289864961927"/>
            <n d="-1.22460635382238e-016 0 -1"/>
        </f>
        <f v="84 72 71" fn="0.38451926807254 -0 -0.923116965763797">
            <n d="0.709912520041667 0 -0.704289864961927"/>
            <n d="-1.22460635382238e-016 0 -1"/>
            <n d="-1.22460635382238e-016 0 -1"/>
        </f>
        <f v="85 71 17" fn="0.188301848632798 0 -0.982111202360237">
            <n d="0.369866709934822 0 -0.929084827602943"/>
            <n d="-1.22460635382238e-016 0 -1"/>
            <n d="-1.22460635382238e-016 0 -1"/>
        </f>
        <f v="84 71 85" fn="0.551416426666458 -0.0133148083749883 -0.834123875860373">
            <n d="0.709912520041667 0 -0.704289864961927"/>
            <n d="-1.22460635382238e-016 0 -1"/>
            <n d="0.369866709934822 0 -0.929084827602943"/>
        </f>
        <f v="48 72 84" fn="0.707042679033049 -0.0134647707565429 -0.707042679033057">
            <n d="1 0 -1.83690953073357e-016"/>
            <n d="-1.22460635382238e-016 0 -1"/>
            <n d="0.709912520041667 0 -0.704289864961927"/>
        </f>
        <f v="47 81 48" fn="0.924638448270901 0 -0.380846084368976">
            <n d="1 0 -1.83690953073357e-016"/>
            <n d="0.709912520041667 0 -0.704289864961927"/>
            <n d="1 0 -1.83690953073357e-016"/>
        </f>
        <f v="49 83 10" fn="0.982821649910745 -0 -0.184557862110291">
            <n d="1 0 -1.83690953073357e-016"/>
            <n d="0.931876791066593 0 -0.36277492508638"/>
            <n d="1 0 -1.83690953073357e-016"/>
        </f>
        <f v="49 84 83" fn="0.83839650283225 -0.012925474470505 -0.544907548257835">
            <n d="1 0 -1.83690953073357e-016"/>
            <n d="0.709912520041667 0 -0.704289864961927"/>
            <n d="0.931876791066593 0 -0.36277492508638"/>
        </f>
        <f v="48 84 49" fn="0.924638448270901 0 -0.380846084368976">
            <n d="1 0 -1.83690953073357e-016"/>
            <n d="0.709912520041667 0 -0.704289864961927"/>
            <n d="1 0 -1.83690953073357e-016"/>
        </f>
        <f v="47 9 80" fn="0.982821649910745 -0 -0.184557862110291">
            <n d="1 0 -1.83690953073357e-016"/>
            <n d="1 0 -1.83690953073357e-016"/>
            <n d="0.931876791066593 0 -0.36277492508638"/>
        </f>
    </facets>
    <facets color="f9f9f9">
        <f v="81 86 87" fn="0.731181759801568 -0.483364215917705 -0.481385779706613">
            <n d="0.709912520041667 5.50088814504326e-015 -0.704289864961927"/>
            <n d="0.92908482760294 -0.369866709934829 0"/>
            <n d="0.704289864961922 -0.709912520041673 0"/>
        </f>
        <f v="89 88 6" fn="0.181365898582199 -0.965823561478117 -0.185178991587053">
            <n d="1.05568457438523e-014 -0.929084827602941 -0.369866709934826"/>
            <n d="0.362774925086362 -0.9318767910666 1.11022302462516e-014"/>
            <n d="-1.83690953073357e-016 -1 0"/>
        </f>
        <f v="89 87 88" fn="0.479340027978646 -0.737514105667503 -0.475716387692177">
            <n d="1.05568457438523e-014 -0.929084827602941 -0.369866709934826"/>
            <n d="0.704289864961922 -0.709912520041673 0"/>
            <n d="0.362774925086362 -0.9318767910666 1.11022302462516e-014"/>
        </f>
        <f v="90 87 89" fn="0.481385779706587 -0.731181759801575 -0.483364215917721">
            <n d="-1.29371676534762e-016 -0.704289864961927 -0.709912520041667"/>
            <n d="0.704289864961922 -0.709912520041673 0"/>
            <n d="1.05568457438523e-014 -0.929084827602941 -0.369866709934826"/>
        </f>
        <f v="81 87 90" fn="0.57735026918963 -0.577350269189608 -0.577350269189639">
            <n d="0.709912520041667 5.50088814504326e-015 -0.704289864961927"/>
            <n d="0.704289864961922 -0.709912520041673 0"/>
            <n d="-1.29371676534762e-016 -0.704289864961927 -0.709912520041667"/>
        </f>
        <f v="82 90 91" fn="0.475716387692262 -0.479340027978649 -0.737514105667447">
            <n d="0.369866709934823 5.49404148419241e-015 -0.929084827602943"/>
            <n d="-1.29371676534762e-016 -0.704289864961927 -0.709912520041667"/>
            <n d="-6.66384717402328e-017 -0.362774925086381 -0.931876791066593"/>
        </f>
        <f v="82 91 18" fn="0.185178991587081 -0.181365898582184 -0.965823561478114">
            <n d="0.369866709934823 5.49404148419241e-015 -0.929084827602943"/>
            <n d="-6.66384717402328e-017 -0.362774925086381 -0.931876791066593"/>
            <n d="0.000265203753549496 -0.000265203753549492 -0.999999929666967"/>
        </f>
        <f v="81 90 82" fn="0.483364215917709 -0.481385779706563 -0.731181759801598">
            <n d="0.709912520041667 5.50088814504326e-015 -0.704289864961927"/>
            <n d="-1.29371676534762e-016 -0.704289864961927 -0.709912520041667"/>
            <n d="0.369866709934823 5.49404148419241e-015 -0.929084827602943"/>
        </f>
        <f v="80 86 81" fn="0.737514105667472 -0.475716387692191 -0.479340027978681">
            <n d="0.931876791066594 -2.28236447863952e-016 -0.36277492508638"/>
            <n d="0.92908482760294 -0.369866709934829 0"/>
            <n d="0.709912520041667 5.50088814504326e-015 -0.704289864961927"/>
        </f>
        <f v="80 9 86" fn="0.965823561478111 -0.18517899158704 -0.181365898582245">
            <n d="0.931876791066594 -2.28236447863952e-016 -0.36277492508638"/>
            <n d="1 -2.44921270764475e-016 0"/>
            <n d="0.92908482760294 -0.369866709934829 0"/>
        </f>
    </facets>
    <facets color="f9f9f9">
        <f v="44 92 93" fn="0.838455979082745 -0.544946204261009 -0.00502051809222821">
            <n d="1 -1.22460635382238e-016 -0"/>
            <n d="0.931876791066596 -0.362774925086373 -0"/>
            <n d="0.709912520041667 -0.704289864961927 -0"/>
        </f>
        <f v="40 94 7" fn="0.188301848632792 -0.982111202360238 -0">
            <n d="-6.12303176911189e-017 -1 0"/>
            <n d="0.369866709934828 -0.92908482760294 -0"/>
            <n d="-6.12303176911189e-017 -1 0"/>
        </f>
        <f v="40 93 94" fn="0.551457936739939 -0.834186667866024 -0.0051717657630859">
            <n d="-6.12303176911189e-017 -1 0"/>
            <n d="0.709912520041667 -0.704289864961927 -0"/>
            <n d="0.369866709934828 -0.92908482760294 -0"/>
        </f>
        <f v="39 93 40" fn="0.384519268072535 -0.923116965763799 0">
            <n d="-6.12303176911189e-017 -1 0"/>
            <n d="0.709912520041667 -0.704289864961927 -0"/>
            <n d="-6.12303176911189e-017 -1 0"/>
        </f>
        <f v="45 93 39" fn="0.707097110323398 -0.707097110323398 -0.00523002338437678">
            <n d="1 -1.22460635382238e-016 -0"/>
            <n d="0.709912520041667 -0.704289864961927 -0"/>
            <n d="-6.12303176911189e-017 -1 0"/>
        </f>
        <f v="87 39 38" fn="0.380846084368946 -0.924638448270913 -0">
            <n d="0.704289864961922 -0.709912520041672 -0"/>
            <n d="-6.12303176911189e-017 -1 0"/>
            <n d="-6.12303176911189e-017 -1 0"/>
        </f>
        <f v="88 38 6" fn="0.184557862110238 -0.982821649910755 0">
            <n d="0.362774925086363 -0.9318767910666 -0"/>
            <n d="-6.12303176911189e-017 -1 0"/>
            <n d="-6.12303176911189e-017 -1 0"/>
        </f>
        <f v="87 38 88" fn="0.544946204260953 -0.838455979082781 0.00502051809222673">
            <n d="0.704289864961922 -0.709912520041672 -0"/>
            <n d="-6.12303176911189e-017 -1 0"/>
            <n d="0.362774925086363 -0.9318767910666 -0"/>
        </f>
        <f v="45 39 87" fn="0.707097110323398 -0.707097110323398 0.00523002338437692">
            <n d="1 -1.22460635382238e-016 -0"/>
            <n d="-6.12303176911189e-017 -1 0"/>
            <n d="0.704289864961922 -0.709912520041672 -0"/>
        </f>
        <f v="46 87 86" fn="0.834186667866016 -0.551457936739952 0.00517176576308653">
            <n d="1 -1.22460635382238e-016 -0"/>
            <n d="0.704289864961922 -0.709912520041672 -0"/>
            <n d="0.92908482760294 -0.369866709934829 -0"/>
        </f>
        <f v="45 87 46" fn="0.923116965763801 -0.38451926807253 0">
            <n d="1 -1.22460635382238e-016 -0"/>
            <n d="0.704289864961922 -0.709912520041672 -0"/>
            <n d="1 -1.22460635382238e-016 -0"/>
        </f>
        <f v="46 86 9" fn="0.982111202360244 -0.188301848632761 0">
            <n d="1 -1.22460635382238e-016 -0"/>
            <n d="0.92908482760294 -0.369866709934829 -0"/>
            <n d="1 -1.22460635382238e-016 -0"/>
        </f>
        <f v="44 93 45" fn="0.924638448270908 -0.380846084368958 0">
            <n d="1 -1.22460635382238e-016 -0"/>
            <n d="0.709912520041667 -0.704289864961927 -0"/>
            <n d="1 -1.22460635382238e-016 -0"/>
        </f>
        <f v="44 8 92" fn="0.982821649910762 -0.184557862110201 -0">
            <n d="1 -1.22460635382238e-016 -0"/>
            <n d="1 -1.22460635382238e-016 -0"/>
            <n d="0.931876791066596 -0.362774925086373 -0"/>
        </f>
    </facets>
    <facets color="f9f9f9">
        <f v="35 95 96" fn="0.00373622052009709 -0.83846069393454 -0.544949268632444">
            <n d="0 -1 6.12303176911189e-017"/>
            <n d="0 -0.931876791066591 -0.362774925086387"/>
            <n d="0 -0.709912520041664 -0.70428986496193"/>
        </f>
        <f v="76 96 97" fn="0.0038487788829067 -0.551461227384776 -0.834191645602128">
            <n d="0 -1.22460635382238e-016 -1"/>
            <n d="0 -0.709912520041664 -0.70428986496193"/>
            <n d="0 -0.369866709934823 -0.929084827602943"/>
        </f>
        <f v="76 97 19" fn="-0 -0.188301848632798 -0.982111202360237">
            <n d="0 -1.22460635382238e-016 -1"/>
            <n d="0 -0.369866709934823 -0.929084827602943"/>
            <n d="0 -1.22460635382238e-016 -1"/>
        </f>
        <f v="75 96 76" fn="-0 -0.384519268072525 -0.923116965763803">
            <n d="0 -1.22460635382238e-016 -1"/>
            <n d="0 -0.709912520041664 -0.70428986496193"/>
            <n d="0 -1.22460635382238e-016 -1"/>
        </f>
        <f v="36 96 75" fn="0.00389213417666651 -0.707101425289025 -0.707101425289032">
            <n d="0 -1 6.12303176911189e-017"/>
            <n d="0 -0.709912520041664 -0.70428986496193"/>
            <n d="0 -1.22460635382238e-016 -1"/>
        </f>
        <f v="90 75 74" fn="-0 -0.380846084368946 -0.924638448270913">
            <n d="0 -0.704289864961927 -0.709912520041667"/>
            <n d="0 -1.22460635382238e-016 -1"/>
            <n d="0 -1.22460635382238e-016 -1"/>
        </f>
        <f v="91 74 18" fn="0 -0.18455786211023 -0.982821649910756">
            <n d="0 -0.362774925086381 -0.931876791066593"/>
            <n d="0 -1.22460635382238e-016 -1"/>
            <n d="0 -1.22460635382238e-016 -1"/>
        </f>
        <f v="90 74 91" fn="-0.00373622052009732 -0.544949268632438 -0.838460693934544">
            <n d="0 -0.704289864961927 -0.709912520041667"/>
            <n d="0 -1.22460635382238e-016 -1"/>
            <n d="0 -0.362774925086381 -0.931876791066593"/>
        </f>
        <f v="36 75 90" fn="-0.00389213417666657 -0.707101425289025 -0.707101425289032">
            <n d="0 -1 6.12303176911189e-017"/>
            <n d="0 -1.22460635382238e-016 -1"/>
            <n d="0 -0.704289864961927 -0.709912520041667"/>
        </f>
        <f v="36 90 37" fn="0 -0.923116965763799 -0.384519268072535">
            <n d="0 -1 6.12303176911189e-017"/>
            <n d="0 -0.704289864961927 -0.709912520041667"/>
            <n d="0 -1 6.12303176911189e-017"/>
        </f>
        <f v="37 90 89" fn="-0.00384877888290736 -0.834191645602105 -0.551461227384811">
            <n d="0 -1 6.12303176911189e-017"/>
            <n d="0 -0.704289864961927 -0.709912520041667"/>
            <n d="0 -0.929084827602941 -0.369866709934826"/>
        </f>
        <f v="37 89 6" fn="0 -0.982111202360241 -0.188301848632778">
            <n d="0 -1 6.12303176911189e-017"/>
            <n d="0 -0.929084827602941 -0.369866709934826"/>
            <n d="0 -1 6.12303176911189e-017"/>
        </f>
        <f v="35 96 36" fn="0 -0.924638448270905 -0.380846084368965">
            <n d="0 -1 6.12303176911189e-017"/>
            <n d="0 -0.709912520041664 -0.70428986496193"/>
            <n d="0 -1 6.12303176911189e-017"/>
        </f>
        <f v="35 5 95" fn="-0 -0.982821649910749 -0.184557862110271">
            <n d="0 -1 6.12303176911189e-017"/>
            <n d="0 -1 6.12303176911189e-017"/>
            <n d="0 -0.931876791066591 -0.362774925086387"/>
        </f>
    </facets>
    <facets color="f9f9f9">
        <f v="93 98 99" fn="0.731181759801607 -0.481385779706568 0.483364215917691">
            <n d="0.709912520041667 -0.704289864961928 0"/>
            <n d="0.929084827602944 5.54879902100972e-015 0.369866709934819"/>
            <n d="0.704289864961938 5.45731996474136e-015 0.709912520041656"/>
        </f>
        <f v="101 99 100" fn="0.479340027978679 -0.475716387692292 0.737514105667408">
            <n d="-6.79411684580345e-017 -0.369866709934824 0.929084827602942"/>
            <n d="0.704289864961938 5.45731996474136e-015 0.709912520041656"/>
            <n d="0.362774925086382 -5.56640191004456e-015 0.931876791066593"/>
        </f>
        <f v="101 100 1" fn="0.181365898582151 -0.185178991587049 0.965823561478127">
            <n d="-6.79411684580345e-017 -0.369866709934824 0.929084827602942"/>
            <n d="0.362774925086382 -5.56640191004456e-015 0.931876791066593"/>
            <n d="0.000265203753549492 -0.000265203753549496 0.999999929666967"/>
        </f>
        <f v="102 99 101" fn="0.481385779706584 -0.483364215917703 0.731181759801589">
            <n d="-1.30404507405162e-016 -0.709912520041665 0.70428986496193"/>
            <n d="0.704289864961938 5.45731996474136e-015 0.709912520041656"/>
            <n d="-6.79411684580345e-017 -0.369866709934824 0.929084827602942"/>
        </f>
        <f v="93 99 102" fn="0.577350269189624 -0.577350269189624 0.577350269189629">
            <n d="0.709912520041667 -0.704289864961928 0"/>
            <n d="0.704289864961938 5.45731996474136e-015 0.709912520041656"/>
            <n d="-1.30404507405162e-016 -0.709912520041665 0.70428986496193"/>
        </f>
        <f v="94 103 7" fn="0.185178991587072 -0.965823561478111 0.18136589858221">
            <n d="0.369866709934828 -0.929084827602941 0"/>
            <n d="-1.71177335897963e-016 -0.931876791066591 0.362774925086385"/>
            <n d="-1.83690953073357e-016 -1 0"/>
        </f>
        <f v="94 102 103" fn="0.475716387692244 -0.737514105667446 0.479340027978668">
            <n d="0.369866709934828 -0.929084827602941 0"/>
            <n d="-1.30404507405162e-016 -0.709912520041665 0.70428986496193"/>
            <n d="-1.71177335897963e-016 -0.931876791066591 0.362774925086385"/>
        </f>
        <f v="93 102 94" fn="0.483364215917703 -0.731181759801588 0.481385779706585">
            <n d="0.709912520041667 -0.704289864961928 0"/>
            <n d="-1.30404507405162e-016 -0.709912520041665 0.70428986496193"/>
            <n d="0.369866709934828 -0.929084827602941 0"/>
        </f>
        <f v="92 98 93" fn="0.73751410566739 -0.479340027978675 0.475716387692324">
            <n d="0.931876791066596 -0.362774925086374 1.11022302462514e-014"/>
            <n d="0.929084827602944 5.54879902100972e-015 0.369866709934819"/>
            <n d="0.709912520041667 -0.704289864961928 0"/>
        </f>
        <f v="92 8 98" fn="0.96582356147812 -0.18136589858215 0.185178991587082">
            <n d="0.931876791066596 -0.362774925086374 1.11022302462514e-014"/>
            <n d="1 -2.44921270764475e-016 0"/>
            <n d="0.929084827602944 5.54879902100972e-015 0.369866709934819"/>
        </f>
    </facets>
    <facets color="f9f9f9">
        <f v="96 104 105" fn="-0.483364215917673 -0.731181759801627 -0.481385779706555">
            <n d="-1.30404507405162e-016 -0.709912520041665 -0.70428986496193"/>
            <n d="-0.369866709934814 -0.929084827602946 0"/>
            <n d="-0.709912520041667 -0.704289864961927 0"/>
        </f>
        <f v="107 106 14" fn="-0.965823561478114 -0.181365898582187 -0.185178991587081">
            <n d="-0.929084827602944 5.4775314289726e-015 -0.369866709934819"/>
            <n d="-0.931876791066596 -0.362774925086372 0"/>
            <n d="-1 1.22460635382238e-016 0"/>
        </f>
        <f v="107 105 106" fn="-0.737514105667438 -0.479340027978659 -0.475716387692265">
            <n d="-0.929084827602944 5.4775314289726e-015 -0.369866709934819"/>
            <n d="-0.709912520041667 -0.704289864961927 0"/>
            <n d="-0.931876791066596 -0.362774925086372 0"/>
        </f>
        <f v="108 105 107" fn="-0.731181759801607 -0.481385779706568 -0.483364215917691">
            <n d="-0.704289864961938 5.40329578817454e-015 -0.709912520041656"/>
            <n d="-0.709912520041667 -0.704289864961927 0"/>
            <n d="-0.929084827602944 5.4775314289726e-015 -0.369866709934819"/>
        </f>
        <f v="96 105 108" fn="-0.577350269189624 -0.577350269189624 -0.577350269189629">
            <n d="-1.30404507405162e-016 -0.709912520041665 -0.70428986496193"/>
            <n d="-0.709912520041667 -0.704289864961927 0"/>
            <n d="-0.704289864961938 5.40329578817454e-015 -0.709912520041656"/>
        </f>
        <f v="97 108 109" fn="-0.479340027978672 -0.475716387692314 -0.737514105667398">
            <n d="-6.79411684580343e-017 -0.369866709934823 -0.929084827602943"/>
            <n d="-0.704289864961938 5.40329578817454e-015 -0.709912520041656"/>
            <n d="-0.362774925086382 -5.4331249665641e-015 -0.931876791066593"/>
        </f>
        <f v="96 108 97" fn="-0.481385779706567 -0.483364215917686 -0.731181759801611">
            <n d="-1.30404507405162e-016 -0.709912520041665 -0.70428986496193"/>
            <n d="-0.704289864961938 5.40329578817454e-015 -0.709912520041656"/>
            <n d="-6.79411684580343e-017 -0.369866709934823 -0.929084827602943"/>
        </f>
        <f v="97 109 19" fn="-0.18136589858215 -0.185178991587079 -0.965823561478121">
            <n d="-6.79411684580343e-017 -0.369866709934823 -0.929084827602943"/>
            <n d="-0.362774925086382 -5.4331249665641e-015 -0.931876791066593"/>
            <n d="-0.000265203753549492 -0.000265203753549496 -0.999999929666967"/>
        </f>
        <f v="95 104 96" fn="-0.475716387692288 -0.737514105667424 -0.479340027978657">
            <n d="-1.09309244592797e-014 -0.93187679106659 -0.362774925086387"/>
            <n d="-0.369866709934814 -0.929084827602946 0"/>
            <n d="-1.30404507405162e-016 -0.709912520041665 -0.70428986496193"/>
        </f>
        <f v="95 5 104" fn="-0.18517899158711 -0.965823561478102 -0.181365898582218">
            <n d="-1.09309244592797e-014 -0.93187679106659 -0.362774925086387"/>
            <n d="-1.83690953073357e-016 -1 0"/>
            <n d="-0.369866709934814 -0.929084827602946 0"/>
        </f>
    </facets>
    <facets color="f9f9f9">
        <f v="53 112 111" fn="0.834123875860361 -0.0133148083749904 0.551416426666477">
            <n d="1 0 -1.83690953073357e-016"/>
            <n d="0.929084827602942 -0 0.369866709934824"/>
            <n d="0.704289864961928 -0 0.709912520041667"/>
        </f>
        <f v="25 111 110" fn="0.544907548257848 -0.0129254744705083 0.838396502832242">
            <n d="2.44921270764475e-016 -0 1"/>
            <n d="0.704289864961928 -0 0.709912520041667"/>
            <n d="0.362774925086395 -0 0.931876791066588"/>
        </f>
        <f v="25 110 2" fn="0.184557862110222 -0 0.982821649910758">
            <n d="2.44921270764475e-016 -0 1"/>
            <n d="0.362774925086395 -0 0.931876791066588"/>
            <n d="2.44921270764475e-016 -0 1"/>
        </f>
        <f v="24 111 25" fn="0.380846084368946 -0 0.924638448270913">
            <n d="2.44921270764475e-016 -0 1"/>
            <n d="0.704289864961928 -0 0.709912520041667"/>
            <n d="2.44921270764475e-016 -0 1"/>
        </f>
        <f v="54 111 24" fn="0.707042679033049 -0.0134647707565436 0.707042679033057">
            <n d="1 0 -1.83690953073357e-016"/>
            <n d="0.704289864961928 -0 0.709912520041667"/>
            <n d="2.44921270764475e-016 -0 1"/>
        </f>
        <f v="99 24 23" fn="0.380846084368953 -0 0.92463844827091">
            <n d="0.704289864961938 -0 0.709912520041656"/>
            <n d="2.44921270764475e-016 -0 1"/>
            <n d="2.44921270764475e-016 -0 1"/>
        </f>
        <f v="100 23 1" fn="0.184557862110198 0 0.982821649910762">
            <n d="0.362774925086382 -0 0.931876791066593"/>
            <n d="2.44921270764475e-016 -0 1"/>
            <n d="2.44921270764475e-016 -0 1"/>
        </f>
        <f v="99 23 100" fn="0.544907548257861 0.0129254744705091 0.838396502832233">
            <n d="0.704289864961938 -0 0.709912520041656"/>
            <n d="2.44921270764475e-016 -0 1"/>
            <n d="0.362774925086382 -0 0.931876791066593"/>
        </f>
        <f v="54 24 99" fn="0.707042679033049 0.0134647707565436 0.707042679033057">
            <n d="1 0 -1.83690953073357e-016"/>
            <n d="2.44921270764475e-016 -0 1"/>
            <n d="0.704289864961938 -0 0.709912520041656"/>
        </f>
        <f v="55 99 98" fn="0.834123875860386 0.0133148083749875 0.55141642666644">
            <n d="1 0 -1.83690953073357e-016"/>
            <n d="0.704289864961938 -0 0.709912520041656"/>
            <n d="0.929084827602945 -0 0.369866709934818"/>
        </f>
        <f v="55 98 8" fn="0.982111202360237 0 0.188301848632798">
            <n d="1 0 -1.83690953073357e-016"/>
            <n d="0.929084827602945 -0 0.369866709934818"/>
            <n d="1 0 -1.83690953073357e-016"/>
        </f>
        <f v="53 111 54" fn="0.923116965763799 0 0.384519268072535">
            <n d="1 0 -1.83690953073357e-016"/>
            <n d="0.704289864961928 -0 0.709912520041667"/>
            <n d="1 0 -1.83690953073357e-016"/>
        </f>
        <f v="54 99 55" fn="0.923116965763802 0 0.384519268072527">
            <n d="1 0 -1.83690953073357e-016"/>
            <n d="0.704289864961938 -0 0.709912520041656"/>
            <n d="1 0 -1.83690953073357e-016"/>
        </f>
        <f v="53 11 112" fn="0.982111202360244 -0 0.188301848632764">
            <n d="1 0 -1.83690953073357e-016"/>
            <n d="1 0 -1.83690953073357e-016"/>
            <n d="0.929084827602942 -0 0.369866709934824"/>
        </f>
    </facets>
    <facets color="f9f9f9">
        <f v="20 113 114" fn="0.00373622052009753 -0.544949268632457 0.838460693934531">
            <n d="0 -1.22460635382238e-016 1"/>
            <n d="0 -0.362774925086381 0.931876791066593"/>
            <n d="0 -0.704289864961933 0.709912520041662"/>
        </f>
        <f v="43 115 4" fn="-0 -0.982111202360238 0.188301848632792">
            <n d="0 -1 -6.12303176911189e-017"/>
            <n d="0 -0.92908482760294 0.369866709934828"/>
            <n d="0 -1 -6.12303176911189e-017"/>
        </f>
        <f v="43 114 115" fn="0.00384877888290728 -0.834191645602103 0.551461227384814">
            <n d="0 -1 -6.12303176911189e-017"/>
            <n d="0 -0.704289864961933 0.709912520041662"/>
            <n d="0 -0.92908482760294 0.369866709934828"/>
        </f>
        <f v="42 114 43" fn="0 -0.923116965763797 0.38451926807254">
            <n d="0 -1 -6.12303176911189e-017"/>
            <n d="0 -0.704289864961933 0.709912520041662"/>
            <n d="0 -1 -6.12303176911189e-017"/>
        </f>
        <f v="21 114 42" fn="0.00389213417666646 -0.707101425289025 0.707101425289032">
            <n d="0 -1.22460635382238e-016 1"/>
            <n d="0 -0.704289864961933 0.709912520041662"/>
            <n d="0 -1 -6.12303176911189e-017"/>
        </f>
        <f v="102 42 41" fn="-0 -0.924638448270905 0.380846084368965">
            <n d="0 -0.709912520041664 0.70428986496193"/>
            <n d="0 -1 -6.12303176911189e-017"/>
            <n d="0 -1 -6.12303176911189e-017"/>
        </f>
        <f v="103 41 7" fn="0 -0.982821649910751 0.184557862110256">
            <n d="0 -0.931876791066591 0.362774925086385"/>
            <n d="0 -1 -6.12303176911189e-017"/>
            <n d="0 -1 -6.12303176911189e-017"/>
        </f>
        <f v="102 41 103" fn="-0.00373622052009732 -0.838460693934533 0.544949268632454">
            <n d="0 -0.709912520041664 0.70428986496193"/>
            <n d="0 -1 -6.12303176911189e-017"/>
            <n d="0 -0.931876791066591 0.362774925086385"/>
        </f>
        <f v="21 42 102" fn="-0.00389213417666651 -0.707101425289025 0.707101425289032">
            <n d="0 -1.22460635382238e-016 1"/>
            <n d="0 -1 -6.12303176911189e-017"/>
            <n d="0 -0.709912520041664 0.70428986496193"/>
        </f>
        <f v="22 102 101" fn="-0.0038487788829073 -0.551461227384801 0.834191645602112">
            <n d="0 -1.22460635382238e-016 1"/>
            <n d="0 -0.709912520041664 0.70428986496193"/>
            <n d="0 -0.369866709934823 0.929084827602942"/>
        </f>
        <f v="21 102 22" fn="0 -0.384519268072525 0.923116965763803">
            <n d="0 -1.22460635382238e-016 1"/>
            <n d="0 -0.709912520041664 0.70428986496193"/>
            <n d="0 -1.22460635382238e-016 1"/>
        </f>
        <f v="22 101 1" fn="0 -0.188301848632767 0.982111202360243">
            <n d="0 -1.22460635382238e-016 1"/>
            <n d="0 -0.369866709934823 0.929084827602942"/>
            <n d="0 -1.22460635382238e-016 1"/>
        </f>
        <f v="20 114 21" fn="0 -0.380846084368958 0.924638448270908">
            <n d="0 -1.22460635382238e-016 1"/>
            <n d="0 -0.704289864961933 0.709912520041662"/>
            <n d="0 -1.22460635382238e-016 1"/>
        </f>
        <f v="20 0 113" fn="-0 -0.18455786211023 0.982821649910756">
            <n d="0 -1.22460635382238e-016 1"/>
            <n d="0 -1.22460635382238e-016 1"/>
            <n d="0 -0.362774925086381 0.931876791066593"/>
        </f>
    </facets>
    <facets color="f9f9f9">
        <f v="32 116 117" fn="-0.544946204260953 -0.838455979082781 -0.00502051809222673">
            <n d="6.12303176911189e-017 -1 0"/>
            <n d="-0.362774925086363 -0.9318767910666 0"/>
            <n d="-0.704289864961922 -0.709912520041672 0"/>
        </f>
        <f v="64 117 118" fn="-0.834186667866028 -0.551457936739933 -0.00517176576308592">
            <n d="-1 -1.22460635382238e-016 0"/>
            <n d="-0.704289864961922 -0.709912520041672 0"/>
            <n d="-0.929084827602939 -0.369866709934833 0"/>
        </f>
        <f v="64 118 15" fn="-0.982111202360239 -0.188301848632789 0">
            <n d="-1 -1.22460635382238e-016 0"/>
            <n d="-0.929084827602939 -0.369866709934833 0"/>
            <n d="-1 -1.22460635382238e-016 0"/>
        </f>
        <f v="63 117 64" fn="-0.923116965763801 -0.38451926807253 0">
            <n d="-1 -1.22460635382238e-016 0"/>
            <n d="-0.704289864961922 -0.709912520041672 0"/>
            <n d="-1 -1.22460635382238e-016 0"/>
        </f>
        <f v="33 117 63" fn="-0.707097110323398 -0.707097110323398 -0.00523002338437692">
            <n d="6.12303176911189e-017 -1 0"/>
            <n d="-0.704289864961922 -0.709912520041672 0"/>
            <n d="-1 -1.22460635382238e-016 0"/>
        </f>
        <f v="105 63 62" fn="-0.924638448270908 -0.380846084368958 -0">
            <n d="-0.709912520041667 -0.704289864961927 0"/>
            <n d="-1 -1.22460635382238e-016 0"/>
            <n d="-1 -1.22460635382238e-016 0"/>
        </f>
        <f v="106 62 14" fn="-0.982821649910756 -0.184557862110233 0">
            <n d="-0.931876791066596 -0.362774925086372 0"/>
            <n d="-1 -1.22460635382238e-016 0"/>
            <n d="-1 -1.22460635382238e-016 0"/>
        </f>
        <f v="105 62 106" fn="-0.838455979082761 -0.544946204260984 0.0050205180922274">
            <n d="-0.709912520041667 -0.704289864961927 0"/>
            <n d="-1 -1.22460635382238e-016 0"/>
            <n d="-0.931876791066596 -0.362774925086372 0"/>
        </f>
        <f v="33 63 105" fn="-0.707097110323398 -0.707097110323398 0.00523002338437678">
            <n d="6.12303176911189e-017 -1 0"/>
            <n d="-1 -1.22460635382238e-016 0"/>
            <n d="-0.709912520041667 -0.704289864961927 0"/>
        </f>
        <f v="33 105 34" fn="-0.384519268072535 -0.923116965763799 -0">
            <n d="6.12303176911189e-017 -1 0"/>
            <n d="-0.709912520041667 -0.704289864961927 0"/>
            <n d="6.12303176911189e-017 -1 0"/>
        </f>
        <f v="34 105 104" fn="-0.551457936739895 -0.834186667866053 0.00517176576308448">
            <n d="6.12303176911189e-017 -1 0"/>
            <n d="-0.709912520041667 -0.704289864961927 0"/>
            <n d="-0.369866709934813 -0.929084827602947 0"/>
        </f>
        <f v="34 104 5" fn="-0.188301848632832 -0.982111202360231 -0">
            <n d="6.12303176911189e-017 -1 0"/>
            <n d="-0.369866709934813 -0.929084827602947 0"/>
            <n d="6.12303176911189e-017 -1 0"/>
        </f>
        <f v="32 117 33" fn="-0.380846084368946 -0.924638448270913 -0">
            <n d="6.12303176911189e-017 -1 0"/>
            <n d="-0.704289864961922 -0.709912520041672 0"/>
            <n d="6.12303176911189e-017 -1 0"/>
        </f>
        <f v="32 4 116" fn="-0.184557862110238 -0.982821649910755 0">
            <n d="6.12303176911189e-017 -1 0"/>
            <n d="6.12303176911189e-017 -1 0"/>
            <n d="-0.362774925086363 -0.9318767910666 0"/>
        </f>
    </facets>
    <facets color="f9f9f9">
        <f v="59 121 120" fn="-0.834123875860361 -0.0133148083749904 -0.551416426666477">
            <n d="-1 0 6.12303176911189e-017"/>
            <n d="-0.929084827602942 0 -0.369866709934824"/>
            <n d="-0.704289864961927 0 -0.709912520041667"/>
        </f>
        <f v="79 120 119" fn="-0.544907548257848 -0.0129254744705083 -0.838396502832242">
            <n d="-1.22460635382238e-016 0 -1"/>
            <n d="-0.704289864961927 0 -0.709912520041667"/>
            <n d="-0.362774925086395 0 -0.931876791066587"/>
        </f>
        <f v="79 119 16" fn="-0.184557862110222 0 -0.982821649910758">
            <n d="-1.22460635382238e-016 0 -1"/>
            <n d="-0.362774925086395 0 -0.931876791066587"/>
            <n d="-1.22460635382238e-016 0 -1"/>
        </f>
        <f v="78 120 79" fn="-0.380846084368946 0 -0.924638448270913">
            <n d="-1.22460635382238e-016 0 -1"/>
            <n d="-0.704289864961927 0 -0.709912520041667"/>
            <n d="-1.22460635382238e-016 0 -1"/>
        </f>
        <f v="60 120 78" fn="-0.707042679033049 -0.0134647707565436 -0.707042679033057">
            <n d="-1 0 6.12303176911189e-017"/>
            <n d="-0.704289864961927 0 -0.709912520041667"/>
            <n d="-1.22460635382238e-016 0 -1"/>
        </f>
        <f v="108 78 77" fn="-0.380846084368953 -0 -0.92463844827091">
            <n d="-0.704289864961938 0 -0.709912520041656"/>
            <n d="-1.22460635382238e-016 0 -1"/>
            <n d="-1.22460635382238e-016 0 -1"/>
        </f>
        <f v="109 77 19" fn="-0.184557862110198 0 -0.982821649910762">
            <n d="-0.362774925086382 0 -0.931876791066593"/>
            <n d="-1.22460635382238e-016 0 -1"/>
            <n d="-1.22460635382238e-016 0 -1"/>
        </f>
        <f v="108 77 109" fn="-0.544907548257861 0.0129254744705091 -0.838396502832233">
            <n d="-0.704289864961938 0 -0.709912520041656"/>
            <n d="-1.22460635382238e-016 0 -1"/>
            <n d="-0.362774925086382 0 -0.931876791066593"/>
        </f>
        <f v="60 78 108" fn="-0.707042679033049 0.0134647707565436 -0.707042679033057">
            <n d="-1 0 6.12303176911189e-017"/>
            <n d="-1.22460635382238e-016 0 -1"/>
            <n d="-0.704289864961938 0 -0.709912520041656"/>
        </f>
        <f v="61 108 107" fn="-0.834123875860386 0.0133148083749875 -0.55141642666644">
            <n d="-1 0 6.12303176911189e-017"/>
            <n d="-0.704289864961938 0 -0.709912520041656"/>
            <n d="-0.929084827602944 0 -0.369866709934819"/>
        </f>
        <f v="61 107 14" fn="-0.982111202360237 -0 -0.188301848632798">
            <n d="-1 0 6.12303176911189e-017"/>
            <n d="-0.929084827602944 0 -0.369866709934819"/>
            <n d="-1 0 6.12303176911189e-017"/>
        </f>
        <f v="59 120 60" fn="-0.923116965763799 -0 -0.384519268072535">
            <n d="-1 0 6.12303176911189e-017"/>
            <n d="-0.704289864961927 0 -0.709912520041667"/>
            <n d="-1 0 6.12303176911189e-017"/>
        </f>
        <f v="60 108 61" fn="-0.923116965763802 -0 -0.384519268072527">
            <n d="-1 0 6.12303176911189e-017"/>
            <n d="-0.704289864961938 0 -0.709912520041656"/>
            <n d="-1 0 6.12303176911189e-017"/>
        </f>
        <f v="59 13 121" fn="-0.982111202360244 0 -0.188301848632764">
            <n d="-1 0 6.12303176911189e-017"/>
            <n d="-1 0 6.12303176911189e-017"/>
            <n d="-0.929084827602942 0 -0.369866709934824"/>
        </f>
    </facets>
    <facets color="f9f9f9">
        <f v="117 115 114" fn="-0.481385779706578 -0.731181759801577 0.483364215917727">
            <n d="-0.704289864961922 -0.709912520041672 0"/>
            <n d="-1.70664477468379e-016 -0.929084827602941 0.369866709934828"/>
            <n d="1.11302593903739e-014 -0.704289864961933 0.709912520041662"/>
        </f>
        <f v="122 114 113" fn="-0.475716387692283 -0.47934002797867 0.737514105667419">
            <n d="-0.369866709934823 5.62992382110848e-015 0.929084827602943"/>
            <n d="1.11302593903739e-014 -0.704289864961933 0.709912520041662"/>
            <n d="-6.66384717402328e-017 -0.362774925086381 0.931876791066593"/>
        </f>
        <f v="122 113 0" fn="-0.185178991587081 -0.181365898582184 0.965823561478114">
            <n d="-0.369866709934823 5.62992382110848e-015 0.929084827602943"/>
            <n d="-6.66384717402328e-017 -0.362774925086381 0.931876791066593"/>
            <n d="-0.000265203753549496 -0.000265203753549492 0.999999929666967"/>
        </f>
        <f v="123 114 122" fn="-0.483364215917689 -0.481385779706574 0.731181759801604">
            <n d="-0.709912520041662 5.44643266976557e-015 0.704289864961933"/>
            <n d="1.11302593903739e-014 -0.704289864961933 0.709912520041662"/>
            <n d="-0.369866709934823 5.62992382110848e-015 0.929084827602943"/>
        </f>
        <f v="117 114 123" fn="-0.577350269189615 -0.57735026918962 0.577350269189642">
            <n d="-0.704289864961922 -0.709912520041672 0"/>
            <n d="1.11302593903739e-014 -0.704289864961933 0.709912520041662"/>
            <n d="-0.709912520041662 5.44643266976557e-015 0.704289864961933"/>
        </f>
        <f v="116 115 117" fn="-0.479340027978641 -0.737514105667494 0.475716387692197">
            <n d="-0.362774925086363 -0.9318767910666 -1.11022302462516e-014"/>
            <n d="-1.70664477468379e-016 -0.929084827602941 0.369866709934828"/>
            <n d="-0.704289864961922 -0.709912520041672 0"/>
        </f>
        <f v="118 124 15" fn="-0.965823561478106 -0.185178991587068 0.181365898582239">
            <n d="-0.929084827602939 -0.369866709934833 0"/>
            <n d="-0.93187679106659 1.14118223931975e-016 0.362774925086389"/>
            <n d="-1 1.22460635382238e-016 0"/>
        </f>
        <f v="118 123 124" fn="-0.737514105667459 -0.475716387692219 0.479340027978672">
            <n d="-0.929084827602939 -0.369866709934833 0"/>
            <n d="-0.709912520041662 5.44643266976557e-015 0.704289864961933"/>
            <n d="-0.93187679106659 1.14118223931975e-016 0.362774925086389"/>
        </f>
        <f v="117 123 118" fn="-0.731181759801588 -0.483364215917694 0.481385779706594">
            <n d="-0.704289864961922 -0.709912520041672 0"/>
            <n d="-0.709912520041662 5.44643266976557e-015 0.704289864961933"/>
            <n d="-0.929084827602939 -0.369866709934833 0"/>
        </f>
        <f v="116 4 115" fn="-0.181365898582198 -0.965823561478113 0.185178991587072">
            <n d="-0.362774925086363 -0.9318767910666 -1.11022302462516e-014"/>
            <n d="-1.83690953073357e-016 -1 0"/>
            <n d="-1.70664477468379e-016 -0.929084827602941 0.369866709934828"/>
        </f>
    </facets>
    <facets color="f9f9f9">
        <f v="65 124 123" fn="-0.83839650283225 0.0129254744705056 0.544907548257835">
            <n d="-1 0 6.12303176911189e-017"/>
            <n d="-0.93187679106659 0 0.362774925086389"/>
            <n d="-0.709912520041662 0 0.704289864961933"/>
        </f>
        <f v="31 122 0" fn="-0.188301848632798 -0 0.982111202360237">
            <n d="0 0 1"/>
            <n d="-0.369866709934822 0 0.929084827602943"/>
            <n d="0 0 1"/>
        </f>
        <f v="31 123 122" fn="-0.55141642666644 0.0133148083749875 0.834123875860386">
            <n d="0 0 1"/>
            <n d="-0.709912520041662 0 0.704289864961933"/>
            <n d="-0.369866709934822 0 0.929084827602943"/>
        </f>
        <f v="30 123 31" fn="-0.384519268072527 0 0.923116965763802">
            <n d="0 0 1"/>
            <n d="-0.709912520041662 0 0.704289864961933"/>
            <n d="0 0 1"/>
        </f>
        <f v="66 123 30" fn="-0.707042679033049 0.0134647707565433 0.707042679033057">
            <n d="-1 0 6.12303176911189e-017"/>
            <n d="-0.709912520041662 0 0.704289864961933"/>
            <n d="0 0 1"/>
        </f>
        <f v="126 30 29" fn="-0.38451926807254 -0 0.923116965763797">
            <n d="-0.709912520041667 0 0.704289864961927"/>
            <n d="0 0 1"/>
            <n d="0 0 1"/>
        </f>
        <f v="127 29 3" fn="-0.188301848632798 0 0.982111202360237">
            <n d="-0.369866709934822 0 0.929084827602943"/>
            <n d="0 0 1"/>
            <n d="0 0 1"/>
        </f>
        <f v="126 29 127" fn="-0.551416426666458 -0.0133148083749883 0.834123875860373">
            <n d="-0.709912520041667 0 0.704289864961927"/>
            <n d="0 0 1"/>
            <n d="-0.369866709934822 0 0.929084827602943"/>
        </f>
        <f v="66 30 126" fn="-0.707042679033049 -0.0134647707565429 0.707042679033057">
            <n d="-1 0 6.12303176911189e-017"/>
            <n d="0 0 1"/>
            <n d="-0.709912520041667 0 0.704289864961927"/>
        </f>
        <f v="65 123 66" fn="-0.924638448270903 0 0.380846084368971">
            <n d="-1 0 6.12303176911189e-017"/>
            <n d="-0.709912520041662 0 0.704289864961933"/>
            <n d="-1 0 6.12303176911189e-017"/>
        </f>
        <f v="67 125 12" fn="-0.982821649910745 -0 0.184557862110291">
            <n d="-1 0 6.12303176911189e-017"/>
            <n d="-0.931876791066594 0 0.36277492508638"/>
            <n d="-1 0 6.12303176911189e-017"/>
        </f>
        <f v="67 126 125" fn="-0.83839650283225 -0.012925474470505 0.544907548257835">
            <n d="-1 0 6.12303176911189e-017"/>
            <n d="-0.709912520041667 0 0.704289864961927"/>
            <n d="-0.931876791066594 0 0.36277492508638"/>
        </f>
        <f v="66 126 67" fn="-0.924638448270901 0 0.380846084368976">
            <n d="-1 0 6.12303176911189e-017"/>
            <n d="-0.709912520041667 0 0.704289864961927"/>
            <n d="-1 0 6.12303176911189e-017"/>
        </f>
        <f v="65 15 124" fn="-0.982821649910746 -0 0.184557862110286">
            <n d="-1 0 6.12303176911189e-017"/>
            <n d="-1 0 6.12303176911189e-017"/>
            <n d="-0.93187679106659 0 0.362774925086389"/>
        </f>
    </facets>
    <facets color="f9f9f9">
        <f v="2 112 11" fn="0 1 0">
            <n d="-0 1 -0"/>
            <n d="-0 1 -0"/>
            <n d="-0 1 -0"/>
        </f>
        <f v="2 111 112" fn="0 1 0">
            <n d="-0 1 -0"/>
            <n d="-0 1 -0"/>
            <n d="-0 1 -0"/>
        </f>
        <f v="2 110 111" fn="-0 1 -0">
            <n d="-0 1 -0"/>
            <n d="-0 1 -0"/>
            <n d="-0 1 -0"/>
        </f>
        <f v="26 2 11" fn="-0 1 -0">
            <n d="-0 1 -0"/>
            <n d="-0 1 -0"/>
            <n d="-0 1 -0"/>
        </f>
        <f v="52 27 26" fn="0 1 0">
            <n d="-0 1 -0"/>
            <n d="-0 1 -0"/>
            <n d="-0 1 -0"/>
        </f>
        <f v="12 3 28" fn="0 1 0">
            <n d="-0 1 -0"/>
            <n d="-0 1 -0"/>
            <n d="-0 1 -0"/>
        </f>
        <f v="126 127 3" fn="-0 1 -0">
            <n d="-0 1 -0"/>
            <n d="-0 1 -0"/>
            <n d="-0 1 -0"/>
        </f>
        <f v="125 126 3" fn="-0 1 -0">
            <n d="-0 1 -0"/>
            <n d="-0 1 -0"/>
            <n d="-0 1 -0"/>
        </f>
        <f v="12 125 3" fn="-0 1 -0">
            <n d="-0 1 -0"/>
            <n d="-0 1 -0"/>
            <n d="-0 1 -0"/>
        </f>
        <f v="56 12 28" fn="0 1 0">
            <n d="-0 1 -0"/>
            <n d="-0 1 -0"/>
            <n d="-0 1 -0"/>
        </f>
        <f v="56 28 27" fn="-0 1 -0">
            <n d="-0 1 -0"/>
            <n d="-0 1 -0"/>
            <n d="-0 1 -0"/>
        </f>
        <f v="57 56 27" fn="-0 1 -0">
            <n d="-0 1 -0"/>
            <n d="-0 1 -0"/>
            <n d="-0 1 -0"/>
        </f>
        <f v="69 57 27" fn="0 1 -0">
            <n d="-0 1 -0"/>
            <n d="-0 1 -0"/>
            <n d="-0 1 -0"/>
        </f>
        <f v="69 58 57" fn="0 1 0">
            <n d="-0 1 -0"/>
            <n d="-0 1 -0"/>
            <n d="-0 1 -0"/>
        </f>
        <f v="68 13 58" fn="0 1 0">
            <n d="-0 1 -0"/>
            <n d="-0 1 -0"/>
            <n d="-0 1 -0"/>
        </f>
        <f v="16 121 13" fn="0 1 0">
            <n d="-0 1 -0"/>
            <n d="-0 1 -0"/>
            <n d="-0 1 -0"/>
        </f>
        <f v="16 120 121" fn="0 1 0">
            <n d="-0 1 -0"/>
            <n d="-0 1 -0"/>
            <n d="-0 1 -0"/>
        </f>
        <f v="16 119 120" fn="-0 1 -0">
            <n d="-0 1 -0"/>
            <n d="-0 1 -0"/>
            <n d="-0 1 -0"/>
        </f>
        <f v="68 16 13" fn="-0 1 -0">
            <n d="-0 1 -0"/>
            <n d="-0 1 -0"/>
            <n d="-0 1 -0"/>
        </f>
        <f v="69 68 58" fn="-0 1 -0">
            <n d="-0 1 -0"/>
            <n d="-0 1 -0"/>
            <n d="-0 1 -0"/>
        </f>
        <f v="51 69 27" fn="0 1 0">
            <n d="-0 1 -0"/>
            <n d="-0 1 -0"/>
            <n d="-0 1 -0"/>
        </f>
        <f v="10 17 70" fn="0 1 0">
            <n d="-0 1 -0"/>
            <n d="-0 1 -0"/>
            <n d="-0 1 -0"/>
        </f>
        <f v="84 85 17" fn="-0 1 -0">
            <n d="-0 1 -0"/>
            <n d="-0 1 -0"/>
            <n d="-0 1 -0"/>
        </f>
        <f v="83 84 17" fn="-0 1 -0">
            <n d="-0 1 -0"/>
            <n d="-0 1 -0"/>
            <n d="-0 1 -0"/>
        </f>
        <f v="10 83 17" fn="-0 1 -0">
            <n d="-0 1 -0"/>
            <n d="-0 1 -0"/>
            <n d="-0 1 -0"/>
        </f>
        <f v="52 51 27" fn="0 1 0">
            <n d="-0 1 -0"/>
            <n d="-0 1 -0"/>
            <n d="-0 1 -0"/>
        </f>
        <f v="50 10 70" fn="0 1 0">
            <n d="-0 1 -0"/>
            <n d="-0 1 -0"/>
            <n d="-0 1 -0"/>
        </f>
        <f v="50 70 69" fn="-0 1 -0">
            <n d="-0 1 -0"/>
            <n d="-0 1 -0"/>
            <n d="-0 1 -0"/>
        </f>
        <f v="51 50 69" fn="-0 1 0">
            <n d="-0 1 -0"/>
            <n d="-0 1 -0"/>
            <n d="-0 1 -0"/>
        </f>
        <f v="52 26 11" fn="0 1 -0">
            <n d="-0 1 -0"/>
            <n d="-0 1 -0"/>
            <n d="-0 1 -0"/>
        </f>
    </facets>
</shell>
</step-assembly>
