<?xml version="1.0" encoding="UTF-8" ?>
<step-assembly root="id82">
<product id="id82" name="Assem1" shape="id34"/>
<shape id="id34" unit="mm 0.001000">
    <child ref="id37" xform="1 0 0 0 0 1 0 0 0 0 1 0 0 0 0 1"/>
    <child ref="id40" xform="1.16573e-015 -1 -6.66134e-016 0 1 1.16573e-015 -3.33067e-016 0 3.33067e-016 -6.66134e-016 1 0 0.7 7.10152e-015 0.9998 1"/>
    <child ref="id40" xform="-4.16334e-017 -1 2.74304e-016 0 1 -4.16334e-017 -1.98741e-017 0 1.98741e-017 2.74304e-016 1 0 -0.7 -6.77626e-015 0.9998 1"/>
</shape>
<shape id="id37" unit="mm 0.001000" shell="id89"/>
<shape id="id40" unit="mm 0.001000" shell="id92"/>
<shell id="id89">
    <verts>
        <v p="0.4 0.8 0.9999"/>
        <v p="-0.4 0.8 0.9999"/>
        <v p="0.4 -0.8 0.9999"/>
        <v p="-0.4 -0.8 0.9999"/>
        <v p="-0.4 0.8 0.9999"/>
        <v p="-0.4 -0.8 0.9999"/>
        <v p="0.4 -0.8 0.9999"/>
        <v p="0.4 0.8 0.9999"/>
        <v p="1 -0.8 0.9998"/>
        <v p="1 0.8 0.9998"/>
        <v p="1 -0.8 0"/>
        <v p="1 0.8 0"/>
        <v p="-1 -0.8 0.9998"/>
        <v p="-1 -0.8 0"/>
        <v p="-1 0.8 0.9998"/>
        <v p="-1 0.8 0"/>
        <v p="1 -0.4 0.9998"/>
        <v p="1 0 0.9998"/>
        <v p="1 0.4 0.9998"/>
        <v p="1 -0.8 0.74985"/>
        <v p="1 -0.8 0.4999"/>
        <v p="1 -0.8 0.24995"/>
        <v p="1 -0.4 0"/>
        <v p="1 0 0"/>
        <v p="1 0.4 0"/>
        <v p="1 0.8 0.74985"/>
        <v p="1 0.8 0.4999"/>
        <v p="1 0.8 0.24995"/>
        <v p="-1 -0.8 0.74985"/>
        <v p="-1 -0.8 0.4999"/>
        <v p="-1 -0.8 0.24995"/>
        <v p="-1 -0.4 0.9998"/>
        <v p="-1 0 0.9998"/>
        <v p="-1 0.4 0.9998"/>
        <v p="-1 0.8 0.74985"/>
        <v p="-1 0.8 0.4999"/>
        <v p="-1 0.8 0.24995"/>
        <v p="-1 0.4 0"/>
        <v p="-1 0 0"/>
        <v p="-1 -0.4 0"/>
        <v p="0.55 -0.8 0.9998"/>
        <v p="0.7 -0.8 0.9998"/>
        <v p="0.85 -0.8 0.9998"/>
        <v p="0.85 0.8 0.9998"/>
        <v p="0.7 0.8 0.9998"/>
        <v p="0.55 0.8 0.9998"/>
        <v p="0.4 0.4 0.9998"/>
        <v p="0.4 0 0.9998"/>
        <v p="0.4 -0.4 0.9998"/>
        <v p="0.2 0.8 1"/>
        <v p="0 0.8 1"/>
        <v p="-0.2 0.8 1"/>
        <v p="0.5 0.8 0"/>
        <v p="0 0.8 0"/>
        <v p="-0.5 0.8 0"/>
        <v p="-0.85 0.8 0.9998"/>
        <v p="-0.7 0.8 0.9998"/>
        <v p="-0.55 0.8 0.9998"/>
        <v p="-0.2 -0.8 1"/>
        <v p="0 -0.8 1"/>
        <v p="0.2 -0.8 1"/>
        <v p="-0.55 -0.8 0.9998"/>
        <v p="-0.7 -0.8 0.9998"/>
        <v p="-0.85 -0.8 0.9998"/>
        <v p="-0.5 -0.8 0"/>
        <v p="0 -0.8 0"/>
        <v p="0.5 -0.8 0"/>
        <v p="-0.4 0.4 0.9998"/>
        <v p="-0.4 0 0.9998"/>
        <v p="-0.4 -0.4 0.9998"/>
        <v p="0.4 0.4 1"/>
        <v p="0.4 0 1"/>
        <v p="0.4 -0.4 1"/>
        <v p="-0.4 0.4 1"/>
        <v p="-0.4 0 1"/>
        <v p="-0.4 -0.4 1"/>
    </verts>
    <facets color="1e1e1e">
        <f v="17 26 25" fn="1 0 0">
            <n d="1 -0 -0"/>
            <n d="1 -0 -0"/>
            <n d="1 -0 -0"/>
        </f>
        <f v="24 11 27" fn="1 0 0">
            <n d="1 -0 -0"/>
            <n d="1 -0 -0"/>
            <n d="1 -0 -0"/>
        </f>
        <f v="23 27 26" fn="1 0 0">
            <n d="1 -0 -0"/>
            <n d="1 -0 -0"/>
            <n d="1 -0 -0"/>
        </f>
        <f v="23 24 27" fn="1 -0 -0">
            <n d="1 -0 -0"/>
            <n d="1 -0 -0"/>
            <n d="1 -0 -0"/>
        </f>
        <f v="17 23 26" fn="1 0 0">
            <n d="1 -0 -0"/>
            <n d="1 -0 -0"/>
            <n d="1 -0 -0"/>
        </f>
        <f v="20 22 23" fn="1 0 0">
            <n d="1 -0 -0"/>
            <n d="1 -0 -0"/>
            <n d="1 -0 -0"/>
        </f>
        <f v="21 10 22" fn="1 -0 -0">
            <n d="1 -0 -0"/>
            <n d="1 -0 -0"/>
            <n d="1 -0 -0"/>
        </f>
        <f v="20 21 22" fn="1 -0 -0">
            <n d="1 -0 -0"/>
            <n d="1 -0 -0"/>
            <n d="1 -0 -0"/>
        </f>
        <f v="17 20 23" fn="1 -0 0">
            <n d="1 -0 -0"/>
            <n d="1 -0 -0"/>
            <n d="1 -0 -0"/>
        </f>
        <f v="18 17 25" fn="1 0 0">
            <n d="1 -0 -0"/>
            <n d="1 -0 -0"/>
            <n d="1 -0 -0"/>
        </f>
        <f v="16 8 19" fn="1 0 0">
            <n d="1 -0 -0"/>
            <n d="1 -0 -0"/>
            <n d="1 -0 -0"/>
        </f>
        <f v="16 19 20" fn="1 -0 -0">
            <n d="1 -0 -0"/>
            <n d="1 -0 -0"/>
            <n d="1 -0 -0"/>
        </f>
        <f v="17 16 20" fn="1 0 -0">
            <n d="1 -0 -0"/>
            <n d="1 -0 -0"/>
            <n d="1 -0 -0"/>
        </f>
        <f v="18 25 9" fn="1 -0 0">
            <n d="1 -0 -0"/>
            <n d="1 -0 -0"/>
            <n d="1 -0 -0"/>
        </f>
    </facets>
    <facets color="1e1e1e">
        <f v="30 38 39" fn="-1 0 0">
            <n d="-1 -0 -0"/>
            <n d="-1 -0 -0"/>
            <n d="-1 -0 -0"/>
        </f>
        <f v="35 37 38" fn="-1 0 0">
            <n d="-1 -0 -0"/>
            <n d="-1 -0 -0"/>
            <n d="-1 -0 -0"/>
        </f>
        <f v="36 15 37" fn="-1 -0 -0">
            <n d="-1 -0 -0"/>
            <n d="-1 -0 -0"/>
            <n d="-1 -0 -0"/>
        </f>
        <f v="35 36 37" fn="-1 -0 -0">
            <n d="-1 -0 -0"/>
            <n d="-1 -0 -0"/>
            <n d="-1 -0 -0"/>
        </f>
        <f v="32 35 38" fn="-1 0 0">
            <n d="-1 -0 -0"/>
            <n d="-1 -0 -0"/>
            <n d="-1 -0 -0"/>
        </f>
        <f v="33 34 35" fn="-1 -0 -0">
            <n d="-1 -0 -0"/>
            <n d="-1 -0 -0"/>
            <n d="-1 -0 -0"/>
        </f>
        <f v="33 14 34" fn="-1 0 -0">
            <n d="-1 -0 -0"/>
            <n d="-1 -0 -0"/>
            <n d="-1 -0 -0"/>
        </f>
        <f v="32 33 35" fn="-1 0 -0">
            <n d="-1 -0 -0"/>
            <n d="-1 -0 -0"/>
            <n d="-1 -0 -0"/>
        </f>
        <f v="29 32 38" fn="-1 0 0">
            <n d="-1 -0 -0"/>
            <n d="-1 -0 -0"/>
            <n d="-1 -0 -0"/>
        </f>
        <f v="30 29 38" fn="-1 0 -0">
            <n d="-1 -0 -0"/>
            <n d="-1 -0 -0"/>
            <n d="-1 -0 -0"/>
        </f>
        <f v="28 12 31" fn="-1 0 0">
            <n d="-1 -0 -0"/>
            <n d="-1 -0 -0"/>
            <n d="-1 -0 -0"/>
        </f>
        <f v="28 31 32" fn="-1 -0 -0">
            <n d="-1 -0 -0"/>
            <n d="-1 -0 -0"/>
            <n d="-1 -0 -0"/>
        </f>
        <f v="29 28 32" fn="-1 -0 -0">
            <n d="-1 -0 -0"/>
            <n d="-1 -0 -0"/>
            <n d="-1 -0 -0"/>
        </f>
        <f v="30 39 13" fn="-1 0 0">
            <n d="-1 -0 -0"/>
            <n d="-1 -0 -0"/>
            <n d="-1 -0 -0"/>
        </f>
    </facets>
    <facets color="1e1e1e">
        <f v="48 40 41" fn="-0 -0 1">
            <n d="0 0 1"/>
            <n d="0 0 1"/>
            <n d="0 0 1"/>
        </f>
        <f v="16 41 42" fn="0 0 1">
            <n d="0 0 1"/>
            <n d="0 0 1"/>
            <n d="0 0 1"/>
        </f>
        <f v="16 42 8" fn="0 0 1">
            <n d="0 0 1"/>
            <n d="0 0 1"/>
            <n d="0 0 1"/>
        </f>
        <f v="17 41 16" fn="0 0 1">
            <n d="0 0 1"/>
            <n d="0 0 1"/>
            <n d="0 0 1"/>
        </f>
        <f v="47 41 17" fn="-0 -0 1">
            <n d="0 0 1"/>
            <n d="0 0 1"/>
            <n d="0 0 1"/>
        </f>
        <f v="43 17 18" fn="0 0 1">
            <n d="0 0 1"/>
            <n d="0 0 1"/>
            <n d="0 0 1"/>
        </f>
        <f v="43 18 9" fn="-0 0 1">
            <n d="0 0 1"/>
            <n d="0 0 1"/>
            <n d="0 0 1"/>
        </f>
        <f v="44 17 43" fn="-0 0 1">
            <n d="0 0 1"/>
            <n d="0 0 1"/>
            <n d="0 0 1"/>
        </f>
        <f v="47 17 44" fn="0 0 1">
            <n d="0 0 1"/>
            <n d="0 0 1"/>
            <n d="0 0 1"/>
        </f>
        <f v="46 44 45" fn="0 0 1">
            <n d="0 0 1"/>
            <n d="0 0 1"/>
            <n d="0 0 1"/>
        </f>
        <f v="46 45 0" fn="0.000666666497685176 -0.000249999936631941 0.999999746527874">
            <n d="0 0 1"/>
            <n d="0 0 1"/>
            <n d="0 0 1"/>
        </f>
        <f v="48 41 47" fn="-0 0 1">
            <n d="0 0 1"/>
            <n d="0 0 1"/>
            <n d="0 0 1"/>
        </f>
        <f v="47 44 46" fn="0 0 1">
            <n d="0 0 1"/>
            <n d="0 0 1"/>
            <n d="0 0 1"/>
        </f>
        <f v="48 2 40" fn="0.000666666497685176 0.000249999936631941 0.999999746527874">
            <n d="0 0 1"/>
            <n d="0 0 1"/>
            <n d="0 0 1"/>
        </f>
    </facets>
    <facets color="1e1e1e">
        <f v="34 57 1" fn="-0 1 -0">
            <n d="-0 1 -0"/>
            <n d="-0 1 -0"/>
            <n d="-0 1 -0"/>
        </f>
        <f v="34 56 57" fn="-0 1 -0">
            <n d="-0 1 -0"/>
            <n d="-0 1 -0"/>
            <n d="-0 1 -0"/>
        </f>
        <f v="34 14 55" fn="0 1 0">
            <n d="-0 1 -0"/>
            <n d="-0 1 -0"/>
            <n d="-0 1 -0"/>
        </f>
        <f v="34 55 56" fn="-0 1 -0">
            <n d="-0 1 -0"/>
            <n d="-0 1 -0"/>
            <n d="-0 1 -0"/>
        </f>
        <f v="51 34 1" fn="0 1 0">
            <n d="-0 1 -0"/>
            <n d="-0 1 -0"/>
            <n d="-0 1 -0"/>
        </f>
        <f v="51 35 34" fn="-0 1 -0">
            <n d="-0 1 -0"/>
            <n d="-0 1 -0"/>
            <n d="-0 1 -0"/>
        </f>
        <f v="54 36 35" fn="-0 1 -0">
            <n d="-0 1 -0"/>
            <n d="-0 1 -0"/>
            <n d="-0 1 -0"/>
        </f>
        <f v="54 15 36" fn="-0 1 -0">
            <n d="-0 1 -0"/>
            <n d="-0 1 -0"/>
            <n d="-0 1 -0"/>
        </f>
        <f v="53 54 35" fn="-0 1 -0">
            <n d="-0 1 -0"/>
            <n d="-0 1 -0"/>
            <n d="-0 1 -0"/>
        </f>
        <f v="50 53 35" fn="0 1 0">
            <n d="-0 1 -0"/>
            <n d="-0 1 -0"/>
            <n d="-0 1 -0"/>
        </f>
        <f v="26 52 53" fn="0 1 0">
            <n d="-0 1 -0"/>
            <n d="-0 1 -0"/>
            <n d="-0 1 -0"/>
        </f>
        <f v="27 11 52" fn="-0 1 0">
            <n d="-0 1 -0"/>
            <n d="-0 1 -0"/>
            <n d="-0 1 -0"/>
        </f>
        <f v="26 27 52" fn="-0 1 0">
            <n d="-0 1 -0"/>
            <n d="-0 1 -0"/>
            <n d="-0 1 -0"/>
        </f>
        <f v="50 26 53" fn="-0 1 -0">
            <n d="-0 1 -0"/>
            <n d="-0 1 -0"/>
            <n d="-0 1 -0"/>
        </f>
        <f v="0 45 25" fn="-0 1 -0">
            <n d="-0 1 -0"/>
            <n d="-0 1 -0"/>
            <n d="-0 1 -0"/>
        </f>
        <f v="43 9 25" fn="-0 1 0">
            <n d="-0 1 -0"/>
            <n d="-0 1 -0"/>
            <n d="-0 1 -0"/>
        </f>
        <f v="44 43 25" fn="-0 1 0">
            <n d="-0 1 -0"/>
            <n d="-0 1 -0"/>
            <n d="-0 1 -0"/>
        </f>
        <f v="45 44 25" fn="-0 1 0">
            <n d="-0 1 -0"/>
            <n d="-0 1 -0"/>
            <n d="-0 1 -0"/>
        </f>
        <f v="49 25 26" fn="0 1 0">
            <n d="-0 1 -0"/>
            <n d="-0 1 -0"/>
            <n d="-0 1 -0"/>
        </f>
        <f v="49 0 25" fn="-0 1 -0">
            <n d="-0 1 -0"/>
            <n d="-0 1 -0"/>
            <n d="-0 1 -0"/>
        </f>
        <f v="50 49 26" fn="-0 1 -0">
            <n d="-0 1 -0"/>
            <n d="-0 1 -0"/>
            <n d="-0 1 -0"/>
        </f>
        <f v="51 50 35" fn="-0 1 0">
            <n d="-0 1 -0"/>
            <n d="-0 1 -0"/>
            <n d="-0 1 -0"/>
        </f>
    </facets>
    <facets color="1e1e1e">
        <f v="60 20 19" fn="0 -1 0">
            <n d="-0 -1 -0"/>
            <n d="-0 -1 -0"/>
            <n d="-0 -1 -0"/>
        </f>
        <f v="66 10 21" fn="0 -1 0">
            <n d="-0 -1 -0"/>
            <n d="-0 -1 -0"/>
            <n d="-0 -1 -0"/>
        </f>
        <f v="66 21 20" fn="-0 -1 -0">
            <n d="-0 -1 -0"/>
            <n d="-0 -1 -0"/>
            <n d="-0 -1 -0"/>
        </f>
        <f v="65 66 20" fn="-0 -1 -0">
            <n d="-0 -1 -0"/>
            <n d="-0 -1 -0"/>
            <n d="-0 -1 -0"/>
        </f>
        <f v="59 65 20" fn="0 -1 0">
            <n d="-0 -1 -0"/>
            <n d="-0 -1 -0"/>
            <n d="-0 -1 -0"/>
        </f>
        <f v="29 64 65" fn="0 -1 0">
            <n d="-0 -1 -0"/>
            <n d="-0 -1 -0"/>
            <n d="-0 -1 -0"/>
        </f>
        <f v="30 13 64" fn="-0 -1 -0">
            <n d="-0 -1 -0"/>
            <n d="-0 -1 -0"/>
            <n d="-0 -1 -0"/>
        </f>
        <f v="29 30 64" fn="-0 -1 -0">
            <n d="-0 -1 -0"/>
            <n d="-0 -1 -0"/>
            <n d="-0 -1 -0"/>
        </f>
        <f v="59 29 65" fn="-0 -1 -0">
            <n d="-0 -1 -0"/>
            <n d="-0 -1 -0"/>
            <n d="-0 -1 -0"/>
        </f>
        <f v="61 62 28" fn="-0 -1 -0">
            <n d="-0 -1 -0"/>
            <n d="-0 -1 -0"/>
            <n d="-0 -1 -0"/>
        </f>
        <f v="63 12 28" fn="-0 -1 0">
            <n d="-0 -1 -0"/>
            <n d="-0 -1 -0"/>
            <n d="-0 -1 -0"/>
        </f>
        <f v="58 28 29" fn="0 -1 0">
            <n d="-0 -1 -0"/>
            <n d="-0 -1 -0"/>
            <n d="-0 -1 -0"/>
        </f>
        <f v="62 63 28" fn="-0 -1 -0">
            <n d="-0 -1 -0"/>
            <n d="-0 -1 -0"/>
            <n d="-0 -1 -0"/>
        </f>
        <f v="3 61 28" fn="-0 -1 -0">
            <n d="-0 -1 -0"/>
            <n d="-0 -1 -0"/>
            <n d="-0 -1 -0"/>
        </f>
        <f v="58 3 28" fn="-0 -1 -0">
            <n d="-0 -1 -0"/>
            <n d="-0 -1 -0"/>
            <n d="-0 -1 -0"/>
        </f>
        <f v="59 58 29" fn="-0 -1 -0">
            <n d="-0 -1 -0"/>
            <n d="-0 -1 -0"/>
            <n d="-0 -1 -0"/>
        </f>
        <f v="60 59 20" fn="-0 -1 -0">
            <n d="-0 -1 -0"/>
            <n d="-0 -1 -0"/>
            <n d="-0 -1 -0"/>
        </f>
        <f v="41 40 19" fn="-0 -1 -0">
            <n d="-0 -1 -0"/>
            <n d="-0 -1 -0"/>
            <n d="-0 -1 -0"/>
        </f>
        <f v="2 60 19" fn="-0 -1 -0">
            <n d="-0 -1 -0"/>
            <n d="-0 -1 -0"/>
            <n d="-0 -1 -0"/>
        </f>
        <f v="40 2 19" fn="-0 -1 -0">
            <n d="-0 -1 -0"/>
            <n d="-0 -1 -0"/>
            <n d="-0 -1 -0"/>
        </f>
        <f v="42 41 19" fn="-0 -1 -0">
            <n d="-0 -1 -0"/>
            <n d="-0 -1 -0"/>
            <n d="-0 -1 -0"/>
        </f>
        <f v="42 19 8" fn="0 -1 0">
            <n d="-0 -1 -0"/>
            <n d="-0 -1 -0"/>
            <n d="-0 -1 -0"/>
        </f>
    </facets>
    <facets color="1e1e1e">
        <f v="38 65 64" fn="0 0 -1">
            <n d="-0 -0 -1"/>
            <n d="-0 -0 -1"/>
            <n d="-0 -0 -1"/>
        </f>
        <f v="23 66 65" fn="0 0 -1">
            <n d="-0 -0 -1"/>
            <n d="-0 -0 -1"/>
            <n d="-0 -0 -1"/>
        </f>
        <f v="22 10 66" fn="-0 -0 -1">
            <n d="-0 -0 -1"/>
            <n d="-0 -0 -1"/>
            <n d="-0 -0 -1"/>
        </f>
        <f v="23 22 66" fn="-0 -0 -1">
            <n d="-0 -0 -1"/>
            <n d="-0 -0 -1"/>
            <n d="-0 -0 -1"/>
        </f>
        <f v="53 23 65" fn="0 0 -1">
            <n d="-0 -0 -1"/>
            <n d="-0 -0 -1"/>
            <n d="-0 -0 -1"/>
        </f>
        <f v="52 24 23" fn="-0 -0 -1">
            <n d="-0 -0 -1"/>
            <n d="-0 -0 -1"/>
            <n d="-0 -0 -1"/>
        </f>
        <f v="52 11 24" fn="0 -0 -1">
            <n d="-0 -0 -1"/>
            <n d="-0 -0 -1"/>
            <n d="-0 -0 -1"/>
        </f>
        <f v="53 52 23" fn="0 -0 -1">
            <n d="-0 -0 -1"/>
            <n d="-0 -0 -1"/>
            <n d="-0 -0 -1"/>
        </f>
        <f v="38 53 65" fn="0 0 -1">
            <n d="-0 -0 -1"/>
            <n d="-0 -0 -1"/>
            <n d="-0 -0 -1"/>
        </f>
        <f v="38 54 53" fn="0 0 -1">
            <n d="-0 -0 -1"/>
            <n d="-0 -0 -1"/>
            <n d="-0 -0 -1"/>
        </f>
        <f v="37 15 54" fn="-0 -0 -1">
            <n d="-0 -0 -1"/>
            <n d="-0 -0 -1"/>
            <n d="-0 -0 -1"/>
        </f>
        <f v="39 38 64" fn="0 -0 -1">
            <n d="-0 -0 -1"/>
            <n d="-0 -0 -1"/>
            <n d="-0 -0 -1"/>
        </f>
        <f v="38 37 54" fn="-0 -0 -1">
            <n d="-0 -0 -1"/>
            <n d="-0 -0 -1"/>
            <n d="-0 -0 -1"/>
        </f>
        <f v="39 64 13" fn="0 0 -1">
            <n d="-0 -0 -1"/>
            <n d="-0 -0 -1"/>
            <n d="-0 -0 -1"/>
        </f>
    </facets>
    <facets color="1e1e1e">
        <f v="62 32 31" fn="0 0 1">
            <n d="-0 -0 1"/>
            <n d="-0 -0 1"/>
            <n d="-0 -0 1"/>
        </f>
        <f v="55 33 32" fn="-0 -0 1">
            <n d="-0 -0 1"/>
            <n d="-0 -0 1"/>
            <n d="-0 -0 1"/>
        </f>
        <f v="55 14 33" fn="0 -0 1">
            <n d="-0 -0 1"/>
            <n d="-0 -0 1"/>
            <n d="-0 -0 1"/>
        </f>
        <f v="56 55 32" fn="0 -0 1">
            <n d="-0 -0 1"/>
            <n d="-0 -0 1"/>
            <n d="-0 -0 1"/>
        </f>
        <f v="68 56 32" fn="0 0 1">
            <n d="-0 -0 1"/>
            <n d="-0 -0 1"/>
            <n d="-0 -0 1"/>
        </f>
        <f v="67 57 56" fn="-0 -0 1">
            <n d="-0 -0 1"/>
            <n d="-0 -0 1"/>
            <n d="-0 -0 1"/>
        </f>
        <f v="67 1 57" fn="-0.000666666497685176 -0.000249999936631941 0.999999746527874">
            <n d="-0 -0 1"/>
            <n d="-0 -0 1"/>
            <n d="-0 -0 1"/>
        </f>
        <f v="68 67 56" fn="-0 -0 1">
            <n d="-0 -0 1"/>
            <n d="-0 -0 1"/>
            <n d="-0 -0 1"/>
        </f>
        <f v="62 68 32" fn="0 -0 1">
            <n d="-0 -0 1"/>
            <n d="-0 -0 1"/>
            <n d="-0 -0 1"/>
        </f>
        <f v="63 62 31" fn="-0 -0 1">
            <n d="-0 -0 1"/>
            <n d="-0 -0 1"/>
            <n d="-0 -0 1"/>
        </f>
        <f v="61 3 69" fn="-0.000666666497685176 0.000249999936631941 0.999999746527874">
            <n d="-0 -0 1"/>
            <n d="-0 -0 1"/>
            <n d="-0 -0 1"/>
        </f>
        <f v="62 69 68" fn="0 0 1">
            <n d="-0 -0 1"/>
            <n d="-0 -0 1"/>
            <n d="-0 -0 1"/>
        </f>
        <f v="62 61 69" fn="-0 -0 1">
            <n d="-0 -0 1"/>
            <n d="-0 -0 1"/>
            <n d="-0 -0 1"/>
        </f>
        <f v="63 31 12" fn="0 0 1">
            <n d="-0 -0 1"/>
            <n d="-0 -0 1"/>
            <n d="-0 -0 1"/>
        </f>
    </facets>
    <facets color="1e1e1e">
        <f v="59 72 71" fn="-0 -0 1">
            <n d="0 0 1"/>
            <n d="0 0 1"/>
            <n d="0 0 1"/>
        </f>
        <f v="49 71 70" fn="0 0 1">
            <n d="0 0 1"/>
            <n d="0 0 1"/>
            <n d="0 0 1"/>
        </f>
        <f v="49 70 0" fn="0.000499999921874963 0.000249999960937482 0.999999843750037">
            <n d="0 0 1"/>
            <n d="0 0 1"/>
            <n d="0 0 1"/>
        </f>
        <f v="50 71 49" fn="-0 0 1">
            <n d="0 0 1"/>
            <n d="0 0 1"/>
            <n d="0 0 1"/>
        </f>
        <f v="74 71 50" fn="-0 -0 1">
            <n d="0 0 1"/>
            <n d="0 0 1"/>
            <n d="0 0 1"/>
        </f>
        <f v="73 50 51" fn="0 0 1">
            <n d="0 0 1"/>
            <n d="0 0 1"/>
            <n d="0 0 1"/>
        </f>
        <f v="73 51 1" fn="-0.000499999921874963 0.000249999960937482 0.999999843750037">
            <n d="0 0 1"/>
            <n d="0 0 1"/>
            <n d="0 0 1"/>
        </f>
        <f v="74 50 73" fn="0 0 1">
            <n d="0 0 1"/>
            <n d="0 0 1"/>
            <n d="0 0 1"/>
        </f>
        <f v="59 71 74" fn="-0 -0 1">
            <n d="0 0 1"/>
            <n d="0 0 1"/>
            <n d="0 0 1"/>
        </f>
        <f v="60 72 59" fn="0 -0 1">
            <n d="0 0 1"/>
            <n d="0 0 1"/>
            <n d="0 0 1"/>
        </f>
        <f v="58 75 3" fn="-0.000499999921874963 -0.000249999960937482 0.999999843750037">
            <n d="0 0 1"/>
            <n d="0 0 1"/>
            <n d="0 0 1"/>
        </f>
        <f v="58 74 75" fn="0 0 1">
            <n d="0 0 1"/>
            <n d="0 0 1"/>
            <n d="0 0 1"/>
        </f>
        <f v="59 74 58" fn="0 0 1">
            <n d="0 0 1"/>
            <n d="0 0 1"/>
            <n d="0 0 1"/>
        </f>
        <f v="60 2 72" fn="0.000499999921874963 -0.000249999960937482 0.999999843750037">
            <n d="0 0 1"/>
            <n d="0 0 1"/>
            <n d="0 0 1"/>
        </f>
    </facets>
    <facets color="1e1e1e">
        <f v="74 3 75" fn="-1 -0 0">
            <n d="-1 -1.35525271560689e-016 0"/>
            <n d="-1 -1.35525271560689e-016 0"/>
            <n d="-1 -1.35525271560689e-016 0"/>
        </f>
        <f v="68 3 74" fn="-1 -0 0">
            <n d="-1 -1.35525271560689e-016 0"/>
            <n d="-1 -1.35525271560689e-016 0"/>
            <n d="-1 -1.35525271560689e-016 0"/>
        </f>
        <f v="1 74 73" fn="-1 0 0">
            <n d="-1 -1.35525271560689e-016 0"/>
            <n d="-1 -1.35525271560689e-016 0"/>
            <n d="-1 -1.35525271560689e-016 0"/>
        </f>
        <f v="68 74 1" fn="-1 0 0">
            <n d="-1 -1.35525271560689e-016 0"/>
            <n d="-1 -1.35525271560689e-016 0"/>
            <n d="-1 -1.35525271560689e-016 0"/>
        </f>
        <f v="68 1 67" fn="-1 0 0">
            <n d="-1 -1.35525271560689e-016 0"/>
            <n d="-1 -1.35525271560689e-016 0"/>
            <n d="-1 -1.35525271560689e-016 0"/>
        </f>
        <f v="69 3 68" fn="-1 -0 0">
            <n d="-1 -1.35525271560689e-016 0"/>
            <n d="-1 -1.35525271560689e-016 0"/>
            <n d="-1 -1.35525271560689e-016 0"/>
        </f>
    </facets>
    <facets color="1e1e1e">
        <f v="47 46 0" fn="1 0 0">
            <n d="1 1.35525271560689e-016 -0"/>
            <n d="1 1.35525271560689e-016 -0"/>
            <n d="1 1.35525271560689e-016 -0"/>
        </f>
        <f v="71 47 0" fn="1 0 0">
            <n d="1 1.35525271560689e-016 -0"/>
            <n d="1 1.35525271560689e-016 -0"/>
            <n d="1 1.35525271560689e-016 -0"/>
        </f>
        <f v="2 48 47" fn="1 -0 -0">
            <n d="1 1.35525271560689e-016 -0"/>
            <n d="1 1.35525271560689e-016 -0"/>
            <n d="1 1.35525271560689e-016 -0"/>
        </f>
        <f v="71 2 47" fn="1 -0 0">
            <n d="1 1.35525271560689e-016 -0"/>
            <n d="1 1.35525271560689e-016 -0"/>
            <n d="1 1.35525271560689e-016 -0"/>
        </f>
        <f v="71 72 2" fn="1 0 -0">
            <n d="1 1.35525271560689e-016 -0"/>
            <n d="1 1.35525271560689e-016 -0"/>
            <n d="1 1.35525271560689e-016 -0"/>
        </f>
        <f v="70 71 0" fn="1 0 0">
            <n d="1 1.35525271560689e-016 -0"/>
            <n d="1 1.35525271560689e-016 -0"/>
            <n d="1 1.35525271560689e-016 -0"/>
        </f>
    </facets>
</shell>
<shell id="id92">
    <verts>
        <v p="0.8 0.3 0.0001"/>
        <v p="0.8 -0.3 0.0001"/>
        <v p="-0.8 -0.3 0.0001"/>
        <v p="-0.8 0.3 0.0001"/>
        <v p="0.8 -0.3 0.0001"/>
        <v p="-0.8 -0.3 0.0001"/>
        <v p="-0.8 0.3 0.0001"/>
        <v p="0.8 0.3 0.0001"/>
        <v p="0.8 0.15 0"/>
        <v p="0.8 0 0"/>
        <v p="0.8 -0.15 0"/>
        <v p="0.8 0.15 0.0002"/>
        <v p="0.8 0 0.0002"/>
        <v p="0.8 -0.15 0.0002"/>
        <v p="-0.8 -0.15 0"/>
        <v p="-0.8 0 0"/>
        <v p="-0.8 0.15 0"/>
        <v p="-0.8 -0.15 0.0002"/>
        <v p="-0.8 0 0.0002"/>
        <v p="-0.8 0.15 0.0002"/>
        <v p="0.4 -0.3 0"/>
        <v p="0 -0.3 0"/>
        <v p="-0.4 -0.3 0"/>
        <v p="0.4 -0.3 0.0002"/>
        <v p="0 -0.3 0.0002"/>
        <v p="-0.4 -0.3 0.0002"/>
        <v p="-0.4 0.3 0.0002"/>
        <v p="0 0.3 0.0002"/>
        <v p="0.4 0.3 0.0002"/>
        <v p="-0.4 0.3 0"/>
        <v p="0 0.3 0"/>
        <v p="0.4 0.3 0"/>
    </verts>
    <facets color="dbdbdb">
        <f v="9 1 10" fn="1 0 0">
            <n d="1 0 0"/>
            <n d="1 0 0"/>
            <n d="1 0 0"/>
        </f>
        <f v="0 1 9" fn="1 0 -0">
            <n d="1 0 0"/>
            <n d="1 0 0"/>
            <n d="1 0 0"/>
        </f>
        <f v="0 9 8" fn="1 0 0">
            <n d="1 0 0"/>
            <n d="1 0 0"/>
            <n d="1 0 0"/>
        </f>
        <f v="12 1 0" fn="1 -0 0">
            <n d="1 0 0"/>
            <n d="1 0 0"/>
            <n d="1 0 0"/>
        </f>
        <f v="12 0 11" fn="1 -0 0">
            <n d="1 0 0"/>
            <n d="1 0 0"/>
            <n d="1 0 0"/>
        </f>
        <f v="13 1 12" fn="1 -0 0">
            <n d="1 0 0"/>
            <n d="1 0 0"/>
            <n d="1 0 0"/>
        </f>
    </facets>
    <facets color="dbdbdb">
        <f v="15 3 16" fn="-1 -0 -0">
            <n d="-1 0 0"/>
            <n d="-1 0 0"/>
            <n d="-1 0 0"/>
        </f>
        <f v="2 3 15" fn="-1 0 -0">
            <n d="-1 0 0"/>
            <n d="-1 0 0"/>
            <n d="-1 0 0"/>
        </f>
        <f v="2 15 14" fn="-1 0 0">
            <n d="-1 0 0"/>
            <n d="-1 0 0"/>
            <n d="-1 0 0"/>
        </f>
        <f v="18 3 2" fn="-1 -0 -0">
            <n d="-1 0 0"/>
            <n d="-1 0 0"/>
            <n d="-1 0 0"/>
        </f>
        <f v="18 2 17" fn="-1 -0 0">
            <n d="-1 0 0"/>
            <n d="-1 0 0"/>
            <n d="-1 0 0"/>
        </f>
        <f v="19 3 18" fn="-1 -0 -0">
            <n d="-1 0 0"/>
            <n d="-1 0 0"/>
            <n d="-1 0 0"/>
        </f>
    </facets>
    <facets color="dbdbdb">
        <f v="21 2 22" fn="0 -1 0">
            <n d="0 -1 0"/>
            <n d="0 -1 0"/>
            <n d="0 -1 0"/>
        </f>
        <f v="1 2 21" fn="-0 -1 -0">
            <n d="0 -1 0"/>
            <n d="0 -1 0"/>
            <n d="0 -1 0"/>
        </f>
        <f v="1 21 20" fn="0 -1 0">
            <n d="0 -1 0"/>
            <n d="0 -1 0"/>
            <n d="0 -1 0"/>
        </f>
        <f v="24 2 1" fn="-0 -1 -0">
            <n d="0 -1 0"/>
            <n d="0 -1 0"/>
            <n d="0 -1 0"/>
        </f>
        <f v="24 1 23" fn="0 -1 0">
            <n d="0 -1 0"/>
            <n d="0 -1 0"/>
            <n d="0 -1 0"/>
        </f>
        <f v="25 2 24" fn="0 -1 -0">
            <n d="0 -1 0"/>
            <n d="0 -1 0"/>
            <n d="0 -1 0"/>
        </f>
    </facets>
    <facets color="dbdbdb">
        <f v="13 24 23" fn="0 0 1">
            <n d="-0 -0 1"/>
            <n d="-0 -0 1"/>
            <n d="-0 -0 1"/>
        </f>
        <f v="17 25 24" fn="-0 -0 1">
            <n d="-0 -0 1"/>
            <n d="-0 -0 1"/>
            <n d="-0 -0 1"/>
        </f>
        <f v="17 2 25" fn="-0.000249999936631969 -0.000666666497685249 0.999999746527874">
            <n d="-0 -0 1"/>
            <n d="-0 -0 1"/>
            <n d="-0 -0 1"/>
        </f>
        <f v="18 17 24" fn="-0 -0 1">
            <n d="-0 -0 1"/>
            <n d="-0 -0 1"/>
            <n d="-0 -0 1"/>
        </f>
        <f v="27 18 24" fn="0 0 1">
            <n d="-0 -0 1"/>
            <n d="-0 -0 1"/>
            <n d="-0 -0 1"/>
        </f>
        <f v="27 19 18" fn="0 0 1">
            <n d="-0 -0 1"/>
            <n d="-0 -0 1"/>
            <n d="-0 -0 1"/>
        </f>
        <f v="26 3 19" fn="-0.000249999936631969 0.000666666497685249 0.999999746527874">
            <n d="-0 -0 1"/>
            <n d="-0 -0 1"/>
            <n d="-0 -0 1"/>
        </f>
        <f v="27 26 19" fn="0 -0 1">
            <n d="-0 -0 1"/>
            <n d="-0 -0 1"/>
            <n d="-0 -0 1"/>
        </f>
        <f v="12 27 24" fn="0 0 1">
            <n d="-0 -0 1"/>
            <n d="-0 -0 1"/>
            <n d="-0 -0 1"/>
        </f>
        <f v="11 28 27" fn="-0 -0 1">
            <n d="-0 -0 1"/>
            <n d="-0 -0 1"/>
            <n d="-0 -0 1"/>
        </f>
        <f v="11 0 28" fn="0.000249999936631969 0.000666666497685249 0.999999746527874">
            <n d="-0 -0 1"/>
            <n d="-0 -0 1"/>
            <n d="-0 -0 1"/>
        </f>
        <f v="13 12 24" fn="0 -0 1">
            <n d="-0 -0 1"/>
            <n d="-0 -0 1"/>
            <n d="-0 -0 1"/>
        </f>
        <f v="12 11 27" fn="-0 -0 1">
            <n d="-0 -0 1"/>
            <n d="-0 -0 1"/>
            <n d="-0 -0 1"/>
        </f>
        <f v="13 23 1" fn="0.000249999936631969 -0.000666666497685249 0.999999746527874">
            <n d="-0 -0 1"/>
            <n d="-0 -0 1"/>
            <n d="-0 -0 1"/>
        </f>
    </facets>
    <facets color="dbdbdb">
        <f v="30 8 9" fn="-0 -0 -1">
            <n d="0 0 -1"/>
            <n d="0 0 -1"/>
            <n d="0 0 -1"/>
        </f>
        <f v="20 10 1" fn="0.000249999936631969 -0.000666666497685249 -0.999999746527874">
            <n d="0 0 -1"/>
            <n d="0 0 -1"/>
            <n d="0 0 -1"/>
        </f>
        <f v="21 9 10" fn="-0 -0 -1">
            <n d="0 0 -1"/>
            <n d="0 0 -1"/>
            <n d="0 0 -1"/>
        </f>
        <f v="21 10 20" fn="0 0 -1">
            <n d="0 0 -1"/>
            <n d="0 0 -1"/>
            <n d="0 0 -1"/>
        </f>
        <f v="15 9 21" fn="0 -0 -1">
            <n d="0 0 -1"/>
            <n d="0 0 -1"/>
            <n d="0 0 -1"/>
        </f>
        <f v="14 21 22" fn="0 0 -1">
            <n d="0 0 -1"/>
            <n d="0 0 -1"/>
            <n d="0 0 -1"/>
        </f>
        <f v="14 22 2" fn="-0.000249999936631969 -0.000666666497685249 -0.999999746527874">
            <n d="0 0 -1"/>
            <n d="0 0 -1"/>
            <n d="0 0 -1"/>
        </f>
        <f v="15 21 14" fn="0 0 -1">
            <n d="0 0 -1"/>
            <n d="0 0 -1"/>
            <n d="0 0 -1"/>
        </f>
        <f v="30 9 15" fn="-0 -0 -1">
            <n d="0 0 -1"/>
            <n d="0 0 -1"/>
            <n d="0 0 -1"/>
        </f>
        <f v="30 15 16" fn="-0 -0 -1">
            <n d="0 0 -1"/>
            <n d="0 0 -1"/>
            <n d="0 0 -1"/>
        </f>
        <f v="29 16 3" fn="-0.000249999936631969 0.000666666497685249 -0.999999746527874">
            <n d="0 0 -1"/>
            <n d="0 0 -1"/>
            <n d="0 0 -1"/>
        </f>
        <f v="31 8 30" fn="-0 -0 -1">
            <n d="0 0 -1"/>
            <n d="0 0 -1"/>
            <n d="0 0 -1"/>
        </f>
        <f v="30 16 29" fn="-0 0 -1">
            <n d="0 0 -1"/>
            <n d="0 0 -1"/>
            <n d="0 0 -1"/>
        </f>
        <f v="31 0 8" fn="0.000249999936631969 0.000666666497685249 -0.999999746527874">
            <n d="0 0 -1"/>
            <n d="0 0 -1"/>
            <n d="0 0 -1"/>
        </f>
    </facets>
    <facets color="dbdbdb">
        <f v="30 0 31" fn="-0 1 -0">
            <n d="0 1 0"/>
            <n d="0 1 0"/>
            <n d="0 1 0"/>
        </f>
        <f v="3 0 30" fn="-0 1 -0">
            <n d="0 1 0"/>
            <n d="0 1 0"/>
            <n d="0 1 0"/>
        </f>
        <f v="3 30 29" fn="0 1 0">
            <n d="0 1 0"/>
            <n d="0 1 0"/>
            <n d="0 1 0"/>
        </f>
        <f v="27 0 3" fn="-0 1 0">
            <n d="0 1 0"/>
            <n d="0 1 0"/>
            <n d="0 1 0"/>
        </f>
        <f v="27 3 26" fn="0 1 0">
            <n d="0 1 0"/>
            <n d="0 1 0"/>
            <n d="0 1 0"/>
        </f>
        <f v="28 0 27" fn="0 1 0">
            <n d="0 1 0"/>
            <n d="0 1 0"/>
            <n d="0 1 0"/>
        </f>
    </facets>
</shell>
</step-assembly>
