<?xml version="1.0" encoding="UTF-8" ?>
<step-assembly root="id450">
<product id="id450" name="5.7x5.0x2.8x0" shape="id304" children="id451 id452 id452"/>
<product id="id451" name="Body_5.7x5.0x2.8x0.85" shape="id303"/>
<product id="id452" name="Contact_5.0x2.8x0.85" shape="id305"/>
<shape id="id304" unit="mm 0.001000">
    <child ref="id303" xform="1 0 0 0 0 1 0 0 0 0 1 0 0 0 0 1"/>
    <child ref="id305" xform="4.44089e-016 1 -3.46945e-016 0 -1 4.44089e-016 -3.46945e-016 0 -3.46945e-016 3.46945e-016 1 0 -2.425 -4.33681e-016 -1.0842e-015 1"/>
    <child ref="id305" xform="4.44089e-016 -1 -1.04083e-015 0 1 4.44089e-016 1.04083e-015 0 -1.04083e-015 -1.04083e-015 1 0 2.425 8.67362e-016 3.03577e-015 1"/>
</shape>
<shape id="id303" unit="mm 0.001000">
    <child ref="id24" xform="1 0 0 0 0 1 0 0 0 0 1 0 0 0 0 1"/>
</shape>
<shape id="id24" unit="mm 0.001000" shell="id298"/>
<shape id="id305" unit="mm 0.001000">
    <child ref="id25" xform="1 0 0 0 0 1 0 0 0 0 1 0 0 0 0 1"/>
</shape>
<shape id="id25" unit="mm 0.001000" shell="id299"/>
<shell id="id298">
    <verts>
        <v p="2 -2.5 1.4"/>
        <v p="2 -2.5 -1.4"/>
        <v p="-2 -2.5 1.4"/>
        <v p="-2 -2.5 -1.4"/>
        <v p="2 2.5 1.4"/>
        <v p="2 2.5 -1.4"/>
        <v p="-2 2.5 -1.4"/>
        <v p="-2 2.5 1.4"/>
        <v p="2 -2.5 0.7"/>
        <v p="2 -2.5 0"/>
        <v p="2 -2.5 -0.7"/>
        <v p="-1 -2.5 1.4"/>
        <v p="0 -2.5 1.4"/>
        <v p="1 -2.5 1.4"/>
        <v p="-2 -2.5 -0.7"/>
        <v p="-2 -2.5 0"/>
        <v p="-2 -2.5 0.7"/>
        <v p="1 -2.5 -1.4"/>
        <v p="0 -2.5 -1.4"/>
        <v p="-1 -2.5 -1.4"/>
        <v p="2 2.5 0.7"/>
        <v p="2 2.5 0"/>
        <v p="2 2.5 -0.7"/>
        <v p="1 2.5 -1.4"/>
        <v p="0 2.5 -1.4"/>
        <v p="-1 2.5 -1.4"/>
        <v p="-2 2.5 -0.7"/>
        <v p="-2 2.5 0"/>
        <v p="-2 2.5 0.7"/>
        <v p="-1 2.5 1.4"/>
        <v p="0 2.5 1.4"/>
        <v p="1 2.5 1.4"/>
        <v p="-2 -1.25 1.4"/>
        <v p="-2 0 1.4"/>
        <v p="-2 1.25 1.4"/>
        <v p="2 -1.25 1.4"/>
        <v p="2 0 1.4"/>
        <v p="2 1.25 1.4"/>
        <v p="-2 -1.25 -1.4"/>
        <v p="-2 0 -1.4"/>
        <v p="-2 1.25 -1.4"/>
        <v p="2 -1.25 -1.4"/>
        <v p="2 0 -1.4"/>
        <v p="2 1.25 -1.4"/>
    </verts>
    <facets color="90a0a0">
        <f v="10 18 17" fn="0 -1 0">
            <n d="-0 -1 -0"/>
            <n d="-0 -1 -0"/>
            <n d="-0 -1 -0"/>
        </f>
        <f v="14 3 19" fn="0 -1 0">
            <n d="-0 -1 -0"/>
            <n d="-0 -1 -0"/>
            <n d="-0 -1 -0"/>
        </f>
        <f v="14 19 18" fn="-0 -1 -0">
            <n d="-0 -1 -0"/>
            <n d="-0 -1 -0"/>
            <n d="-0 -1 -0"/>
        </f>
        <f v="15 14 18" fn="-0 -1 -0">
            <n d="-0 -1 -0"/>
            <n d="-0 -1 -0"/>
            <n d="-0 -1 -0"/>
        </f>
        <f v="12 15 18" fn="0 -1 -0">
            <n d="-0 -1 -0"/>
            <n d="-0 -1 -0"/>
            <n d="-0 -1 -0"/>
        </f>
        <f v="12 16 15" fn="0 -1 0">
            <n d="-0 -1 -0"/>
            <n d="-0 -1 -0"/>
            <n d="-0 -1 -0"/>
        </f>
        <f v="11 2 16" fn="-0 -1 -0">
            <n d="-0 -1 -0"/>
            <n d="-0 -1 -0"/>
            <n d="-0 -1 -0"/>
        </f>
        <f v="12 11 16" fn="-0 -1 -0">
            <n d="-0 -1 -0"/>
            <n d="-0 -1 -0"/>
            <n d="-0 -1 -0"/>
        </f>
        <f v="9 12 18" fn="-0 -1 0">
            <n d="-0 -1 -0"/>
            <n d="-0 -1 -0"/>
            <n d="-0 -1 -0"/>
        </f>
        <f v="8 13 12" fn="-0 -1 -0">
            <n d="-0 -1 -0"/>
            <n d="-0 -1 -0"/>
            <n d="-0 -1 -0"/>
        </f>
        <f v="8 0 13" fn="-0 -1 0">
            <n d="-0 -1 -0"/>
            <n d="-0 -1 -0"/>
            <n d="-0 -1 -0"/>
        </f>
        <f v="10 9 18" fn="-0 -1 0">
            <n d="-0 -1 -0"/>
            <n d="-0 -1 -0"/>
            <n d="-0 -1 -0"/>
        </f>
        <f v="9 8 12" fn="-0 -1 0">
            <n d="-0 -1 -0"/>
            <n d="-0 -1 -0"/>
            <n d="-0 -1 -0"/>
        </f>
        <f v="10 17 1" fn="0 -1 -0">
            <n d="-0 -1 -0"/>
            <n d="-0 -1 -0"/>
            <n d="-0 -1 -0"/>
        </f>
    </facets>
    <facets color="90a0a0">
        <f v="30 20 21" fn="-0 1 -0">
            <n d="0 1 0"/>
            <n d="0 1 0"/>
            <n d="0 1 0"/>
        </f>
        <f v="23 22 5" fn="-0 1 -0">
            <n d="0 1 0"/>
            <n d="0 1 0"/>
            <n d="0 1 0"/>
        </f>
        <f v="24 21 22" fn="-0 1 -0">
            <n d="0 1 0"/>
            <n d="0 1 0"/>
            <n d="0 1 0"/>
        </f>
        <f v="24 22 23" fn="0 1 0">
            <n d="0 1 0"/>
            <n d="0 1 0"/>
            <n d="0 1 0"/>
        </f>
        <f v="27 21 24" fn="-0 1 -0">
            <n d="0 1 0"/>
            <n d="0 1 0"/>
            <n d="0 1 0"/>
        </f>
        <f v="26 24 25" fn="0 1 0">
            <n d="0 1 0"/>
            <n d="0 1 0"/>
            <n d="0 1 0"/>
        </f>
        <f v="26 25 6" fn="0 1 0">
            <n d="0 1 0"/>
            <n d="0 1 0"/>
            <n d="0 1 0"/>
        </f>
        <f v="27 24 26" fn="0 1 0">
            <n d="0 1 0"/>
            <n d="0 1 0"/>
            <n d="0 1 0"/>
        </f>
        <f v="30 21 27" fn="-0 1 0">
            <n d="0 1 0"/>
            <n d="0 1 0"/>
            <n d="0 1 0"/>
        </f>
        <f v="31 20 30" fn="0 1 0">
            <n d="0 1 0"/>
            <n d="0 1 0"/>
            <n d="0 1 0"/>
        </f>
        <f v="29 28 7" fn="0 1 -0">
            <n d="0 1 0"/>
            <n d="0 1 0"/>
            <n d="0 1 0"/>
        </f>
        <f v="30 27 28" fn="-0 1 -0">
            <n d="0 1 0"/>
            <n d="0 1 0"/>
            <n d="0 1 0"/>
        </f>
        <f v="30 28 29" fn="0 1 0">
            <n d="0 1 0"/>
            <n d="0 1 0"/>
            <n d="0 1 0"/>
        </f>
        <f v="31 4 20" fn="-0 1 -0">
            <n d="0 1 0"/>
            <n d="0 1 0"/>
            <n d="0 1 0"/>
        </f>
    </facets>
    <facets color="90a0a0">
        <f v="36 31 30" fn="-0 -0 1">
            <n d="-1.0842021724855e-016 0 1"/>
            <n d="-1.0842021724855e-016 0 1"/>
            <n d="-1.0842021724855e-016 0 1"/>
        </f>
        <f v="34 29 7" fn="-0 -0 1">
            <n d="-1.0842021724855e-016 0 1"/>
            <n d="-1.0842021724855e-016 0 1"/>
            <n d="-1.0842021724855e-016 0 1"/>
        </f>
        <f v="34 30 29" fn="0 0 1">
            <n d="-1.0842021724855e-016 0 1"/>
            <n d="-1.0842021724855e-016 0 1"/>
            <n d="-1.0842021724855e-016 0 1"/>
        </f>
        <f v="33 30 34" fn="0 0 1">
            <n d="-1.0842021724855e-016 0 1"/>
            <n d="-1.0842021724855e-016 0 1"/>
            <n d="-1.0842021724855e-016 0 1"/>
        </f>
        <f v="12 30 33" fn="-0 -0 1">
            <n d="-1.0842021724855e-016 0 1"/>
            <n d="-1.0842021724855e-016 0 1"/>
            <n d="-1.0842021724855e-016 0 1"/>
        </f>
        <f v="11 33 32" fn="0 0 1">
            <n d="-1.0842021724855e-016 0 1"/>
            <n d="-1.0842021724855e-016 0 1"/>
            <n d="-1.0842021724855e-016 0 1"/>
        </f>
        <f v="11 32 2" fn="0 0 1">
            <n d="-1.0842021724855e-016 0 1"/>
            <n d="-1.0842021724855e-016 0 1"/>
            <n d="-1.0842021724855e-016 0 1"/>
        </f>
        <f v="12 33 11" fn="0 0 1">
            <n d="-1.0842021724855e-016 0 1"/>
            <n d="-1.0842021724855e-016 0 1"/>
            <n d="-1.0842021724855e-016 0 1"/>
        </f>
        <f v="36 30 12" fn="0 -0 1">
            <n d="-1.0842021724855e-016 0 1"/>
            <n d="-1.0842021724855e-016 0 1"/>
            <n d="-1.0842021724855e-016 0 1"/>
        </f>
        <f v="37 31 36" fn="0 0 1">
            <n d="-1.0842021724855e-016 0 1"/>
            <n d="-1.0842021724855e-016 0 1"/>
            <n d="-1.0842021724855e-016 0 1"/>
        </f>
        <f v="35 13 0" fn="-0 0 1">
            <n d="-1.0842021724855e-016 0 1"/>
            <n d="-1.0842021724855e-016 0 1"/>
            <n d="-1.0842021724855e-016 0 1"/>
        </f>
        <f v="35 12 13" fn="0 0 1">
            <n d="-1.0842021724855e-016 0 1"/>
            <n d="-1.0842021724855e-016 0 1"/>
            <n d="-1.0842021724855e-016 0 1"/>
        </f>
        <f v="36 12 35" fn="0 0 1">
            <n d="-1.0842021724855e-016 0 1"/>
            <n d="-1.0842021724855e-016 0 1"/>
            <n d="-1.0842021724855e-016 0 1"/>
        </f>
        <f v="37 4 31" fn="-0 -0 1">
            <n d="-1.0842021724855e-016 0 1"/>
            <n d="-1.0842021724855e-016 0 1"/>
            <n d="-1.0842021724855e-016 0 1"/>
        </f>
    </facets>
    <facets color="101010">
        <f v="34 28 27" fn="-1 -0 -0">
            <n d="-1 0 -1.54886024640786e-016"/>
            <n d="-1 0 -1.54886024640786e-016"/>
            <n d="-1 0 -1.54886024640786e-016"/>
        </f>
        <f v="40 26 6" fn="-1 -0 -0">
            <n d="-1 0 -1.54886024640786e-016"/>
            <n d="-1 0 -1.54886024640786e-016"/>
            <n d="-1 0 -1.54886024640786e-016"/>
        </f>
        <f v="40 27 26" fn="-1 0 0">
            <n d="-1 0 -1.54886024640786e-016"/>
            <n d="-1 0 -1.54886024640786e-016"/>
            <n d="-1 0 -1.54886024640786e-016"/>
        </f>
        <f v="39 27 40" fn="-1 0 0">
            <n d="-1 0 -1.54886024640786e-016"/>
            <n d="-1 0 -1.54886024640786e-016"/>
            <n d="-1 0 -1.54886024640786e-016"/>
        </f>
        <f v="33 27 39" fn="-1 -0 -0">
            <n d="-1 0 -1.54886024640786e-016"/>
            <n d="-1 0 -1.54886024640786e-016"/>
            <n d="-1 0 -1.54886024640786e-016"/>
        </f>
        <f v="15 39 38" fn="-1 -0 -0">
            <n d="-1 0 -1.54886024640786e-016"/>
            <n d="-1 0 -1.54886024640786e-016"/>
            <n d="-1 0 -1.54886024640786e-016"/>
        </f>
        <f v="14 38 3" fn="-1 0 0">
            <n d="-1 0 -1.54886024640786e-016"/>
            <n d="-1 0 -1.54886024640786e-016"/>
            <n d="-1 0 -1.54886024640786e-016"/>
        </f>
        <f v="15 38 14" fn="-1 0 0">
            <n d="-1 0 -1.54886024640786e-016"/>
            <n d="-1 0 -1.54886024640786e-016"/>
            <n d="-1 0 -1.54886024640786e-016"/>
        </f>
        <f v="33 39 15" fn="-1 0 -0">
            <n d="-1 0 -1.54886024640786e-016"/>
            <n d="-1 0 -1.54886024640786e-016"/>
            <n d="-1 0 -1.54886024640786e-016"/>
        </f>
        <f v="34 27 33" fn="-1 -0 -0">
            <n d="-1 0 -1.54886024640786e-016"/>
            <n d="-1 0 -1.54886024640786e-016"/>
            <n d="-1 0 -1.54886024640786e-016"/>
        </f>
        <f v="32 16 2" fn="-1 -0 -0">
            <n d="-1 0 -1.54886024640786e-016"/>
            <n d="-1 0 -1.54886024640786e-016"/>
            <n d="-1 0 -1.54886024640786e-016"/>
        </f>
        <f v="32 15 16" fn="-1 0 0">
            <n d="-1 0 -1.54886024640786e-016"/>
            <n d="-1 0 -1.54886024640786e-016"/>
            <n d="-1 0 -1.54886024640786e-016"/>
        </f>
        <f v="33 15 32" fn="-1 -0 0">
            <n d="-1 0 -1.54886024640786e-016"/>
            <n d="-1 0 -1.54886024640786e-016"/>
            <n d="-1 0 -1.54886024640786e-016"/>
        </f>
        <f v="34 7 28" fn="-1 0 -0">
            <n d="-1 0 -1.54886024640786e-016"/>
            <n d="-1 0 -1.54886024640786e-016"/>
            <n d="-1 0 -1.54886024640786e-016"/>
        </f>
    </facets>
    <facets color="90a0a0">
        <f v="39 25 24" fn="-0 -0 -1">
            <n d="1.0842021724855e-016 0 -1"/>
            <n d="1.0842021724855e-016 0 -1"/>
            <n d="1.0842021724855e-016 0 -1"/>
        </f>
        <f v="43 23 5" fn="-0 0 -1">
            <n d="1.0842021724855e-016 0 -1"/>
            <n d="1.0842021724855e-016 0 -1"/>
            <n d="1.0842021724855e-016 0 -1"/>
        </f>
        <f v="43 24 23" fn="0 0 -1">
            <n d="1.0842021724855e-016 0 -1"/>
            <n d="1.0842021724855e-016 0 -1"/>
            <n d="1.0842021724855e-016 0 -1"/>
        </f>
        <f v="42 24 43" fn="0 0 -1">
            <n d="1.0842021724855e-016 0 -1"/>
            <n d="1.0842021724855e-016 0 -1"/>
            <n d="1.0842021724855e-016 0 -1"/>
        </f>
        <f v="18 24 42" fn="-0 -0 -1">
            <n d="1.0842021724855e-016 0 -1"/>
            <n d="1.0842021724855e-016 0 -1"/>
            <n d="1.0842021724855e-016 0 -1"/>
        </f>
        <f v="17 42 41" fn="0 0 -1">
            <n d="1.0842021724855e-016 0 -1"/>
            <n d="1.0842021724855e-016 0 -1"/>
            <n d="1.0842021724855e-016 0 -1"/>
        </f>
        <f v="17 41 1" fn="0 0 -1">
            <n d="1.0842021724855e-016 0 -1"/>
            <n d="1.0842021724855e-016 0 -1"/>
            <n d="1.0842021724855e-016 0 -1"/>
        </f>
        <f v="18 42 17" fn="0 0 -1">
            <n d="1.0842021724855e-016 0 -1"/>
            <n d="1.0842021724855e-016 0 -1"/>
            <n d="1.0842021724855e-016 0 -1"/>
        </f>
        <f v="39 24 18" fn="0 -0 -1">
            <n d="1.0842021724855e-016 0 -1"/>
            <n d="1.0842021724855e-016 0 -1"/>
            <n d="1.0842021724855e-016 0 -1"/>
        </f>
        <f v="40 25 39" fn="0 0 -1">
            <n d="1.0842021724855e-016 0 -1"/>
            <n d="1.0842021724855e-016 0 -1"/>
            <n d="1.0842021724855e-016 0 -1"/>
        </f>
        <f v="38 19 3" fn="-0 -0 -1">
            <n d="1.0842021724855e-016 0 -1"/>
            <n d="1.0842021724855e-016 0 -1"/>
            <n d="1.0842021724855e-016 0 -1"/>
        </f>
        <f v="38 18 19" fn="0 0 -1">
            <n d="1.0842021724855e-016 0 -1"/>
            <n d="1.0842021724855e-016 0 -1"/>
            <n d="1.0842021724855e-016 0 -1"/>
        </f>
        <f v="39 18 38" fn="0 0 -1">
            <n d="1.0842021724855e-016 0 -1"/>
            <n d="1.0842021724855e-016 0 -1"/>
            <n d="1.0842021724855e-016 0 -1"/>
        </f>
        <f v="40 6 25" fn="-0 -0 -1">
            <n d="1.0842021724855e-016 0 -1"/>
            <n d="1.0842021724855e-016 0 -1"/>
            <n d="1.0842021724855e-016 0 -1"/>
        </f>
    </facets>
    <facets color="101010">
        <f v="43 22 21" fn="1 -0 -0">
            <n d="1 0 -1.54886024640786e-016"/>
            <n d="1 0 -1.54886024640786e-016"/>
            <n d="1 0 -1.54886024640786e-016"/>
        </f>
        <f v="37 20 4" fn="1 -0 -0">
            <n d="1 0 -1.54886024640786e-016"/>
            <n d="1 0 -1.54886024640786e-016"/>
            <n d="1 0 -1.54886024640786e-016"/>
        </f>
        <f v="37 21 20" fn="1 0 0">
            <n d="1 0 -1.54886024640786e-016"/>
            <n d="1 0 -1.54886024640786e-016"/>
            <n d="1 0 -1.54886024640786e-016"/>
        </f>
        <f v="36 21 37" fn="1 -0 0">
            <n d="1 0 -1.54886024640786e-016"/>
            <n d="1 0 -1.54886024640786e-016"/>
            <n d="1 0 -1.54886024640786e-016"/>
        </f>
        <f v="42 21 36" fn="1 -0 -0">
            <n d="1 0 -1.54886024640786e-016"/>
            <n d="1 0 -1.54886024640786e-016"/>
            <n d="1 0 -1.54886024640786e-016"/>
        </f>
        <f v="9 36 35" fn="1 -0 -0">
            <n d="1 0 -1.54886024640786e-016"/>
            <n d="1 0 -1.54886024640786e-016"/>
            <n d="1 0 -1.54886024640786e-016"/>
        </f>
        <f v="8 35 0" fn="1 0 0">
            <n d="1 0 -1.54886024640786e-016"/>
            <n d="1 0 -1.54886024640786e-016"/>
            <n d="1 0 -1.54886024640786e-016"/>
        </f>
        <f v="9 35 8" fn="1 0 0">
            <n d="1 0 -1.54886024640786e-016"/>
            <n d="1 0 -1.54886024640786e-016"/>
            <n d="1 0 -1.54886024640786e-016"/>
        </f>
        <f v="42 36 9" fn="1 0 -0">
            <n d="1 0 -1.54886024640786e-016"/>
            <n d="1 0 -1.54886024640786e-016"/>
            <n d="1 0 -1.54886024640786e-016"/>
        </f>
        <f v="43 21 42" fn="1 0 -0">
            <n d="1 0 -1.54886024640786e-016"/>
            <n d="1 0 -1.54886024640786e-016"/>
            <n d="1 0 -1.54886024640786e-016"/>
        </f>
        <f v="41 10 1" fn="1 -0 -0">
            <n d="1 0 -1.54886024640786e-016"/>
            <n d="1 0 -1.54886024640786e-016"/>
            <n d="1 0 -1.54886024640786e-016"/>
        </f>
        <f v="41 9 10" fn="1 0 0">
            <n d="1 0 -1.54886024640786e-016"/>
            <n d="1 0 -1.54886024640786e-016"/>
            <n d="1 0 -1.54886024640786e-016"/>
        </f>
        <f v="42 9 41" fn="1 0 0">
            <n d="1 0 -1.54886024640786e-016"/>
            <n d="1 0 -1.54886024640786e-016"/>
            <n d="1 0 -1.54886024640786e-016"/>
        </f>
        <f v="43 5 22" fn="1 -0 -0">
            <n d="1 0 -1.54886024640786e-016"/>
            <n d="1 0 -1.54886024640786e-016"/>
            <n d="1 0 -1.54886024640786e-016"/>
        </f>
    </facets>
</shell>
<shell id="id299">
    <verts>
        <v p="2.5 -0.425 1.4"/>
        <v p="2.5 -0.425 -1.4"/>
        <v p="-2.5 -0.425 1.4"/>
        <v p="-2.5 -0.425 -1.4"/>
        <v p="2.5 0.425 1.4"/>
        <v p="2.5 0.425 -1.4"/>
        <v p="-2.5 0.425 -1.4"/>
        <v p="-2.5 0.425 1.4"/>
        <v p="2.5 -0.425 0.7"/>
        <v p="2.5 -0.425 0"/>
        <v p="2.5 -0.425 -0.7"/>
        <v p="-1.25 -0.425 1.4"/>
        <v p="0 -0.425 1.4"/>
        <v p="1.25 -0.425 1.4"/>
        <v p="-2.5 -0.425 -0.7"/>
        <v p="-2.5 -0.425 0"/>
        <v p="-2.5 -0.425 0.7"/>
        <v p="1.25 -0.425 -1.4"/>
        <v p="0 -0.425 -1.4"/>
        <v p="-1.25 -0.425 -1.4"/>
        <v p="2.5 0.425 0.7"/>
        <v p="2.5 0.425 0"/>
        <v p="2.5 0.425 -0.7"/>
        <v p="1.25 0.425 -1.4"/>
        <v p="0 0.425 -1.4"/>
        <v p="-1.25 0.425 -1.4"/>
        <v p="-2.5 0.425 -0.7"/>
        <v p="-2.5 0.425 0"/>
        <v p="-2.5 0.425 0.7"/>
        <v p="-1.25 0.425 1.4"/>
        <v p="0 0.425 1.4"/>
        <v p="1.25 0.425 1.4"/>
        <v p="-2.5 -0.2125 1.4"/>
        <v p="-2.5 0 1.4"/>
        <v p="-2.5 0.2125 1.4"/>
        <v p="2.5 -0.2125 1.4"/>
        <v p="2.5 0 1.4"/>
        <v p="2.5 0.2125 1.4"/>
        <v p="-2.5 -0.2125 -1.4"/>
        <v p="-2.5 0 -1.4"/>
        <v p="-2.5 0.2125 -1.4"/>
        <v p="2.5 -0.2125 -1.4"/>
        <v p="2.5 0 -1.4"/>
        <v p="2.5 0.2125 -1.4"/>
    </verts>
    <facets color="90a0a0">
        <f v="9 18 17" fn="0 -1 0">
            <n d="-0 -1 -0"/>
            <n d="-0 -1 -0"/>
            <n d="-0 -1 -0"/>
        </f>
        <f v="14 3 19" fn="0 -1 0">
            <n d="-0 -1 -0"/>
            <n d="-0 -1 -0"/>
            <n d="-0 -1 -0"/>
        </f>
        <f v="15 19 18" fn="0 -1 0">
            <n d="-0 -1 -0"/>
            <n d="-0 -1 -0"/>
            <n d="-0 -1 -0"/>
        </f>
        <f v="15 14 19" fn="-0 -1 -0">
            <n d="-0 -1 -0"/>
            <n d="-0 -1 -0"/>
            <n d="-0 -1 -0"/>
        </f>
        <f v="12 15 18" fn="0 -1 -0">
            <n d="-0 -1 -0"/>
            <n d="-0 -1 -0"/>
            <n d="-0 -1 -0"/>
        </f>
        <f v="11 16 15" fn="-0 -1 -0">
            <n d="-0 -1 -0"/>
            <n d="-0 -1 -0"/>
            <n d="-0 -1 -0"/>
        </f>
        <f v="11 2 16" fn="-0 -1 -0">
            <n d="-0 -1 -0"/>
            <n d="-0 -1 -0"/>
            <n d="-0 -1 -0"/>
        </f>
        <f v="12 11 15" fn="-0 -1 -0">
            <n d="-0 -1 -0"/>
            <n d="-0 -1 -0"/>
            <n d="-0 -1 -0"/>
        </f>
        <f v="9 12 18" fn="-0 -1 0">
            <n d="-0 -1 -0"/>
            <n d="-0 -1 -0"/>
            <n d="-0 -1 -0"/>
        </f>
        <f v="9 13 12" fn="0 -1 0">
            <n d="-0 -1 -0"/>
            <n d="-0 -1 -0"/>
            <n d="-0 -1 -0"/>
        </f>
        <f v="8 0 13" fn="-0 -1 0">
            <n d="-0 -1 -0"/>
            <n d="-0 -1 -0"/>
            <n d="-0 -1 -0"/>
        </f>
        <f v="10 9 17" fn="-0 -1 0">
            <n d="-0 -1 -0"/>
            <n d="-0 -1 -0"/>
            <n d="-0 -1 -0"/>
        </f>
        <f v="9 8 13" fn="-0 -1 0">
            <n d="-0 -1 -0"/>
            <n d="-0 -1 -0"/>
            <n d="-0 -1 -0"/>
        </f>
        <f v="10 17 1" fn="0 -1 -0">
            <n d="-0 -1 -0"/>
            <n d="-0 -1 -0"/>
            <n d="-0 -1 -0"/>
        </f>
    </facets>
    <facets color="101010">
        <f v="31 20 21" fn="-0 1 -0">
            <n d="0 1 0"/>
            <n d="0 1 0"/>
            <n d="0 1 0"/>
        </f>
        <f v="23 22 5" fn="-0 1 -0">
            <n d="0 1 0"/>
            <n d="0 1 0"/>
            <n d="0 1 0"/>
        </f>
        <f v="23 21 22" fn="0 1 0">
            <n d="0 1 0"/>
            <n d="0 1 0"/>
            <n d="0 1 0"/>
        </f>
        <f v="24 21 23" fn="0 1 0">
            <n d="0 1 0"/>
            <n d="0 1 0"/>
            <n d="0 1 0"/>
        </f>
        <f v="30 21 24" fn="-0 1 -0">
            <n d="0 1 0"/>
            <n d="0 1 0"/>
            <n d="0 1 0"/>
        </f>
        <f v="27 24 25" fn="-0 1 -0">
            <n d="0 1 0"/>
            <n d="0 1 0"/>
            <n d="0 1 0"/>
        </f>
        <f v="26 25 6" fn="0 1 0">
            <n d="0 1 0"/>
            <n d="0 1 0"/>
            <n d="0 1 0"/>
        </f>
        <f v="27 25 26" fn="0 1 0">
            <n d="0 1 0"/>
            <n d="0 1 0"/>
            <n d="0 1 0"/>
        </f>
        <f v="30 24 27" fn="0 1 0">
            <n d="0 1 0"/>
            <n d="0 1 0"/>
            <n d="0 1 0"/>
        </f>
        <f v="31 21 30" fn="0 1 0">
            <n d="0 1 0"/>
            <n d="0 1 0"/>
            <n d="0 1 0"/>
        </f>
        <f v="29 28 7" fn="0 1 -0">
            <n d="0 1 0"/>
            <n d="0 1 0"/>
            <n d="0 1 0"/>
        </f>
        <f v="29 27 28" fn="0 1 0">
            <n d="0 1 0"/>
            <n d="0 1 0"/>
            <n d="0 1 0"/>
        </f>
        <f v="30 27 29" fn="0 1 0">
            <n d="0 1 0"/>
            <n d="0 1 0"/>
            <n d="0 1 0"/>
        </f>
        <f v="31 4 20" fn="-0 1 -0">
            <n d="0 1 0"/>
            <n d="0 1 0"/>
            <n d="0 1 0"/>
        </f>
    </facets>
    <facets color="101010">
        <f v="36 31 30" fn="-0 -0 1">
            <n d="-4.33680868994202e-017 0 1"/>
            <n d="-4.33680868994202e-017 0 1"/>
            <n d="-4.33680868994202e-017 0 1"/>
        </f>
        <f v="34 29 7" fn="-0 -0 1">
            <n d="-4.33680868994202e-017 0 1"/>
            <n d="-4.33680868994202e-017 0 1"/>
            <n d="-4.33680868994202e-017 0 1"/>
        </f>
        <f v="33 30 29" fn="-0 -0 1">
            <n d="-4.33680868994202e-017 0 1"/>
            <n d="-4.33680868994202e-017 0 1"/>
            <n d="-4.33680868994202e-017 0 1"/>
        </f>
        <f v="33 29 34" fn="0 0 1">
            <n d="-4.33680868994202e-017 0 1"/>
            <n d="-4.33680868994202e-017 0 1"/>
            <n d="-4.33680868994202e-017 0 1"/>
        </f>
        <f v="12 30 33" fn="-0 -0 1">
            <n d="-4.33680868994202e-017 0 1"/>
            <n d="-4.33680868994202e-017 0 1"/>
            <n d="-4.33680868994202e-017 0 1"/>
        </f>
        <f v="11 33 32" fn="0 0 1">
            <n d="-4.33680868994202e-017 0 1"/>
            <n d="-4.33680868994202e-017 0 1"/>
            <n d="-4.33680868994202e-017 0 1"/>
        </f>
        <f v="11 32 2" fn="0 0 1">
            <n d="-4.33680868994202e-017 0 1"/>
            <n d="-4.33680868994202e-017 0 1"/>
            <n d="-4.33680868994202e-017 0 1"/>
        </f>
        <f v="12 33 11" fn="0 0 1">
            <n d="-4.33680868994202e-017 0 1"/>
            <n d="-4.33680868994202e-017 0 1"/>
            <n d="-4.33680868994202e-017 0 1"/>
        </f>
        <f v="36 30 12" fn="0 -0 1">
            <n d="-4.33680868994202e-017 0 1"/>
            <n d="-4.33680868994202e-017 0 1"/>
            <n d="-4.33680868994202e-017 0 1"/>
        </f>
        <f v="37 31 36" fn="0 0 1">
            <n d="-4.33680868994202e-017 0 1"/>
            <n d="-4.33680868994202e-017 0 1"/>
            <n d="-4.33680868994202e-017 0 1"/>
        </f>
        <f v="35 13 0" fn="-0 0 1">
            <n d="-4.33680868994202e-017 0 1"/>
            <n d="-4.33680868994202e-017 0 1"/>
            <n d="-4.33680868994202e-017 0 1"/>
        </f>
        <f v="36 12 13" fn="-0 -0 1">
            <n d="-4.33680868994202e-017 0 1"/>
            <n d="-4.33680868994202e-017 0 1"/>
            <n d="-4.33680868994202e-017 0 1"/>
        </f>
        <f v="36 13 35" fn="0 0 1">
            <n d="-4.33680868994202e-017 0 1"/>
            <n d="-4.33680868994202e-017 0 1"/>
            <n d="-4.33680868994202e-017 0 1"/>
        </f>
        <f v="37 4 31" fn="-0 -0 1">
            <n d="-4.33680868994202e-017 0 1"/>
            <n d="-4.33680868994202e-017 0 1"/>
            <n d="-4.33680868994202e-017 0 1"/>
        </f>
    </facets>
    <facets color="101010">
        <f v="33 28 27" fn="-1 -0 -0">
            <n d="-1 0 -1.54886024640786e-016"/>
            <n d="-1 0 -1.54886024640786e-016"/>
            <n d="-1 0 -1.54886024640786e-016"/>
        </f>
        <f v="40 26 6" fn="-1 -0 -0">
            <n d="-1 0 -1.54886024640786e-016"/>
            <n d="-1 0 -1.54886024640786e-016"/>
            <n d="-1 0 -1.54886024640786e-016"/>
        </f>
        <f v="40 27 26" fn="-1 0 0">
            <n d="-1 0 -1.54886024640786e-016"/>
            <n d="-1 0 -1.54886024640786e-016"/>
            <n d="-1 0 -1.54886024640786e-016"/>
        </f>
        <f v="39 27 40" fn="-1 0 0">
            <n d="-1 0 -1.54886024640786e-016"/>
            <n d="-1 0 -1.54886024640786e-016"/>
            <n d="-1 0 -1.54886024640786e-016"/>
        </f>
        <f v="15 27 39" fn="-1 0 -0">
            <n d="-1 0 -1.54886024640786e-016"/>
            <n d="-1 0 -1.54886024640786e-016"/>
            <n d="-1 0 -1.54886024640786e-016"/>
        </f>
        <f v="14 39 38" fn="-1 0 0">
            <n d="-1 0 -1.54886024640786e-016"/>
            <n d="-1 0 -1.54886024640786e-016"/>
            <n d="-1 0 -1.54886024640786e-016"/>
        </f>
        <f v="14 38 3" fn="-1 0 0">
            <n d="-1 0 -1.54886024640786e-016"/>
            <n d="-1 0 -1.54886024640786e-016"/>
            <n d="-1 0 -1.54886024640786e-016"/>
        </f>
        <f v="15 39 14" fn="-1 0 0">
            <n d="-1 0 -1.54886024640786e-016"/>
            <n d="-1 0 -1.54886024640786e-016"/>
            <n d="-1 0 -1.54886024640786e-016"/>
        </f>
        <f v="33 27 15" fn="-1 -0 -0">
            <n d="-1 0 -1.54886024640786e-016"/>
            <n d="-1 0 -1.54886024640786e-016"/>
            <n d="-1 0 -1.54886024640786e-016"/>
        </f>
        <f v="34 28 33" fn="-1 -0 -0">
            <n d="-1 0 -1.54886024640786e-016"/>
            <n d="-1 0 -1.54886024640786e-016"/>
            <n d="-1 0 -1.54886024640786e-016"/>
        </f>
        <f v="32 16 2" fn="-1 -0 -0">
            <n d="-1 0 -1.54886024640786e-016"/>
            <n d="-1 0 -1.54886024640786e-016"/>
            <n d="-1 0 -1.54886024640786e-016"/>
        </f>
        <f v="33 15 16" fn="-1 -0 -0">
            <n d="-1 0 -1.54886024640786e-016"/>
            <n d="-1 0 -1.54886024640786e-016"/>
            <n d="-1 0 -1.54886024640786e-016"/>
        </f>
        <f v="33 16 32" fn="-1 -0 0">
            <n d="-1 0 -1.54886024640786e-016"/>
            <n d="-1 0 -1.54886024640786e-016"/>
            <n d="-1 0 -1.54886024640786e-016"/>
        </f>
        <f v="34 7 28" fn="-1 0 -0">
            <n d="-1 0 -1.54886024640786e-016"/>
            <n d="-1 0 -1.54886024640786e-016"/>
            <n d="-1 0 -1.54886024640786e-016"/>
        </f>
    </facets>
    <facets color="101010">
        <f v="39 25 24" fn="-0 -0 -1">
            <n d="1.3010426069826e-016 0 -1"/>
            <n d="1.3010426069826e-016 0 -1"/>
            <n d="1.3010426069826e-016 0 -1"/>
        </f>
        <f v="43 23 5" fn="-0 0 -1">
            <n d="1.3010426069826e-016 0 -1"/>
            <n d="1.3010426069826e-016 0 -1"/>
            <n d="1.3010426069826e-016 0 -1"/>
        </f>
        <f v="42 24 23" fn="-0 -0 -1">
            <n d="1.3010426069826e-016 0 -1"/>
            <n d="1.3010426069826e-016 0 -1"/>
            <n d="1.3010426069826e-016 0 -1"/>
        </f>
        <f v="42 23 43" fn="0 0 -1">
            <n d="1.3010426069826e-016 0 -1"/>
            <n d="1.3010426069826e-016 0 -1"/>
            <n d="1.3010426069826e-016 0 -1"/>
        </f>
        <f v="18 24 42" fn="-0 -0 -1">
            <n d="1.3010426069826e-016 0 -1"/>
            <n d="1.3010426069826e-016 0 -1"/>
            <n d="1.3010426069826e-016 0 -1"/>
        </f>
        <f v="17 42 41" fn="0 0 -1">
            <n d="1.3010426069826e-016 0 -1"/>
            <n d="1.3010426069826e-016 0 -1"/>
            <n d="1.3010426069826e-016 0 -1"/>
        </f>
        <f v="17 41 1" fn="0 0 -1">
            <n d="1.3010426069826e-016 0 -1"/>
            <n d="1.3010426069826e-016 0 -1"/>
            <n d="1.3010426069826e-016 0 -1"/>
        </f>
        <f v="18 42 17" fn="0 0 -1">
            <n d="1.3010426069826e-016 0 -1"/>
            <n d="1.3010426069826e-016 0 -1"/>
            <n d="1.3010426069826e-016 0 -1"/>
        </f>
        <f v="39 24 18" fn="0 -0 -1">
            <n d="1.3010426069826e-016 0 -1"/>
            <n d="1.3010426069826e-016 0 -1"/>
            <n d="1.3010426069826e-016 0 -1"/>
        </f>
        <f v="40 25 39" fn="0 0 -1">
            <n d="1.3010426069826e-016 0 -1"/>
            <n d="1.3010426069826e-016 0 -1"/>
            <n d="1.3010426069826e-016 0 -1"/>
        </f>
        <f v="38 19 3" fn="-0 -0 -1">
            <n d="1.3010426069826e-016 0 -1"/>
            <n d="1.3010426069826e-016 0 -1"/>
            <n d="1.3010426069826e-016 0 -1"/>
        </f>
        <f v="39 18 19" fn="-0 -0 -1">
            <n d="1.3010426069826e-016 0 -1"/>
            <n d="1.3010426069826e-016 0 -1"/>
            <n d="1.3010426069826e-016 0 -1"/>
        </f>
        <f v="39 19 38" fn="0 0 -1">
            <n d="1.3010426069826e-016 0 -1"/>
            <n d="1.3010426069826e-016 0 -1"/>
            <n d="1.3010426069826e-016 0 -1"/>
        </f>
        <f v="40 6 25" fn="-0 -0 -1">
            <n d="1.3010426069826e-016 0 -1"/>
            <n d="1.3010426069826e-016 0 -1"/>
            <n d="1.3010426069826e-016 0 -1"/>
        </f>
    </facets>
    <facets color="101010">
        <f v="42 22 21" fn="1 -0 -0">
            <n d="1 0 1.54886024640786e-016"/>
            <n d="1 0 1.54886024640786e-016"/>
            <n d="1 0 1.54886024640786e-016"/>
        </f>
        <f v="37 20 4" fn="1 -0 -0">
            <n d="1 0 1.54886024640786e-016"/>
            <n d="1 0 1.54886024640786e-016"/>
            <n d="1 0 1.54886024640786e-016"/>
        </f>
        <f v="37 21 20" fn="1 0 0">
            <n d="1 0 1.54886024640786e-016"/>
            <n d="1 0 1.54886024640786e-016"/>
            <n d="1 0 1.54886024640786e-016"/>
        </f>
        <f v="36 21 37" fn="1 -0 0">
            <n d="1 0 1.54886024640786e-016"/>
            <n d="1 0 1.54886024640786e-016"/>
            <n d="1 0 1.54886024640786e-016"/>
        </f>
        <f v="9 21 36" fn="1 -0 -0">
            <n d="1 0 1.54886024640786e-016"/>
            <n d="1 0 1.54886024640786e-016"/>
            <n d="1 0 1.54886024640786e-016"/>
        </f>
        <f v="8 36 35" fn="1 0 0">
            <n d="1 0 1.54886024640786e-016"/>
            <n d="1 0 1.54886024640786e-016"/>
            <n d="1 0 1.54886024640786e-016"/>
        </f>
        <f v="8 35 0" fn="1 0 0">
            <n d="1 0 1.54886024640786e-016"/>
            <n d="1 0 1.54886024640786e-016"/>
            <n d="1 0 1.54886024640786e-016"/>
        </f>
        <f v="9 36 8" fn="1 0 0">
            <n d="1 0 1.54886024640786e-016"/>
            <n d="1 0 1.54886024640786e-016"/>
            <n d="1 0 1.54886024640786e-016"/>
        </f>
        <f v="42 21 9" fn="1 -0 -0">
            <n d="1 0 1.54886024640786e-016"/>
            <n d="1 0 1.54886024640786e-016"/>
            <n d="1 0 1.54886024640786e-016"/>
        </f>
        <f v="43 22 42" fn="1 0 -0">
            <n d="1 0 1.54886024640786e-016"/>
            <n d="1 0 1.54886024640786e-016"/>
            <n d="1 0 1.54886024640786e-016"/>
        </f>
        <f v="41 10 1" fn="1 -0 -0">
            <n d="1 0 1.54886024640786e-016"/>
            <n d="1 0 1.54886024640786e-016"/>
            <n d="1 0 1.54886024640786e-016"/>
        </f>
        <f v="42 9 10" fn="1 -0 -0">
            <n d="1 0 1.54886024640786e-016"/>
            <n d="1 0 1.54886024640786e-016"/>
            <n d="1 0 1.54886024640786e-016"/>
        </f>
        <f v="42 10 41" fn="1 0 0">
            <n d="1 0 1.54886024640786e-016"/>
            <n d="1 0 1.54886024640786e-016"/>
            <n d="1 0 1.54886024640786e-016"/>
        </f>
        <f v="43 5 22" fn="1 -0 -0">
            <n d="1 0 1.54886024640786e-016"/>
            <n d="1 0 1.54886024640786e-016"/>
            <n d="1 0 1.54886024640786e-016"/>
        </f>
    </facets>
</shell>
</step-assembly>
