<?xml version="1.0" encoding="UTF-8" ?>
<step-assembly root="id59">
<product id="id59" name="Assem1" shape="id23" children="id79 id79 id71"/>
<product id="id79" name="Contact" shape="id34"/>
<product id="id71" name="Ferrite" shape="id28"/>
<shape id="id23" unit="mm 0.001000">
    <child ref="id28" xform="1 0 0 0 0 1 0 0 0 0 1 0 0 0 0 1"/>
    <child ref="id34" xform="1 0 0 0 0 1 0 0 0 0 1 0 1.20161e-014 -0.65 1.38575e-015 1"/>
    <child ref="id34" xform="1 0 -5.55112e-017 0 0 -1 0 0 -5.55112e-017 0 -1 0 1.0842e-016 0.65 2.1684e-016 1"/>
</shape>
<shape id="id28" unit="mm 0.001000">
    <child ref="id29" xform="1 0 0 0 0 1 0 0 0 0 1 0 0 0 0 1"/>
</shape>
<shape id="id29" unit="mm 0.001000" shell="id72"/>
<shape id="id34" unit="mm 0.001000">
    <child ref="id35" xform="1 0 0 0 0 1 0 0 0 0 1 0 0 0 0 1"/>
</shape>
<shape id="id35" unit="mm 0.001000" shell="id80"/>
<shell id="id72">
    <verts>
        <v p="1 0.65 -0.5"/>
        <v p="-1 0.65 -0.5"/>
        <v p="-1 0.65 0.5"/>
        <v p="1 0.65 0.5"/>
        <v p="-1 -0.65 -0.5"/>
        <v p="-1 -0.65 0.5"/>
        <v p="1 -0.65 -0.5"/>
        <v p="1 -0.65 0.5"/>
        <v p="0.5 0.65 -0.5"/>
        <v p="0 0.65 -0.5"/>
        <v p="-0.5 0.65 -0.5"/>
        <v p="-1 0.65 0.25"/>
        <v p="-1 0.65 0"/>
        <v p="-1 0.65 -0.25"/>
        <v p="0.5 0.65 0.5"/>
        <v p="0 0.65 0.5"/>
        <v p="-0.5 0.65 0.5"/>
        <v p="1 0.65 0.25"/>
        <v p="1 0.65 0"/>
        <v p="1 0.65 -0.25"/>
        <v p="-1 0.325 -0.5"/>
        <v p="-1 0 -0.5"/>
        <v p="-1 -0.325 -0.5"/>
        <v p="-1 -0.65 0.25"/>
        <v p="-1 -0.65 0"/>
        <v p="-1 -0.65 -0.25"/>
        <v p="-1 0.325 0.5"/>
        <v p="-1 0 0.5"/>
        <v p="-1 -0.325 0.5"/>
        <v p="-0.5 -0.65 -0.5"/>
        <v p="0 -0.65 -0.5"/>
        <v p="0.5 -0.65 -0.5"/>
        <v p="1 -0.65 0.25"/>
        <v p="1 -0.65 0"/>
        <v p="1 -0.65 -0.25"/>
        <v p="-0.5 -0.65 0.5"/>
        <v p="0 -0.65 0.5"/>
        <v p="0.5 -0.65 0.5"/>
        <v p="1 -0.325 -0.5"/>
        <v p="1 0 -0.5"/>
        <v p="1 0.325 -0.5"/>
        <v p="1 -0.325 0.5"/>
        <v p="1 0 0.5"/>
        <v p="1 0.325 0.5"/>
    </verts>
    <facets color="1e1e1e">
        <f v="9 18 19" fn="0 1 0">
            <n d="-0 1 -0"/>
            <n d="-0 1 -0"/>
            <n d="-0 1 -0"/>
        </f>
        <f v="14 3 17" fn="-0 1 0">
            <n d="-0 1 -0"/>
            <n d="-0 1 -0"/>
            <n d="-0 1 -0"/>
        </f>
        <f v="14 17 18" fn="-0 1 -0">
            <n d="-0 1 -0"/>
            <n d="-0 1 -0"/>
            <n d="-0 1 -0"/>
        </f>
        <f v="15 14 18" fn="-0 1 -0">
            <n d="-0 1 -0"/>
            <n d="-0 1 -0"/>
            <n d="-0 1 -0"/>
        </f>
        <f v="12 15 18" fn="0 1 0">
            <n d="-0 1 -0"/>
            <n d="-0 1 -0"/>
            <n d="-0 1 -0"/>
        </f>
        <f v="11 16 15" fn="-0 1 -0">
            <n d="-0 1 -0"/>
            <n d="-0 1 -0"/>
            <n d="-0 1 -0"/>
        </f>
        <f v="11 2 16" fn="-0 1 -0">
            <n d="-0 1 -0"/>
            <n d="-0 1 -0"/>
            <n d="-0 1 -0"/>
        </f>
        <f v="12 11 15" fn="-0 1 -0">
            <n d="-0 1 -0"/>
            <n d="-0 1 -0"/>
            <n d="-0 1 -0"/>
        </f>
        <f v="9 12 18" fn="0 1 -0">
            <n d="-0 1 -0"/>
            <n d="-0 1 -0"/>
            <n d="-0 1 -0"/>
        </f>
        <f v="8 9 19" fn="-0 1 -0">
            <n d="-0 1 -0"/>
            <n d="-0 1 -0"/>
            <n d="-0 1 -0"/>
        </f>
        <f v="10 1 13" fn="0 1 0">
            <n d="-0 1 -0"/>
            <n d="-0 1 -0"/>
            <n d="-0 1 -0"/>
        </f>
        <f v="10 13 12" fn="-0 1 -0">
            <n d="-0 1 -0"/>
            <n d="-0 1 -0"/>
            <n d="-0 1 -0"/>
        </f>
        <f v="9 10 12" fn="-0 1 -0">
            <n d="-0 1 -0"/>
            <n d="-0 1 -0"/>
            <n d="-0 1 -0"/>
        </f>
        <f v="8 19 0" fn="0 1 0">
            <n d="-0 1 -0"/>
            <n d="-0 1 -0"/>
            <n d="-0 1 -0"/>
        </f>
    </facets>
    <facets color="1e1e1e">
        <f v="21 12 13" fn="-1 0 0">
            <n d="-1 -1.66800334228539e-016 -0"/>
            <n d="-1 -1.66800334228539e-016 -0"/>
            <n d="-1 -1.66800334228539e-016 -0"/>
        </f>
        <f v="27 11 12" fn="-1 0 0">
            <n d="-1 -1.66800334228539e-016 -0"/>
            <n d="-1 -1.66800334228539e-016 -0"/>
            <n d="-1 -1.66800334228539e-016 -0"/>
        </f>
        <f v="26 2 11" fn="-1 0 -0">
            <n d="-1 -1.66800334228539e-016 -0"/>
            <n d="-1 -1.66800334228539e-016 -0"/>
            <n d="-1 -1.66800334228539e-016 -0"/>
        </f>
        <f v="27 26 11" fn="-1 0 -0">
            <n d="-1 -1.66800334228539e-016 -0"/>
            <n d="-1 -1.66800334228539e-016 -0"/>
            <n d="-1 -1.66800334228539e-016 -0"/>
        </f>
        <f v="24 27 12" fn="-1 0 0">
            <n d="-1 -1.66800334228539e-016 -0"/>
            <n d="-1 -1.66800334228539e-016 -0"/>
            <n d="-1 -1.66800334228539e-016 -0"/>
        </f>
        <f v="23 28 27" fn="-1 -0 -0">
            <n d="-1 -1.66800334228539e-016 -0"/>
            <n d="-1 -1.66800334228539e-016 -0"/>
            <n d="-1 -1.66800334228539e-016 -0"/>
        </f>
        <f v="23 5 28" fn="-1 -0 -0">
            <n d="-1 -1.66800334228539e-016 -0"/>
            <n d="-1 -1.66800334228539e-016 -0"/>
            <n d="-1 -1.66800334228539e-016 -0"/>
        </f>
        <f v="24 23 27" fn="-1 -0 -0">
            <n d="-1 -1.66800334228539e-016 -0"/>
            <n d="-1 -1.66800334228539e-016 -0"/>
            <n d="-1 -1.66800334228539e-016 -0"/>
        </f>
        <f v="21 24 12" fn="-1 0 0">
            <n d="-1 -1.66800334228539e-016 -0"/>
            <n d="-1 -1.66800334228539e-016 -0"/>
            <n d="-1 -1.66800334228539e-016 -0"/>
        </f>
        <f v="20 21 13" fn="-1 -0 0">
            <n d="-1 -1.66800334228539e-016 -0"/>
            <n d="-1 -1.66800334228539e-016 -0"/>
            <n d="-1 -1.66800334228539e-016 -0"/>
        </f>
        <f v="22 4 25" fn="-1 0 0">
            <n d="-1 -1.66800334228539e-016 -0"/>
            <n d="-1 -1.66800334228539e-016 -0"/>
            <n d="-1 -1.66800334228539e-016 -0"/>
        </f>
        <f v="22 25 24" fn="-1 -0 -0">
            <n d="-1 -1.66800334228539e-016 -0"/>
            <n d="-1 -1.66800334228539e-016 -0"/>
            <n d="-1 -1.66800334228539e-016 -0"/>
        </f>
        <f v="21 22 24" fn="-1 -0 -0">
            <n d="-1 -1.66800334228539e-016 -0"/>
            <n d="-1 -1.66800334228539e-016 -0"/>
            <n d="-1 -1.66800334228539e-016 -0"/>
        </f>
        <f v="20 13 1" fn="-1 0 0">
            <n d="-1 -1.66800334228539e-016 -0"/>
            <n d="-1 -1.66800334228539e-016 -0"/>
            <n d="-1 -1.66800334228539e-016 -0"/>
        </f>
    </facets>
    <facets color="1e1e1e">
        <f v="30 24 25" fn="0 -1 0">
            <n d="2.16840434497101e-016 -1 -0"/>
            <n d="2.16840434497101e-016 -1 -0"/>
            <n d="2.16840434497101e-016 -1 -0"/>
        </f>
        <f v="35 23 24" fn="-0 -1 -0">
            <n d="2.16840434497101e-016 -1 -0"/>
            <n d="2.16840434497101e-016 -1 -0"/>
            <n d="2.16840434497101e-016 -1 -0"/>
        </f>
        <f v="35 5 23" fn="-0 -1 -0">
            <n d="2.16840434497101e-016 -1 -0"/>
            <n d="2.16840434497101e-016 -1 -0"/>
            <n d="2.16840434497101e-016 -1 -0"/>
        </f>
        <f v="36 35 24" fn="-0 -1 -0">
            <n d="2.16840434497101e-016 -1 -0"/>
            <n d="2.16840434497101e-016 -1 -0"/>
            <n d="2.16840434497101e-016 -1 -0"/>
        </f>
        <f v="33 36 24" fn="0 -1 0">
            <n d="2.16840434497101e-016 -1 -0"/>
            <n d="2.16840434497101e-016 -1 -0"/>
            <n d="2.16840434497101e-016 -1 -0"/>
        </f>
        <f v="32 37 36" fn="-0 -1 -0">
            <n d="2.16840434497101e-016 -1 -0"/>
            <n d="2.16840434497101e-016 -1 -0"/>
            <n d="2.16840434497101e-016 -1 -0"/>
        </f>
        <f v="32 7 37" fn="-0 -1 0">
            <n d="2.16840434497101e-016 -1 -0"/>
            <n d="2.16840434497101e-016 -1 -0"/>
            <n d="2.16840434497101e-016 -1 -0"/>
        </f>
        <f v="33 32 36" fn="-0 -1 0">
            <n d="2.16840434497101e-016 -1 -0"/>
            <n d="2.16840434497101e-016 -1 -0"/>
            <n d="2.16840434497101e-016 -1 -0"/>
        </f>
        <f v="30 33 24" fn="0 -1 0">
            <n d="2.16840434497101e-016 -1 -0"/>
            <n d="2.16840434497101e-016 -1 -0"/>
            <n d="2.16840434497101e-016 -1 -0"/>
        </f>
        <f v="29 30 25" fn="-0 -1 0">
            <n d="2.16840434497101e-016 -1 -0"/>
            <n d="2.16840434497101e-016 -1 -0"/>
            <n d="2.16840434497101e-016 -1 -0"/>
        </f>
        <f v="31 6 34" fn="0 -1 0">
            <n d="2.16840434497101e-016 -1 -0"/>
            <n d="2.16840434497101e-016 -1 -0"/>
            <n d="2.16840434497101e-016 -1 -0"/>
        </f>
        <f v="31 34 33" fn="-0 -1 -0">
            <n d="2.16840434497101e-016 -1 -0"/>
            <n d="2.16840434497101e-016 -1 -0"/>
            <n d="2.16840434497101e-016 -1 -0"/>
        </f>
        <f v="30 31 33" fn="-0 -1 -0">
            <n d="2.16840434497101e-016 -1 -0"/>
            <n d="2.16840434497101e-016 -1 -0"/>
            <n d="2.16840434497101e-016 -1 -0"/>
        </f>
        <f v="29 25 4" fn="0 -1 0">
            <n d="2.16840434497101e-016 -1 -0"/>
            <n d="2.16840434497101e-016 -1 -0"/>
            <n d="2.16840434497101e-016 -1 -0"/>
        </f>
    </facets>
    <facets color="1e1e1e">
        <f v="39 33 34" fn="1 0 0">
            <n d="1 1.66800334228539e-016 -0"/>
            <n d="1 1.66800334228539e-016 -0"/>
            <n d="1 1.66800334228539e-016 -0"/>
        </f>
        <f v="42 32 33" fn="1 0 0">
            <n d="1 1.66800334228539e-016 -0"/>
            <n d="1 1.66800334228539e-016 -0"/>
            <n d="1 1.66800334228539e-016 -0"/>
        </f>
        <f v="41 7 32" fn="1 0 -0">
            <n d="1 1.66800334228539e-016 -0"/>
            <n d="1 1.66800334228539e-016 -0"/>
            <n d="1 1.66800334228539e-016 -0"/>
        </f>
        <f v="42 41 32" fn="1 0 -0">
            <n d="1 1.66800334228539e-016 -0"/>
            <n d="1 1.66800334228539e-016 -0"/>
            <n d="1 1.66800334228539e-016 -0"/>
        </f>
        <f v="18 42 33" fn="1 0 0">
            <n d="1 1.66800334228539e-016 -0"/>
            <n d="1 1.66800334228539e-016 -0"/>
            <n d="1 1.66800334228539e-016 -0"/>
        </f>
        <f v="17 43 42" fn="1 -0 -0">
            <n d="1 1.66800334228539e-016 -0"/>
            <n d="1 1.66800334228539e-016 -0"/>
            <n d="1 1.66800334228539e-016 -0"/>
        </f>
        <f v="17 3 43" fn="1 -0 -0">
            <n d="1 1.66800334228539e-016 -0"/>
            <n d="1 1.66800334228539e-016 -0"/>
            <n d="1 1.66800334228539e-016 -0"/>
        </f>
        <f v="18 17 42" fn="1 -0 -0">
            <n d="1 1.66800334228539e-016 -0"/>
            <n d="1 1.66800334228539e-016 -0"/>
            <n d="1 1.66800334228539e-016 -0"/>
        </f>
        <f v="39 18 33" fn="1 0 -0">
            <n d="1 1.66800334228539e-016 -0"/>
            <n d="1 1.66800334228539e-016 -0"/>
            <n d="1 1.66800334228539e-016 -0"/>
        </f>
        <f v="38 39 34" fn="1 -0 -0">
            <n d="1 1.66800334228539e-016 -0"/>
            <n d="1 1.66800334228539e-016 -0"/>
            <n d="1 1.66800334228539e-016 -0"/>
        </f>
        <f v="40 0 19" fn="1 0 0">
            <n d="1 1.66800334228539e-016 -0"/>
            <n d="1 1.66800334228539e-016 -0"/>
            <n d="1 1.66800334228539e-016 -0"/>
        </f>
        <f v="40 19 18" fn="1 -0 -0">
            <n d="1 1.66800334228539e-016 -0"/>
            <n d="1 1.66800334228539e-016 -0"/>
            <n d="1 1.66800334228539e-016 -0"/>
        </f>
        <f v="39 40 18" fn="1 -0 -0">
            <n d="1 1.66800334228539e-016 -0"/>
            <n d="1 1.66800334228539e-016 -0"/>
            <n d="1 1.66800334228539e-016 -0"/>
        </f>
        <f v="38 34 6" fn="1 0 0">
            <n d="1 1.66800334228539e-016 -0"/>
            <n d="1 1.66800334228539e-016 -0"/>
            <n d="1 1.66800334228539e-016 -0"/>
        </f>
    </facets>
    <facets color="1e1e1e">
        <f v="10 21 20" fn="0 0 -1">
            <n d="-0 -0 -1"/>
            <n d="-0 -0 -1"/>
            <n d="-0 -0 -1"/>
        </f>
        <f v="29 4 22" fn="0 0 -1">
            <n d="-0 -0 -1"/>
            <n d="-0 -0 -1"/>
            <n d="-0 -0 -1"/>
        </f>
        <f v="29 22 21" fn="-0 -0 -1">
            <n d="-0 -0 -1"/>
            <n d="-0 -0 -1"/>
            <n d="-0 -0 -1"/>
        </f>
        <f v="30 29 21" fn="-0 -0 -1">
            <n d="-0 -0 -1"/>
            <n d="-0 -0 -1"/>
            <n d="-0 -0 -1"/>
        </f>
        <f v="39 30 21" fn="-0 0 -1">
            <n d="-0 -0 -1"/>
            <n d="-0 -0 -1"/>
            <n d="-0 -0 -1"/>
        </f>
        <f v="39 31 30" fn="0 0 -1">
            <n d="-0 -0 -1"/>
            <n d="-0 -0 -1"/>
            <n d="-0 -0 -1"/>
        </f>
        <f v="38 6 31" fn="-0 -0 -1">
            <n d="-0 -0 -1"/>
            <n d="-0 -0 -1"/>
            <n d="-0 -0 -1"/>
        </f>
        <f v="39 38 31" fn="-0 -0 -1">
            <n d="-0 -0 -1"/>
            <n d="-0 -0 -1"/>
            <n d="-0 -0 -1"/>
        </f>
        <f v="9 39 21" fn="0 -0 -1">
            <n d="-0 -0 -1"/>
            <n d="-0 -0 -1"/>
            <n d="-0 -0 -1"/>
        </f>
        <f v="8 40 39" fn="-0 -0 -1">
            <n d="-0 -0 -1"/>
            <n d="-0 -0 -1"/>
            <n d="-0 -0 -1"/>
        </f>
        <f v="8 0 40" fn="0 -0 -1">
            <n d="-0 -0 -1"/>
            <n d="-0 -0 -1"/>
            <n d="-0 -0 -1"/>
        </f>
        <f v="10 9 21" fn="0 -0 -1">
            <n d="-0 -0 -1"/>
            <n d="-0 -0 -1"/>
            <n d="-0 -0 -1"/>
        </f>
        <f v="9 8 39" fn="0 -0 -1">
            <n d="-0 -0 -1"/>
            <n d="-0 -0 -1"/>
            <n d="-0 -0 -1"/>
        </f>
        <f v="10 20 1" fn="-0 0 -1">
            <n d="-0 -0 -1"/>
            <n d="-0 -0 -1"/>
            <n d="-0 -0 -1"/>
        </f>
    </facets>
    <facets color="1e1e1e">
        <f v="42 14 15" fn="-0 -0 1">
            <n d="0 0 1"/>
            <n d="0 0 1"/>
            <n d="0 0 1"/>
        </f>
        <f v="26 16 2" fn="-0 -0 1">
            <n d="0 0 1"/>
            <n d="0 0 1"/>
            <n d="0 0 1"/>
        </f>
        <f v="27 15 16" fn="-0 -0 1">
            <n d="0 0 1"/>
            <n d="0 0 1"/>
            <n d="0 0 1"/>
        </f>
        <f v="27 16 26" fn="0 0 1">
            <n d="0 0 1"/>
            <n d="0 0 1"/>
            <n d="0 0 1"/>
        </f>
        <f v="36 15 27" fn="-0 -0 1">
            <n d="0 0 1"/>
            <n d="0 0 1"/>
            <n d="0 0 1"/>
        </f>
        <f v="35 27 28" fn="0 0 1">
            <n d="0 0 1"/>
            <n d="0 0 1"/>
            <n d="0 0 1"/>
        </f>
        <f v="35 28 5" fn="0 0 1">
            <n d="0 0 1"/>
            <n d="0 0 1"/>
            <n d="0 0 1"/>
        </f>
        <f v="36 27 35" fn="0 0 1">
            <n d="0 0 1"/>
            <n d="0 0 1"/>
            <n d="0 0 1"/>
        </f>
        <f v="42 15 36" fn="0 -0 1">
            <n d="0 0 1"/>
            <n d="0 0 1"/>
            <n d="0 0 1"/>
        </f>
        <f v="43 14 42" fn="0 0 1">
            <n d="0 0 1"/>
            <n d="0 0 1"/>
            <n d="0 0 1"/>
        </f>
        <f v="41 37 7" fn="-0 0 1">
            <n d="0 0 1"/>
            <n d="0 0 1"/>
            <n d="0 0 1"/>
        </f>
        <f v="42 36 37" fn="-0 -0 1">
            <n d="0 0 1"/>
            <n d="0 0 1"/>
            <n d="0 0 1"/>
        </f>
        <f v="42 37 41" fn="0 0 1">
            <n d="0 0 1"/>
            <n d="0 0 1"/>
            <n d="0 0 1"/>
        </f>
        <f v="43 3 14" fn="-0 -0 1">
            <n d="0 0 1"/>
            <n d="0 0 1"/>
            <n d="0 0 1"/>
        </f>
    </facets>
</shell>
<shell id="id80">
    <verts>
        <v p="-1 0 0.5"/>
        <v p="-1 0 -0.5"/>
        <v p="-1 -0.6 -0.5"/>
        <v p="-1 -0.6 0.5"/>
        <v p="1 0 -0.5"/>
        <v p="1 -0.6 -0.5"/>
        <v p="1 0 0.5"/>
        <v p="1 -0.6 0.5"/>
        <v p="-1 0 0.25"/>
        <v p="-1 0 0"/>
        <v p="-1 0 -0.25"/>
        <v p="-1 -0.45 -0.5"/>
        <v p="-1 -0.3 -0.5"/>
        <v p="-1 -0.15 -0.5"/>
        <v p="-1 -0.6 0.25"/>
        <v p="-1 -0.6 0"/>
        <v p="-1 -0.6 -0.25"/>
        <v p="-1 -0.45 0.5"/>
        <v p="-1 -0.3 0.5"/>
        <v p="-1 -0.15 0.5"/>
        <v p="-0.5 0 -0.5"/>
        <v p="0 0 -0.5"/>
        <v p="0.5 0 -0.5"/>
        <v p="1 -0.45 -0.5"/>
        <v p="1 -0.3 -0.5"/>
        <v p="1 -0.15 -0.5"/>
        <v p="-0.5 -0.6 -0.5"/>
        <v p="0 -0.6 -0.5"/>
        <v p="0.5 -0.6 -0.5"/>
        <v p="1 0 -0.25"/>
        <v p="1 0 0"/>
        <v p="1 0 0.25"/>
        <v p="1 -0.45 0.5"/>
        <v p="1 -0.3 0.5"/>
        <v p="1 -0.15 0.5"/>
        <v p="1 -0.6 -0.25"/>
        <v p="1 -0.6 0"/>
        <v p="1 -0.6 0.25"/>
        <v p="0.5 0 0.5"/>
        <v p="0 0 0.5"/>
        <v p="-0.5 0 0.5"/>
        <v p="0.5 -0.6 0.5"/>
        <v p="0 -0.6 0.5"/>
        <v p="-0.5 -0.6 0.5"/>
    </verts>
    <facets color="b2b2b2">
        <f v="9 18 19" fn="-1 0 0">
            <n d="-1 -0 -0"/>
            <n d="-1 -0 -0"/>
            <n d="-1 -0 -0"/>
        </f>
        <f v="14 3 17" fn="-1 0 0">
            <n d="-1 -0 -0"/>
            <n d="-1 -0 -0"/>
            <n d="-1 -0 -0"/>
        </f>
        <f v="15 17 18" fn="-1 0 0">
            <n d="-1 -0 -0"/>
            <n d="-1 -0 -0"/>
            <n d="-1 -0 -0"/>
        </f>
        <f v="15 14 17" fn="-1 -0 -0">
            <n d="-1 -0 -0"/>
            <n d="-1 -0 -0"/>
            <n d="-1 -0 -0"/>
        </f>
        <f v="12 15 18" fn="-1 0 0">
            <n d="-1 -0 -0"/>
            <n d="-1 -0 -0"/>
            <n d="-1 -0 -0"/>
        </f>
        <f v="11 16 15" fn="-1 -0 -0">
            <n d="-1 -0 -0"/>
            <n d="-1 -0 -0"/>
            <n d="-1 -0 -0"/>
        </f>
        <f v="11 2 16" fn="-1 -0 -0">
            <n d="-1 -0 -0"/>
            <n d="-1 -0 -0"/>
            <n d="-1 -0 -0"/>
        </f>
        <f v="12 11 15" fn="-1 -0 -0">
            <n d="-1 -0 -0"/>
            <n d="-1 -0 -0"/>
            <n d="-1 -0 -0"/>
        </f>
        <f v="9 12 18" fn="-1 -0 0">
            <n d="-1 -0 -0"/>
            <n d="-1 -0 -0"/>
            <n d="-1 -0 -0"/>
        </f>
        <f v="10 13 12" fn="-1 -0 -0">
            <n d="-1 -0 -0"/>
            <n d="-1 -0 -0"/>
            <n d="-1 -0 -0"/>
        </f>
        <f v="10 1 13" fn="-1 -0 -0">
            <n d="-1 -0 -0"/>
            <n d="-1 -0 -0"/>
            <n d="-1 -0 -0"/>
        </f>
        <f v="8 9 19" fn="-1 -0 -0">
            <n d="-1 -0 -0"/>
            <n d="-1 -0 -0"/>
            <n d="-1 -0 -0"/>
        </f>
        <f v="9 10 12" fn="-1 -0 -0">
            <n d="-1 -0 -0"/>
            <n d="-1 -0 -0"/>
            <n d="-1 -0 -0"/>
        </f>
        <f v="8 19 0" fn="-1 0 0">
            <n d="-1 -0 -0"/>
            <n d="-1 -0 -0"/>
            <n d="-1 -0 -0"/>
        </f>
    </facets>
    <facets color="b2b2b2">
        <f v="21 12 13" fn="0 0 -1">
            <n d="1.0842021724855e-016 -0 -1"/>
            <n d="1.0842021724855e-016 -0 -1"/>
            <n d="1.0842021724855e-016 -0 -1"/>
        </f>
        <f v="26 2 11" fn="0 0 -1">
            <n d="1.0842021724855e-016 -0 -1"/>
            <n d="1.0842021724855e-016 -0 -1"/>
            <n d="1.0842021724855e-016 -0 -1"/>
        </f>
        <f v="27 11 12" fn="0 0 -1">
            <n d="1.0842021724855e-016 -0 -1"/>
            <n d="1.0842021724855e-016 -0 -1"/>
            <n d="1.0842021724855e-016 -0 -1"/>
        </f>
        <f v="27 26 11" fn="-0 -0 -1">
            <n d="1.0842021724855e-016 -0 -1"/>
            <n d="1.0842021724855e-016 -0 -1"/>
            <n d="1.0842021724855e-016 -0 -1"/>
        </f>
        <f v="24 27 12" fn="-0 0 -1">
            <n d="1.0842021724855e-016 -0 -1"/>
            <n d="1.0842021724855e-016 -0 -1"/>
            <n d="1.0842021724855e-016 -0 -1"/>
        </f>
        <f v="23 28 27" fn="-0 -0 -1">
            <n d="1.0842021724855e-016 -0 -1"/>
            <n d="1.0842021724855e-016 -0 -1"/>
            <n d="1.0842021724855e-016 -0 -1"/>
        </f>
        <f v="23 5 28" fn="-0 -0 -1">
            <n d="1.0842021724855e-016 -0 -1"/>
            <n d="1.0842021724855e-016 -0 -1"/>
            <n d="1.0842021724855e-016 -0 -1"/>
        </f>
        <f v="24 23 27" fn="-0 -0 -1">
            <n d="1.0842021724855e-016 -0 -1"/>
            <n d="1.0842021724855e-016 -0 -1"/>
            <n d="1.0842021724855e-016 -0 -1"/>
        </f>
        <f v="21 24 12" fn="0 -0 -1">
            <n d="1.0842021724855e-016 -0 -1"/>
            <n d="1.0842021724855e-016 -0 -1"/>
            <n d="1.0842021724855e-016 -0 -1"/>
        </f>
        <f v="22 25 24" fn="-0 -0 -1">
            <n d="1.0842021724855e-016 -0 -1"/>
            <n d="1.0842021724855e-016 -0 -1"/>
            <n d="1.0842021724855e-016 -0 -1"/>
        </f>
        <f v="22 4 25" fn="0 -0 -1">
            <n d="1.0842021724855e-016 -0 -1"/>
            <n d="1.0842021724855e-016 -0 -1"/>
            <n d="1.0842021724855e-016 -0 -1"/>
        </f>
        <f v="20 21 13" fn="0 -0 -1">
            <n d="1.0842021724855e-016 -0 -1"/>
            <n d="1.0842021724855e-016 -0 -1"/>
            <n d="1.0842021724855e-016 -0 -1"/>
        </f>
        <f v="21 22 24" fn="0 -0 -1">
            <n d="1.0842021724855e-016 -0 -1"/>
            <n d="1.0842021724855e-016 -0 -1"/>
            <n d="1.0842021724855e-016 -0 -1"/>
        </f>
        <f v="20 13 1" fn="-0 0 -1">
            <n d="1.0842021724855e-016 -0 -1"/>
            <n d="1.0842021724855e-016 -0 -1"/>
            <n d="1.0842021724855e-016 -0 -1"/>
        </f>
    </facets>
    <facets color="b2b2b2">
        <f v="30 24 25" fn="1 0 0">
            <n d="1 -0 -0"/>
            <n d="1 -0 -0"/>
            <n d="1 -0 -0"/>
        </f>
        <f v="35 5 23" fn="1 0 0">
            <n d="1 -0 -0"/>
            <n d="1 -0 -0"/>
            <n d="1 -0 -0"/>
        </f>
        <f v="36 23 24" fn="1 0 0">
            <n d="1 -0 -0"/>
            <n d="1 -0 -0"/>
            <n d="1 -0 -0"/>
        </f>
        <f v="36 35 23" fn="1 -0 -0">
            <n d="1 -0 -0"/>
            <n d="1 -0 -0"/>
            <n d="1 -0 -0"/>
        </f>
        <f v="33 36 24" fn="1 0 0">
            <n d="1 -0 -0"/>
            <n d="1 -0 -0"/>
            <n d="1 -0 -0"/>
        </f>
        <f v="32 37 36" fn="1 -0 -0">
            <n d="1 -0 -0"/>
            <n d="1 -0 -0"/>
            <n d="1 -0 -0"/>
        </f>
        <f v="32 7 37" fn="1 0 -0">
            <n d="1 -0 -0"/>
            <n d="1 -0 -0"/>
            <n d="1 -0 -0"/>
        </f>
        <f v="33 32 36" fn="1 0 -0">
            <n d="1 -0 -0"/>
            <n d="1 -0 -0"/>
            <n d="1 -0 -0"/>
        </f>
        <f v="30 33 24" fn="1 0 0">
            <n d="1 -0 -0"/>
            <n d="1 -0 -0"/>
            <n d="1 -0 -0"/>
        </f>
        <f v="31 34 33" fn="1 -0 -0">
            <n d="1 -0 -0"/>
            <n d="1 -0 -0"/>
            <n d="1 -0 -0"/>
        </f>
        <f v="31 6 34" fn="1 -0 -0">
            <n d="1 -0 -0"/>
            <n d="1 -0 -0"/>
            <n d="1 -0 -0"/>
        </f>
        <f v="29 30 25" fn="1 0 -0">
            <n d="1 -0 -0"/>
            <n d="1 -0 -0"/>
            <n d="1 -0 -0"/>
        </f>
        <f v="30 31 33" fn="1 -0 -0">
            <n d="1 -0 -0"/>
            <n d="1 -0 -0"/>
            <n d="1 -0 -0"/>
        </f>
        <f v="29 25 4" fn="1 0 0">
            <n d="1 -0 -0"/>
            <n d="1 -0 -0"/>
            <n d="1 -0 -0"/>
        </f>
    </facets>
    <facets color="b2b2b2">
        <f v="39 33 34" fn="0 0 1">
            <n d="1.0842021724855e-016 -0 1"/>
            <n d="1.0842021724855e-016 -0 1"/>
            <n d="1.0842021724855e-016 -0 1"/>
        </f>
        <f v="41 7 32" fn="0 0 1">
            <n d="1.0842021724855e-016 -0 1"/>
            <n d="1.0842021724855e-016 -0 1"/>
            <n d="1.0842021724855e-016 -0 1"/>
        </f>
        <f v="42 32 33" fn="0 0 1">
            <n d="1.0842021724855e-016 -0 1"/>
            <n d="1.0842021724855e-016 -0 1"/>
            <n d="1.0842021724855e-016 -0 1"/>
        </f>
        <f v="42 41 32" fn="-0 -0 1">
            <n d="1.0842021724855e-016 -0 1"/>
            <n d="1.0842021724855e-016 -0 1"/>
            <n d="1.0842021724855e-016 -0 1"/>
        </f>
        <f v="18 42 33" fn="-0 0 1">
            <n d="1.0842021724855e-016 -0 1"/>
            <n d="1.0842021724855e-016 -0 1"/>
            <n d="1.0842021724855e-016 -0 1"/>
        </f>
        <f v="17 43 42" fn="-0 -0 1">
            <n d="1.0842021724855e-016 -0 1"/>
            <n d="1.0842021724855e-016 -0 1"/>
            <n d="1.0842021724855e-016 -0 1"/>
        </f>
        <f v="17 3 43" fn="-0 -0 1">
            <n d="1.0842021724855e-016 -0 1"/>
            <n d="1.0842021724855e-016 -0 1"/>
            <n d="1.0842021724855e-016 -0 1"/>
        </f>
        <f v="18 17 42" fn="-0 -0 1">
            <n d="1.0842021724855e-016 -0 1"/>
            <n d="1.0842021724855e-016 -0 1"/>
            <n d="1.0842021724855e-016 -0 1"/>
        </f>
        <f v="39 18 33" fn="0 0 1">
            <n d="1.0842021724855e-016 -0 1"/>
            <n d="1.0842021724855e-016 -0 1"/>
            <n d="1.0842021724855e-016 -0 1"/>
        </f>
        <f v="40 19 18" fn="-0 -0 1">
            <n d="1.0842021724855e-016 -0 1"/>
            <n d="1.0842021724855e-016 -0 1"/>
            <n d="1.0842021724855e-016 -0 1"/>
        </f>
        <f v="40 0 19" fn="0 -0 1">
            <n d="1.0842021724855e-016 -0 1"/>
            <n d="1.0842021724855e-016 -0 1"/>
            <n d="1.0842021724855e-016 -0 1"/>
        </f>
        <f v="38 39 34" fn="0 0 1">
            <n d="1.0842021724855e-016 -0 1"/>
            <n d="1.0842021724855e-016 -0 1"/>
            <n d="1.0842021724855e-016 -0 1"/>
        </f>
        <f v="39 40 18" fn="0 -0 1">
            <n d="1.0842021724855e-016 -0 1"/>
            <n d="1.0842021724855e-016 -0 1"/>
            <n d="1.0842021724855e-016 -0 1"/>
        </f>
        <f v="38 34 6" fn="-0 0 1">
            <n d="1.0842021724855e-016 -0 1"/>
            <n d="1.0842021724855e-016 -0 1"/>
            <n d="1.0842021724855e-016 -0 1"/>
        </f>
    </facets>
    <facets color="b2b2b2">
        <f v="9 21 20" fn="0 1 0">
            <n d="-0 1 -0"/>
            <n d="-0 1 -0"/>
            <n d="-0 1 -0"/>
        </f>
        <f v="29 22 21" fn="-0 1 -0">
            <n d="-0 1 -0"/>
            <n d="-0 1 -0"/>
            <n d="-0 1 -0"/>
        </f>
        <f v="29 4 22" fn="-0 1 0">
            <n d="-0 1 -0"/>
            <n d="-0 1 -0"/>
            <n d="-0 1 -0"/>
        </f>
        <f v="30 29 21" fn="-0 1 0">
            <n d="-0 1 -0"/>
            <n d="-0 1 -0"/>
            <n d="-0 1 -0"/>
        </f>
        <f v="39 30 21" fn="0 1 0">
            <n d="-0 1 -0"/>
            <n d="-0 1 -0"/>
            <n d="-0 1 -0"/>
        </f>
        <f v="38 31 30" fn="-0 1 -0">
            <n d="-0 1 -0"/>
            <n d="-0 1 -0"/>
            <n d="-0 1 -0"/>
        </f>
        <f v="38 6 31" fn="-0 1 -0">
            <n d="-0 1 -0"/>
            <n d="-0 1 -0"/>
            <n d="-0 1 -0"/>
        </f>
        <f v="39 38 30" fn="-0 1 -0">
            <n d="-0 1 -0"/>
            <n d="-0 1 -0"/>
            <n d="-0 1 -0"/>
        </f>
        <f v="9 39 21" fn="-0 1 0">
            <n d="-0 1 -0"/>
            <n d="-0 1 -0"/>
            <n d="-0 1 -0"/>
        </f>
        <f v="10 9 20" fn="-0 1 -0">
            <n d="-0 1 -0"/>
            <n d="-0 1 -0"/>
            <n d="-0 1 -0"/>
        </f>
        <f v="8 0 40" fn="0 1 0">
            <n d="-0 1 -0"/>
            <n d="-0 1 -0"/>
            <n d="-0 1 -0"/>
        </f>
        <f v="8 40 39" fn="-0 1 -0">
            <n d="-0 1 -0"/>
            <n d="-0 1 -0"/>
            <n d="-0 1 -0"/>
        </f>
        <f v="9 8 39" fn="-0 1 -0">
            <n d="-0 1 -0"/>
            <n d="-0 1 -0"/>
            <n d="-0 1 -0"/>
        </f>
        <f v="10 20 1" fn="0 1 0">
            <n d="-0 1 -0"/>
            <n d="-0 1 -0"/>
            <n d="-0 1 -0"/>
        </f>
    </facets>
    <facets color="b2b2b2">
        <f v="42 14 15" fn="-0 -1 -0">
            <n d="0 -1 0"/>
            <n d="0 -1 0"/>
            <n d="0 -1 0"/>
        </f>
        <f v="26 15 16" fn="0 -1 0">
            <n d="0 -1 0"/>
            <n d="0 -1 0"/>
            <n d="0 -1 0"/>
        </f>
        <f v="26 16 2" fn="0 -1 0">
            <n d="0 -1 0"/>
            <n d="0 -1 0"/>
            <n d="0 -1 0"/>
        </f>
        <f v="27 15 26" fn="0 -1 0">
            <n d="0 -1 0"/>
            <n d="0 -1 0"/>
            <n d="0 -1 0"/>
        </f>
        <f v="36 15 27" fn="-0 -1 -0">
            <n d="0 -1 0"/>
            <n d="0 -1 0"/>
            <n d="0 -1 0"/>
        </f>
        <f v="35 27 28" fn="0 -1 0">
            <n d="0 -1 0"/>
            <n d="0 -1 0"/>
            <n d="0 -1 0"/>
        </f>
        <f v="35 28 5" fn="0 -1 -0">
            <n d="0 -1 0"/>
            <n d="0 -1 0"/>
            <n d="0 -1 0"/>
        </f>
        <f v="36 27 35" fn="0 -1 -0">
            <n d="0 -1 0"/>
            <n d="0 -1 0"/>
            <n d="0 -1 0"/>
        </f>
        <f v="42 15 36" fn="-0 -1 -0">
            <n d="0 -1 0"/>
            <n d="0 -1 0"/>
            <n d="0 -1 0"/>
        </f>
        <f v="41 36 37" fn="0 -1 0">
            <n d="0 -1 0"/>
            <n d="0 -1 0"/>
            <n d="0 -1 0"/>
        </f>
        <f v="41 37 7" fn="0 -1 0">
            <n d="0 -1 0"/>
            <n d="0 -1 0"/>
            <n d="0 -1 0"/>
        </f>
        <f v="43 14 42" fn="0 -1 -0">
            <n d="0 -1 0"/>
            <n d="0 -1 0"/>
            <n d="0 -1 0"/>
        </f>
        <f v="42 36 41" fn="0 -1 0">
            <n d="0 -1 0"/>
            <n d="0 -1 0"/>
            <n d="0 -1 0"/>
        </f>
        <f v="43 3 14" fn="-0 -1 -0">
            <n d="0 -1 0"/>
            <n d="0 -1 0"/>
            <n d="0 -1 0"/>
        </f>
    </facets>
</shell>
</step-assembly>
