<?xml version="1.0" encoding="UTF-8" ?>
<step-assembly root="id536">
<product id="id536" name="0201.par" shape="id339" children="id538 id537"/>
<product id="id538" name="Body" shape="id340"/>
<product id="id537" name="Pins" shape="id338"/>
<shape id="id339" unit="mm 0.001000">
    <child ref="id338" xform="1 0 0 0 0 1 0 0 0 0 1 0 0 0 0 1"/>
    <child ref="id340" xform="-5.42101e-016 -2.43938e-016 1 0 -1.3285e-031 1 2.43938e-016 0 -1 -6.10287e-034 -5.42101e-016 0 0.15 -1.06913e-016 -2.78745e-016 1"/>
</shape>
<shape id="id338" unit="mm 0.001000">
    <child ref="id29" xform="1 0 0 0 0 1 0 0 0 0 1 0 0 0 0 1"/>
</shape>
<shape id="id29" unit="mm 0.001000" shell="id332 id333"/>
<shape id="id340" unit="mm 0.001000">
    <child ref="id30" xform="1 0 0 0 0 1 0 0 0 0 1 0 0 0 0 1"/>
</shape>
<shape id="id30" unit="mm 0.001000" shell="id334"/>
<shell id="id332" color="b2b2b2">
    <verts>
        <v p="-0.3 0.15 -0.15"/>
        <v p="-0.15 0.15 -0.15"/>
        <v p="-0.15 -0.15 -0.15"/>
        <v p="-0.3 -0.15 -0.15"/>
        <v p="-0.15 0.15 0.15"/>
        <v p="-0.15 -0.15 0.15"/>
        <v p="-0.3 0.15 0.15"/>
        <v p="-0.3 -0.15 0.15"/>
        <v p="-0.2625 0.15 -0.15"/>
        <v p="-0.225 0.15 -0.15"/>
        <v p="-0.1875 0.15 -0.15"/>
        <v p="-0.15 -0.075 -0.15"/>
        <v p="-0.15 0 -0.15"/>
        <v p="-0.15 0.075 -0.15"/>
        <v p="-0.2625 -0.15 -0.15"/>
        <v p="-0.225 -0.15 -0.15"/>
        <v p="-0.1875 -0.15 -0.15"/>
        <v p="-0.3 -0.075 -0.15"/>
        <v p="-0.3 0 -0.15"/>
        <v p="-0.3 0.075 -0.15"/>
        <v p="-0.15 0.15 -0.075"/>
        <v p="-0.15 0.15 0"/>
        <v p="-0.15 0.15 0.075"/>
        <v p="-0.15 -0.075 0.15"/>
        <v p="-0.15 0 0.15"/>
        <v p="-0.15 0.075 0.15"/>
        <v p="-0.15 -0.15 -0.075"/>
        <v p="-0.15 -0.15 0"/>
        <v p="-0.15 -0.15 0.075"/>
        <v p="-0.1875 0.15 0.15"/>
        <v p="-0.225 0.15 0.15"/>
        <v p="-0.2625 0.15 0.15"/>
        <v p="-0.3 -0.075 0.15"/>
        <v p="-0.3 0 0.15"/>
        <v p="-0.3 0.075 0.15"/>
        <v p="-0.1875 -0.15 0.15"/>
        <v p="-0.225 -0.15 0.15"/>
        <v p="-0.2625 -0.15 0.15"/>
        <v p="-0.3 0.15 0.075"/>
        <v p="-0.3 0.15 0"/>
        <v p="-0.3 0.15 -0.075"/>
        <v p="-0.3 -0.15 0.075"/>
        <v p="-0.3 -0.15 0"/>
        <v p="-0.3 -0.15 -0.075"/>
    </verts>
    <facets color="b2b2b2">
        <f v="8 18 19" fn="0 0 -1">
            <n d="5.42101086242752e-016 -0 -1"/>
            <n d="5.42101086242752e-016 -0 -1"/>
            <n d="5.42101086242752e-016 -0 -1"/>
        </f>
        <f v="14 3 17" fn="0 0 -1">
            <n d="5.42101086242752e-016 -0 -1"/>
            <n d="5.42101086242752e-016 -0 -1"/>
            <n d="5.42101086242752e-016 -0 -1"/>
        </f>
        <f v="14 17 18" fn="-0 -0 -1">
            <n d="5.42101086242752e-016 -0 -1"/>
            <n d="5.42101086242752e-016 -0 -1"/>
            <n d="5.42101086242752e-016 -0 -1"/>
        </f>
        <f v="15 14 18" fn="-0 -0 -1">
            <n d="5.42101086242752e-016 -0 -1"/>
            <n d="5.42101086242752e-016 -0 -1"/>
            <n d="5.42101086242752e-016 -0 -1"/>
        </f>
        <f v="12 15 18" fn="-0 0 -1">
            <n d="5.42101086242752e-016 -0 -1"/>
            <n d="5.42101086242752e-016 -0 -1"/>
            <n d="5.42101086242752e-016 -0 -1"/>
        </f>
        <f v="11 16 15" fn="-0 -0 -1">
            <n d="5.42101086242752e-016 -0 -1"/>
            <n d="5.42101086242752e-016 -0 -1"/>
            <n d="5.42101086242752e-016 -0 -1"/>
        </f>
        <f v="11 2 16" fn="-0 -0 -1">
            <n d="5.42101086242752e-016 -0 -1"/>
            <n d="5.42101086242752e-016 -0 -1"/>
            <n d="5.42101086242752e-016 -0 -1"/>
        </f>
        <f v="12 11 15" fn="-0 -0 -1">
            <n d="5.42101086242752e-016 -0 -1"/>
            <n d="5.42101086242752e-016 -0 -1"/>
            <n d="5.42101086242752e-016 -0 -1"/>
        </f>
        <f v="9 12 18" fn="0 -0 -1">
            <n d="5.42101086242752e-016 -0 -1"/>
            <n d="5.42101086242752e-016 -0 -1"/>
            <n d="5.42101086242752e-016 -0 -1"/>
        </f>
        <f v="9 13 12" fn="0 0 -1">
            <n d="5.42101086242752e-016 -0 -1"/>
            <n d="5.42101086242752e-016 -0 -1"/>
            <n d="5.42101086242752e-016 -0 -1"/>
        </f>
        <f v="10 1 13" fn="0 -0 -1">
            <n d="5.42101086242752e-016 -0 -1"/>
            <n d="5.42101086242752e-016 -0 -1"/>
            <n d="5.42101086242752e-016 -0 -1"/>
        </f>
        <f v="8 9 18" fn="0 -0 -1">
            <n d="5.42101086242752e-016 -0 -1"/>
            <n d="5.42101086242752e-016 -0 -1"/>
            <n d="5.42101086242752e-016 -0 -1"/>
        </f>
        <f v="9 10 13" fn="0 -0 -1">
            <n d="5.42101086242752e-016 -0 -1"/>
            <n d="5.42101086242752e-016 -0 -1"/>
            <n d="5.42101086242752e-016 -0 -1"/>
        </f>
        <f v="8 19 0" fn="-0 0 -1">
            <n d="5.42101086242752e-016 -0 -1"/>
            <n d="5.42101086242752e-016 -0 -1"/>
            <n d="5.42101086242752e-016 -0 -1"/>
        </f>
    </facets>
    <facets color="b2b2b2">
        <f v="21 12 13" fn="1 0 0">
            <n d="1 -0 -0"/>
            <n d="1 -0 -0"/>
            <n d="1 -0 -0"/>
        </f>
        <f v="26 2 11" fn="1 0 0">
            <n d="1 -0 -0"/>
            <n d="1 -0 -0"/>
            <n d="1 -0 -0"/>
        </f>
        <f v="26 11 12" fn="1 -0 -0">
            <n d="1 -0 -0"/>
            <n d="1 -0 -0"/>
            <n d="1 -0 -0"/>
        </f>
        <f v="27 26 12" fn="1 -0 -0">
            <n d="1 -0 -0"/>
            <n d="1 -0 -0"/>
            <n d="1 -0 -0"/>
        </f>
        <f v="24 27 12" fn="1 0 0">
            <n d="1 -0 -0"/>
            <n d="1 -0 -0"/>
            <n d="1 -0 -0"/>
        </f>
        <f v="23 28 27" fn="1 -0 -0">
            <n d="1 -0 -0"/>
            <n d="1 -0 -0"/>
            <n d="1 -0 -0"/>
        </f>
        <f v="23 5 28" fn="1 0 -0">
            <n d="1 -0 -0"/>
            <n d="1 -0 -0"/>
            <n d="1 -0 -0"/>
        </f>
        <f v="24 23 27" fn="1 0 -0">
            <n d="1 -0 -0"/>
            <n d="1 -0 -0"/>
            <n d="1 -0 -0"/>
        </f>
        <f v="21 24 12" fn="1 0 0">
            <n d="1 -0 -0"/>
            <n d="1 -0 -0"/>
            <n d="1 -0 -0"/>
        </f>
        <f v="22 25 24" fn="1 -0 -0">
            <n d="1 -0 -0"/>
            <n d="1 -0 -0"/>
            <n d="1 -0 -0"/>
        </f>
        <f v="22 4 25" fn="1 -0 -0">
            <n d="1 -0 -0"/>
            <n d="1 -0 -0"/>
            <n d="1 -0 -0"/>
        </f>
        <f v="20 21 13" fn="1 0 -0">
            <n d="1 -0 -0"/>
            <n d="1 -0 -0"/>
            <n d="1 -0 -0"/>
        </f>
        <f v="21 22 24" fn="1 -0 -0">
            <n d="1 -0 -0"/>
            <n d="1 -0 -0"/>
            <n d="1 -0 -0"/>
        </f>
        <f v="20 13 1" fn="1 0 0">
            <n d="1 -0 -0"/>
            <n d="1 -0 -0"/>
            <n d="1 -0 -0"/>
        </f>
    </facets>
    <facets color="b2b2b2">
        <f v="30 24 25" fn="0 0 1">
            <n d="-5.42101086242752e-016 -0 1"/>
            <n d="-5.42101086242752e-016 -0 1"/>
            <n d="-5.42101086242752e-016 -0 1"/>
        </f>
        <f v="35 5 23" fn="0 0 1">
            <n d="-5.42101086242752e-016 -0 1"/>
            <n d="-5.42101086242752e-016 -0 1"/>
            <n d="-5.42101086242752e-016 -0 1"/>
        </f>
        <f v="36 23 24" fn="0 0 1">
            <n d="-5.42101086242752e-016 -0 1"/>
            <n d="-5.42101086242752e-016 -0 1"/>
            <n d="-5.42101086242752e-016 -0 1"/>
        </f>
        <f v="36 35 23" fn="-0 -0 1">
            <n d="-5.42101086242752e-016 -0 1"/>
            <n d="-5.42101086242752e-016 -0 1"/>
            <n d="-5.42101086242752e-016 -0 1"/>
        </f>
        <f v="33 36 24" fn="-0 0 1">
            <n d="-5.42101086242752e-016 -0 1"/>
            <n d="-5.42101086242752e-016 -0 1"/>
            <n d="-5.42101086242752e-016 -0 1"/>
        </f>
        <f v="33 37 36" fn="0 0 1">
            <n d="-5.42101086242752e-016 -0 1"/>
            <n d="-5.42101086242752e-016 -0 1"/>
            <n d="-5.42101086242752e-016 -0 1"/>
        </f>
        <f v="32 7 37" fn="-0 -0 1">
            <n d="-5.42101086242752e-016 -0 1"/>
            <n d="-5.42101086242752e-016 -0 1"/>
            <n d="-5.42101086242752e-016 -0 1"/>
        </f>
        <f v="33 32 37" fn="-0 -0 1">
            <n d="-5.42101086242752e-016 -0 1"/>
            <n d="-5.42101086242752e-016 -0 1"/>
            <n d="-5.42101086242752e-016 -0 1"/>
        </f>
        <f v="30 33 24" fn="0 0 1">
            <n d="-5.42101086242752e-016 -0 1"/>
            <n d="-5.42101086242752e-016 -0 1"/>
            <n d="-5.42101086242752e-016 -0 1"/>
        </f>
        <f v="31 34 33" fn="-0 -0 1">
            <n d="-5.42101086242752e-016 -0 1"/>
            <n d="-5.42101086242752e-016 -0 1"/>
            <n d="-5.42101086242752e-016 -0 1"/>
        </f>
        <f v="31 6 34" fn="0 -0 1">
            <n d="-5.42101086242752e-016 -0 1"/>
            <n d="-5.42101086242752e-016 -0 1"/>
            <n d="-5.42101086242752e-016 -0 1"/>
        </f>
        <f v="29 30 25" fn="0 0 1">
            <n d="-5.42101086242752e-016 -0 1"/>
            <n d="-5.42101086242752e-016 -0 1"/>
            <n d="-5.42101086242752e-016 -0 1"/>
        </f>
        <f v="30 31 33" fn="0 -0 1">
            <n d="-5.42101086242752e-016 -0 1"/>
            <n d="-5.42101086242752e-016 -0 1"/>
            <n d="-5.42101086242752e-016 -0 1"/>
        </f>
        <f v="29 25 4" fn="-0 0 1">
            <n d="-5.42101086242752e-016 -0 1"/>
            <n d="-5.42101086242752e-016 -0 1"/>
            <n d="-5.42101086242752e-016 -0 1"/>
        </f>
    </facets>
    <facets color="b2b2b2">
        <f v="39 33 34" fn="-1 0 0">
            <n d="-1 -0 -0"/>
            <n d="-1 -0 -0"/>
            <n d="-1 -0 -0"/>
        </f>
        <f v="41 7 32" fn="-1 0 0">
            <n d="-1 -0 -0"/>
            <n d="-1 -0 -0"/>
            <n d="-1 -0 -0"/>
        </f>
        <f v="41 32 33" fn="-1 -0 -0">
            <n d="-1 -0 -0"/>
            <n d="-1 -0 -0"/>
            <n d="-1 -0 -0"/>
        </f>
        <f v="42 41 33" fn="-1 -0 -0">
            <n d="-1 -0 -0"/>
            <n d="-1 -0 -0"/>
            <n d="-1 -0 -0"/>
        </f>
        <f v="18 42 33" fn="-1 0 0">
            <n d="-1 -0 -0"/>
            <n d="-1 -0 -0"/>
            <n d="-1 -0 -0"/>
        </f>
        <f v="17 43 42" fn="-1 -0 -0">
            <n d="-1 -0 -0"/>
            <n d="-1 -0 -0"/>
            <n d="-1 -0 -0"/>
        </f>
        <f v="17 3 43" fn="-1 -0 -0">
            <n d="-1 -0 -0"/>
            <n d="-1 -0 -0"/>
            <n d="-1 -0 -0"/>
        </f>
        <f v="18 17 42" fn="-1 -0 -0">
            <n d="-1 -0 -0"/>
            <n d="-1 -0 -0"/>
            <n d="-1 -0 -0"/>
        </f>
        <f v="39 18 33" fn="-1 -0 0">
            <n d="-1 -0 -0"/>
            <n d="-1 -0 -0"/>
            <n d="-1 -0 -0"/>
        </f>
        <f v="40 19 18" fn="-1 -0 -0">
            <n d="-1 -0 -0"/>
            <n d="-1 -0 -0"/>
            <n d="-1 -0 -0"/>
        </f>
        <f v="40 0 19" fn="-1 -0 -0">
            <n d="-1 -0 -0"/>
            <n d="-1 -0 -0"/>
            <n d="-1 -0 -0"/>
        </f>
        <f v="38 39 34" fn="-1 -0 -0">
            <n d="-1 -0 -0"/>
            <n d="-1 -0 -0"/>
            <n d="-1 -0 -0"/>
        </f>
        <f v="39 40 18" fn="-1 -0 -0">
            <n d="-1 -0 -0"/>
            <n d="-1 -0 -0"/>
            <n d="-1 -0 -0"/>
        </f>
        <f v="38 34 6" fn="-1 0 0">
            <n d="-1 -0 -0"/>
            <n d="-1 -0 -0"/>
            <n d="-1 -0 -0"/>
        </f>
    </facets>
    <facets color="b2b2b2">
        <f v="42 14 15" fn="-0 -1 -0">
            <n d="0 -1 0"/>
            <n d="0 -1 0"/>
            <n d="0 -1 0"/>
        </f>
        <f v="26 15 16" fn="0 -1 0">
            <n d="0 -1 0"/>
            <n d="0 -1 0"/>
            <n d="0 -1 0"/>
        </f>
        <f v="26 16 2" fn="0 -1 -0">
            <n d="0 -1 0"/>
            <n d="0 -1 0"/>
            <n d="0 -1 0"/>
        </f>
        <f v="27 15 26" fn="0 -1 -0">
            <n d="0 -1 0"/>
            <n d="0 -1 0"/>
            <n d="0 -1 0"/>
        </f>
        <f v="36 15 27" fn="-0 -1 -0">
            <n d="0 -1 0"/>
            <n d="0 -1 0"/>
            <n d="0 -1 0"/>
        </f>
        <f v="36 27 28" fn="-0 -1 -0">
            <n d="0 -1 0"/>
            <n d="0 -1 0"/>
            <n d="0 -1 0"/>
        </f>
        <f v="35 28 5" fn="0 -1 0">
            <n d="0 -1 0"/>
            <n d="0 -1 0"/>
            <n d="0 -1 0"/>
        </f>
        <f v="36 28 35" fn="0 -1 0">
            <n d="0 -1 0"/>
            <n d="0 -1 0"/>
            <n d="0 -1 0"/>
        </f>
        <f v="42 15 36" fn="0 -1 -0">
            <n d="0 -1 0"/>
            <n d="0 -1 0"/>
            <n d="0 -1 0"/>
        </f>
        <f v="43 14 42" fn="0 -1 0">
            <n d="0 -1 0"/>
            <n d="0 -1 0"/>
            <n d="0 -1 0"/>
        </f>
        <f v="41 37 7" fn="-0 -1 -0">
            <n d="0 -1 0"/>
            <n d="0 -1 0"/>
            <n d="0 -1 0"/>
        </f>
        <f v="42 36 37" fn="-0 -1 -0">
            <n d="0 -1 0"/>
            <n d="0 -1 0"/>
            <n d="0 -1 0"/>
        </f>
        <f v="42 37 41" fn="0 -1 0">
            <n d="0 -1 0"/>
            <n d="0 -1 0"/>
            <n d="0 -1 0"/>
        </f>
        <f v="43 3 14" fn="-0 -1 -0">
            <n d="0 -1 0"/>
            <n d="0 -1 0"/>
            <n d="0 -1 0"/>
        </f>
    </facets>
    <facets color="b2b2b2">
        <f v="9 21 20" fn="0 1 0">
            <n d="-0 1 -0"/>
            <n d="-0 1 -0"/>
            <n d="-0 1 -0"/>
        </f>
        <f v="29 4 22" fn="-0 1 0">
            <n d="-0 1 -0"/>
            <n d="-0 1 -0"/>
            <n d="-0 1 -0"/>
        </f>
        <f v="30 22 21" fn="0 1 0">
            <n d="-0 1 -0"/>
            <n d="-0 1 -0"/>
            <n d="-0 1 -0"/>
        </f>
        <f v="30 29 22" fn="-0 1 -0">
            <n d="-0 1 -0"/>
            <n d="-0 1 -0"/>
            <n d="-0 1 -0"/>
        </f>
        <f v="39 30 21" fn="0 1 0">
            <n d="-0 1 -0"/>
            <n d="-0 1 -0"/>
            <n d="-0 1 -0"/>
        </f>
        <f v="39 31 30" fn="0 1 0">
            <n d="-0 1 -0"/>
            <n d="-0 1 -0"/>
            <n d="-0 1 -0"/>
        </f>
        <f v="38 6 31" fn="-0 1 -0">
            <n d="-0 1 -0"/>
            <n d="-0 1 -0"/>
            <n d="-0 1 -0"/>
        </f>
        <f v="39 38 31" fn="-0 1 -0">
            <n d="-0 1 -0"/>
            <n d="-0 1 -0"/>
            <n d="-0 1 -0"/>
        </f>
        <f v="9 39 21" fn="0 1 -0">
            <n d="-0 1 -0"/>
            <n d="-0 1 -0"/>
            <n d="-0 1 -0"/>
        </f>
        <f v="10 9 20" fn="-0 1 -0">
            <n d="-0 1 -0"/>
            <n d="-0 1 -0"/>
            <n d="-0 1 -0"/>
        </f>
        <f v="8 0 40" fn="0 1 0">
            <n d="-0 1 -0"/>
            <n d="-0 1 -0"/>
            <n d="-0 1 -0"/>
        </f>
        <f v="8 40 39" fn="-0 1 -0">
            <n d="-0 1 -0"/>
            <n d="-0 1 -0"/>
            <n d="-0 1 -0"/>
        </f>
        <f v="9 8 39" fn="-0 1 -0">
            <n d="-0 1 -0"/>
            <n d="-0 1 -0"/>
            <n d="-0 1 -0"/>
        </f>
        <f v="10 20 1" fn="0 1 0">
            <n d="-0 1 -0"/>
            <n d="-0 1 -0"/>
            <n d="-0 1 -0"/>
        </f>
    </facets>
</shell>
<shell id="id333" color="b2b2b2">
    <verts>
        <v p="0.3 0.15 -0.15"/>
        <v p="0.15 0.15 -0.15"/>
        <v p="0.3 -0.15 -0.15"/>
        <v p="0.15 -0.15 -0.15"/>
        <v p="0.15 0.15 0.15"/>
        <v p="0.15 -0.15 0.15"/>
        <v p="0.3 0.15 0.15"/>
        <v p="0.3 -0.15 0.15"/>
        <v p="0.2625 0.15 -0.15"/>
        <v p="0.225 0.15 -0.15"/>
        <v p="0.1875 0.15 -0.15"/>
        <v p="0.3 -0.075 -0.15"/>
        <v p="0.3 0 -0.15"/>
        <v p="0.3 0.075 -0.15"/>
        <v p="0.2625 -0.15 -0.15"/>
        <v p="0.225 -0.15 -0.15"/>
        <v p="0.1875 -0.15 -0.15"/>
        <v p="0.15 -0.075 -0.15"/>
        <v p="0.15 0 -0.15"/>
        <v p="0.15 0.075 -0.15"/>
        <v p="0.15 0.15 -0.075"/>
        <v p="0.15 0.15 0"/>
        <v p="0.15 0.15 0.075"/>
        <v p="0.15 -0.15 -0.075"/>
        <v p="0.15 -0.15 0"/>
        <v p="0.15 -0.15 0.075"/>
        <v p="0.15 -0.075 0.15"/>
        <v p="0.15 0 0.15"/>
        <v p="0.15 0.075 0.15"/>
        <v p="0.1875 0.15 0.15"/>
        <v p="0.225 0.15 0.15"/>
        <v p="0.2625 0.15 0.15"/>
        <v p="0.1875 -0.15 0.15"/>
        <v p="0.225 -0.15 0.15"/>
        <v p="0.2625 -0.15 0.15"/>
        <v p="0.3 -0.075 0.15"/>
        <v p="0.3 0 0.15"/>
        <v p="0.3 0.075 0.15"/>
        <v p="0.3 0.15 0.075"/>
        <v p="0.3 0.15 0"/>
        <v p="0.3 0.15 -0.075"/>
        <v p="0.3 -0.15 0.075"/>
        <v p="0.3 -0.15 0"/>
        <v p="0.3 -0.15 -0.075"/>
    </verts>
    <facets color="b2b2b2">
        <f v="19 10 9" fn="-0 -0 -1">
            <n d="0 0 -1"/>
            <n d="0 0 -1"/>
            <n d="0 0 -1"/>
        </f>
        <f v="13 8 0" fn="-0 0 -1">
            <n d="0 0 -1"/>
            <n d="0 0 -1"/>
            <n d="0 0 -1"/>
        </f>
        <f v="12 9 8" fn="-0 -0 -1">
            <n d="0 0 -1"/>
            <n d="0 0 -1"/>
            <n d="0 0 -1"/>
        </f>
        <f v="12 8 13" fn="0 0 -1">
            <n d="0 0 -1"/>
            <n d="0 0 -1"/>
            <n d="0 0 -1"/>
        </f>
        <f v="15 9 12" fn="-0 -0 -1">
            <n d="0 0 -1"/>
            <n d="0 0 -1"/>
            <n d="0 0 -1"/>
        </f>
        <f v="14 12 11" fn="0 0 -1">
            <n d="0 0 -1"/>
            <n d="0 0 -1"/>
            <n d="0 0 -1"/>
        </f>
        <f v="14 11 2" fn="0 0 -1">
            <n d="0 0 -1"/>
            <n d="0 0 -1"/>
            <n d="0 0 -1"/>
        </f>
        <f v="15 12 14" fn="0 0 -1">
            <n d="0 0 -1"/>
            <n d="0 0 -1"/>
            <n d="0 0 -1"/>
        </f>
        <f v="18 9 15" fn="0 -0 -1">
            <n d="0 0 -1"/>
            <n d="0 0 -1"/>
            <n d="0 0 -1"/>
        </f>
        <f v="19 9 18" fn="0 0 -1">
            <n d="0 0 -1"/>
            <n d="0 0 -1"/>
            <n d="0 0 -1"/>
        </f>
        <f v="17 16 3" fn="-0 -0 -1">
            <n d="0 0 -1"/>
            <n d="0 0 -1"/>
            <n d="0 0 -1"/>
        </f>
        <f v="17 15 16" fn="0 0 -1">
            <n d="0 0 -1"/>
            <n d="0 0 -1"/>
            <n d="0 0 -1"/>
        </f>
        <f v="18 15 17" fn="0 0 -1">
            <n d="0 0 -1"/>
            <n d="0 0 -1"/>
            <n d="0 0 -1"/>
        </f>
        <f v="19 1 10" fn="-0 -0 -1">
            <n d="0 0 -1"/>
            <n d="0 0 -1"/>
            <n d="0 0 -1"/>
        </f>
    </facets>
    <facets color="b2b2b2">
        <f v="27 22 21" fn="-1 -0 -0">
            <n d="-1 0 -9.03501810404587e-017"/>
            <n d="-1 0 -9.03501810404587e-017"/>
            <n d="-1 0 -9.03501810404587e-017"/>
        </f>
        <f v="19 20 1" fn="-1 -0 -0">
            <n d="-1 0 -9.03501810404587e-017"/>
            <n d="-1 0 -9.03501810404587e-017"/>
            <n d="-1 0 -9.03501810404587e-017"/>
        </f>
        <f v="19 21 20" fn="-1 0 0">
            <n d="-1 0 -9.03501810404587e-017"/>
            <n d="-1 0 -9.03501810404587e-017"/>
            <n d="-1 0 -9.03501810404587e-017"/>
        </f>
        <f v="18 21 19" fn="-1 0 0">
            <n d="-1 0 -9.03501810404587e-017"/>
            <n d="-1 0 -9.03501810404587e-017"/>
            <n d="-1 0 -9.03501810404587e-017"/>
        </f>
        <f v="24 21 18" fn="-1 0 -0">
            <n d="-1 0 -9.03501810404587e-017"/>
            <n d="-1 0 -9.03501810404587e-017"/>
            <n d="-1 0 -9.03501810404587e-017"/>
        </f>
        <f v="23 18 17" fn="-1 0 0">
            <n d="-1 0 -9.03501810404587e-017"/>
            <n d="-1 0 -9.03501810404587e-017"/>
            <n d="-1 0 -9.03501810404587e-017"/>
        </f>
        <f v="23 17 3" fn="-1 0 0">
            <n d="-1 0 -9.03501810404587e-017"/>
            <n d="-1 0 -9.03501810404587e-017"/>
            <n d="-1 0 -9.03501810404587e-017"/>
        </f>
        <f v="24 18 23" fn="-1 0 0">
            <n d="-1 0 -9.03501810404587e-017"/>
            <n d="-1 0 -9.03501810404587e-017"/>
            <n d="-1 0 -9.03501810404587e-017"/>
        </f>
        <f v="27 21 24" fn="-1 -0 -0">
            <n d="-1 0 -9.03501810404587e-017"/>
            <n d="-1 0 -9.03501810404587e-017"/>
            <n d="-1 0 -9.03501810404587e-017"/>
        </f>
        <f v="28 22 27" fn="-1 -0 -0">
            <n d="-1 0 -9.03501810404587e-017"/>
            <n d="-1 0 -9.03501810404587e-017"/>
            <n d="-1 0 -9.03501810404587e-017"/>
        </f>
        <f v="26 25 5" fn="-1 -0 -0">
            <n d="-1 0 -9.03501810404587e-017"/>
            <n d="-1 0 -9.03501810404587e-017"/>
            <n d="-1 0 -9.03501810404587e-017"/>
        </f>
        <f v="26 24 25" fn="-1 0 0">
            <n d="-1 0 -9.03501810404587e-017"/>
            <n d="-1 0 -9.03501810404587e-017"/>
            <n d="-1 0 -9.03501810404587e-017"/>
        </f>
        <f v="27 24 26" fn="-1 -0 0">
            <n d="-1 0 -9.03501810404587e-017"/>
            <n d="-1 0 -9.03501810404587e-017"/>
            <n d="-1 0 -9.03501810404587e-017"/>
        </f>
        <f v="28 4 22" fn="-1 0 -0">
            <n d="-1 0 -9.03501810404587e-017"/>
            <n d="-1 0 -9.03501810404587e-017"/>
            <n d="-1 0 -9.03501810404587e-017"/>
        </f>
    </facets>
    <facets color="b2b2b2">
        <f v="36 31 30" fn="-0 -0 1">
            <n d="0 0 1"/>
            <n d="0 0 1"/>
            <n d="0 0 1"/>
        </f>
        <f v="28 29 4" fn="-0 -0 1">
            <n d="0 0 1"/>
            <n d="0 0 1"/>
            <n d="0 0 1"/>
        </f>
        <f v="28 30 29" fn="0 0 1">
            <n d="0 0 1"/>
            <n d="0 0 1"/>
            <n d="0 0 1"/>
        </f>
        <f v="27 30 28" fn="0 0 1">
            <n d="0 0 1"/>
            <n d="0 0 1"/>
            <n d="0 0 1"/>
        </f>
        <f v="33 30 27" fn="-0 -0 1">
            <n d="0 0 1"/>
            <n d="0 0 1"/>
            <n d="0 0 1"/>
        </f>
        <f v="33 27 26" fn="-0 -0 1">
            <n d="0 0 1"/>
            <n d="0 0 1"/>
            <n d="0 0 1"/>
        </f>
        <f v="32 26 5" fn="0 0 1">
            <n d="0 0 1"/>
            <n d="0 0 1"/>
            <n d="0 0 1"/>
        </f>
        <f v="33 26 32" fn="0 0 1">
            <n d="0 0 1"/>
            <n d="0 0 1"/>
            <n d="0 0 1"/>
        </f>
        <f v="36 30 33" fn="0 -0 1">
            <n d="0 0 1"/>
            <n d="0 0 1"/>
            <n d="0 0 1"/>
        </f>
        <f v="37 31 36" fn="0 0 1">
            <n d="0 0 1"/>
            <n d="0 0 1"/>
            <n d="0 0 1"/>
        </f>
        <f v="35 34 7" fn="-0 0 1">
            <n d="0 0 1"/>
            <n d="0 0 1"/>
            <n d="0 0 1"/>
        </f>
        <f v="36 33 34" fn="-0 -0 1">
            <n d="0 0 1"/>
            <n d="0 0 1"/>
            <n d="0 0 1"/>
        </f>
        <f v="36 34 35" fn="0 0 1">
            <n d="0 0 1"/>
            <n d="0 0 1"/>
            <n d="0 0 1"/>
        </f>
        <f v="37 6 31" fn="-0 -0 1">
            <n d="0 0 1"/>
            <n d="0 0 1"/>
            <n d="0 0 1"/>
        </f>
    </facets>
    <facets color="b2b2b2">
        <f v="12 40 39" fn="1 -0 -0">
            <n d="1 0 0"/>
            <n d="1 0 0"/>
            <n d="1 0 0"/>
        </f>
        <f v="37 38 6" fn="1 -0 -0">
            <n d="1 0 0"/>
            <n d="1 0 0"/>
            <n d="1 0 0"/>
        </f>
        <f v="37 39 38" fn="1 0 0">
            <n d="1 0 0"/>
            <n d="1 0 0"/>
            <n d="1 0 0"/>
        </f>
        <f v="36 39 37" fn="1 -0 0">
            <n d="1 0 0"/>
            <n d="1 0 0"/>
            <n d="1 0 0"/>
        </f>
        <f v="42 39 36" fn="1 -0 -0">
            <n d="1 0 0"/>
            <n d="1 0 0"/>
            <n d="1 0 0"/>
        </f>
        <f v="41 36 35" fn="1 0 0">
            <n d="1 0 0"/>
            <n d="1 0 0"/>
            <n d="1 0 0"/>
        </f>
        <f v="41 35 7" fn="1 0 0">
            <n d="1 0 0"/>
            <n d="1 0 0"/>
            <n d="1 0 0"/>
        </f>
        <f v="42 36 41" fn="1 0 0">
            <n d="1 0 0"/>
            <n d="1 0 0"/>
            <n d="1 0 0"/>
        </f>
        <f v="12 39 42" fn="1 -0 -0">
            <n d="1 0 0"/>
            <n d="1 0 0"/>
            <n d="1 0 0"/>
        </f>
        <f v="13 40 12" fn="1 0 -0">
            <n d="1 0 0"/>
            <n d="1 0 0"/>
            <n d="1 0 0"/>
        </f>
        <f v="11 43 2" fn="1 -0 -0">
            <n d="1 0 0"/>
            <n d="1 0 0"/>
            <n d="1 0 0"/>
        </f>
        <f v="11 42 43" fn="1 0 0">
            <n d="1 0 0"/>
            <n d="1 0 0"/>
            <n d="1 0 0"/>
        </f>
        <f v="12 42 11" fn="1 0 0">
            <n d="1 0 0"/>
            <n d="1 0 0"/>
            <n d="1 0 0"/>
        </f>
        <f v="13 0 40" fn="1 -0 -0">
            <n d="1 0 0"/>
            <n d="1 0 0"/>
            <n d="1 0 0"/>
        </f>
    </facets>
    <facets color="b2b2b2">
        <f v="15 24 23" fn="0 -1 0">
            <n d="-0 -1 -0"/>
            <n d="-0 -1 -0"/>
            <n d="-0 -1 -0"/>
        </f>
        <f v="33 25 24" fn="0 -1 0">
            <n d="-0 -1 -0"/>
            <n d="-0 -1 -0"/>
            <n d="-0 -1 -0"/>
        </f>
        <f v="32 5 25" fn="-0 -1 -0">
            <n d="-0 -1 -0"/>
            <n d="-0 -1 -0"/>
            <n d="-0 -1 -0"/>
        </f>
        <f v="33 32 25" fn="-0 -1 -0">
            <n d="-0 -1 -0"/>
            <n d="-0 -1 -0"/>
            <n d="-0 -1 -0"/>
        </f>
        <f v="42 33 24" fn="0 -1 0">
            <n d="-0 -1 -0"/>
            <n d="-0 -1 -0"/>
            <n d="-0 -1 -0"/>
        </f>
        <f v="42 34 33" fn="0 -1 0">
            <n d="-0 -1 -0"/>
            <n d="-0 -1 -0"/>
            <n d="-0 -1 -0"/>
        </f>
        <f v="41 7 34" fn="-0 -1 0">
            <n d="-0 -1 -0"/>
            <n d="-0 -1 -0"/>
            <n d="-0 -1 -0"/>
        </f>
        <f v="42 41 34" fn="-0 -1 0">
            <n d="-0 -1 -0"/>
            <n d="-0 -1 -0"/>
            <n d="-0 -1 -0"/>
        </f>
        <f v="15 42 24" fn="0 -1 0">
            <n d="-0 -1 -0"/>
            <n d="-0 -1 -0"/>
            <n d="-0 -1 -0"/>
        </f>
        <f v="14 43 42" fn="-0 -1 -0">
            <n d="-0 -1 -0"/>
            <n d="-0 -1 -0"/>
            <n d="-0 -1 -0"/>
        </f>
        <f v="14 2 43" fn="-0 -1 -0">
            <n d="-0 -1 -0"/>
            <n d="-0 -1 -0"/>
            <n d="-0 -1 -0"/>
        </f>
        <f v="16 15 23" fn="-0 -1 0">
            <n d="-0 -1 -0"/>
            <n d="-0 -1 -0"/>
            <n d="-0 -1 -0"/>
        </f>
        <f v="15 14 42" fn="-0 -1 -0">
            <n d="-0 -1 -0"/>
            <n d="-0 -1 -0"/>
            <n d="-0 -1 -0"/>
        </f>
        <f v="16 23 3" fn="0 -1 0">
            <n d="-0 -1 -0"/>
            <n d="-0 -1 -0"/>
            <n d="-0 -1 -0"/>
        </f>
    </facets>
    <facets color="b2b2b2">
        <f v="39 8 9" fn="-0 1 -0">
            <n d="0 1 0"/>
            <n d="0 1 0"/>
            <n d="0 1 0"/>
        </f>
        <f v="20 10 1" fn="-0 1 -0">
            <n d="0 1 0"/>
            <n d="0 1 0"/>
            <n d="0 1 0"/>
        </f>
        <f v="20 9 10" fn="0 1 0">
            <n d="0 1 0"/>
            <n d="0 1 0"/>
            <n d="0 1 0"/>
        </f>
        <f v="21 9 20" fn="0 1 0">
            <n d="0 1 0"/>
            <n d="0 1 0"/>
            <n d="0 1 0"/>
        </f>
        <f v="30 9 21" fn="-0 1 0">
            <n d="0 1 0"/>
            <n d="0 1 0"/>
            <n d="0 1 0"/>
        </f>
        <f v="30 21 22" fn="-0 1 -0">
            <n d="0 1 0"/>
            <n d="0 1 0"/>
            <n d="0 1 0"/>
        </f>
        <f v="29 22 4" fn="0 1 0">
            <n d="0 1 0"/>
            <n d="0 1 0"/>
            <n d="0 1 0"/>
        </f>
        <f v="30 22 29" fn="0 1 0">
            <n d="0 1 0"/>
            <n d="0 1 0"/>
            <n d="0 1 0"/>
        </f>
        <f v="39 9 30" fn="0 1 -0">
            <n d="0 1 0"/>
            <n d="0 1 0"/>
            <n d="0 1 0"/>
        </f>
        <f v="39 30 31" fn="-0 1 -0">
            <n d="0 1 0"/>
            <n d="0 1 0"/>
            <n d="0 1 0"/>
        </f>
        <f v="38 31 6" fn="0 1 -0">
            <n d="0 1 0"/>
            <n d="0 1 0"/>
            <n d="0 1 0"/>
        </f>
        <f v="40 8 39" fn="0 1 -0">
            <n d="0 1 0"/>
            <n d="0 1 0"/>
            <n d="0 1 0"/>
        </f>
        <f v="39 31 38" fn="0 1 -0">
            <n d="0 1 0"/>
            <n d="0 1 0"/>
            <n d="0 1 0"/>
        </f>
        <f v="40 0 8" fn="-0 1 0">
            <n d="0 1 0"/>
            <n d="0 1 0"/>
            <n d="0 1 0"/>
        </f>
    </facets>
</shell>
<shell id="id334" color="000000">
    <verts>
        <v p="-0.150000000000001 0.15 0"/>
        <v p="-0.15 -0.15 0"/>
        <v p="-0.15 -0.15 0.3"/>
        <v p="-0.150000000000001 0.15 0.3"/>
        <v p="0.15 -0.15 0"/>
        <v p="0.15 -0.15 0.3"/>
        <v p="0.149999999999999 0.15 0"/>
        <v p="0.149999999999999 0.15 0.3"/>
        <v p="-0.150000000000001 0.075 0"/>
        <v p="-0.15 0 0"/>
        <v p="-0.15 -0.075 0"/>
        <v p="-0.15 -0.15 0.225"/>
        <v p="-0.15 -0.15 0.15"/>
        <v p="-0.15 -0.15 0.075"/>
        <v p="-0.150000000000001 0.075 0.3"/>
        <v p="-0.15 0 0.3"/>
        <v p="-0.15 -0.075 0.3"/>
        <v p="-0.150000000000001 0.15 0.225"/>
        <v p="-0.150000000000001 0.15 0.15"/>
        <v p="-0.150000000000001 0.15 0.075"/>
        <v p="-0.075 -0.15 0"/>
        <v p="0 -0.15 0"/>
        <v p="0.075 -0.15 0"/>
        <v p="0.15 -0.15 0.225"/>
        <v p="0.15 -0.15 0.15"/>
        <v p="0.15 -0.15 0.075"/>
        <v p="-0.075 -0.15 0.3"/>
        <v p="0 -0.15 0.3"/>
        <v p="0.075 -0.15 0.3"/>
        <v p="0.15 -0.075 0"/>
        <v p="0.149999999999999 0 0"/>
        <v p="0.149999999999999 0.075 0"/>
        <v p="0.149999999999999 0.15 0.225"/>
        <v p="0.149999999999999 0.15 0.15"/>
        <v p="0.149999999999999 0.15 0.075"/>
        <v p="0.15 -0.075 0.3"/>
        <v p="0.149999999999999 0 0.3"/>
        <v p="0.149999999999999 0.075 0.3"/>
        <v p="0.074999999999999 0.15 0"/>
        <v p="-9.99200722162641e-016 0.15 0"/>
        <v p="-0.075000000000001 0.15 0"/>
        <v p="0.074999999999999 0.15 0.3"/>
        <v p="-9.99200722162641e-016 0.15 0.3"/>
        <v p="-0.075000000000001 0.15 0.3"/>
    </verts>
    <facets color="000000">
        <f v="9 18 19" fn="-1 -3.33066907387547e-015 0">
            <n d="-1 -2.89120579329468e-015 -0"/>
            <n d="-1 -2.89120579329468e-015 -0"/>
            <n d="-1 -2.89120579329468e-015 -0"/>
        </f>
        <f v="14 17 18" fn="-1 -3.33066907387547e-015 -0">
            <n d="-1 -2.89120579329468e-015 -0"/>
            <n d="-1 -2.89120579329468e-015 -0"/>
            <n d="-1 -2.89120579329468e-015 -0"/>
        </f>
        <f v="14 3 17" fn="-1 -3.33066907387547e-015 -0">
            <n d="-1 -2.89120579329468e-015 -0"/>
            <n d="-1 -2.89120579329468e-015 -0"/>
            <n d="-1 -2.89120579329468e-015 -0"/>
        </f>
        <f v="15 14 18" fn="-1 -3.33066907387547e-015 -5.47820073070147e-031">
            <n d="-1 -2.89120579329468e-015 -0"/>
            <n d="-1 -2.89120579329468e-015 -0"/>
            <n d="-1 -2.89120579329468e-015 -0"/>
        </f>
        <f v="12 15 18" fn="-1 -3.33066907387547e-015 0">
            <n d="-1 -2.89120579329468e-015 -0"/>
            <n d="-1 -2.89120579329468e-015 -0"/>
            <n d="-1 -2.89120579329468e-015 -0"/>
        </f>
        <f v="11 16 15" fn="-1 -3.33066907387547e-015 1.09564014614029e-030">
            <n d="-1 -2.89120579329468e-015 -0"/>
            <n d="-1 -2.89120579329468e-015 -0"/>
            <n d="-1 -2.89120579329468e-015 -0"/>
        </f>
        <f v="11 2 16" fn="-1 -3.33066907387547e-015 0">
            <n d="-1 -2.89120579329468e-015 -0"/>
            <n d="-1 -2.89120579329468e-015 -0"/>
            <n d="-1 -2.89120579329468e-015 -0"/>
        </f>
        <f v="12 11 15" fn="-1 -3.33066907387547e-015 0">
            <n d="-1 -2.89120579329468e-015 -0"/>
            <n d="-1 -2.89120579329468e-015 -0"/>
            <n d="-1 -2.89120579329468e-015 -0"/>
        </f>
        <f v="9 12 18" fn="-1 -3.33066907387547e-015 0">
            <n d="-1 -2.89120579329468e-015 -0"/>
            <n d="-1 -2.89120579329468e-015 -0"/>
            <n d="-1 -2.89120579329468e-015 -0"/>
        </f>
        <f v="8 9 19" fn="-1 -3.33066907387547e-015 1.09564014614029e-030">
            <n d="-1 -2.89120579329468e-015 -0"/>
            <n d="-1 -2.89120579329468e-015 -0"/>
            <n d="-1 -2.89120579329468e-015 -0"/>
        </f>
        <f v="10 1 13" fn="-1 -3.33066907387547e-015 0">
            <n d="-1 -2.89120579329468e-015 -0"/>
            <n d="-1 -2.89120579329468e-015 -0"/>
            <n d="-1 -2.89120579329468e-015 -0"/>
        </f>
        <f v="10 13 12" fn="-1 -3.33066907387547e-015 -0">
            <n d="-1 -2.89120579329468e-015 -0"/>
            <n d="-1 -2.89120579329468e-015 -0"/>
            <n d="-1 -2.89120579329468e-015 -0"/>
        </f>
        <f v="9 10 12" fn="-1 -3.33066907387547e-015 -5.47820073070147e-031">
            <n d="-1 -2.89120579329468e-015 -0"/>
            <n d="-1 -2.89120579329468e-015 -0"/>
            <n d="-1 -2.89120579329468e-015 -0"/>
        </f>
        <f v="8 19 0" fn="-1 -3.33066907387547e-015 0">
            <n d="-1 -2.89120579329468e-015 -0"/>
            <n d="-1 -2.89120579329468e-015 -0"/>
            <n d="-1 -2.89120579329468e-015 -0"/>
        </f>
    </facets>
    <facets color="000000">
        <f v="21 12 13" fn="0 -1 0">
            <n d="-0 -1 -0"/>
            <n d="-0 -1 -0"/>
            <n d="-0 -1 -0"/>
        </f>
        <f v="26 11 12" fn="-0 -1 -0">
            <n d="-0 -1 -0"/>
            <n d="-0 -1 -0"/>
            <n d="-0 -1 -0"/>
        </f>
        <f v="26 2 11" fn="-0 -1 -0">
            <n d="-0 -1 -0"/>
            <n d="-0 -1 -0"/>
            <n d="-0 -1 -0"/>
        </f>
        <f v="27 26 12" fn="-0 -1 -0">
            <n d="-0 -1 -0"/>
            <n d="-0 -1 -0"/>
            <n d="-0 -1 -0"/>
        </f>
        <f v="24 27 12" fn="0 -1 0">
            <n d="-0 -1 -0"/>
            <n d="-0 -1 -0"/>
            <n d="-0 -1 -0"/>
        </f>
        <f v="23 28 27" fn="-0 -1 -0">
            <n d="-0 -1 -0"/>
            <n d="-0 -1 -0"/>
            <n d="-0 -1 -0"/>
        </f>
        <f v="23 5 28" fn="-0 -1 0">
            <n d="-0 -1 -0"/>
            <n d="-0 -1 -0"/>
            <n d="-0 -1 -0"/>
        </f>
        <f v="24 23 27" fn="-0 -1 0">
            <n d="-0 -1 -0"/>
            <n d="-0 -1 -0"/>
            <n d="-0 -1 -0"/>
        </f>
        <f v="21 24 12" fn="0 -1 0">
            <n d="-0 -1 -0"/>
            <n d="-0 -1 -0"/>
            <n d="-0 -1 -0"/>
        </f>
        <f v="22 25 24" fn="-0 -1 -0">
            <n d="-0 -1 -0"/>
            <n d="-0 -1 -0"/>
            <n d="-0 -1 -0"/>
        </f>
        <f v="22 4 25" fn="-0 -1 -0">
            <n d="-0 -1 -0"/>
            <n d="-0 -1 -0"/>
            <n d="-0 -1 -0"/>
        </f>
        <f v="20 21 13" fn="-0 -1 0">
            <n d="-0 -1 -0"/>
            <n d="-0 -1 -0"/>
            <n d="-0 -1 -0"/>
        </f>
        <f v="21 22 24" fn="-0 -1 -0">
            <n d="-0 -1 -0"/>
            <n d="-0 -1 -0"/>
            <n d="-0 -1 -0"/>
        </f>
        <f v="20 13 1" fn="0 -1 0">
            <n d="-0 -1 -0"/>
            <n d="-0 -1 -0"/>
            <n d="-0 -1 -0"/>
        </f>
    </facets>
    <facets color="000000">
        <f v="30 24 25" fn="1 3.33066907387547e-015 0">
            <n d="1 5.6920614055489e-015 -0"/>
            <n d="1 5.6920614055489e-015 -0"/>
            <n d="1 5.6920614055489e-015 -0"/>
        </f>
        <f v="35 23 24" fn="1 3.33066907387547e-015 -0">
            <n d="1 5.6920614055489e-015 -0"/>
            <n d="1 5.6920614055489e-015 -0"/>
            <n d="1 5.6920614055489e-015 -0"/>
        </f>
        <f v="35 5 23" fn="1 3.33066907387547e-015 -0">
            <n d="1 5.6920614055489e-015 -0"/>
            <n d="1 5.6920614055489e-015 -0"/>
            <n d="1 5.6920614055489e-015 -0"/>
        </f>
        <f v="36 35 24" fn="1 3.33066907387547e-015 -5.47820073070147e-031">
            <n d="1 5.6920614055489e-015 -0"/>
            <n d="1 5.6920614055489e-015 -0"/>
            <n d="1 5.6920614055489e-015 -0"/>
        </f>
        <f v="33 36 24" fn="1 3.33066907387547e-015 0">
            <n d="1 5.6920614055489e-015 -0"/>
            <n d="1 5.6920614055489e-015 -0"/>
            <n d="1 5.6920614055489e-015 -0"/>
        </f>
        <f v="32 37 36" fn="1 3.33066907387547e-015 1.09564014614029e-030">
            <n d="1 5.6920614055489e-015 -0"/>
            <n d="1 5.6920614055489e-015 -0"/>
            <n d="1 5.6920614055489e-015 -0"/>
        </f>
        <f v="32 7 37" fn="1 3.33066907387547e-015 -0">
            <n d="1 5.6920614055489e-015 -0"/>
            <n d="1 5.6920614055489e-015 -0"/>
            <n d="1 5.6920614055489e-015 -0"/>
        </f>
        <f v="33 32 36" fn="1 3.33066907387547e-015 -0">
            <n d="1 5.6920614055489e-015 -0"/>
            <n d="1 5.6920614055489e-015 -0"/>
            <n d="1 5.6920614055489e-015 -0"/>
        </f>
        <f v="30 33 24" fn="1 3.33066907387547e-015 0">
            <n d="1 5.6920614055489e-015 -0"/>
            <n d="1 5.6920614055489e-015 -0"/>
            <n d="1 5.6920614055489e-015 -0"/>
        </f>
        <f v="29 30 25" fn="1 3.33066907387547e-015 1.09564014614029e-030">
            <n d="1 5.6920614055489e-015 -0"/>
            <n d="1 5.6920614055489e-015 -0"/>
            <n d="1 5.6920614055489e-015 -0"/>
        </f>
        <f v="31 6 34" fn="1 3.33066907387547e-015 0">
            <n d="1 5.6920614055489e-015 -0"/>
            <n d="1 5.6920614055489e-015 -0"/>
            <n d="1 5.6920614055489e-015 -0"/>
        </f>
        <f v="31 34 33" fn="1 3.33066907387547e-015 -0">
            <n d="1 5.6920614055489e-015 -0"/>
            <n d="1 5.6920614055489e-015 -0"/>
            <n d="1 5.6920614055489e-015 -0"/>
        </f>
        <f v="30 31 33" fn="1 3.33066907387547e-015 -5.47820073070147e-031">
            <n d="1 5.6920614055489e-015 -0"/>
            <n d="1 5.6920614055489e-015 -0"/>
            <n d="1 5.6920614055489e-015 -0"/>
        </f>
        <f v="29 25 4" fn="1 3.33066907387547e-015 0">
            <n d="1 5.6920614055489e-015 -0"/>
            <n d="1 5.6920614055489e-015 -0"/>
            <n d="1 5.6920614055489e-015 -0"/>
        </f>
    </facets>
    <facets color="000000">
        <f v="39 33 34" fn="0 1 0">
            <n d="-0 1 -0"/>
            <n d="-0 1 -0"/>
            <n d="-0 1 -0"/>
        </f>
        <f v="41 7 32" fn="-0 1 0">
            <n d="-0 1 -0"/>
            <n d="-0 1 -0"/>
            <n d="-0 1 -0"/>
        </f>
        <f v="41 32 33" fn="-0 1 -0">
            <n d="-0 1 -0"/>
            <n d="-0 1 -0"/>
            <n d="-0 1 -0"/>
        </f>
        <f v="42 41 33" fn="-0 1 -0">
            <n d="-0 1 -0"/>
            <n d="-0 1 -0"/>
            <n d="-0 1 -0"/>
        </f>
        <f v="18 42 33" fn="0 1 0">
            <n d="-0 1 -0"/>
            <n d="-0 1 -0"/>
            <n d="-0 1 -0"/>
        </f>
        <f v="17 43 42" fn="-0 1 -0">
            <n d="-0 1 -0"/>
            <n d="-0 1 -0"/>
            <n d="-0 1 -0"/>
        </f>
        <f v="17 3 43" fn="-0 1 -0">
            <n d="-0 1 -0"/>
            <n d="-0 1 -0"/>
            <n d="-0 1 -0"/>
        </f>
        <f v="18 17 42" fn="-0 1 -0">
            <n d="-0 1 -0"/>
            <n d="-0 1 -0"/>
            <n d="-0 1 -0"/>
        </f>
        <f v="39 18 33" fn="0 1 -0">
            <n d="-0 1 -0"/>
            <n d="-0 1 -0"/>
            <n d="-0 1 -0"/>
        </f>
        <f v="38 39 34" fn="-0 1 -0">
            <n d="-0 1 -0"/>
            <n d="-0 1 -0"/>
            <n d="-0 1 -0"/>
        </f>
        <f v="40 0 19" fn="0 1 0">
            <n d="-0 1 -0"/>
            <n d="-0 1 -0"/>
            <n d="-0 1 -0"/>
        </f>
        <f v="40 19 18" fn="-0 1 -0">
            <n d="-0 1 -0"/>
            <n d="-0 1 -0"/>
            <n d="-0 1 -0"/>
        </f>
        <f v="39 40 18" fn="-0 1 -0">
            <n d="-0 1 -0"/>
            <n d="-0 1 -0"/>
            <n d="-0 1 -0"/>
        </f>
        <f v="38 34 6" fn="0 1 0">
            <n d="-0 1 -0"/>
            <n d="-0 1 -0"/>
            <n d="-0 1 -0"/>
        </f>
    </facets>
    <facets color="000000">
        <f v="42 14 15" fn="-0 -0 1">
            <n d="0 0 1"/>
            <n d="0 0 1"/>
            <n d="0 0 1"/>
        </f>
        <f v="26 16 2" fn="-0 -0 1">
            <n d="0 0 1"/>
            <n d="0 0 1"/>
            <n d="0 0 1"/>
        </f>
        <f v="27 15 16" fn="-0 -0 1">
            <n d="0 0 1"/>
            <n d="0 0 1"/>
            <n d="0 0 1"/>
        </f>
        <f v="27 16 26" fn="0 0 1">
            <n d="0 0 1"/>
            <n d="0 0 1"/>
            <n d="0 0 1"/>
        </f>
        <f v="36 15 27" fn="0 -0 1">
            <n d="0 0 1"/>
            <n d="0 0 1"/>
            <n d="0 0 1"/>
        </f>
        <f v="35 27 28" fn="0 0 1">
            <n d="0 0 1"/>
            <n d="0 0 1"/>
            <n d="0 0 1"/>
        </f>
        <f v="35 28 5" fn="0 0 1">
            <n d="0 0 1"/>
            <n d="0 0 1"/>
            <n d="0 0 1"/>
        </f>
        <f v="42 37 41" fn="-0 0 1">
            <n d="0 0 1"/>
            <n d="0 0 1"/>
            <n d="0 0 1"/>
        </f>
        <f v="36 27 35" fn="0 0 1">
            <n d="0 0 1"/>
            <n d="0 0 1"/>
            <n d="0 0 1"/>
        </f>
        <f v="42 15 36" fn="-0 0 1">
            <n d="0 0 1"/>
            <n d="0 0 1"/>
            <n d="0 0 1"/>
        </f>
        <f v="42 36 37" fn="-0 -0 1">
            <n d="0 0 1"/>
            <n d="0 0 1"/>
            <n d="0 0 1"/>
        </f>
        <f v="41 37 7" fn="-0 0 1">
            <n d="0 0 1"/>
            <n d="0 0 1"/>
            <n d="0 0 1"/>
        </f>
        <f v="43 14 42" fn="-0 0 1">
            <n d="0 0 1"/>
            <n d="0 0 1"/>
            <n d="0 0 1"/>
        </f>
        <f v="43 3 14" fn="0 -0 1">
            <n d="0 0 1"/>
            <n d="0 0 1"/>
            <n d="0 0 1"/>
        </f>
    </facets>
    <facets color="000000">
        <f v="10 21 20" fn="0 0 -1">
            <n d="-0 -0 -1"/>
            <n d="-0 -0 -1"/>
            <n d="-0 -0 -1"/>
        </f>
        <f v="29 22 21" fn="-0 -0 -1">
            <n d="-0 -0 -1"/>
            <n d="-0 -0 -1"/>
            <n d="-0 -0 -1"/>
        </f>
        <f v="29 4 22" fn="-0 -0 -1">
            <n d="-0 -0 -1"/>
            <n d="-0 -0 -1"/>
            <n d="-0 -0 -1"/>
        </f>
        <f v="30 29 21" fn="-0 -0 -1">
            <n d="-0 -0 -1"/>
            <n d="-0 -0 -1"/>
            <n d="-0 -0 -1"/>
        </f>
        <f v="9 30 21" fn="0 0 -1">
            <n d="-0 -0 -1"/>
            <n d="-0 -0 -1"/>
            <n d="-0 -0 -1"/>
        </f>
        <f v="39 31 30" fn="0 0 -1">
            <n d="-0 -0 -1"/>
            <n d="-0 -0 -1"/>
            <n d="-0 -0 -1"/>
        </f>
        <f v="38 6 31" fn="0 -0 -1">
            <n d="-0 -0 -1"/>
            <n d="-0 -0 -1"/>
            <n d="-0 -0 -1"/>
        </f>
        <f v="39 38 31" fn="0 -0 -1">
            <n d="-0 -0 -1"/>
            <n d="-0 -0 -1"/>
            <n d="-0 -0 -1"/>
        </f>
        <f v="9 39 30" fn="-0 -0 -1">
            <n d="-0 -0 -1"/>
            <n d="-0 -0 -1"/>
            <n d="-0 -0 -1"/>
        </f>
        <f v="8 40 39" fn="-0 -0 -1">
            <n d="-0 -0 -1"/>
            <n d="-0 -0 -1"/>
            <n d="-0 -0 -1"/>
        </f>
        <f v="8 0 40" fn="-0 0 -1">
            <n d="-0 -0 -1"/>
            <n d="-0 -0 -1"/>
            <n d="-0 -0 -1"/>
        </f>
        <f v="9 8 39" fn="-0 0 -1">
            <n d="-0 -0 -1"/>
            <n d="-0 -0 -1"/>
            <n d="-0 -0 -1"/>
        </f>
        <f v="10 9 21" fn="0 0 -1">
            <n d="-0 -0 -1"/>
            <n d="-0 -0 -1"/>
            <n d="-0 -0 -1"/>
        </f>
        <f v="10 20 1" fn="0 0 -1">
            <n d="-0 -0 -1"/>
            <n d="-0 -0 -1"/>
            <n d="-0 -0 -1"/>
        </f>
    </facets>
</shell>
</step-assembly>
