<?xml version="1.0" encoding="UTF-8" ?>
<step-assembly root="id78">
<product id="id78" name="1" shape="id32"/>
<shape id="id32" unit="mm 0.001000" shell="id79"/>
<shell id="id79">
    <verts>
        <v p="1.25 -0.7 -0.425"/>
        <v p="1.15 -0.7 -0.425"/>
        <v p="1.15 -0.7 -0.875"/>
        <v p="0.85 -0.7 -0.875"/>
        <v p="0.85 -0.7 -0.925"/>
        <v p="1.25 -0.7 -0.925"/>
        <v p="1.25 0.7 -0.425"/>
        <v p="1.15 0.7 -0.425"/>
        <v p="1.25 0.7 -0.925"/>
        <v p="0.85 0.7 -0.925"/>
        <v p="0.85 0.7 -0.875"/>
        <v p="1.15 0.7 -0.875"/>
        <v p="1.15 -1 -0.875"/>
        <v p="-1.15 -1 -0.875"/>
        <v p="-1.15 -0.7 -0.875"/>
        <v p="-0.85 -0.7 -0.875"/>
        <v p="-0.85 0.7 -0.875"/>
        <v p="-1.15 0.7 -0.875"/>
        <v p="-1.15 1 -0.875"/>
        <v p="1.15 1 -0.875"/>
        <v p="1.15 1 0.875"/>
        <v p="1.15 -1 0.875"/>
        <v p="-1.15 1 0.875"/>
        <v p="-1.15 -1 0.875"/>
        <v p="-1.25 -0.7 -0.425"/>
        <v p="-1.15 -0.7 -0.425"/>
        <v p="-1.15 0.7 -0.425"/>
        <v p="-1.25 0.7 -0.425"/>
        <v p="-0.85 -0.7 -0.925"/>
        <v p="-0.85 0.7 -0.925"/>
        <v p="-1.25 -0.7 -0.925"/>
        <v p="-1.25 0.7 -0.925"/>
        <v p="1.225 -0.7 -0.425"/>
        <v p="1.2 -0.7 -0.425"/>
        <v p="1.175 -0.7 -0.425"/>
        <v p="1.15 -0.7 -0.5375"/>
        <v p="1.15 -0.7 -0.65"/>
        <v p="1.15 -0.7 -0.7625"/>
        <v p="1.075 -0.7 -0.875"/>
        <v p="1 -0.7 -0.875"/>
        <v p="0.925 -0.7 -0.875"/>
        <v p="0.85 -0.7 -0.8875"/>
        <v p="0.85 -0.7 -0.9"/>
        <v p="0.85 -0.7 -0.9125"/>
        <v p="0.95 -0.7 -0.925"/>
        <v p="1.05 -0.7 -0.925"/>
        <v p="1.15 -0.7 -0.925"/>
        <v p="1.25 -0.7 -0.8"/>
        <v p="1.25 -0.7 -0.675"/>
        <v p="1.25 -0.7 -0.55"/>
        <v p="1.225 0.7 -0.425"/>
        <v p="1.2 0.7 -0.425"/>
        <v p="1.175 0.7 -0.425"/>
        <v p="1.25 0.7 -0.8"/>
        <v p="1.25 0.7 -0.675"/>
        <v p="1.25 0.7 -0.55"/>
        <v p="0.95 0.7 -0.925"/>
        <v p="1.05 0.7 -0.925"/>
        <v p="1.15 0.7 -0.925"/>
        <v p="0.85 0.7 -0.8875"/>
        <v p="0.85 0.7 -0.9"/>
        <v p="0.85 0.7 -0.9125"/>
        <v p="1.075 0.7 -0.875"/>
        <v p="1 0.7 -0.875"/>
        <v p="0.925 0.7 -0.875"/>
        <v p="1.15 0.7 -0.5375"/>
        <v p="1.15 0.7 -0.65"/>
        <v p="1.15 0.7 -0.7625"/>
        <v p="0.85 0.35 -0.875"/>
        <v p="0.85 0 -0.875"/>
        <v p="0.85 -0.35 -0.875"/>
        <v p="1.15 -0.925 -0.875"/>
        <v p="1.15 -0.85 -0.875"/>
        <v p="1.15 -0.775 -0.875"/>
        <v p="-0.575 -1 -0.875"/>
        <v p="0 -1 -0.875"/>
        <v p="0.575 -1 -0.875"/>
        <v p="-1.15 -0.925 -0.875"/>
        <v p="-1.15 -0.85 -0.875"/>
        <v p="-1.15 -0.775 -0.875"/>
        <v p="-1.075 -0.7 -0.875"/>
        <v p="-1 -0.7 -0.875"/>
        <v p="-0.925 -0.7 -0.875"/>
        <v p="-0.85 0.35 -0.875"/>
        <v p="-0.85 0 -0.875"/>
        <v p="-0.85 -0.35 -0.875"/>
        <v p="-1.075 0.7 -0.875"/>
        <v p="-1 0.7 -0.875"/>
        <v p="-0.925 0.7 -0.875"/>
        <v p="-1.15 0.775 -0.875"/>
        <v p="-1.15 0.85 -0.875"/>
        <v p="-1.15 0.925 -0.875"/>
        <v p="-0.575 1 -0.875"/>
        <v p="0 1 -0.875"/>
        <v p="0.575 1 -0.875"/>
        <v p="1.15 0.775 -0.875"/>
        <v p="1.15 0.85 -0.875"/>
        <v p="1.15 0.925 -0.875"/>
        <v p="1.15 1 -0.4375"/>
        <v p="1.15 1 0"/>
        <v p="1.15 1 0.4375"/>
        <v p="1.15 -0.5 0.875"/>
        <v p="1.15 0 0.875"/>
        <v p="1.15 0.5 0.875"/>
        <v p="1.15 -1 -0.4375"/>
        <v p="1.15 -1 0"/>
        <v p="1.15 -1 0.4375"/>
        <v p="1.15 0.35 -0.425"/>
        <v p="1.15 0 -0.425"/>
        <v p="1.15 -0.35 -0.425"/>
        <v p="0.575 1 0.875"/>
        <v p="0 1 0.875"/>
        <v p="-0.575 1 0.875"/>
        <v p="-1.15 -0.5 0.875"/>
        <v p="-1.15 0 0.875"/>
        <v p="-1.15 0.5 0.875"/>
        <v p="0.575 -1 0.875"/>
        <v p="0 -1 0.875"/>
        <v p="-0.575 -1 0.875"/>
        <v p="-1.15 1 0.4375"/>
        <v p="-1.15 1 0"/>
        <v p="-1.15 1 -0.4375"/>
        <v p="-1.15 -1 0.4375"/>
        <v p="-1.15 -1 0"/>
        <v p="-1.15 -1 -0.4375"/>
        <v p="-1.225 -0.7 -0.425"/>
        <v p="-1.2 -0.7 -0.425"/>
        <v p="-1.175 -0.7 -0.425"/>
        <v p="-1.15 0.35 -0.425"/>
        <v p="-1.15 0 -0.425"/>
        <v p="-1.15 -0.35 -0.425"/>
        <v p="-1.225 0.7 -0.425"/>
        <v p="-1.2 0.7 -0.425"/>
        <v p="-1.175 0.7 -0.425"/>
        <v p="-1.25 0.35 -0.425"/>
        <v p="-1.25 0 -0.425"/>
        <v p="-1.25 -0.35 -0.425"/>
        <v p="-0.85 -0.7 -0.8875"/>
        <v p="-0.85 -0.7 -0.9"/>
        <v p="-0.85 -0.7 -0.9125"/>
        <v p="-0.85 0.35 -0.925"/>
        <v p="-0.85 0 -0.925"/>
        <v p="-0.85 -0.35 -0.925"/>
        <v p="-0.85 0.7 -0.8875"/>
        <v p="-0.85 0.7 -0.9"/>
        <v p="-0.85 0.7 -0.9125"/>
        <v p="-0.95 -0.7 -0.925"/>
        <v p="-1.05 -0.7 -0.925"/>
        <v p="-1.15 -0.7 -0.925"/>
        <v p="-1.25 0.35 -0.925"/>
        <v p="-1.25 0 -0.925"/>
        <v p="-1.25 -0.35 -0.925"/>
        <v p="-0.95 0.7 -0.925"/>
        <v p="-1.05 0.7 -0.925"/>
        <v p="-1.15 0.7 -0.925"/>
        <v p="-1.25 -0.7 -0.8"/>
        <v p="-1.25 -0.7 -0.675"/>
        <v p="-1.25 -0.7 -0.55"/>
        <v p="-1.25 0.7 -0.8"/>
        <v p="-1.25 0.7 -0.675"/>
        <v p="-1.25 0.7 -0.55"/>
        <v p="-1.15 -0.7 -0.5375"/>
        <v p="-1.15 -0.7 -0.65"/>
        <v p="-1.15 -0.7 -0.7625"/>
        <v p="-1.15 0.7 -0.5375"/>
        <v p="-1.15 0.7 -0.65"/>
        <v p="-1.15 0.7 -0.7625"/>
        <v p="1.25 0.35 -0.425"/>
        <v p="1.25 0 -0.425"/>
        <v p="1.25 -0.35 -0.425"/>
        <v p="0.85 0.35 -0.925"/>
        <v p="0.85 0 -0.925"/>
        <v p="0.85 -0.35 -0.925"/>
        <v p="1.25 0.35 -0.925"/>
        <v p="1.25 0 -0.925"/>
        <v p="1.25 -0.35 -0.925"/>
    </verts>
    <facets color="b2b2b2">
        <f v="49 0 32" fn="-0 -1 0">
            <n d="0 -1 0"/>
            <n d="0 -1 0"/>
            <n d="0 -1 0"/>
        </f>
        <f v="35 34 1" fn="-0 -1 -0">
            <n d="0 -1 0"/>
            <n d="0 -1 0"/>
            <n d="0 -1 0"/>
        </f>
        <f v="35 33 34" fn="-0 -1 -0">
            <n d="0 -1 0"/>
            <n d="0 -1 0"/>
            <n d="0 -1 0"/>
        </f>
        <f v="49 32 33" fn="-0 -1 -0">
            <n d="0 -1 0"/>
            <n d="0 -1 0"/>
            <n d="0 -1 0"/>
        </f>
        <f v="48 36 37" fn="-0 -1 -0">
            <n d="0 -1 0"/>
            <n d="0 -1 0"/>
            <n d="0 -1 0"/>
        </f>
        <f v="46 38 45" fn="0 -1 0">
            <n d="0 -1 0"/>
            <n d="0 -1 0"/>
            <n d="0 -1 0"/>
        </f>
        <f v="41 40 3" fn="-0 -1 -0">
            <n d="0 -1 0"/>
            <n d="0 -1 0"/>
            <n d="0 -1 0"/>
        </f>
        <f v="44 39 40" fn="-0 -1 0">
            <n d="0 -1 0"/>
            <n d="0 -1 0"/>
            <n d="0 -1 0"/>
        </f>
        <f v="42 40 41" fn="0 -1 0">
            <n d="0 -1 0"/>
            <n d="0 -1 0"/>
            <n d="0 -1 0"/>
        </f>
        <f v="43 40 42" fn="0 -1 0">
            <n d="0 -1 0"/>
            <n d="0 -1 0"/>
            <n d="0 -1 0"/>
        </f>
        <f v="45 38 39" fn="-0 -1 0">
            <n d="0 -1 0"/>
            <n d="0 -1 0"/>
            <n d="0 -1 0"/>
        </f>
        <f v="4 40 43" fn="0 -1 0">
            <n d="0 -1 0"/>
            <n d="0 -1 0"/>
            <n d="0 -1 0"/>
        </f>
        <f v="44 40 4" fn="0 -1 0">
            <n d="0 -1 0"/>
            <n d="0 -1 0"/>
            <n d="0 -1 0"/>
        </f>
        <f v="46 2 38" fn="-0 -1 0">
            <n d="0 -1 0"/>
            <n d="0 -1 0"/>
            <n d="0 -1 0"/>
        </f>
        <f v="45 39 44" fn="0 -1 0">
            <n d="0 -1 0"/>
            <n d="0 -1 0"/>
            <n d="0 -1 0"/>
        </f>
        <f v="47 37 2" fn="-0 -1 -0">
            <n d="0 -1 0"/>
            <n d="0 -1 0"/>
            <n d="0 -1 0"/>
        </f>
        <f v="5 2 46" fn="0 -1 0">
            <n d="0 -1 0"/>
            <n d="0 -1 0"/>
            <n d="0 -1 0"/>
        </f>
        <f v="47 2 5" fn="0 -1 -0">
            <n d="0 -1 0"/>
            <n d="0 -1 0"/>
            <n d="0 -1 0"/>
        </f>
        <f v="48 37 47" fn="0 -1 -0">
            <n d="0 -1 0"/>
            <n d="0 -1 0"/>
            <n d="0 -1 0"/>
        </f>
        <f v="49 35 36" fn="-0 -1 -0">
            <n d="0 -1 0"/>
            <n d="0 -1 0"/>
            <n d="0 -1 0"/>
        </f>
        <f v="49 36 48" fn="0 -1 -0">
            <n d="0 -1 0"/>
            <n d="0 -1 0"/>
            <n d="0 -1 0"/>
        </f>
        <f v="49 33 35" fn="0 -1 0">
            <n d="0 -1 0"/>
            <n d="0 -1 0"/>
            <n d="0 -1 0"/>
        </f>
    </facets>
    <facets color="b2b2b2">
        <f v="55 66 65" fn="0 1 0">
            <n d="-0 1 -0"/>
            <n d="-0 1 -0"/>
            <n d="-0 1 -0"/>
        </f>
        <f v="54 67 66" fn="0 1 0">
            <n d="-0 1 -0"/>
            <n d="-0 1 -0"/>
            <n d="-0 1 -0"/>
        </f>
        <f v="53 11 67" fn="0 1 0">
            <n d="-0 1 -0"/>
            <n d="-0 1 -0"/>
            <n d="-0 1 -0"/>
        </f>
        <f v="59 10 64" fn="0 1 0">
            <n d="-0 1 -0"/>
            <n d="-0 1 -0"/>
            <n d="-0 1 -0"/>
        </f>
        <f v="56 64 63" fn="0 1 -0">
            <n d="-0 1 -0"/>
            <n d="-0 1 -0"/>
            <n d="-0 1 -0"/>
        </f>
        <f v="60 59 64" fn="-0 1 -0">
            <n d="-0 1 -0"/>
            <n d="-0 1 -0"/>
            <n d="-0 1 -0"/>
        </f>
        <f v="61 60 64" fn="-0 1 -0">
            <n d="-0 1 -0"/>
            <n d="-0 1 -0"/>
            <n d="-0 1 -0"/>
        </f>
        <f v="57 63 62" fn="0 1 -0">
            <n d="-0 1 -0"/>
            <n d="-0 1 -0"/>
            <n d="-0 1 -0"/>
        </f>
        <f v="9 61 64" fn="-0 1 -0">
            <n d="-0 1 -0"/>
            <n d="-0 1 -0"/>
            <n d="-0 1 -0"/>
        </f>
        <f v="56 9 64" fn="-0 1 -0">
            <n d="-0 1 -0"/>
            <n d="-0 1 -0"/>
            <n d="-0 1 -0"/>
        </f>
        <f v="58 62 11" fn="0 1 -0">
            <n d="-0 1 -0"/>
            <n d="-0 1 -0"/>
            <n d="-0 1 -0"/>
        </f>
        <f v="57 56 63" fn="-0 1 -0">
            <n d="-0 1 -0"/>
            <n d="-0 1 -0"/>
            <n d="-0 1 -0"/>
        </f>
        <f v="58 57 62" fn="-0 1 -0">
            <n d="-0 1 -0"/>
            <n d="-0 1 -0"/>
            <n d="-0 1 -0"/>
        </f>
        <f v="8 58 11" fn="-0 1 -0">
            <n d="-0 1 -0"/>
            <n d="-0 1 -0"/>
            <n d="-0 1 -0"/>
        </f>
        <f v="53 8 11" fn="-0 1 0">
            <n d="-0 1 -0"/>
            <n d="-0 1 -0"/>
            <n d="-0 1 -0"/>
        </f>
        <f v="54 53 67" fn="-0 1 0">
            <n d="-0 1 -0"/>
            <n d="-0 1 -0"/>
            <n d="-0 1 -0"/>
        </f>
        <f v="55 54 66" fn="-0 1 0">
            <n d="-0 1 -0"/>
            <n d="-0 1 -0"/>
            <n d="-0 1 -0"/>
        </f>
        <f v="51 55 65" fn="0 1 0">
            <n d="-0 1 -0"/>
            <n d="-0 1 -0"/>
            <n d="-0 1 -0"/>
        </f>
        <f v="51 50 55" fn="-0 1 -0">
            <n d="-0 1 -0"/>
            <n d="-0 1 -0"/>
            <n d="-0 1 -0"/>
        </f>
        <f v="50 6 55" fn="-0 1 -0">
            <n d="-0 1 -0"/>
            <n d="-0 1 -0"/>
            <n d="-0 1 -0"/>
        </f>
        <f v="52 51 65" fn="-0 1 0">
            <n d="-0 1 -0"/>
            <n d="-0 1 -0"/>
            <n d="-0 1 -0"/>
        </f>
        <f v="52 65 7" fn="0 1 0">
            <n d="-0 1 -0"/>
            <n d="-0 1 -0"/>
            <n d="-0 1 -0"/>
        </f>
    </facets>
    <facets color="1e1e1e">
        <f v="63 96 95" fn="0 0 -1">
            <n d="-0 -0 -1"/>
            <n d="-0 -0 -1"/>
            <n d="-0 -0 -1"/>
        </f>
        <f v="64 97 96" fn="0 0 -1">
            <n d="-0 -0 -1"/>
            <n d="-0 -0 -1"/>
            <n d="-0 -0 -1"/>
        </f>
        <f v="94 19 97" fn="0 -0 -1">
            <n d="-0 -0 -1"/>
            <n d="-0 -0 -1"/>
            <n d="-0 -0 -1"/>
        </f>
        <f v="70 3 75" fn="-0 -0 -1">
            <n d="-0 -0 -1"/>
            <n d="-0 -0 -1"/>
            <n d="-0 -0 -1"/>
        </f>
        <f v="77 82 15" fn="0 0 -1">
            <n d="-0 -0 -1"/>
            <n d="-0 -0 -1"/>
            <n d="-0 -0 -1"/>
        </f>
        <f v="91 18 92" fn="0 0 -1">
            <n d="-0 -0 -1"/>
            <n d="-0 -0 -1"/>
            <n d="-0 -0 -1"/>
        </f>
        <f v="16 91 92" fn="0 0 -1">
            <n d="-0 -0 -1"/>
            <n d="-0 -0 -1"/>
            <n d="-0 -0 -1"/>
        </f>
        <f v="16 92 93" fn="0 0 -1">
            <n d="-0 -0 -1"/>
            <n d="-0 -0 -1"/>
            <n d="-0 -0 -1"/>
        </f>
        <f v="88 90 91" fn="0 0 -1">
            <n d="-0 -0 -1"/>
            <n d="-0 -0 -1"/>
            <n d="-0 -0 -1"/>
        </f>
        <f v="87 89 90" fn="0 0 -1">
            <n d="-0 -0 -1"/>
            <n d="-0 -0 -1"/>
            <n d="-0 -0 -1"/>
        </f>
        <f v="87 86 89" fn="-0 -0 -1">
            <n d="-0 -0 -1"/>
            <n d="-0 -0 -1"/>
            <n d="-0 -0 -1"/>
        </f>
        <f v="86 17 89" fn="-0 -0 -1">
            <n d="-0 -0 -1"/>
            <n d="-0 -0 -1"/>
            <n d="-0 -0 -1"/>
        </f>
        <f v="16 88 91" fn="-0 -0 -1">
            <n d="-0 -0 -1"/>
            <n d="-0 -0 -1"/>
            <n d="-0 -0 -1"/>
        </f>
        <f v="88 87 90" fn="-0 -0 -1">
            <n d="-0 -0 -1"/>
            <n d="-0 -0 -1"/>
            <n d="-0 -0 -1"/>
        </f>
        <f v="10 93 94" fn="0 0 -1">
            <n d="-0 -0 -1"/>
            <n d="-0 -0 -1"/>
            <n d="-0 -0 -1"/>
        </f>
        <f v="83 16 93" fn="-0 -0 -1">
            <n d="-0 -0 -1"/>
            <n d="-0 -0 -1"/>
            <n d="-0 -0 -1"/>
        </f>
        <f v="68 83 93" fn="0 0 -1">
            <n d="-0 -0 -1"/>
            <n d="-0 -0 -1"/>
            <n d="-0 -0 -1"/>
        </f>
        <f v="69 84 83" fn="-0 -0 -1">
            <n d="-0 -0 -1"/>
            <n d="-0 -0 -1"/>
            <n d="-0 -0 -1"/>
        </f>
        <f v="70 85 84" fn="0 0 -1">
            <n d="-0 -0 -1"/>
            <n d="-0 -0 -1"/>
            <n d="-0 -0 -1"/>
        </f>
        <f v="79 14 80" fn="0 0 -1">
            <n d="-0 -0 -1"/>
            <n d="-0 -0 -1"/>
            <n d="-0 -0 -1"/>
        </f>
        <f v="79 80 81" fn="0 0 -1">
            <n d="-0 -0 -1"/>
            <n d="-0 -0 -1"/>
            <n d="-0 -0 -1"/>
        </f>
        <f v="78 81 82" fn="0 0 -1">
            <n d="-0 -0 -1"/>
            <n d="-0 -0 -1"/>
            <n d="-0 -0 -1"/>
        </f>
        <f v="78 79 81" fn="-0 -0 -1">
            <n d="-0 -0 -1"/>
            <n d="-0 -0 -1"/>
            <n d="-0 -0 -1"/>
        </f>
        <f v="77 78 82" fn="-0 -0 -1">
            <n d="-0 -0 -1"/>
            <n d="-0 -0 -1"/>
            <n d="-0 -0 -1"/>
        </f>
        <f v="74 77 15" fn="0 0 -1">
            <n d="-0 -0 -1"/>
            <n d="-0 -0 -1"/>
            <n d="-0 -0 -1"/>
        </f>
        <f v="74 13 77" fn="-0 -0 -1">
            <n d="-0 -0 -1"/>
            <n d="-0 -0 -1"/>
            <n d="-0 -0 -1"/>
        </f>
        <f v="75 15 85" fn="0 0 -1">
            <n d="-0 -0 -1"/>
            <n d="-0 -0 -1"/>
            <n d="-0 -0 -1"/>
        </f>
        <f v="75 74 15" fn="-0 -0 -1">
            <n d="-0 -0 -1"/>
            <n d="-0 -0 -1"/>
            <n d="-0 -0 -1"/>
        </f>
        <f v="3 71 76" fn="0 -0 -1">
            <n d="-0 -0 -1"/>
            <n d="-0 -0 -1"/>
            <n d="-0 -0 -1"/>
        </f>
        <f v="71 12 76" fn="0 -0 -1">
            <n d="-0 -0 -1"/>
            <n d="-0 -0 -1"/>
            <n d="-0 -0 -1"/>
        </f>
        <f v="39 73 72" fn="0 0 -1">
            <n d="-0 -0 -1"/>
            <n d="-0 -0 -1"/>
            <n d="-0 -0 -1"/>
        </f>
        <f v="40 72 71" fn="0 0 -1">
            <n d="-0 -0 -1"/>
            <n d="-0 -0 -1"/>
            <n d="-0 -0 -1"/>
        </f>
        <f v="38 2 73" fn="0 -0 -1">
            <n d="-0 -0 -1"/>
            <n d="-0 -0 -1"/>
            <n d="-0 -0 -1"/>
        </f>
        <f v="3 76 75" fn="0 0 -1">
            <n d="-0 -0 -1"/>
            <n d="-0 -0 -1"/>
            <n d="-0 -0 -1"/>
        </f>
        <f v="39 38 73" fn="0 -0 -1">
            <n d="-0 -0 -1"/>
            <n d="-0 -0 -1"/>
            <n d="-0 -0 -1"/>
        </f>
        <f v="40 39 72" fn="0 -0 -1">
            <n d="-0 -0 -1"/>
            <n d="-0 -0 -1"/>
            <n d="-0 -0 -1"/>
        </f>
        <f v="3 40 71" fn="0 -0 -1">
            <n d="-0 -0 -1"/>
            <n d="-0 -0 -1"/>
            <n d="-0 -0 -1"/>
        </f>
        <f v="70 75 85" fn="-0 -0 -1">
            <n d="-0 -0 -1"/>
            <n d="-0 -0 -1"/>
            <n d="-0 -0 -1"/>
        </f>
        <f v="69 70 84" fn="-0 -0 -1">
            <n d="-0 -0 -1"/>
            <n d="-0 -0 -1"/>
            <n d="-0 -0 -1"/>
        </f>
        <f v="68 69 83" fn="-0 -0 -1">
            <n d="-0 -0 -1"/>
            <n d="-0 -0 -1"/>
            <n d="-0 -0 -1"/>
        </f>
        <f v="10 68 93" fn="-0 -0 -1">
            <n d="-0 -0 -1"/>
            <n d="-0 -0 -1"/>
            <n d="-0 -0 -1"/>
        </f>
        <f v="63 64 96" fn="-0 0 -1">
            <n d="-0 -0 -1"/>
            <n d="-0 -0 -1"/>
            <n d="-0 -0 -1"/>
        </f>
        <f v="10 94 97" fn="-0 0 -1">
            <n d="-0 -0 -1"/>
            <n d="-0 -0 -1"/>
            <n d="-0 -0 -1"/>
        </f>
        <f v="64 10 97" fn="-0 0 -1">
            <n d="-0 -0 -1"/>
            <n d="-0 -0 -1"/>
            <n d="-0 -0 -1"/>
        </f>
        <f v="62 63 95" fn="0 0 -1">
            <n d="-0 -0 -1"/>
            <n d="-0 -0 -1"/>
            <n d="-0 -0 -1"/>
        </f>
        <f v="62 95 11" fn="0 0 -1">
            <n d="-0 -0 -1"/>
            <n d="-0 -0 -1"/>
            <n d="-0 -0 -1"/>
        </f>
    </facets>
    <facets color="1e1e1e">
        <f v="104 36 35" fn="1 0 0">
            <n d="1 -0 -0"/>
            <n d="1 -0 -0"/>
            <n d="1 -0 -0"/>
        </f>
        <f v="99 107 7" fn="1 0 0">
            <n d="1 -0 -0"/>
            <n d="1 -0 -0"/>
            <n d="1 -0 -0"/>
        </f>
        <f v="104 35 1" fn="1 -0 0">
            <n d="1 -0 -0"/>
            <n d="1 -0 -0"/>
            <n d="1 -0 -0"/>
        </f>
        <f v="102 108 107" fn="1 0 0">
            <n d="1 -0 -0"/>
            <n d="1 -0 -0"/>
            <n d="1 -0 -0"/>
        </f>
        <f v="102 109 108" fn="1 0 0">
            <n d="1 -0 -0"/>
            <n d="1 -0 -0"/>
            <n d="1 -0 -0"/>
        </f>
        <f v="73 2 37" fn="1 0 0">
            <n d="1 -0 -0"/>
            <n d="1 -0 -0"/>
            <n d="1 -0 -0"/>
        </f>
        <f v="72 37 36" fn="1 0 0">
            <n d="1 -0 -0"/>
            <n d="1 -0 -0"/>
            <n d="1 -0 -0"/>
        </f>
        <f v="72 73 37" fn="1 -0 -0">
            <n d="1 -0 -0"/>
            <n d="1 -0 -0"/>
            <n d="1 -0 -0"/>
        </f>
        <f v="71 72 36" fn="1 -0 -0">
            <n d="1 -0 -0"/>
            <n d="1 -0 -0"/>
            <n d="1 -0 -0"/>
        </f>
        <f v="104 71 36" fn="1 0 0">
            <n d="1 -0 -0"/>
            <n d="1 -0 -0"/>
            <n d="1 -0 -0"/>
        </f>
        <f v="104 12 71" fn="1 -0 -0">
            <n d="1 -0 -0"/>
            <n d="1 -0 -0"/>
            <n d="1 -0 -0"/>
        </f>
        <f v="105 104 1" fn="1 0 0">
            <n d="1 -0 -0"/>
            <n d="1 -0 -0"/>
            <n d="1 -0 -0"/>
        </f>
        <f v="105 1 109" fn="1 -0 -0">
            <n d="1 -0 -0"/>
            <n d="1 -0 -0"/>
            <n d="1 -0 -0"/>
        </f>
        <f v="106 105 109" fn="1 -0 -0">
            <n d="1 -0 -0"/>
            <n d="1 -0 -0"/>
            <n d="1 -0 -0"/>
        </f>
        <f v="101 106 109" fn="1 -0 0">
            <n d="1 -0 -0"/>
            <n d="1 -0 -0"/>
            <n d="1 -0 -0"/>
        </f>
        <f v="101 21 106" fn="1 0 -0">
            <n d="1 -0 -0"/>
            <n d="1 -0 -0"/>
            <n d="1 -0 -0"/>
        </f>
        <f v="102 101 109" fn="1 0 -0">
            <n d="1 -0 -0"/>
            <n d="1 -0 -0"/>
            <n d="1 -0 -0"/>
        </f>
        <f v="103 102 107" fn="1 0 -0">
            <n d="1 -0 -0"/>
            <n d="1 -0 -0"/>
            <n d="1 -0 -0"/>
        </f>
        <f v="100 103 107" fn="1 0 -0">
            <n d="1 -0 -0"/>
            <n d="1 -0 -0"/>
            <n d="1 -0 -0"/>
        </f>
        <f v="100 20 103" fn="1 -0 -0">
            <n d="1 -0 -0"/>
            <n d="1 -0 -0"/>
            <n d="1 -0 -0"/>
        </f>
        <f v="99 100 107" fn="1 0 -0">
            <n d="1 -0 -0"/>
            <n d="1 -0 -0"/>
            <n d="1 -0 -0"/>
        </f>
        <f v="98 99 7" fn="1 0 -0">
            <n d="1 -0 -0"/>
            <n d="1 -0 -0"/>
            <n d="1 -0 -0"/>
        </f>
        <f v="97 19 98" fn="1 -0 -0">
            <n d="1 -0 -0"/>
            <n d="1 -0 -0"/>
            <n d="1 -0 -0"/>
        </f>
        <f v="66 96 97" fn="1 0 0">
            <n d="1 -0 -0"/>
            <n d="1 -0 -0"/>
            <n d="1 -0 -0"/>
        </f>
        <f v="66 97 98" fn="1 -0 0">
            <n d="1 -0 -0"/>
            <n d="1 -0 -0"/>
            <n d="1 -0 -0"/>
        </f>
        <f v="67 95 96" fn="1 -0 -0">
            <n d="1 -0 -0"/>
            <n d="1 -0 -0"/>
            <n d="1 -0 -0"/>
        </f>
        <f v="67 11 95" fn="1 -0 -0">
            <n d="1 -0 -0"/>
            <n d="1 -0 -0"/>
            <n d="1 -0 -0"/>
        </f>
        <f v="65 66 98" fn="1 -0 -0">
            <n d="1 -0 -0"/>
            <n d="1 -0 -0"/>
            <n d="1 -0 -0"/>
        </f>
        <f v="66 67 96" fn="1 -0 -0">
            <n d="1 -0 -0"/>
            <n d="1 -0 -0"/>
            <n d="1 -0 -0"/>
        </f>
        <f v="65 98 7" fn="1 0 0">
            <n d="1 -0 -0"/>
            <n d="1 -0 -0"/>
            <n d="1 -0 -0"/>
        </f>
    </facets>
    <facets color="1e1e1e">
        <f v="111 102 103" fn="0 0 1">
            <n d="-0 -0 1"/>
            <n d="-0 -0 1"/>
            <n d="-0 -0 1"/>
        </f>
        <f v="116 21 101" fn="0 0 1">
            <n d="-0 -0 1"/>
            <n d="-0 -0 1"/>
            <n d="-0 -0 1"/>
        </f>
        <f v="116 101 102" fn="-0 -0 1">
            <n d="-0 -0 1"/>
            <n d="-0 -0 1"/>
            <n d="-0 -0 1"/>
        </f>
        <f v="117 116 102" fn="-0 -0 1">
            <n d="-0 -0 1"/>
            <n d="-0 -0 1"/>
            <n d="-0 -0 1"/>
        </f>
        <f v="114 117 102" fn="-0 0 1">
            <n d="-0 -0 1"/>
            <n d="-0 -0 1"/>
            <n d="-0 -0 1"/>
        </f>
        <f v="113 118 117" fn="-0 -0 1">
            <n d="-0 -0 1"/>
            <n d="-0 -0 1"/>
            <n d="-0 -0 1"/>
        </f>
        <f v="113 23 118" fn="-0 -0 1">
            <n d="-0 -0 1"/>
            <n d="-0 -0 1"/>
            <n d="-0 -0 1"/>
        </f>
        <f v="114 113 117" fn="-0 -0 1">
            <n d="-0 -0 1"/>
            <n d="-0 -0 1"/>
            <n d="-0 -0 1"/>
        </f>
        <f v="111 114 102" fn="0 0 1">
            <n d="-0 -0 1"/>
            <n d="-0 -0 1"/>
            <n d="-0 -0 1"/>
        </f>
        <f v="112 115 114" fn="-0 -0 1">
            <n d="-0 -0 1"/>
            <n d="-0 -0 1"/>
            <n d="-0 -0 1"/>
        </f>
        <f v="112 22 115" fn="0 -0 1">
            <n d="-0 -0 1"/>
            <n d="-0 -0 1"/>
            <n d="-0 -0 1"/>
        </f>
        <f v="110 111 103" fn="0 0 1">
            <n d="-0 -0 1"/>
            <n d="-0 -0 1"/>
            <n d="-0 -0 1"/>
        </f>
        <f v="111 112 114" fn="0 -0 1">
            <n d="-0 -0 1"/>
            <n d="-0 -0 1"/>
            <n d="-0 -0 1"/>
        </f>
        <f v="110 103 20" fn="-0 0 1">
            <n d="-0 -0 1"/>
            <n d="-0 -0 1"/>
            <n d="-0 -0 1"/>
        </f>
    </facets>
    <facets color="1e1e1e">
        <f v="120 93 92" fn="0 1 0">
            <n d="-0 1 -0"/>
            <n d="-0 1 -0"/>
            <n d="-0 1 -0"/>
        </f>
        <f v="98 94 93" fn="-0 1 -0">
            <n d="-0 1 -0"/>
            <n d="-0 1 -0"/>
            <n d="-0 1 -0"/>
        </f>
        <f v="98 19 94" fn="-0 1 0">
            <n d="-0 1 -0"/>
            <n d="-0 1 -0"/>
            <n d="-0 1 -0"/>
        </f>
        <f v="99 98 93" fn="-0 1 0">
            <n d="-0 1 -0"/>
            <n d="-0 1 -0"/>
            <n d="-0 1 -0"/>
        </f>
        <f v="111 99 93" fn="0 1 0">
            <n d="-0 1 -0"/>
            <n d="-0 1 -0"/>
            <n d="-0 1 -0"/>
        </f>
        <f v="110 100 99" fn="-0 1 -0">
            <n d="-0 1 -0"/>
            <n d="-0 1 -0"/>
            <n d="-0 1 -0"/>
        </f>
        <f v="110 20 100" fn="-0 1 -0">
            <n d="-0 1 -0"/>
            <n d="-0 1 -0"/>
            <n d="-0 1 -0"/>
        </f>
        <f v="111 110 99" fn="-0 1 -0">
            <n d="-0 1 -0"/>
            <n d="-0 1 -0"/>
            <n d="-0 1 -0"/>
        </f>
        <f v="120 111 93" fn="-0 1 0">
            <n d="-0 1 -0"/>
            <n d="-0 1 -0"/>
            <n d="-0 1 -0"/>
        </f>
        <f v="121 120 92" fn="-0 1 -0">
            <n d="-0 1 -0"/>
            <n d="-0 1 -0"/>
            <n d="-0 1 -0"/>
        </f>
        <f v="119 22 112" fn="0 1 0">
            <n d="-0 1 -0"/>
            <n d="-0 1 -0"/>
            <n d="-0 1 -0"/>
        </f>
        <f v="119 112 111" fn="-0 1 -0">
            <n d="-0 1 -0"/>
            <n d="-0 1 -0"/>
            <n d="-0 1 -0"/>
        </f>
        <f v="120 119 111" fn="-0 1 -0">
            <n d="-0 1 -0"/>
            <n d="-0 1 -0"/>
            <n d="-0 1 -0"/>
        </f>
        <f v="121 92 18" fn="0 1 0">
            <n d="-0 1 -0"/>
            <n d="-0 1 -0"/>
            <n d="-0 1 -0"/>
        </f>
    </facets>
    <facets color="1e1e1e">
        <f v="117 122 123" fn="-0 -1 -0">
            <n d="0 -1 0"/>
            <n d="0 -1 0"/>
            <n d="0 -1 0"/>
        </f>
        <f v="74 123 124" fn="0 -1 0">
            <n d="0 -1 0"/>
            <n d="0 -1 0"/>
            <n d="0 -1 0"/>
        </f>
        <f v="74 124 13" fn="0 -1 0">
            <n d="0 -1 0"/>
            <n d="0 -1 0"/>
            <n d="0 -1 0"/>
        </f>
        <f v="75 123 74" fn="0 -1 0">
            <n d="0 -1 0"/>
            <n d="0 -1 0"/>
            <n d="0 -1 0"/>
        </f>
        <f v="105 123 75" fn="-0 -1 -0">
            <n d="0 -1 0"/>
            <n d="0 -1 0"/>
            <n d="0 -1 0"/>
        </f>
        <f v="104 75 76" fn="0 -1 0">
            <n d="0 -1 0"/>
            <n d="0 -1 0"/>
            <n d="0 -1 0"/>
        </f>
        <f v="104 76 12" fn="0 -1 -0">
            <n d="0 -1 0"/>
            <n d="0 -1 0"/>
            <n d="0 -1 0"/>
        </f>
        <f v="105 75 104" fn="0 -1 -0">
            <n d="0 -1 0"/>
            <n d="0 -1 0"/>
            <n d="0 -1 0"/>
        </f>
        <f v="117 123 105" fn="-0 -1 -0">
            <n d="0 -1 0"/>
            <n d="0 -1 0"/>
            <n d="0 -1 0"/>
        </f>
        <f v="116 105 106" fn="0 -1 0">
            <n d="0 -1 0"/>
            <n d="0 -1 0"/>
            <n d="0 -1 0"/>
        </f>
        <f v="116 106 21" fn="0 -1 0">
            <n d="0 -1 0"/>
            <n d="0 -1 0"/>
            <n d="0 -1 0"/>
        </f>
        <f v="118 122 117" fn="0 -1 -0">
            <n d="0 -1 0"/>
            <n d="0 -1 0"/>
            <n d="0 -1 0"/>
        </f>
        <f v="117 105 116" fn="0 -1 0">
            <n d="0 -1 0"/>
            <n d="0 -1 0"/>
            <n d="0 -1 0"/>
        </f>
        <f v="118 23 122" fn="-0 -1 -0">
            <n d="0 -1 0"/>
            <n d="0 -1 0"/>
            <n d="0 -1 0"/>
        </f>
    </facets>
    <facets color="b2b2b2">
        <f v="126 135 136" fn="0 0 1">
            <n d="1.0842021724855e-015 -0 1"/>
            <n d="1.0842021724855e-015 -0 1"/>
            <n d="1.0842021724855e-015 -0 1"/>
        </f>
        <f v="132 134 135" fn="0 0 1">
            <n d="1.0842021724855e-015 -0 1"/>
            <n d="1.0842021724855e-015 -0 1"/>
            <n d="1.0842021724855e-015 -0 1"/>
        </f>
        <f v="131 27 134" fn="0 -0 1">
            <n d="1.0842021724855e-015 -0 1"/>
            <n d="1.0842021724855e-015 -0 1"/>
            <n d="1.0842021724855e-015 -0 1"/>
        </f>
        <f v="132 131 134" fn="0 -0 1">
            <n d="1.0842021724855e-015 -0 1"/>
            <n d="1.0842021724855e-015 -0 1"/>
            <n d="1.0842021724855e-015 -0 1"/>
        </f>
        <f v="129 132 135" fn="0 0 1">
            <n d="1.0842021724855e-015 -0 1"/>
            <n d="1.0842021724855e-015 -0 1"/>
            <n d="1.0842021724855e-015 -0 1"/>
        </f>
        <f v="128 133 132" fn="-0 -0 1">
            <n d="1.0842021724855e-015 -0 1"/>
            <n d="1.0842021724855e-015 -0 1"/>
            <n d="1.0842021724855e-015 -0 1"/>
        </f>
        <f v="128 26 133" fn="-0 -0 1">
            <n d="1.0842021724855e-015 -0 1"/>
            <n d="1.0842021724855e-015 -0 1"/>
            <n d="1.0842021724855e-015 -0 1"/>
        </f>
        <f v="129 128 132" fn="-0 -0 1">
            <n d="1.0842021724855e-015 -0 1"/>
            <n d="1.0842021724855e-015 -0 1"/>
            <n d="1.0842021724855e-015 -0 1"/>
        </f>
        <f v="126 129 135" fn="0 -0 1">
            <n d="1.0842021724855e-015 -0 1"/>
            <n d="1.0842021724855e-015 -0 1"/>
            <n d="1.0842021724855e-015 -0 1"/>
        </f>
        <f v="125 126 136" fn="-0 -0 1">
            <n d="1.0842021724855e-015 -0 1"/>
            <n d="1.0842021724855e-015 -0 1"/>
            <n d="1.0842021724855e-015 -0 1"/>
        </f>
        <f v="127 25 130" fn="0 0 1">
            <n d="1.0842021724855e-015 -0 1"/>
            <n d="1.0842021724855e-015 -0 1"/>
            <n d="1.0842021724855e-015 -0 1"/>
        </f>
        <f v="126 130 129" fn="0 0 1">
            <n d="1.0842021724855e-015 -0 1"/>
            <n d="1.0842021724855e-015 -0 1"/>
            <n d="1.0842021724855e-015 -0 1"/>
        </f>
        <f v="126 127 130" fn="-0 -0 1">
            <n d="1.0842021724855e-015 -0 1"/>
            <n d="1.0842021724855e-015 -0 1"/>
            <n d="1.0842021724855e-015 -0 1"/>
        </f>
        <f v="125 136 24" fn="0 0 1">
            <n d="1.0842021724855e-015 -0 1"/>
            <n d="1.0842021724855e-015 -0 1"/>
            <n d="1.0842021724855e-015 -0 1"/>
        </f>
    </facets>
    <facets color="b2b2b2">
        <f v="138 84 85" fn="1 0 0">
            <n d="1 -0 8.67361737988396e-015"/>
            <n d="1 -0 8.67361737988396e-015"/>
            <n d="1 -0 8.67361737988396e-015"/>
        </f>
        <f v="144 83 84" fn="1 0 0">
            <n d="1 -0 8.67361737988396e-015"/>
            <n d="1 -0 8.67361737988396e-015"/>
            <n d="1 -0 8.67361737988396e-015"/>
        </f>
        <f v="143 16 83" fn="1 -0 -0">
            <n d="1 -0 8.67361737988396e-015"/>
            <n d="1 -0 8.67361737988396e-015"/>
            <n d="1 -0 8.67361737988396e-015"/>
        </f>
        <f v="144 143 83" fn="1 -0 -0">
            <n d="1 -0 8.67361737988396e-015"/>
            <n d="1 -0 8.67361737988396e-015"/>
            <n d="1 -0 8.67361737988396e-015"/>
        </f>
        <f v="141 144 84" fn="1 0 0">
            <n d="1 -0 8.67361737988396e-015"/>
            <n d="1 -0 8.67361737988396e-015"/>
            <n d="1 -0 8.67361737988396e-015"/>
        </f>
        <f v="140 145 144" fn="1 -0 -0">
            <n d="1 -0 8.67361737988396e-015"/>
            <n d="1 -0 8.67361737988396e-015"/>
            <n d="1 -0 8.67361737988396e-015"/>
        </f>
        <f v="140 29 145" fn="1 -0 -0">
            <n d="1 -0 8.67361737988396e-015"/>
            <n d="1 -0 8.67361737988396e-015"/>
            <n d="1 -0 8.67361737988396e-015"/>
        </f>
        <f v="141 140 144" fn="1 -0 -0">
            <n d="1 -0 8.67361737988396e-015"/>
            <n d="1 -0 8.67361737988396e-015"/>
            <n d="1 -0 8.67361737988396e-015"/>
        </f>
        <f v="138 141 84" fn="1 -0 0">
            <n d="1 -0 8.67361737988396e-015"/>
            <n d="1 -0 8.67361737988396e-015"/>
            <n d="1 -0 8.67361737988396e-015"/>
        </f>
        <f v="137 138 85" fn="1 -0 -0">
            <n d="1 -0 8.67361737988396e-015"/>
            <n d="1 -0 8.67361737988396e-015"/>
            <n d="1 -0 8.67361737988396e-015"/>
        </f>
        <f v="139 28 142" fn="1 0 0">
            <n d="1 -0 8.67361737988396e-015"/>
            <n d="1 -0 8.67361737988396e-015"/>
            <n d="1 -0 8.67361737988396e-015"/>
        </f>
        <f v="138 142 141" fn="1 0 0">
            <n d="1 -0 8.67361737988396e-015"/>
            <n d="1 -0 8.67361737988396e-015"/>
            <n d="1 -0 8.67361737988396e-015"/>
        </f>
        <f v="138 139 142" fn="1 -0 -0">
            <n d="1 -0 8.67361737988396e-015"/>
            <n d="1 -0 8.67361737988396e-015"/>
            <n d="1 -0 8.67361737988396e-015"/>
        </f>
        <f v="137 85 15" fn="1 0 0">
            <n d="1 -0 8.67361737988396e-015"/>
            <n d="1 -0 8.67361737988396e-015"/>
            <n d="1 -0 8.67361737988396e-015"/>
        </f>
    </facets>
    <facets color="b2b2b2">
        <f v="147 141 142" fn="0 0 -1">
            <n d="-5.42101086242751e-016 -0 -1"/>
            <n d="-5.42101086242751e-016 -0 -1"/>
            <n d="-5.42101086242751e-016 -0 -1"/>
        </f>
        <f v="152 140 141" fn="-0 -0 -1">
            <n d="-5.42101086242751e-016 -0 -1"/>
            <n d="-5.42101086242751e-016 -0 -1"/>
            <n d="-5.42101086242751e-016 -0 -1"/>
        </f>
        <f v="152 29 140" fn="0 -0 -1">
            <n d="-5.42101086242751e-016 -0 -1"/>
            <n d="-5.42101086242751e-016 -0 -1"/>
            <n d="-5.42101086242751e-016 -0 -1"/>
        </f>
        <f v="153 152 141" fn="0 -0 -1">
            <n d="-5.42101086242751e-016 -0 -1"/>
            <n d="-5.42101086242751e-016 -0 -1"/>
            <n d="-5.42101086242751e-016 -0 -1"/>
        </f>
        <f v="147 153 141" fn="0 0 -1">
            <n d="-5.42101086242751e-016 -0 -1"/>
            <n d="-5.42101086242751e-016 -0 -1"/>
            <n d="-5.42101086242751e-016 -0 -1"/>
        </f>
        <f v="150 154 153" fn="0 0 -1">
            <n d="-5.42101086242751e-016 -0 -1"/>
            <n d="-5.42101086242751e-016 -0 -1"/>
            <n d="-5.42101086242751e-016 -0 -1"/>
        </f>
        <f v="149 31 154" fn="-0 -0 -1">
            <n d="-5.42101086242751e-016 -0 -1"/>
            <n d="-5.42101086242751e-016 -0 -1"/>
            <n d="-5.42101086242751e-016 -0 -1"/>
        </f>
        <f v="150 149 154" fn="-0 -0 -1">
            <n d="-5.42101086242751e-016 -0 -1"/>
            <n d="-5.42101086242751e-016 -0 -1"/>
            <n d="-5.42101086242751e-016 -0 -1"/>
        </f>
        <f v="147 150 153" fn="-0 0 -1">
            <n d="-5.42101086242751e-016 -0 -1"/>
            <n d="-5.42101086242751e-016 -0 -1"/>
            <n d="-5.42101086242751e-016 -0 -1"/>
        </f>
        <f v="146 147 142" fn="-0 0 -1">
            <n d="-5.42101086242751e-016 -0 -1"/>
            <n d="-5.42101086242751e-016 -0 -1"/>
            <n d="-5.42101086242751e-016 -0 -1"/>
        </f>
        <f v="148 30 151" fn="0 0 -1">
            <n d="-5.42101086242751e-016 -0 -1"/>
            <n d="-5.42101086242751e-016 -0 -1"/>
            <n d="-5.42101086242751e-016 -0 -1"/>
        </f>
        <f v="148 151 150" fn="-0 -0 -1">
            <n d="-5.42101086242751e-016 -0 -1"/>
            <n d="-5.42101086242751e-016 -0 -1"/>
            <n d="-5.42101086242751e-016 -0 -1"/>
        </f>
        <f v="147 148 150" fn="-0 -0 -1">
            <n d="-5.42101086242751e-016 -0 -1"/>
            <n d="-5.42101086242751e-016 -0 -1"/>
            <n d="-5.42101086242751e-016 -0 -1"/>
        </f>
        <f v="146 142 28" fn="0 0 -1">
            <n d="-5.42101086242751e-016 -0 -1"/>
            <n d="-5.42101086242751e-016 -0 -1"/>
            <n d="-5.42101086242751e-016 -0 -1"/>
        </f>
    </facets>
    <facets color="b2b2b2">
        <f v="156 150 151" fn="-1 0 0">
            <n d="-1 -0 -0"/>
            <n d="-1 -0 -0"/>
            <n d="-1 -0 -0"/>
        </f>
        <f v="159 149 150" fn="-1 0 0">
            <n d="-1 -0 -0"/>
            <n d="-1 -0 -0"/>
            <n d="-1 -0 -0"/>
        </f>
        <f v="158 31 149" fn="-1 -0 -0">
            <n d="-1 -0 -0"/>
            <n d="-1 -0 -0"/>
            <n d="-1 -0 -0"/>
        </f>
        <f v="159 158 149" fn="-1 -0 -0">
            <n d="-1 -0 -0"/>
            <n d="-1 -0 -0"/>
            <n d="-1 -0 -0"/>
        </f>
        <f v="156 159 150" fn="-1 0 0">
            <n d="-1 -0 -0"/>
            <n d="-1 -0 -0"/>
            <n d="-1 -0 -0"/>
        </f>
        <f v="135 160 159" fn="-1 0 0">
            <n d="-1 -0 -0"/>
            <n d="-1 -0 -0"/>
            <n d="-1 -0 -0"/>
        </f>
        <f v="134 27 160" fn="-1 0 -0">
            <n d="-1 -0 -0"/>
            <n d="-1 -0 -0"/>
            <n d="-1 -0 -0"/>
        </f>
        <f v="135 134 160" fn="-1 0 -0">
            <n d="-1 -0 -0"/>
            <n d="-1 -0 -0"/>
            <n d="-1 -0 -0"/>
        </f>
        <f v="156 135 159" fn="-1 -0 -0">
            <n d="-1 -0 -0"/>
            <n d="-1 -0 -0"/>
            <n d="-1 -0 -0"/>
        </f>
        <f v="155 156 151" fn="-1 0 -0">
            <n d="-1 -0 -0"/>
            <n d="-1 -0 -0"/>
            <n d="-1 -0 -0"/>
        </f>
        <f v="157 24 136" fn="-1 0 0">
            <n d="-1 -0 -0"/>
            <n d="-1 -0 -0"/>
            <n d="-1 -0 -0"/>
        </f>
        <f v="157 136 135" fn="-1 -0 -0">
            <n d="-1 -0 -0"/>
            <n d="-1 -0 -0"/>
            <n d="-1 -0 -0"/>
        </f>
        <f v="156 157 135" fn="-1 -0 -0">
            <n d="-1 -0 -0"/>
            <n d="-1 -0 -0"/>
            <n d="-1 -0 -0"/>
        </f>
        <f v="155 151 30" fn="-1 0 0">
            <n d="-1 -0 -0"/>
            <n d="-1 -0 -0"/>
            <n d="-1 -0 -0"/>
        </f>
    </facets>
    <facets color="b2b2b2">
        <f v="157 162 161" fn="0 -1 0">
            <n d="-0 -1 -0"/>
            <n d="-0 -1 -0"/>
            <n d="-0 -1 -0"/>
        </f>
        <f v="30 148 14" fn="0 -1 0">
            <n d="-0 -1 -0"/>
            <n d="-0 -1 -0"/>
            <n d="-0 -1 -0"/>
        </f>
        <f v="147 81 80" fn="0 -1 0">
            <n d="-0 -1 -0"/>
            <n d="-0 -1 -0"/>
            <n d="-0 -1 -0"/>
        </f>
        <f v="146 82 81" fn="0 -1 0">
            <n d="-0 -1 -0"/>
            <n d="-0 -1 -0"/>
            <n d="-0 -1 -0"/>
        </f>
        <f v="137 15 82" fn="-0 -1 0">
            <n d="-0 -1 -0"/>
            <n d="-0 -1 -0"/>
            <n d="-0 -1 -0"/>
        </f>
        <f v="138 137 82" fn="-0 -1 0">
            <n d="-0 -1 -0"/>
            <n d="-0 -1 -0"/>
            <n d="-0 -1 -0"/>
        </f>
        <f v="139 138 82" fn="-0 -1 0">
            <n d="-0 -1 -0"/>
            <n d="-0 -1 -0"/>
            <n d="-0 -1 -0"/>
        </f>
        <f v="28 139 82" fn="-0 -1 0">
            <n d="-0 -1 -0"/>
            <n d="-0 -1 -0"/>
            <n d="-0 -1 -0"/>
        </f>
        <f v="146 28 82" fn="-0 -1 -0">
            <n d="-0 -1 -0"/>
            <n d="-0 -1 -0"/>
            <n d="-0 -1 -0"/>
        </f>
        <f v="148 80 14" fn="0 -1 0">
            <n d="-0 -1 -0"/>
            <n d="-0 -1 -0"/>
            <n d="-0 -1 -0"/>
        </f>
        <f v="147 146 81" fn="-0 -1 -0">
            <n d="-0 -1 -0"/>
            <n d="-0 -1 -0"/>
            <n d="-0 -1 -0"/>
        </f>
        <f v="148 147 80" fn="-0 -1 -0">
            <n d="-0 -1 -0"/>
            <n d="-0 -1 -0"/>
            <n d="-0 -1 -0"/>
        </f>
        <f v="155 14 163" fn="0 -1 0">
            <n d="-0 -1 -0"/>
            <n d="-0 -1 -0"/>
            <n d="-0 -1 -0"/>
        </f>
        <f v="156 163 162" fn="0 -1 0">
            <n d="-0 -1 -0"/>
            <n d="-0 -1 -0"/>
            <n d="-0 -1 -0"/>
        </f>
        <f v="155 30 14" fn="-0 -1 -0">
            <n d="-0 -1 -0"/>
            <n d="-0 -1 -0"/>
            <n d="-0 -1 -0"/>
        </f>
        <f v="156 155 163" fn="-0 -1 -0">
            <n d="-0 -1 -0"/>
            <n d="-0 -1 -0"/>
            <n d="-0 -1 -0"/>
        </f>
        <f v="157 156 162" fn="-0 -1 -0">
            <n d="-0 -1 -0"/>
            <n d="-0 -1 -0"/>
            <n d="-0 -1 -0"/>
        </f>
        <f v="126 157 161" fn="0 -1 -0">
            <n d="-0 -1 -0"/>
            <n d="-0 -1 -0"/>
            <n d="-0 -1 -0"/>
        </f>
        <f v="126 125 157" fn="-0 -1 -0">
            <n d="-0 -1 -0"/>
            <n d="-0 -1 -0"/>
            <n d="-0 -1 -0"/>
        </f>
        <f v="125 24 157" fn="-0 -1 -0">
            <n d="-0 -1 -0"/>
            <n d="-0 -1 -0"/>
            <n d="-0 -1 -0"/>
        </f>
        <f v="127 126 161" fn="-0 -1 -0">
            <n d="-0 -1 -0"/>
            <n d="-0 -1 -0"/>
            <n d="-0 -1 -0"/>
        </f>
        <f v="127 161 25" fn="0 -1 0">
            <n d="-0 -1 -0"/>
            <n d="-0 -1 -0"/>
            <n d="-0 -1 -0"/>
        </f>
    </facets>
    <facets color="b2b2b2">
        <f v="160 27 131" fn="-0 1 -0">
            <n d="0 1 0"/>
            <n d="0 1 0"/>
            <n d="0 1 0"/>
        </f>
        <f v="160 131 132" fn="-0 1 -0">
            <n d="0 1 0"/>
            <n d="0 1 0"/>
            <n d="0 1 0"/>
        </f>
        <f v="164 132 133" fn="0 1 0">
            <n d="0 1 0"/>
            <n d="0 1 0"/>
            <n d="0 1 0"/>
        </f>
        <f v="164 133 26" fn="0 1 -0">
            <n d="0 1 0"/>
            <n d="0 1 0"/>
            <n d="0 1 0"/>
        </f>
        <f v="31 17 154" fn="-0 1 -0">
            <n d="0 1 0"/>
            <n d="0 1 0"/>
            <n d="0 1 0"/>
        </f>
        <f v="153 86 87" fn="-0 1 -0">
            <n d="0 1 0"/>
            <n d="0 1 0"/>
            <n d="0 1 0"/>
        </f>
        <f v="152 87 88" fn="-0 1 -0">
            <n d="0 1 0"/>
            <n d="0 1 0"/>
            <n d="0 1 0"/>
        </f>
        <f v="143 88 16" fn="0 1 -0">
            <n d="0 1 0"/>
            <n d="0 1 0"/>
            <n d="0 1 0"/>
        </f>
        <f v="144 88 143" fn="0 1 -0">
            <n d="0 1 0"/>
            <n d="0 1 0"/>
            <n d="0 1 0"/>
        </f>
        <f v="145 88 144" fn="0 1 -0">
            <n d="0 1 0"/>
            <n d="0 1 0"/>
            <n d="0 1 0"/>
        </f>
        <f v="29 88 145" fn="0 1 -0">
            <n d="0 1 0"/>
            <n d="0 1 0"/>
            <n d="0 1 0"/>
        </f>
        <f v="152 88 29" fn="0 1 0">
            <n d="0 1 0"/>
            <n d="0 1 0"/>
            <n d="0 1 0"/>
        </f>
        <f v="154 17 86" fn="-0 1 -0">
            <n d="0 1 0"/>
            <n d="0 1 0"/>
            <n d="0 1 0"/>
        </f>
        <f v="153 87 152" fn="0 1 0">
            <n d="0 1 0"/>
            <n d="0 1 0"/>
            <n d="0 1 0"/>
        </f>
        <f v="154 86 153" fn="0 1 0">
            <n d="0 1 0"/>
            <n d="0 1 0"/>
            <n d="0 1 0"/>
        </f>
        <f v="158 166 17" fn="-0 1 -0">
            <n d="0 1 0"/>
            <n d="0 1 0"/>
            <n d="0 1 0"/>
        </f>
        <f v="159 165 166" fn="-0 1 -0">
            <n d="0 1 0"/>
            <n d="0 1 0"/>
            <n d="0 1 0"/>
        </f>
        <f v="158 17 31" fn="0 1 0">
            <n d="0 1 0"/>
            <n d="0 1 0"/>
            <n d="0 1 0"/>
        </f>
        <f v="159 166 158" fn="0 1 0">
            <n d="0 1 0"/>
            <n d="0 1 0"/>
            <n d="0 1 0"/>
        </f>
        <f v="160 164 165" fn="-0 1 -0">
            <n d="0 1 0"/>
            <n d="0 1 0"/>
            <n d="0 1 0"/>
        </f>
        <f v="160 165 159" fn="0 1 0">
            <n d="0 1 0"/>
            <n d="0 1 0"/>
            <n d="0 1 0"/>
        </f>
        <f v="160 132 164" fn="0 1 0">
            <n d="0 1 0"/>
            <n d="0 1 0"/>
            <n d="0 1 0"/>
        </f>
    </facets>
    <facets color="b2b2b2">
        <f v="109 34 33" fn="-0 -0 1">
            <n d="-1.0842021724855e-015 0 1"/>
            <n d="-1.0842021724855e-015 0 1"/>
            <n d="-1.0842021724855e-015 0 1"/>
        </f>
        <f v="169 33 32" fn="0 0 1">
            <n d="-1.0842021724855e-015 0 1"/>
            <n d="-1.0842021724855e-015 0 1"/>
            <n d="-1.0842021724855e-015 0 1"/>
        </f>
        <f v="169 32 0" fn="0 0 1">
            <n d="-1.0842021724855e-015 0 1"/>
            <n d="-1.0842021724855e-015 0 1"/>
            <n d="-1.0842021724855e-015 0 1"/>
        </f>
        <f v="168 33 169" fn="0 0 1">
            <n d="-1.0842021724855e-015 0 1"/>
            <n d="-1.0842021724855e-015 0 1"/>
            <n d="-1.0842021724855e-015 0 1"/>
        </f>
        <f v="51 33 168" fn="-0 -0 1">
            <n d="-1.0842021724855e-015 0 1"/>
            <n d="-1.0842021724855e-015 0 1"/>
            <n d="-1.0842021724855e-015 0 1"/>
        </f>
        <f v="51 168 167" fn="-0 -0 1">
            <n d="-1.0842021724855e-015 0 1"/>
            <n d="-1.0842021724855e-015 0 1"/>
            <n d="-1.0842021724855e-015 0 1"/>
        </f>
        <f v="50 167 6" fn="-0 0 1">
            <n d="-1.0842021724855e-015 0 1"/>
            <n d="-1.0842021724855e-015 0 1"/>
            <n d="-1.0842021724855e-015 0 1"/>
        </f>
        <f v="51 167 50" fn="-0 0 1">
            <n d="-1.0842021724855e-015 0 1"/>
            <n d="-1.0842021724855e-015 0 1"/>
            <n d="-1.0842021724855e-015 0 1"/>
        </f>
        <f v="108 33 51" fn="-0 -0 1">
            <n d="-1.0842021724855e-015 0 1"/>
            <n d="-1.0842021724855e-015 0 1"/>
            <n d="-1.0842021724855e-015 0 1"/>
        </f>
        <f v="107 51 52" fn="0 0 1">
            <n d="-1.0842021724855e-015 0 1"/>
            <n d="-1.0842021724855e-015 0 1"/>
            <n d="-1.0842021724855e-015 0 1"/>
        </f>
        <f v="107 52 7" fn="0 0 1">
            <n d="-1.0842021724855e-015 0 1"/>
            <n d="-1.0842021724855e-015 0 1"/>
            <n d="-1.0842021724855e-015 0 1"/>
        </f>
        <f v="109 33 108" fn="-0 0 1">
            <n d="-1.0842021724855e-015 0 1"/>
            <n d="-1.0842021724855e-015 0 1"/>
            <n d="-1.0842021724855e-015 0 1"/>
        </f>
        <f v="108 51 107" fn="0 0 1">
            <n d="-1.0842021724855e-015 0 1"/>
            <n d="-1.0842021724855e-015 0 1"/>
            <n d="-1.0842021724855e-015 0 1"/>
        </f>
        <f v="109 1 34" fn="-0 -0 1">
            <n d="-1.0842021724855e-015 0 1"/>
            <n d="-1.0842021724855e-015 0 1"/>
            <n d="-1.0842021724855e-015 0 1"/>
        </f>
    </facets>
    <facets color="b2b2b2">
        <f v="172 43 42" fn="-1 -0 -0">
            <n d="-1 0 8.67361737988396e-015"/>
            <n d="-1 0 8.67361737988396e-015"/>
            <n d="-1 0 8.67361737988396e-015"/>
        </f>
        <f v="70 42 41" fn="-1 0 0">
            <n d="-1 0 8.67361737988396e-015"/>
            <n d="-1 0 8.67361737988396e-015"/>
            <n d="-1 0 8.67361737988396e-015"/>
        </f>
        <f v="70 41 3" fn="-1 -0 0">
            <n d="-1 0 8.67361737988396e-015"/>
            <n d="-1 0 8.67361737988396e-015"/>
            <n d="-1 0 8.67361737988396e-015"/>
        </f>
        <f v="69 42 70" fn="-1 -0 0">
            <n d="-1 0 8.67361737988396e-015"/>
            <n d="-1 0 8.67361737988396e-015"/>
            <n d="-1 0 8.67361737988396e-015"/>
        </f>
        <f v="60 42 69" fn="-1 -0 -0">
            <n d="-1 0 8.67361737988396e-015"/>
            <n d="-1 0 8.67361737988396e-015"/>
            <n d="-1 0 8.67361737988396e-015"/>
        </f>
        <f v="60 69 68" fn="-1 -0 -0">
            <n d="-1 0 8.67361737988396e-015"/>
            <n d="-1 0 8.67361737988396e-015"/>
            <n d="-1 0 8.67361737988396e-015"/>
        </f>
        <f v="59 68 10" fn="-1 0 0">
            <n d="-1 0 8.67361737988396e-015"/>
            <n d="-1 0 8.67361737988396e-015"/>
            <n d="-1 0 8.67361737988396e-015"/>
        </f>
        <f v="60 68 59" fn="-1 0 0">
            <n d="-1 0 8.67361737988396e-015"/>
            <n d="-1 0 8.67361737988396e-015"/>
            <n d="-1 0 8.67361737988396e-015"/>
        </f>
        <f v="171 42 60" fn="-1 -0 0">
            <n d="-1 0 8.67361737988396e-015"/>
            <n d="-1 0 8.67361737988396e-015"/>
            <n d="-1 0 8.67361737988396e-015"/>
        </f>
        <f v="170 60 61" fn="-1 0 0">
            <n d="-1 0 8.67361737988396e-015"/>
            <n d="-1 0 8.67361737988396e-015"/>
            <n d="-1 0 8.67361737988396e-015"/>
        </f>
        <f v="170 61 9" fn="-1 0 0">
            <n d="-1 0 8.67361737988396e-015"/>
            <n d="-1 0 8.67361737988396e-015"/>
            <n d="-1 0 8.67361737988396e-015"/>
        </f>
        <f v="172 42 171" fn="-1 0 0">
            <n d="-1 0 8.67361737988396e-015"/>
            <n d="-1 0 8.67361737988396e-015"/>
            <n d="-1 0 8.67361737988396e-015"/>
        </f>
        <f v="171 60 170" fn="-1 0 0">
            <n d="-1 0 8.67361737988396e-015"/>
            <n d="-1 0 8.67361737988396e-015"/>
            <n d="-1 0 8.67361737988396e-015"/>
        </f>
        <f v="172 4 43" fn="-1 -0 -0">
            <n d="-1 0 8.67361737988396e-015"/>
            <n d="-1 0 8.67361737988396e-015"/>
            <n d="-1 0 8.67361737988396e-015"/>
        </f>
    </facets>
    <facets color="b2b2b2">
        <f v="174 46 45" fn="-0 -0 -1">
            <n d="5.42101086242751e-016 0 -1"/>
            <n d="5.42101086242751e-016 0 -1"/>
            <n d="5.42101086242751e-016 0 -1"/>
        </f>
        <f v="172 45 44" fn="0 0 -1">
            <n d="5.42101086242751e-016 0 -1"/>
            <n d="5.42101086242751e-016 0 -1"/>
            <n d="5.42101086242751e-016 0 -1"/>
        </f>
        <f v="172 44 4" fn="0 0 -1">
            <n d="5.42101086242751e-016 0 -1"/>
            <n d="5.42101086242751e-016 0 -1"/>
            <n d="5.42101086242751e-016 0 -1"/>
        </f>
        <f v="171 45 172" fn="0 0 -1">
            <n d="5.42101086242751e-016 0 -1"/>
            <n d="5.42101086242751e-016 0 -1"/>
            <n d="5.42101086242751e-016 0 -1"/>
        </f>
        <f v="57 45 171" fn="-0 -0 -1">
            <n d="5.42101086242751e-016 0 -1"/>
            <n d="5.42101086242751e-016 0 -1"/>
            <n d="5.42101086242751e-016 0 -1"/>
        </f>
        <f v="56 171 170" fn="0 0 -1">
            <n d="5.42101086242751e-016 0 -1"/>
            <n d="5.42101086242751e-016 0 -1"/>
            <n d="5.42101086242751e-016 0 -1"/>
        </f>
        <f v="56 170 9" fn="-0 0 -1">
            <n d="5.42101086242751e-016 0 -1"/>
            <n d="5.42101086242751e-016 0 -1"/>
            <n d="5.42101086242751e-016 0 -1"/>
        </f>
        <f v="57 171 56" fn="-0 0 -1">
            <n d="5.42101086242751e-016 0 -1"/>
            <n d="5.42101086242751e-016 0 -1"/>
            <n d="5.42101086242751e-016 0 -1"/>
        </f>
        <f v="174 45 57" fn="-0 -0 -1">
            <n d="5.42101086242751e-016 0 -1"/>
            <n d="5.42101086242751e-016 0 -1"/>
            <n d="5.42101086242751e-016 0 -1"/>
        </f>
        <f v="174 57 58" fn="-0 -0 -1">
            <n d="5.42101086242751e-016 0 -1"/>
            <n d="5.42101086242751e-016 0 -1"/>
            <n d="5.42101086242751e-016 0 -1"/>
        </f>
        <f v="173 58 8" fn="0 0 -1">
            <n d="5.42101086242751e-016 0 -1"/>
            <n d="5.42101086242751e-016 0 -1"/>
            <n d="5.42101086242751e-016 0 -1"/>
        </f>
        <f v="175 46 174" fn="-0 0 -1">
            <n d="5.42101086242751e-016 0 -1"/>
            <n d="5.42101086242751e-016 0 -1"/>
            <n d="5.42101086242751e-016 0 -1"/>
        </f>
        <f v="174 58 173" fn="0 0 -1">
            <n d="5.42101086242751e-016 0 -1"/>
            <n d="5.42101086242751e-016 0 -1"/>
            <n d="5.42101086242751e-016 0 -1"/>
        </f>
        <f v="175 5 46" fn="-0 -0 -1">
            <n d="5.42101086242751e-016 0 -1"/>
            <n d="5.42101086242751e-016 0 -1"/>
            <n d="5.42101086242751e-016 0 -1"/>
        </f>
    </facets>
    <facets color="b2b2b2">
        <f v="168 49 48" fn="1 -0 -0">
            <n d="1 0 0"/>
            <n d="1 0 0"/>
            <n d="1 0 0"/>
        </f>
        <f v="175 48 47" fn="1 0 0">
            <n d="1 0 0"/>
            <n d="1 0 0"/>
            <n d="1 0 0"/>
        </f>
        <f v="175 47 5" fn="1 0 0">
            <n d="1 0 0"/>
            <n d="1 0 0"/>
            <n d="1 0 0"/>
        </f>
        <f v="174 48 175" fn="1 0 0">
            <n d="1 0 0"/>
            <n d="1 0 0"/>
            <n d="1 0 0"/>
        </f>
        <f v="54 48 174" fn="1 0 -0">
            <n d="1 0 0"/>
            <n d="1 0 0"/>
            <n d="1 0 0"/>
        </f>
        <f v="54 174 173" fn="1 -0 -0">
            <n d="1 0 0"/>
            <n d="1 0 0"/>
            <n d="1 0 0"/>
        </f>
        <f v="53 173 8" fn="1 0 0">
            <n d="1 0 0"/>
            <n d="1 0 0"/>
            <n d="1 0 0"/>
        </f>
        <f v="54 173 53" fn="1 0 0">
            <n d="1 0 0"/>
            <n d="1 0 0"/>
            <n d="1 0 0"/>
        </f>
        <f v="168 48 54" fn="1 -0 0">
            <n d="1 0 0"/>
            <n d="1 0 0"/>
            <n d="1 0 0"/>
        </f>
        <f v="168 54 55" fn="1 -0 -0">
            <n d="1 0 0"/>
            <n d="1 0 0"/>
            <n d="1 0 0"/>
        </f>
        <f v="167 55 6" fn="1 -0 0">
            <n d="1 0 0"/>
            <n d="1 0 0"/>
            <n d="1 0 0"/>
        </f>
        <f v="169 49 168" fn="1 -0 0">
            <n d="1 0 0"/>
            <n d="1 0 0"/>
            <n d="1 0 0"/>
        </f>
        <f v="168 55 167" fn="1 -0 0">
            <n d="1 0 0"/>
            <n d="1 0 0"/>
            <n d="1 0 0"/>
        </f>
        <f v="169 0 49" fn="1 0 -0">
            <n d="1 0 0"/>
            <n d="1 0 0"/>
            <n d="1 0 0"/>
        </f>
    </facets>
    <facets color="1e1e1e">
        <f v="130 25 123" fn="-1 -0 -0">
            <n d="-1 -0 -0"/>
            <n d="-1 -0 -0"/>
            <n d="-1 -0 -0"/>
        </f>
        <f v="115 22 119" fn="-1 0 0">
            <n d="-1 -0 -0"/>
            <n d="-1 -0 -0"/>
            <n d="-1 -0 -0"/>
        </f>
        <f v="128 119 120" fn="-1 0 0">
            <n d="-1 -0 -0"/>
            <n d="-1 -0 -0"/>
            <n d="-1 -0 -0"/>
        </f>
        <f v="128 115 119" fn="-1 0 0">
            <n d="-1 -0 -0"/>
            <n d="-1 -0 -0"/>
            <n d="-1 -0 -0"/>
        </f>
        <f v="128 114 115" fn="-1 0 0">
            <n d="-1 -0 -0"/>
            <n d="-1 -0 -0"/>
            <n d="-1 -0 -0"/>
        </f>
        <f v="130 113 114" fn="-1 0 0">
            <n d="-1 -0 -0"/>
            <n d="-1 -0 -0"/>
            <n d="-1 -0 -0"/>
        </f>
        <f v="122 23 113" fn="-1 -0 -0">
            <n d="-1 -0 -0"/>
            <n d="-1 -0 -0"/>
            <n d="-1 -0 -0"/>
        </f>
        <f v="130 122 113" fn="-1 -0 -0">
            <n d="-1 -0 -0"/>
            <n d="-1 -0 -0"/>
            <n d="-1 -0 -0"/>
        </f>
        <f v="163 14 79" fn="-1 -0 -0">
            <n d="-1 -0 -0"/>
            <n d="-1 -0 -0"/>
            <n d="-1 -0 -0"/>
        </f>
        <f v="162 78 77" fn="-1 0 0">
            <n d="-1 -0 -0"/>
            <n d="-1 -0 -0"/>
            <n d="-1 -0 -0"/>
        </f>
        <f v="77 13 124" fn="-1 0 0">
            <n d="-1 -0 -0"/>
            <n d="-1 -0 -0"/>
            <n d="-1 -0 -0"/>
        </f>
        <f v="25 124 123" fn="-1 -0 0">
            <n d="-1 -0 -0"/>
            <n d="-1 -0 -0"/>
            <n d="-1 -0 -0"/>
        </f>
        <f v="162 77 124" fn="-1 -0 0">
            <n d="-1 -0 -0"/>
            <n d="-1 -0 -0"/>
            <n d="-1 -0 -0"/>
        </f>
        <f v="163 79 78" fn="-1 -0 -0">
            <n d="-1 -0 -0"/>
            <n d="-1 -0 -0"/>
            <n d="-1 -0 -0"/>
        </f>
        <f v="91 121 18" fn="-1 0 0">
            <n d="-1 -0 -0"/>
            <n d="-1 -0 -0"/>
            <n d="-1 -0 -0"/>
        </f>
        <f v="162 163 78" fn="-1 -0 -0">
            <n d="-1 -0 -0"/>
            <n d="-1 -0 -0"/>
            <n d="-1 -0 -0"/>
        </f>
        <f v="161 162 124" fn="-1 -0 -0">
            <n d="-1 -0 -0"/>
            <n d="-1 -0 -0"/>
            <n d="-1 -0 -0"/>
        </f>
        <f v="25 161 124" fn="-1 -0 -0">
            <n d="-1 -0 -0"/>
            <n d="-1 -0 -0"/>
            <n d="-1 -0 -0"/>
        </f>
        <f v="130 123 122" fn="-1 -0 -0">
            <n d="-1 -0 -0"/>
            <n d="-1 -0 -0"/>
            <n d="-1 -0 -0"/>
        </f>
        <f v="129 130 114" fn="-1 -0 0">
            <n d="-1 -0 -0"/>
            <n d="-1 -0 -0"/>
            <n d="-1 -0 -0"/>
        </f>
        <f v="128 129 114" fn="-1 -0 -0">
            <n d="-1 -0 -0"/>
            <n d="-1 -0 -0"/>
            <n d="-1 -0 -0"/>
        </f>
        <f v="26 128 120" fn="-1 0 0">
            <n d="-1 -0 -0"/>
            <n d="-1 -0 -0"/>
            <n d="-1 -0 -0"/>
        </f>
        <f v="26 120 121" fn="-1 0 -0">
            <n d="-1 -0 -0"/>
            <n d="-1 -0 -0"/>
            <n d="-1 -0 -0"/>
        </f>
        <f v="164 26 121" fn="-1 -0 -0">
            <n d="-1 -0 -0"/>
            <n d="-1 -0 -0"/>
            <n d="-1 -0 -0"/>
        </f>
        <f v="165 164 121" fn="-1 -0 -0">
            <n d="-1 -0 -0"/>
            <n d="-1 -0 -0"/>
            <n d="-1 -0 -0"/>
        </f>
        <f v="90 89 166" fn="-1 -0 -0">
            <n d="-1 -0 -0"/>
            <n d="-1 -0 -0"/>
            <n d="-1 -0 -0"/>
        </f>
        <f v="89 17 166" fn="-1 0 0">
            <n d="-1 -0 -0"/>
            <n d="-1 -0 -0"/>
            <n d="-1 -0 -0"/>
        </f>
        <f v="90 166 165" fn="-1 -0 -0">
            <n d="-1 -0 -0"/>
            <n d="-1 -0 -0"/>
            <n d="-1 -0 -0"/>
        </f>
        <f v="91 90 165" fn="-1 0 0">
            <n d="-1 -0 -0"/>
            <n d="-1 -0 -0"/>
            <n d="-1 -0 -0"/>
        </f>
        <f v="91 165 121" fn="-1 -0 0">
            <n d="-1 -0 -0"/>
            <n d="-1 -0 -0"/>
            <n d="-1 -0 -0"/>
        </f>
    </facets>
</shell>
</step-assembly>
