<?xml version="1.0" encoding="UTF-8" ?>
<step-assembly root="id832">
<product id="id832" name="WE-VS_1206" shape="id482" children="id834 id834 id833"/>
<product id="id834" name="SolderPad" shape="id483"/>
<product id="id833" name="base" shape="id481"/>
<shape id="id482" unit="mm 0.001000">
    <child ref="id481" xform="1 0 0 0 0 1 0 0 0 0 1 0 0 0 0 1"/>
    <child ref="id483" xform="1 0 0 0 0 1 0 0 0 0 1 0 1.35 0 2.1684e-016 1"/>
    <child ref="id483" xform="-1 0 0 0 0 1 -2.22045e-016 0 0 -2.22045e-016 -1 0 -1.35 0 1.7 1"/>
</shape>
<shape id="id481" unit="mm 0.001000">
    <child ref="id36" xform="1 0 0 0 0 1 0 0 0 0 1 0 0 0 0 1"/>
</shape>
<shape id="id36" unit="mm 0.001000" shell="id476"/>
<shape id="id483" unit="mm 0.001000">
    <child ref="id37" xform="1 0 0 0 0 1 0 0 0 0 1 0 0 0 0 1"/>
</shape>
<shape id="id37" unit="mm 0.001000" shell="id477"/>
<shell id="id476" color="333333">
    <verts>
        <v p="-1.1 -0.8 1.69"/>
        <v p="-1.1 -0.8 0.01"/>
        <v p="1.1 -0.8 0.01"/>
        <v p="1.1 -0.8 1.69"/>
        <v p="1.1 -0.79 0"/>
        <v p="1.1 0.79 0"/>
        <v p="-1.1 -0.79 0"/>
        <v p="-1.1 0.79 0"/>
        <v p="-1.1 0.8 0.01"/>
        <v p="-1.1 0.8 1.69"/>
        <v p="1.1 0.8 1.69"/>
        <v p="1.1 0.8 0.01"/>
        <v p="1.1 0.79 1.7"/>
        <v p="1.1 -0.79 1.7"/>
        <v p="-1.1 0.79 1.7"/>
        <v p="-1.1 -0.79 1.7"/>
        <v p="-1.1 -0.8 1.27"/>
        <v p="-1.1 -0.8 0.85"/>
        <v p="-1.1 -0.8 0.43"/>
        <v p="-0.55 -0.8 0.01"/>
        <v p="0 -0.8 0.01"/>
        <v p="0.55 -0.8 0.01"/>
        <v p="1.1 -0.8 1.27"/>
        <v p="1.1 -0.8 0.85"/>
        <v p="1.1 -0.8 0.43"/>
        <v p="0.55 -0.8 1.69"/>
        <v p="0 -0.8 1.69"/>
        <v p="-0.55 -0.8 1.69"/>
        <v p="1.1 -0.395 0"/>
        <v p="1.1 0 0"/>
        <v p="1.1 0.395 0"/>
        <v p="0.55 -0.79 0"/>
        <v p="0 -0.79 0"/>
        <v p="-0.55 -0.79 0"/>
        <v p="-1.1 -0.395 0"/>
        <v p="-1.1 0 0"/>
        <v p="-1.1 0.395 0"/>
        <v p="-0.55 0.79 0"/>
        <v p="0 0.79 0"/>
        <v p="0.55 0.79 0"/>
        <v p="-1.1 0.8 0.43"/>
        <v p="-1.1 0.8 0.85"/>
        <v p="-1.1 0.8 1.27"/>
        <v p="-0.55 0.8 1.69"/>
        <v p="0 0.8 1.69"/>
        <v p="0.55 0.8 1.69"/>
        <v p="1.1 0.8 0.43"/>
        <v p="1.1 0.8 0.85"/>
        <v p="1.1 0.8 1.27"/>
        <v p="0.55 0.8 0.01"/>
        <v p="0 0.8 0.01"/>
        <v p="-0.55 0.8 0.01"/>
        <v p="1.1 0.395 1.7"/>
        <v p="1.1 0 1.7"/>
        <v p="1.1 -0.395 1.7"/>
        <v p="0.55 0.79 1.7"/>
        <v p="0 0.79 1.7"/>
        <v p="-0.55 0.79 1.7"/>
        <v p="-1.1 0.395 1.7"/>
        <v p="-1.1 0 1.7"/>
        <v p="-1.1 -0.395 1.7"/>
        <v p="-0.55 -0.79 1.7"/>
        <v p="0 -0.79 1.7"/>
        <v p="0.55 -0.79 1.7"/>
        <v p="1.1 -0.799092596172405 0.00583770557918312"/>
        <v p="1.1 -0.79626385597143 0.00220486636617534"/>
        <v p="1.1 -0.792216937800101 0.000248836644252083"/>
        <v p="1.1 0.794162294420817 0.000907403827594856"/>
        <v p="1.1 0.797795133633825 0.00373614402857029"/>
        <v p="1.1 0.799751163355748 0.00778306219989845"/>
        <v p="1.1 0.799092596172405 1.69416229442082"/>
        <v p="1.1 0.79626385597143 1.69779513363382"/>
        <v p="1.1 0.792216937800102 1.69975116335575"/>
        <v p="1.1 -0.794162294420817 1.69909259617241"/>
        <v p="1.1 -0.797795133633825 1.69626385597143"/>
        <v p="1.1 -0.799751163355748 1.6922169378001"/>
        <v p="-1.1 -0.792216937800102 0.000248836644252084"/>
        <v p="-1.1 -0.79626385597143 0.00220486636617535"/>
        <v p="-1.1 -0.799092596172405 0.00583770557918312"/>
        <v p="-1.1 -0.799751163355748 1.6922169378001"/>
        <v p="-1.1 -0.797795133633825 1.69626385597143"/>
        <v p="-1.1 -0.794162294420817 1.69909259617241"/>
        <v p="-1.1 0.792216937800102 1.69975116335575"/>
        <v p="-1.1 0.79626385597143 1.69779513363382"/>
        <v p="-1.1 0.799092596172405 1.69416229442082"/>
        <v p="-1.1 0.799751163355748 0.00778306219989845"/>
        <v p="-1.1 0.797795133633825 0.00373614402857029"/>
        <v p="-1.1 0.794162294420817 0.000907403827594856"/>
    </verts>
    <facets color="333333">
        <f v="17 26 27" fn="0 -1 0">
            <n d="-0 -1 -1.91329795144501e-016"/>
            <n d="-0 -1 -1.91329795144501e-016"/>
            <n d="-0 -1 -1.91329795144501e-016"/>
        </f>
        <f v="23 25 26" fn="0 -1 0">
            <n d="-0 -1 -1.91329795144501e-016"/>
            <n d="-0 -1 -1.91329795144501e-016"/>
            <n d="-0 -1 -1.91329795144501e-016"/>
        </f>
        <f v="22 3 25" fn="-0 -1 0">
            <n d="-0 -1 -1.91329795144501e-016"/>
            <n d="-0 -1 -1.91329795144501e-016"/>
            <n d="-0 -1 -1.91329795144501e-016"/>
        </f>
        <f v="23 22 25" fn="-0 -1 0">
            <n d="-0 -1 -1.91329795144501e-016"/>
            <n d="-0 -1 -1.91329795144501e-016"/>
            <n d="-0 -1 -1.91329795144501e-016"/>
        </f>
        <f v="20 23 26" fn="0 -1 0">
            <n d="-0 -1 -1.91329795144501e-016"/>
            <n d="-0 -1 -1.91329795144501e-016"/>
            <n d="-0 -1 -1.91329795144501e-016"/>
        </f>
        <f v="21 24 23" fn="-0 -1 -0">
            <n d="-0 -1 -1.91329795144501e-016"/>
            <n d="-0 -1 -1.91329795144501e-016"/>
            <n d="-0 -1 -1.91329795144501e-016"/>
        </f>
        <f v="21 2 24" fn="-0 -1 -0">
            <n d="-0 -1 -1.91329795144501e-016"/>
            <n d="-0 -1 -1.91329795144501e-016"/>
            <n d="-0 -1 -1.91329795144501e-016"/>
        </f>
        <f v="20 21 23" fn="-0 -1 -0">
            <n d="-0 -1 -1.91329795144501e-016"/>
            <n d="-0 -1 -1.91329795144501e-016"/>
            <n d="-0 -1 -1.91329795144501e-016"/>
        </f>
        <f v="17 20 26" fn="0 -1 0">
            <n d="-0 -1 -1.91329795144501e-016"/>
            <n d="-0 -1 -1.91329795144501e-016"/>
            <n d="-0 -1 -1.91329795144501e-016"/>
        </f>
        <f v="16 17 27" fn="0 -1 -0">
            <n d="-0 -1 -1.91329795144501e-016"/>
            <n d="-0 -1 -1.91329795144501e-016"/>
            <n d="-0 -1 -1.91329795144501e-016"/>
        </f>
        <f v="18 1 19" fn="0 -1 0">
            <n d="-0 -1 -1.91329795144501e-016"/>
            <n d="-0 -1 -1.91329795144501e-016"/>
            <n d="-0 -1 -1.91329795144501e-016"/>
        </f>
        <f v="17 19 20" fn="0 -1 0">
            <n d="-0 -1 -1.91329795144501e-016"/>
            <n d="-0 -1 -1.91329795144501e-016"/>
            <n d="-0 -1 -1.91329795144501e-016"/>
        </f>
        <f v="17 18 19" fn="-0 -1 -0">
            <n d="-0 -1 -1.91329795144501e-016"/>
            <n d="-0 -1 -1.91329795144501e-016"/>
            <n d="-0 -1 -1.91329795144501e-016"/>
        </f>
        <f v="16 27 0" fn="0 -1 0">
            <n d="-0 -1 -1.91329795144501e-016"/>
            <n d="-0 -1 -1.91329795144501e-016"/>
            <n d="-0 -1 -1.91329795144501e-016"/>
        </f>
    </facets>
    <facets color="333333">
        <f v="29 38 39" fn="0 0 -1">
            <n d="-0 -0 -1"/>
            <n d="-0 -0 -1"/>
            <n d="-0 -0 -1"/>
        </f>
        <f v="36 7 37" fn="0 0 -1">
            <n d="-0 -0 -1"/>
            <n d="-0 -0 -1"/>
            <n d="-0 -0 -1"/>
        </f>
        <f v="35 37 38" fn="0 0 -1">
            <n d="-0 -0 -1"/>
            <n d="-0 -0 -1"/>
            <n d="-0 -0 -1"/>
        </f>
        <f v="35 36 37" fn="-0 -0 -1">
            <n d="-0 -0 -1"/>
            <n d="-0 -0 -1"/>
            <n d="-0 -0 -1"/>
        </f>
        <f v="32 35 38" fn="0 0 -1">
            <n d="-0 -0 -1"/>
            <n d="-0 -0 -1"/>
            <n d="-0 -0 -1"/>
        </f>
        <f v="33 34 35" fn="-0 -0 -1">
            <n d="-0 -0 -1"/>
            <n d="-0 -0 -1"/>
            <n d="-0 -0 -1"/>
        </f>
        <f v="33 6 34" fn="-0 -0 -1">
            <n d="-0 -0 -1"/>
            <n d="-0 -0 -1"/>
            <n d="-0 -0 -1"/>
        </f>
        <f v="32 33 35" fn="-0 -0 -1">
            <n d="-0 -0 -1"/>
            <n d="-0 -0 -1"/>
            <n d="-0 -0 -1"/>
        </f>
        <f v="29 32 38" fn="-0 0 -1">
            <n d="-0 -0 -1"/>
            <n d="-0 -0 -1"/>
            <n d="-0 -0 -1"/>
        </f>
        <f v="30 29 39" fn="-0 -0 -1">
            <n d="-0 -0 -1"/>
            <n d="-0 -0 -1"/>
            <n d="-0 -0 -1"/>
        </f>
        <f v="28 4 31" fn="0 -0 -1">
            <n d="-0 -0 -1"/>
            <n d="-0 -0 -1"/>
            <n d="-0 -0 -1"/>
        </f>
        <f v="29 31 32" fn="0 0 -1">
            <n d="-0 -0 -1"/>
            <n d="-0 -0 -1"/>
            <n d="-0 -0 -1"/>
        </f>
        <f v="29 28 31" fn="-0 -0 -1">
            <n d="-0 -0 -1"/>
            <n d="-0 -0 -1"/>
            <n d="-0 -0 -1"/>
        </f>
        <f v="30 39 5" fn="0 0 -1">
            <n d="-0 -0 -1"/>
            <n d="-0 -0 -1"/>
            <n d="-0 -0 -1"/>
        </f>
    </facets>
    <facets color="333333">
        <f v="41 50 51" fn="0 1 0">
            <n d="-0 1 -1.91329795144501e-016"/>
            <n d="-0 1 -1.91329795144501e-016"/>
            <n d="-0 1 -1.91329795144501e-016"/>
        </f>
        <f v="47 49 50" fn="0 1 0">
            <n d="-0 1 -1.91329795144501e-016"/>
            <n d="-0 1 -1.91329795144501e-016"/>
            <n d="-0 1 -1.91329795144501e-016"/>
        </f>
        <f v="46 11 49" fn="-0 1 0">
            <n d="-0 1 -1.91329795144501e-016"/>
            <n d="-0 1 -1.91329795144501e-016"/>
            <n d="-0 1 -1.91329795144501e-016"/>
        </f>
        <f v="47 46 49" fn="-0 1 0">
            <n d="-0 1 -1.91329795144501e-016"/>
            <n d="-0 1 -1.91329795144501e-016"/>
            <n d="-0 1 -1.91329795144501e-016"/>
        </f>
        <f v="44 47 50" fn="0 1 0">
            <n d="-0 1 -1.91329795144501e-016"/>
            <n d="-0 1 -1.91329795144501e-016"/>
            <n d="-0 1 -1.91329795144501e-016"/>
        </f>
        <f v="45 48 47" fn="-0 1 -0">
            <n d="-0 1 -1.91329795144501e-016"/>
            <n d="-0 1 -1.91329795144501e-016"/>
            <n d="-0 1 -1.91329795144501e-016"/>
        </f>
        <f v="45 10 48" fn="-0 1 -0">
            <n d="-0 1 -1.91329795144501e-016"/>
            <n d="-0 1 -1.91329795144501e-016"/>
            <n d="-0 1 -1.91329795144501e-016"/>
        </f>
        <f v="44 45 47" fn="-0 1 -0">
            <n d="-0 1 -1.91329795144501e-016"/>
            <n d="-0 1 -1.91329795144501e-016"/>
            <n d="-0 1 -1.91329795144501e-016"/>
        </f>
        <f v="41 44 50" fn="-0 1 0">
            <n d="-0 1 -1.91329795144501e-016"/>
            <n d="-0 1 -1.91329795144501e-016"/>
            <n d="-0 1 -1.91329795144501e-016"/>
        </f>
        <f v="40 41 51" fn="-0 1 -0">
            <n d="-0 1 -1.91329795144501e-016"/>
            <n d="-0 1 -1.91329795144501e-016"/>
            <n d="-0 1 -1.91329795144501e-016"/>
        </f>
        <f v="42 9 43" fn="0 1 0">
            <n d="-0 1 -1.91329795144501e-016"/>
            <n d="-0 1 -1.91329795144501e-016"/>
            <n d="-0 1 -1.91329795144501e-016"/>
        </f>
        <f v="41 43 44" fn="0 1 0">
            <n d="-0 1 -1.91329795144501e-016"/>
            <n d="-0 1 -1.91329795144501e-016"/>
            <n d="-0 1 -1.91329795144501e-016"/>
        </f>
        <f v="41 42 43" fn="-0 1 -0">
            <n d="-0 1 -1.91329795144501e-016"/>
            <n d="-0 1 -1.91329795144501e-016"/>
            <n d="-0 1 -1.91329795144501e-016"/>
        </f>
        <f v="40 51 8" fn="0 1 0">
            <n d="-0 1 -1.91329795144501e-016"/>
            <n d="-0 1 -1.91329795144501e-016"/>
            <n d="-0 1 -1.91329795144501e-016"/>
        </f>
    </facets>
    <facets color="333333">
        <f v="53 62 63" fn="0 0 1">
            <n d="-0 -0 1"/>
            <n d="-0 -0 1"/>
            <n d="-0 -0 1"/>
        </f>
        <f v="59 61 62" fn="0 0 1">
            <n d="-0 -0 1"/>
            <n d="-0 -0 1"/>
            <n d="-0 -0 1"/>
        </f>
        <f v="60 15 61" fn="-0 -0 1">
            <n d="-0 -0 1"/>
            <n d="-0 -0 1"/>
            <n d="-0 -0 1"/>
        </f>
        <f v="59 60 61" fn="-0 -0 1">
            <n d="-0 -0 1"/>
            <n d="-0 -0 1"/>
            <n d="-0 -0 1"/>
        </f>
        <f v="56 59 62" fn="0 0 1">
            <n d="-0 -0 1"/>
            <n d="-0 -0 1"/>
            <n d="-0 -0 1"/>
        </f>
        <f v="57 58 59" fn="-0 -0 1">
            <n d="-0 -0 1"/>
            <n d="-0 -0 1"/>
            <n d="-0 -0 1"/>
        </f>
        <f v="57 14 58" fn="0 -0 1">
            <n d="-0 -0 1"/>
            <n d="-0 -0 1"/>
            <n d="-0 -0 1"/>
        </f>
        <f v="56 57 59" fn="0 -0 1">
            <n d="-0 -0 1"/>
            <n d="-0 -0 1"/>
            <n d="-0 -0 1"/>
        </f>
        <f v="53 56 62" fn="0 0 1">
            <n d="-0 -0 1"/>
            <n d="-0 -0 1"/>
            <n d="-0 -0 1"/>
        </f>
        <f v="53 55 56" fn="0 0 1">
            <n d="-0 -0 1"/>
            <n d="-0 -0 1"/>
            <n d="-0 -0 1"/>
        </f>
        <f v="52 12 55" fn="-0 -0 1">
            <n d="-0 -0 1"/>
            <n d="-0 -0 1"/>
            <n d="-0 -0 1"/>
        </f>
        <f v="54 53 63" fn="0 -0 1">
            <n d="-0 -0 1"/>
            <n d="-0 -0 1"/>
            <n d="-0 -0 1"/>
        </f>
        <f v="53 52 55" fn="-0 -0 1">
            <n d="-0 -0 1"/>
            <n d="-0 -0 1"/>
            <n d="-0 -0 1"/>
        </f>
        <f v="54 63 13" fn="0 0 1">
            <n d="-0 -0 1"/>
            <n d="-0 -0 1"/>
            <n d="-0 -0 1"/>
        </f>
    </facets>
    <facets color="333333">
        <f v="13 3 22" fn="1 -0 -0">
            <n d="1 0 0"/>
            <n d="1 0 0"/>
            <n d="1 0 0"/>
        </f>
        <f v="54 22 23" fn="1 -0 -0">
            <n d="1 0 0"/>
            <n d="1 0 0"/>
            <n d="1 0 0"/>
        </f>
        <f v="28 23 24" fn="1 0 0">
            <n d="1 0 0"/>
            <n d="1 0 0"/>
            <n d="1 0 0"/>
        </f>
        <f v="4 24 2" fn="1 -0 -0">
            <n d="1 0 0"/>
            <n d="1 0 0"/>
            <n d="1 0 0"/>
        </f>
        <f v="65 2 64" fn="1 0 0">
            <n d="1 0 0"/>
            <n d="1 0 0"/>
            <n d="1 0 0"/>
        </f>
        <f v="66 2 65" fn="1 0 0">
            <n d="1 0 0"/>
            <n d="1 0 0"/>
            <n d="1 0 0"/>
        </f>
        <f v="4 2 66" fn="1 0 0">
            <n d="1 0 0"/>
            <n d="1 0 0"/>
            <n d="1 0 0"/>
        </f>
        <f v="28 24 4" fn="1 0 0">
            <n d="1 0 0"/>
            <n d="1 0 0"/>
            <n d="1 0 0"/>
        </f>
        <f v="29 23 28" fn="1 0 0">
            <n d="1 0 0"/>
            <n d="1 0 0"/>
            <n d="1 0 0"/>
        </f>
        <f v="53 23 29" fn="1 -0 0">
            <n d="1 0 0"/>
            <n d="1 0 0"/>
            <n d="1 0 0"/>
        </f>
        <f v="47 29 30" fn="1 -0 -0">
            <n d="1 0 0"/>
            <n d="1 0 0"/>
            <n d="1 0 0"/>
        </f>
        <f v="46 30 5" fn="1 -0 -0">
            <n d="1 0 0"/>
            <n d="1 0 0"/>
            <n d="1 0 0"/>
        </f>
        <f v="11 5 67" fn="1 -0 -0">
            <n d="1 0 0"/>
            <n d="1 0 0"/>
            <n d="1 0 0"/>
        </f>
        <f v="11 67 68" fn="1 1.22223642216865e-013 -7.84710576109027e-014">
            <n d="1 0 0"/>
            <n d="1 0 0"/>
            <n d="1 0 0"/>
        </f>
        <f v="11 68 69" fn="1 -1.47853312890155e-013 1.65955590722755e-014">
            <n d="1 0 0"/>
            <n d="1 0 0"/>
            <n d="1 0 0"/>
        </f>
        <f v="46 5 11" fn="1 0 0">
            <n d="1 0 0"/>
            <n d="1 0 0"/>
            <n d="1 0 0"/>
        </f>
        <f v="47 30 46" fn="1 0 0">
            <n d="1 0 0"/>
            <n d="1 0 0"/>
            <n d="1 0 0"/>
        </f>
        <f v="53 29 47" fn="1 0 0">
            <n d="1 0 0"/>
            <n d="1 0 0"/>
            <n d="1 0 0"/>
        </f>
        <f v="52 47 48" fn="1 0 0">
            <n d="1 0 0"/>
            <n d="1 0 0"/>
            <n d="1 0 0"/>
        </f>
        <f v="12 48 10" fn="1 -0 -0">
            <n d="1 0 0"/>
            <n d="1 0 0"/>
            <n d="1 0 0"/>
        </f>
        <f v="71 10 70" fn="1 1.09018508681829e-013 2.37666541707901e-014">
            <n d="1 0 0"/>
            <n d="1 0 0"/>
            <n d="1 0 0"/>
        </f>
        <f v="72 10 71" fn="1 -8.93295677022821e-014 -7.12999625123766e-014">
            <n d="1 0 0"/>
            <n d="1 0 0"/>
            <n d="1 0 0"/>
        </f>
        <f v="12 10 72" fn="1 0 0">
            <n d="1 0 0"/>
            <n d="1 0 0"/>
            <n d="1 0 0"/>
        </f>
        <f v="52 48 12" fn="1 -0 0">
            <n d="1 0 0"/>
            <n d="1 0 0"/>
            <n d="1 0 0"/>
        </f>
        <f v="53 47 52" fn="1 -0 0">
            <n d="1 0 0"/>
            <n d="1 0 0"/>
            <n d="1 0 0"/>
        </f>
        <f v="54 23 53" fn="1 -0 0">
            <n d="1 0 0"/>
            <n d="1 0 0"/>
            <n d="1 0 0"/>
        </f>
        <f v="13 22 54" fn="1 -0 0">
            <n d="1 0 0"/>
            <n d="1 0 0"/>
            <n d="1 0 0"/>
        </f>
        <f v="73 3 13" fn="1 -0 0">
            <n d="1 0 0"/>
            <n d="1 0 0"/>
            <n d="1 0 0"/>
        </f>
        <f v="74 3 73" fn="1 -1.22223642216863e-013 7.84710576109002e-014">
            <n d="1 0 0"/>
            <n d="1 0 0"/>
            <n d="1 0 0"/>
        </f>
        <f v="75 3 74" fn="1 1.47853312890157e-013 -1.65955590722755e-014">
            <n d="1 0 0"/>
            <n d="1 0 0"/>
            <n d="1 0 0"/>
        </f>
    </facets>
    <facets color="333333">
        <f v="8 87 7" fn="-1 0 0">
            <n d="-1 -0 -0"/>
            <n d="-1 -0 -0"/>
            <n d="-1 -0 -0"/>
        </f>
        <f v="8 86 87" fn="-1 0 0">
            <n d="-1 -0 -0"/>
            <n d="-1 -0 -0"/>
            <n d="-1 -0 -0"/>
        </f>
        <f v="8 85 86" fn="-1 -0 -0">
            <n d="-1 -0 -0"/>
            <n d="-1 -0 -0"/>
            <n d="-1 -0 -0"/>
        </f>
        <f v="40 8 7" fn="-1 -0 -0">
            <n d="-1 -0 -0"/>
            <n d="-1 -0 -0"/>
            <n d="-1 -0 -0"/>
        </f>
        <f v="36 41 40" fn="-1 0 0">
            <n d="-1 -0 -0"/>
            <n d="-1 -0 -0"/>
            <n d="-1 -0 -0"/>
        </f>
        <f v="14 9 42" fn="-1 0 0">
            <n d="-1 -0 -0"/>
            <n d="-1 -0 -0"/>
            <n d="-1 -0 -0"/>
        </f>
        <f v="83 84 9" fn="-1 -0 -0">
            <n d="-1 -0 -0"/>
            <n d="-1 -0 -0"/>
            <n d="-1 -0 -0"/>
        </f>
        <f v="82 83 9" fn="-1 -0 -0">
            <n d="-1 -0 -0"/>
            <n d="-1 -0 -0"/>
            <n d="-1 -0 -0"/>
        </f>
        <f v="14 82 9" fn="-1 -0 -0">
            <n d="-1 -0 -0"/>
            <n d="-1 -0 -0"/>
            <n d="-1 -0 -0"/>
        </f>
        <f v="58 14 42" fn="-1 0 0">
            <n d="-1 -0 -0"/>
            <n d="-1 -0 -0"/>
            <n d="-1 -0 -0"/>
        </f>
        <f v="58 42 41" fn="-1 -0 -0">
            <n d="-1 -0 -0"/>
            <n d="-1 -0 -0"/>
            <n d="-1 -0 -0"/>
        </f>
        <f v="59 58 41" fn="-1 0 -0">
            <n d="-1 -0 -0"/>
            <n d="-1 -0 -0"/>
            <n d="-1 -0 -0"/>
        </f>
        <f v="35 59 41" fn="-1 0 0">
            <n d="-1 -0 -0"/>
            <n d="-1 -0 -0"/>
            <n d="-1 -0 -0"/>
        </f>
        <f v="17 60 59" fn="-1 0 0">
            <n d="-1 -0 -0"/>
            <n d="-1 -0 -0"/>
            <n d="-1 -0 -0"/>
        </f>
        <f v="16 15 60" fn="-1 0 0">
            <n d="-1 -0 -0"/>
            <n d="-1 -0 -0"/>
            <n d="-1 -0 -0"/>
        </f>
        <f v="0 81 15" fn="-1 0 0">
            <n d="-1 -0 -0"/>
            <n d="-1 -0 -0"/>
            <n d="-1 -0 -0"/>
        </f>
        <f v="0 80 81" fn="-1 0 0">
            <n d="-1 -0 -0"/>
            <n d="-1 -0 -0"/>
            <n d="-1 -0 -0"/>
        </f>
        <f v="0 79 80" fn="-1 -0 -0">
            <n d="-1 -0 -0"/>
            <n d="-1 -0 -0"/>
            <n d="-1 -0 -0"/>
        </f>
        <f v="16 0 15" fn="-1 -0 -0">
            <n d="-1 -0 -0"/>
            <n d="-1 -0 -0"/>
            <n d="-1 -0 -0"/>
        </f>
        <f v="17 16 60" fn="-1 -0 -0">
            <n d="-1 -0 -0"/>
            <n d="-1 -0 -0"/>
            <n d="-1 -0 -0"/>
        </f>
        <f v="35 17 59" fn="-1 -0 0">
            <n d="-1 -0 -0"/>
            <n d="-1 -0 -0"/>
            <n d="-1 -0 -0"/>
        </f>
        <f v="6 1 18" fn="-1 0 0">
            <n d="-1 -0 -0"/>
            <n d="-1 -0 -0"/>
            <n d="-1 -0 -0"/>
        </f>
        <f v="77 78 1" fn="-1 -0 -0">
            <n d="-1 -0 -0"/>
            <n d="-1 -0 -0"/>
            <n d="-1 -0 -0"/>
        </f>
        <f v="76 77 1" fn="-1 7.14105478789477e-014 3.42264936776916e-014">
            <n d="-1 -0 -0"/>
            <n d="-1 -0 -0"/>
            <n d="-1 -0 -0"/>
        </f>
        <f v="6 76 1" fn="-1 -1.12821744078084e-013 -1.12821744078084e-013">
            <n d="-1 -0 -0"/>
            <n d="-1 -0 -0"/>
            <n d="-1 -0 -0"/>
        </f>
        <f v="36 35 41" fn="-1 -0 0">
            <n d="-1 -0 -0"/>
            <n d="-1 -0 -0"/>
            <n d="-1 -0 -0"/>
        </f>
        <f v="34 6 18" fn="-1 0 0">
            <n d="-1 -0 -0"/>
            <n d="-1 -0 -0"/>
            <n d="-1 -0 -0"/>
        </f>
        <f v="34 18 17" fn="-1 -0 -0">
            <n d="-1 -0 -0"/>
            <n d="-1 -0 -0"/>
            <n d="-1 -0 -0"/>
        </f>
        <f v="35 34 17" fn="-1 -0 -0">
            <n d="-1 -0 -0"/>
            <n d="-1 -0 -0"/>
            <n d="-1 -0 -0"/>
        </f>
        <f v="36 40 7" fn="-1 0 0">
            <n d="-1 -0 -0"/>
            <n d="-1 -0 -0"/>
            <n d="-1 -0 -0"/>
        </f>
    </facets>
    <facets color="333333">
        <f v="25 75 74" fn="-0.0013467445320673 -0.900346456416327 0.435171741612122">
            <n d="-0 -1 -1.83690953073357e-016"/>
            <n d="0 -0.975116335574791 0.221693780010157"/>
            <n d="0 -0.779513363382454 0.626385597142985"/>
        </f>
        <f v="62 74 73" fn="-0.00167385878066857 -0.614372512782544 0.789014330499799">
            <n d="0 -2.44921270764475e-016 1"/>
            <n d="0 -0.779513363382454 0.626385597142985"/>
            <n d="0 -0.416229442081678 0.909259617240519"/>
        </f>
        <f v="63 73 13" fn="0 -0.213002796647668 0.977051589538788">
            <n d="0 -2.44921270764475e-016 1"/>
            <n d="0 -0.416229442081678 0.909259617240519"/>
            <n d="0 -2.44921270764475e-016 1"/>
        </f>
        <f v="62 73 63" fn="0 -0.213002796647668 0.977051589538788">
            <n d="0 -2.44921270764475e-016 1"/>
            <n d="0 -0.416229442081678 0.909259617240519"/>
            <n d="0 -2.44921270764475e-016 1"/>
        </f>
        <f v="26 74 62" fn="-0.00260920845883261 -0.707104374202005 0.707104374202005">
            <n d="-0 -1 -1.83690953073357e-016"/>
            <n d="0 -0.779513363382454 0.626385597142985"/>
            <n d="0 -2.44921270764475e-016 1"/>
        </f>
        <f v="81 62 61" fn="0 -0.213002796647717 0.977051589538777">
            <n d="0 -0.416229442081687 0.909259617240515"/>
            <n d="0 -2.44921270764475e-016 1"/>
            <n d="0 -2.44921270764475e-016 1"/>
        </f>
        <f v="81 61 15" fn="0 -0.213002796647717 0.977051589538777">
            <n d="0 -0.416229442081687 0.909259617240515"/>
            <n d="0 -2.44921270764475e-016 1"/>
            <n d="0 -2.44921270764475e-016 1"/>
        </f>
        <f v="80 62 81" fn="0.00167385878066849 -0.614372512782562 0.789014330499784">
            <n d="0 -0.77951336338248 0.626385597142953"/>
            <n d="0 -2.44921270764475e-016 1"/>
            <n d="0 -0.416229442081687 0.909259617240515"/>
        </f>
        <f v="26 62 80" fn="0.00260920845883239 -0.707104374202005 0.707104374202005">
            <n d="-0 -1 -1.83690953073357e-016"/>
            <n d="0 -2.44921270764475e-016 1"/>
            <n d="0 -0.77951336338248 0.626385597142953"/>
        </f>
        <f v="27 80 79" fn="0.00134674453206738 -0.900346456416318 0.435171741612141">
            <n d="-0 -1 -1.83690953073357e-016"/>
            <n d="0 -0.77951336338248 0.626385597142953"/>
            <n d="0 -0.975116335574791 0.221693780010157"/>
        </f>
        <f v="27 79 0" fn="0 -0.993759612676724 0.111542961286708">
            <n d="-0 -1 -1.83690953073357e-016"/>
            <n d="0 -0.975116335574791 0.221693780010157"/>
            <n d="-0 -1 -1.83690953073357e-016"/>
        </f>
        <f v="25 74 26" fn="0 -0.943269145944692 0.332029092563847">
            <n d="-0 -1 -1.83690953073357e-016"/>
            <n d="0 -0.779513363382454 0.626385597142985"/>
            <n d="-0 -1 -1.83690953073357e-016"/>
        </f>
        <f v="26 80 27" fn="0 -0.94326914594469 0.332029092563853">
            <n d="-0 -1 -1.83690953073357e-016"/>
            <n d="0 -0.77951336338248 0.626385597142953"/>
            <n d="-0 -1 -1.83690953073357e-016"/>
        </f>
        <f v="25 3 75" fn="-0 -0.993759612676724 0.111542961286708">
            <n d="-0 -1 -1.83690953073357e-016"/>
            <n d="-0 -1 -1.83690953073357e-016"/>
            <n d="0 -0.975116335574791 0.221693780010157"/>
        </f>
    </facets>
    <facets color="333333">
        <f v="49 69 68" fn="-0.00134674453206734 0.900346456416321 -0.435171741612135">
            <n d="0 1 6.12303176911189e-017"/>
            <n d="0 0.975116335574791 -0.221693780010156"/>
            <n d="0 0.779513363382462 -0.626385597142975"/>
        </f>
        <f v="38 68 67" fn="-0.00167385878066844 0.614372512782541 -0.7890143304998">
            <n d="0 1.22460635382238e-016 -1"/>
            <n d="0 0.779513363382462 -0.626385597142975"/>
            <n d="0 0.416229442081684 -0.909259617240516"/>
        </f>
        <f v="39 67 5" fn="0 0.213002796647705 -0.97705158953878">
            <n d="0 1.22460635382238e-016 -1"/>
            <n d="0 0.416229442081684 -0.909259617240516"/>
            <n d="0 1.22460635382238e-016 -1"/>
        </f>
        <f v="38 67 39" fn="0 0.213002796647705 -0.97705158953878">
            <n d="0 1.22460635382238e-016 -1"/>
            <n d="0 0.416229442081684 -0.909259617240516"/>
            <n d="0 1.22460635382238e-016 -1"/>
        </f>
        <f v="50 68 38" fn="-0.00260920845883251 0.707104374202005 -0.707104374202005">
            <n d="0 1 6.12303176911189e-017"/>
            <n d="0 0.779513363382462 -0.626385597142975"/>
            <n d="0 1.22460635382238e-016 -1"/>
        </f>
        <f v="87 38 37" fn="0 0.213002796647705 -0.97705158953878">
            <n d="0 0.416229442081684 -0.909259617240516"/>
            <n d="0 1.22460635382238e-016 -1"/>
            <n d="0 1.22460635382238e-016 -1"/>
        </f>
        <f v="87 37 7" fn="0 0.213002796647705 -0.97705158953878">
            <n d="0 0.416229442081684 -0.909259617240516"/>
            <n d="0 1.22460635382238e-016 -1"/>
            <n d="0 1.22460635382238e-016 -1"/>
        </f>
        <f v="86 38 87" fn="0.00167385878066838 0.61437251278253 -0.78901433049981">
            <n d="0 0.779513363382466 -0.62638559714297"/>
            <n d="0 1.22460635382238e-016 -1"/>
            <n d="0 0.416229442081684 -0.909259617240516"/>
        </f>
        <f v="50 38 86" fn="0.00260920845883258 0.707104374202005 -0.707104374202005">
            <n d="0 1 6.12303176911189e-017"/>
            <n d="0 1.22460635382238e-016 -1"/>
            <n d="0 0.779513363382466 -0.62638559714297"/>
        </f>
        <f v="51 86 85" fn="0.00134674453206725 0.900346456416331 -0.435171741612115">
            <n d="0 1 6.12303176911189e-017"/>
            <n d="0 0.779513363382466 -0.62638559714297"/>
            <n d="0 0.975116335574791 -0.221693780010156"/>
        </f>
        <f v="51 85 8" fn="0 0.993759612676724 -0.111542961286709">
            <n d="0 1 6.12303176911189e-017"/>
            <n d="0 0.975116335574791 -0.221693780010156"/>
            <n d="0 1 6.12303176911189e-017"/>
        </f>
        <f v="49 68 50" fn="0 0.943269145944689 -0.332029092563855">
            <n d="0 1 6.12303176911189e-017"/>
            <n d="0 0.779513363382462 -0.626385597142975"/>
            <n d="0 1 6.12303176911189e-017"/>
        </f>
        <f v="50 86 51" fn="0 0.943269145944694 -0.33202909256384">
            <n d="0 1 6.12303176911189e-017"/>
            <n d="0 0.779513363382466 -0.62638559714297"/>
            <n d="0 1 6.12303176911189e-017"/>
        </f>
        <f v="49 11 69" fn="-0 0.993759612676724 -0.111542961286709">
            <n d="0 1 6.12303176911189e-017"/>
            <n d="0 1 6.12303176911189e-017"/>
            <n d="0 0.975116335574791 -0.221693780010156"/>
        </f>
    </facets>
    <facets color="333333">
        <f v="55 72 71" fn="-0.00134674453206775 0.435171741612142 0.900346456416318">
            <n d="0 0 1"/>
            <n d="0 0.221693780010153 0.975116335574792"/>
            <n d="0 0.62638559714298 0.779513363382458"/>
        </f>
        <f v="44 71 70" fn="-0.0016738587806686 0.789014330499801 0.614372512782541">
            <n d="0 1 6.12303176911189e-017"/>
            <n d="0 0.62638559714298 0.779513363382458"/>
            <n d="0 0.909259617240509 0.4162294420817"/>
        </f>
        <f v="45 70 10" fn="-0 0.977051589538785 0.213002796647682">
            <n d="0 1 6.12303176911189e-017"/>
            <n d="0 0.909259617240509 0.4162294420817"/>
            <n d="0 1 6.12303176911189e-017"/>
        </f>
        <f v="44 70 45" fn="-0 0.977051589538785 0.213002796647682">
            <n d="0 1 6.12303176911189e-017"/>
            <n d="0 0.909259617240509 0.4162294420817"/>
            <n d="0 1 6.12303176911189e-017"/>
        </f>
        <f v="56 71 44" fn="-0.00260920845883268 0.707104374202005 0.707104374202005">
            <n d="0 0 1"/>
            <n d="0 0.62638559714298 0.779513363382458"/>
            <n d="0 1 6.12303176911189e-017"/>
        </f>
        <f v="84 44 43" fn="0 0.977051589538783 0.213002796647693">
            <n d="0 0.909259617240517 0.416229442081682"/>
            <n d="0 1 6.12303176911189e-017"/>
            <n d="0 1 6.12303176911189e-017"/>
        </f>
        <f v="84 43 9" fn="0 0.977051589538783 0.213002796647693">
            <n d="0 0.909259617240517 0.416229442081682"/>
            <n d="0 1 6.12303176911189e-017"/>
            <n d="0 1 6.12303176911189e-017"/>
        </f>
        <f v="83 44 84" fn="0.00167385878066844 0.789014330499808 0.614372512782532">
            <n d="0 0.626385597142973 0.779513363382464"/>
            <n d="0 1 6.12303176911189e-017"/>
            <n d="0 0.909259617240517 0.416229442081682"/>
        </f>
        <f v="56 44 83" fn="0.00260920845883261 0.707104374202005 0.707104374202005">
            <n d="0 0 1"/>
            <n d="0 1 6.12303176911189e-017"/>
            <n d="0 0.626385597142973 0.779513363382464"/>
        </f>
        <f v="56 83 57" fn="0 0.332029092563838 0.943269145944695">
            <n d="0 0 1"/>
            <n d="0 0.626385597142973 0.779513363382464"/>
            <n d="0 0 1"/>
        </f>
        <f v="57 83 82" fn="0.00134674453206726 0.435171741612112 0.900346456416332">
            <n d="0 0 1"/>
            <n d="0 0.626385597142973 0.779513363382464"/>
            <n d="0 0.221693780010158 0.975116335574791"/>
        </f>
        <f v="57 82 14" fn="0 0.111542961286708 0.993759612676724">
            <n d="0 0 1"/>
            <n d="0 0.221693780010158 0.975116335574791"/>
            <n d="0 0 1"/>
        </f>
        <f v="55 71 56" fn="0 0.332029092563832 0.943269145944697">
            <n d="0 0 1"/>
            <n d="0 0.62638559714298 0.779513363382458"/>
            <n d="0 0 1"/>
        </f>
        <f v="55 12 72" fn="-0 0.111542961286609 0.993759612676735">
            <n d="0 0 1"/>
            <n d="0 0 1"/>
            <n d="0 0.221693780010153 0.975116335574792"/>
        </f>
    </facets>
    <facets color="333333">
        <f v="31 66 65" fn="-0.00134674453206728 -0.43517174161212 -0.900346456416328">
            <n d="0 1.22460635382238e-016 -1"/>
            <n d="-0 -0.221693780010146 -0.975116335574793"/>
            <n d="-0 -0.626385597142967 -0.779513363382469"/>
        </f>
        <f v="20 65 64" fn="-0.00167385878066841 -0.789014330499803 -0.614372512782538">
            <n d="-0 -1 -1.83690953073357e-016"/>
            <n d="-0 -0.626385597142967 -0.779513363382469"/>
            <n d="-0 -0.909259617240514 -0.41622944208169"/>
        </f>
        <f v="21 64 2" fn="0 -0.977051589538778 -0.213002796647715">
            <n d="-0 -1 -1.83690953073357e-016"/>
            <n d="-0 -0.909259617240514 -0.41622944208169"/>
            <n d="-0 -1 -1.83690953073357e-016"/>
        </f>
        <f v="20 64 21" fn="0 -0.977051589538778 -0.213002796647715">
            <n d="-0 -1 -1.83690953073357e-016"/>
            <n d="-0 -0.909259617240514 -0.41622944208169"/>
            <n d="-0 -1 -1.83690953073357e-016"/>
        </f>
        <f v="32 65 20" fn="-0.00260920845883253 -0.707104374202005 -0.707104374202005">
            <n d="0 1.22460635382238e-016 -1"/>
            <n d="-0 -0.626385597142967 -0.779513363382469"/>
            <n d="-0 -1 -1.83690953073357e-016"/>
        </f>
        <f v="78 20 19" fn="0 -0.977051589538783 -0.213002796647691">
            <n d="-0 -0.909259617240515 -0.416229442081686"/>
            <n d="-0 -1 -1.83690953073357e-016"/>
            <n d="-0 -1 -1.83690953073357e-016"/>
        </f>
        <f v="78 19 1" fn="0 -0.977051589538783 -0.213002796647691">
            <n d="-0 -0.909259617240515 -0.416229442081686"/>
            <n d="-0 -1 -1.83690953073357e-016"/>
            <n d="-0 -1 -1.83690953073357e-016"/>
        </f>
        <f v="77 20 78" fn="0.00167385878066849 -0.789014330499803 -0.614372512782538">
            <n d="-0 -0.626385597142974 -0.779513363382463"/>
            <n d="-0 -1 -1.83690953073357e-016"/>
            <n d="-0 -0.909259617240515 -0.416229442081686"/>
        </f>
        <f v="32 20 77" fn="0.0026092084588326 -0.707104374202005 -0.707104374202005">
            <n d="0 1.22460635382238e-016 -1"/>
            <n d="-0 -1 -1.83690953073357e-016"/>
            <n d="-0 -0.626385597142974 -0.779513363382463"/>
        </f>
        <f v="32 77 33" fn="-0 -0.332029092563838 -0.943269145944695">
            <n d="0 1.22460635382238e-016 -1"/>
            <n d="-0 -0.626385597142974 -0.779513363382463"/>
            <n d="0 1.22460635382238e-016 -1"/>
        </f>
        <f v="33 77 76" fn="0.00134674453206736 -0.435171741612121 -0.900346456416328">
            <n d="0 1.22460635382238e-016 -1"/>
            <n d="-0 -0.626385597142974 -0.779513363382463"/>
            <n d="-0 -0.221693780010157 -0.975116335574791"/>
        </f>
        <f v="33 76 6" fn="-0 -0.111542961286689 -0.993759612676726">
            <n d="0 1.22460635382238e-016 -1"/>
            <n d="-0 -0.221693780010157 -0.975116335574791"/>
            <n d="0 1.22460635382238e-016 -1"/>
        </f>
        <f v="31 65 32" fn="-0 -0.332029092563843 -0.943269145944693">
            <n d="0 1.22460635382238e-016 -1"/>
            <n d="-0 -0.626385597142967 -0.779513363382469"/>
            <n d="0 1.22460635382238e-016 -1"/>
        </f>
        <f v="31 4 66" fn="0 -0.111542961286694 -0.993759612676725">
            <n d="0 1.22460635382238e-016 -1"/>
            <n d="0 1.22460635382238e-016 -1"/>
            <n d="-0 -0.221693780010146 -0.975116335574793"/>
        </f>
    </facets>
</shell>
<shell id="id477" color="d1d1d1">
    <verts>
        <v p="-0.25 -0.8 1.69"/>
        <v p="-0.25 -0.8 0.01"/>
        <v p="0.24 -0.8 0.01"/>
        <v p="0.24 -0.8 1.69"/>
        <v p="-0.25 -0.79 0"/>
        <v p="-0.25 0.79 0"/>
        <v p="0.24 0.79 0"/>
        <v p="0.24 -0.79 0"/>
        <v p="0.24 0.8 1.69"/>
        <v p="0.24 0.8 0.01"/>
        <v p="-0.25 0.8 0.01"/>
        <v p="-0.25 0.8 1.69"/>
        <v p="0.24 -0.79 1.7"/>
        <v p="0.24 0.79 1.7"/>
        <v p="-0.25 0.79 1.7"/>
        <v p="-0.25 -0.79 1.7"/>
        <v p="0.25 -0.79 1.69"/>
        <v p="0.25 -0.79 0.01"/>
        <v p="0.25 0.79 0.01"/>
        <v p="0.25 0.79 1.69"/>
        <v p="-0.25 -0.8 1.27"/>
        <v p="-0.25 -0.8 0.85"/>
        <v p="-0.25 -0.8 0.43"/>
        <v p="-0.1275 -0.8 0.01"/>
        <v p="-0.005 -0.8 0.01"/>
        <v p="0.1175 -0.8 0.01"/>
        <v p="0.24 -0.8 0.43"/>
        <v p="0.24 -0.8 0.85"/>
        <v p="0.24 -0.8 1.27"/>
        <v p="0.1175 -0.8 1.69"/>
        <v p="-0.005 -0.8 1.69"/>
        <v p="-0.1275 -0.8 1.69"/>
        <v p="-0.25 -0.395 0"/>
        <v p="-0.25 0 0"/>
        <v p="-0.25 0.395 0"/>
        <v p="-0.1275 0.79 0"/>
        <v p="-0.005 0.79 0"/>
        <v p="0.1175 0.79 0"/>
        <v p="0.24 0.395 0"/>
        <v p="0.24 0 0"/>
        <v p="0.24 -0.395 0"/>
        <v p="0.1175 -0.79 0"/>
        <v p="-0.005 -0.79 0"/>
        <v p="-0.1275 -0.79 0"/>
        <v p="0.24 0.8 1.27"/>
        <v p="0.24 0.8 0.85"/>
        <v p="0.24 0.8 0.43"/>
        <v p="0.1175 0.8 0.01"/>
        <v p="-0.005 0.8 0.01"/>
        <v p="-0.1275 0.8 0.01"/>
        <v p="-0.25 0.8 0.43"/>
        <v p="-0.25 0.8 0.85"/>
        <v p="-0.25 0.8 1.27"/>
        <v p="-0.1275 0.8 1.69"/>
        <v p="-0.005 0.8 1.69"/>
        <v p="0.1175 0.8 1.69"/>
        <v p="0.24 -0.395 1.7"/>
        <v p="0.24 0 1.7"/>
        <v p="0.24 0.395 1.7"/>
        <v p="0.1175 0.79 1.7"/>
        <v p="-0.005 0.79 1.7"/>
        <v p="-0.1275 0.79 1.7"/>
        <v p="-0.25 0.395 1.7"/>
        <v p="-0.25 0 1.7"/>
        <v p="-0.25 -0.395 1.7"/>
        <v p="-0.1275 -0.79 1.7"/>
        <v p="-0.005 -0.79 1.7"/>
        <v p="0.1175 -0.79 1.7"/>
        <v p="0.25 -0.79 1.27"/>
        <v p="0.25 -0.79 0.85"/>
        <v p="0.25 -0.79 0.43"/>
        <v p="0.25 -0.395 0.01"/>
        <v p="0.25 0 0.01"/>
        <v p="0.25 0.395 0.01"/>
        <v p="0.25 0.79 0.43"/>
        <v p="0.25 0.79 0.85"/>
        <v p="0.25 0.79 1.27"/>
        <v p="0.25 0.395 1.69"/>
        <v p="0.25 0 1.69"/>
        <v p="0.25 -0.395 1.69"/>
        <v p="-0.25 0.799751163355748 0.00778306219989845"/>
        <v p="-0.25 0.797795133633825 0.00373614402857029"/>
        <v p="-0.25 0.794162294420817 0.000907403827594856"/>
        <v p="-0.25 -0.792216937800102 0.000248836644252084"/>
        <v p="-0.25 -0.79626385597143 0.00220486636617535"/>
        <v p="-0.25 -0.799092596172405 0.00583770557918312"/>
        <v p="-0.25 -0.799751163355748 1.6922169378001"/>
        <v p="-0.25 -0.797795133633825 1.69626385597143"/>
        <v p="-0.25 -0.794162294420817 1.69909259617241"/>
        <v p="-0.25 0.792216937800102 1.69975116335575"/>
        <v p="-0.25 0.79626385597143 1.69779513363382"/>
        <v p="-0.25 0.799092596172405 1.69416229442082"/>
        <v p="0.24 -0.794162294420817 1.69909259617241"/>
        <v p="0.24 -0.797795133633825 1.69626385597143"/>
        <v p="0.24 -0.799751163355748 1.6922169378001"/>
        <v p="0.242216937800102 -0.79 1.69975116335575"/>
        <v p="0.24626385597143 -0.79 1.69779513363382"/>
        <v p="0.249092596172405 -0.79 1.69416229442082"/>
        <v p="0.249751163355748 -0.792216937800102 1.69"/>
        <v p="0.247795133633825 -0.79626385597143 1.69"/>
        <v p="0.244162294420817 -0.799092596172405 1.69"/>
        <v p="0.24 -0.799092596172405 0.00583770557918312"/>
        <v p="0.24 -0.79626385597143 0.00220486636617534"/>
        <v p="0.24 -0.792216937800101 0.000248836644252083"/>
        <v p="0.249092596172405 -0.794162294420817 0.01"/>
        <v p="0.24626385597143 -0.797795133633825 0.01"/>
        <v p="0.242216937800102 -0.799751163355748 0.01"/>
        <v p="0.244162294420817 0.79 1.69909259617241"/>
        <v p="0.247795133633825 0.79 1.69626385597143"/>
        <v p="0.249751163355748 0.79 1.6922169378001"/>
        <v p="0.24 0.799092596172405 1.69416229442082"/>
        <v p="0.24 0.79626385597143 1.69779513363382"/>
        <v p="0.24 0.792216937800102 1.69975116335575"/>
        <v p="0.249751163355748 -0.79 0.0077830621998985"/>
        <v p="0.247795133633825 -0.79 0.00373614402857032"/>
        <v p="0.244162294420817 -0.79 0.000907403827594864"/>
        <v p="0.242216937800102 0.799751163355748 1.69"/>
        <v p="0.24626385597143 0.797795133633825 1.69"/>
        <v p="0.249092596172405 0.794162294420817 1.69"/>
        <v p="0.249092596172405 0.79 0.0058377055791831"/>
        <v p="0.24626385597143 0.79 0.00220486636617532"/>
        <v p="0.242216937800102 0.79 0.000248836644252072"/>
        <v p="0.244162294420817 0.799092596172405 0.01"/>
        <v p="0.247795133633825 0.79626385597143 0.01"/>
        <v p="0.249751163355748 0.792216937800102 0.01"/>
        <v p="0.24 0.799751163355748 0.00778306219989845"/>
        <v p="0.24 0.797795133633825 0.00373614402857029"/>
        <v p="0.24 0.794162294420817 0.000907403827594856"/>
    </verts>
    <facets color="d1d1d1">
        <f v="21 30 31" fn="0 -1 0">
            <n d="-0 -1 -1.91329795144501e-016"/>
            <n d="-0 -1 -1.91329795144501e-016"/>
            <n d="-0 -1 -1.91329795144501e-016"/>
        </f>
        <f v="27 29 30" fn="0 -1 0">
            <n d="-0 -1 -1.91329795144501e-016"/>
            <n d="-0 -1 -1.91329795144501e-016"/>
            <n d="-0 -1 -1.91329795144501e-016"/>
        </f>
        <f v="28 3 29" fn="-0 -1 0">
            <n d="-0 -1 -1.91329795144501e-016"/>
            <n d="-0 -1 -1.91329795144501e-016"/>
            <n d="-0 -1 -1.91329795144501e-016"/>
        </f>
        <f v="27 28 29" fn="-0 -1 0">
            <n d="-0 -1 -1.91329795144501e-016"/>
            <n d="-0 -1 -1.91329795144501e-016"/>
            <n d="-0 -1 -1.91329795144501e-016"/>
        </f>
        <f v="24 27 30" fn="0 -1 0">
            <n d="-0 -1 -1.91329795144501e-016"/>
            <n d="-0 -1 -1.91329795144501e-016"/>
            <n d="-0 -1 -1.91329795144501e-016"/>
        </f>
        <f v="25 26 27" fn="-0 -1 -0">
            <n d="-0 -1 -1.91329795144501e-016"/>
            <n d="-0 -1 -1.91329795144501e-016"/>
            <n d="-0 -1 -1.91329795144501e-016"/>
        </f>
        <f v="25 2 26" fn="-0 -1 -0">
            <n d="-0 -1 -1.91329795144501e-016"/>
            <n d="-0 -1 -1.91329795144501e-016"/>
            <n d="-0 -1 -1.91329795144501e-016"/>
        </f>
        <f v="24 25 27" fn="-0 -1 -0">
            <n d="-0 -1 -1.91329795144501e-016"/>
            <n d="-0 -1 -1.91329795144501e-016"/>
            <n d="-0 -1 -1.91329795144501e-016"/>
        </f>
        <f v="21 24 30" fn="0 -1 0">
            <n d="-0 -1 -1.91329795144501e-016"/>
            <n d="-0 -1 -1.91329795144501e-016"/>
            <n d="-0 -1 -1.91329795144501e-016"/>
        </f>
        <f v="20 21 31" fn="0 -1 -0">
            <n d="-0 -1 -1.91329795144501e-016"/>
            <n d="-0 -1 -1.91329795144501e-016"/>
            <n d="-0 -1 -1.91329795144501e-016"/>
        </f>
        <f v="22 1 23" fn="0 -1 0">
            <n d="-0 -1 -1.91329795144501e-016"/>
            <n d="-0 -1 -1.91329795144501e-016"/>
            <n d="-0 -1 -1.91329795144501e-016"/>
        </f>
        <f v="21 23 24" fn="0 -1 0">
            <n d="-0 -1 -1.91329795144501e-016"/>
            <n d="-0 -1 -1.91329795144501e-016"/>
            <n d="-0 -1 -1.91329795144501e-016"/>
        </f>
        <f v="21 22 23" fn="-0 -1 -0">
            <n d="-0 -1 -1.91329795144501e-016"/>
            <n d="-0 -1 -1.91329795144501e-016"/>
            <n d="-0 -1 -1.91329795144501e-016"/>
        </f>
        <f v="20 31 0" fn="0 -1 0">
            <n d="-0 -1 -1.91329795144501e-016"/>
            <n d="-0 -1 -1.91329795144501e-016"/>
            <n d="-0 -1 -1.91329795144501e-016"/>
        </f>
    </facets>
    <facets color="d1d1d1">
        <f v="33 42 43" fn="0 0 -1">
            <n d="-0 -0 -1"/>
            <n d="-0 -0 -1"/>
            <n d="-0 -0 -1"/>
        </f>
        <f v="39 41 42" fn="0 0 -1">
            <n d="-0 -0 -1"/>
            <n d="-0 -0 -1"/>
            <n d="-0 -0 -1"/>
        </f>
        <f v="40 7 41" fn="-0 -0 -1">
            <n d="-0 -0 -1"/>
            <n d="-0 -0 -1"/>
            <n d="-0 -0 -1"/>
        </f>
        <f v="39 40 41" fn="-0 -0 -1">
            <n d="-0 -0 -1"/>
            <n d="-0 -0 -1"/>
            <n d="-0 -0 -1"/>
        </f>
        <f v="36 39 42" fn="0 0 -1">
            <n d="-0 -0 -1"/>
            <n d="-0 -0 -1"/>
            <n d="-0 -0 -1"/>
        </f>
        <f v="37 38 39" fn="-0 -0 -1">
            <n d="-0 -0 -1"/>
            <n d="-0 -0 -1"/>
            <n d="-0 -0 -1"/>
        </f>
        <f v="37 6 38" fn="0 -0 -1">
            <n d="-0 -0 -1"/>
            <n d="-0 -0 -1"/>
            <n d="-0 -0 -1"/>
        </f>
        <f v="36 37 39" fn="0 -0 -1">
            <n d="-0 -0 -1"/>
            <n d="-0 -0 -1"/>
            <n d="-0 -0 -1"/>
        </f>
        <f v="33 36 42" fn="0 0 -1">
            <n d="-0 -0 -1"/>
            <n d="-0 -0 -1"/>
            <n d="-0 -0 -1"/>
        </f>
        <f v="34 35 36" fn="-0 -0 -1">
            <n d="-0 -0 -1"/>
            <n d="-0 -0 -1"/>
            <n d="-0 -0 -1"/>
        </f>
        <f v="34 5 35" fn="-0 -0 -1">
            <n d="-0 -0 -1"/>
            <n d="-0 -0 -1"/>
            <n d="-0 -0 -1"/>
        </f>
        <f v="32 33 43" fn="0 -0 -1">
            <n d="-0 -0 -1"/>
            <n d="-0 -0 -1"/>
            <n d="-0 -0 -1"/>
        </f>
        <f v="33 34 36" fn="-0 -0 -1">
            <n d="-0 -0 -1"/>
            <n d="-0 -0 -1"/>
            <n d="-0 -0 -1"/>
        </f>
        <f v="32 43 4" fn="0 0 -1">
            <n d="-0 -0 -1"/>
            <n d="-0 -0 -1"/>
            <n d="-0 -0 -1"/>
        </f>
    </facets>
    <facets color="d1d1d1">
        <f v="45 54 55" fn="0 1 0">
            <n d="-0 1 -1.91329795144501e-016"/>
            <n d="-0 1 -1.91329795144501e-016"/>
            <n d="-0 1 -1.91329795144501e-016"/>
        </f>
        <f v="52 11 53" fn="0 1 0">
            <n d="-0 1 -1.91329795144501e-016"/>
            <n d="-0 1 -1.91329795144501e-016"/>
            <n d="-0 1 -1.91329795144501e-016"/>
        </f>
        <f v="51 53 54" fn="0 1 0">
            <n d="-0 1 -1.91329795144501e-016"/>
            <n d="-0 1 -1.91329795144501e-016"/>
            <n d="-0 1 -1.91329795144501e-016"/>
        </f>
        <f v="51 52 53" fn="-0 1 -0">
            <n d="-0 1 -1.91329795144501e-016"/>
            <n d="-0 1 -1.91329795144501e-016"/>
            <n d="-0 1 -1.91329795144501e-016"/>
        </f>
        <f v="48 51 54" fn="0 1 -0">
            <n d="-0 1 -1.91329795144501e-016"/>
            <n d="-0 1 -1.91329795144501e-016"/>
            <n d="-0 1 -1.91329795144501e-016"/>
        </f>
        <f v="49 50 51" fn="-0 1 -0">
            <n d="-0 1 -1.91329795144501e-016"/>
            <n d="-0 1 -1.91329795144501e-016"/>
            <n d="-0 1 -1.91329795144501e-016"/>
        </f>
        <f v="49 10 50" fn="-0 1 -0">
            <n d="-0 1 -1.91329795144501e-016"/>
            <n d="-0 1 -1.91329795144501e-016"/>
            <n d="-0 1 -1.91329795144501e-016"/>
        </f>
        <f v="48 49 51" fn="-0 1 -0">
            <n d="-0 1 -1.91329795144501e-016"/>
            <n d="-0 1 -1.91329795144501e-016"/>
            <n d="-0 1 -1.91329795144501e-016"/>
        </f>
        <f v="45 48 54" fn="0 1 0">
            <n d="-0 1 -1.91329795144501e-016"/>
            <n d="-0 1 -1.91329795144501e-016"/>
            <n d="-0 1 -1.91329795144501e-016"/>
        </f>
        <f v="45 47 48" fn="0 1 0">
            <n d="-0 1 -1.91329795144501e-016"/>
            <n d="-0 1 -1.91329795144501e-016"/>
            <n d="-0 1 -1.91329795144501e-016"/>
        </f>
        <f v="46 9 47" fn="-0 1 0">
            <n d="-0 1 -1.91329795144501e-016"/>
            <n d="-0 1 -1.91329795144501e-016"/>
            <n d="-0 1 -1.91329795144501e-016"/>
        </f>
        <f v="44 45 55" fn="0 1 0">
            <n d="-0 1 -1.91329795144501e-016"/>
            <n d="-0 1 -1.91329795144501e-016"/>
            <n d="-0 1 -1.91329795144501e-016"/>
        </f>
        <f v="45 46 47" fn="-0 1 0">
            <n d="-0 1 -1.91329795144501e-016"/>
            <n d="-0 1 -1.91329795144501e-016"/>
            <n d="-0 1 -1.91329795144501e-016"/>
        </f>
        <f v="44 55 8" fn="0 1 -0">
            <n d="-0 1 -1.91329795144501e-016"/>
            <n d="-0 1 -1.91329795144501e-016"/>
            <n d="-0 1 -1.91329795144501e-016"/>
        </f>
    </facets>
    <facets color="d1d1d1">
        <f v="57 66 67" fn="0 0 1">
            <n d="-0 -0 1"/>
            <n d="-0 -0 1"/>
            <n d="-0 -0 1"/>
        </f>
        <f v="64 65 66" fn="-0 -0 1">
            <n d="-0 -0 1"/>
            <n d="-0 -0 1"/>
            <n d="-0 -0 1"/>
        </f>
        <f v="64 15 65" fn="-0 -0 1">
            <n d="-0 -0 1"/>
            <n d="-0 -0 1"/>
            <n d="-0 -0 1"/>
        </f>
        <f v="63 64 66" fn="-0 -0 1">
            <n d="-0 -0 1"/>
            <n d="-0 -0 1"/>
            <n d="-0 -0 1"/>
        </f>
        <f v="60 63 66" fn="0 0 1">
            <n d="-0 -0 1"/>
            <n d="-0 -0 1"/>
            <n d="-0 -0 1"/>
        </f>
        <f v="61 62 63" fn="-0 -0 1">
            <n d="-0 -0 1"/>
            <n d="-0 -0 1"/>
            <n d="-0 -0 1"/>
        </f>
        <f v="61 14 62" fn="0 -0 1">
            <n d="-0 -0 1"/>
            <n d="-0 -0 1"/>
            <n d="-0 -0 1"/>
        </f>
        <f v="60 61 63" fn="0 -0 1">
            <n d="-0 -0 1"/>
            <n d="-0 -0 1"/>
            <n d="-0 -0 1"/>
        </f>
        <f v="57 60 66" fn="0 0 1">
            <n d="-0 -0 1"/>
            <n d="-0 -0 1"/>
            <n d="-0 -0 1"/>
        </f>
        <f v="57 59 60" fn="0 0 1">
            <n d="-0 -0 1"/>
            <n d="-0 -0 1"/>
            <n d="-0 -0 1"/>
        </f>
        <f v="58 13 59" fn="-0 -0 1">
            <n d="-0 -0 1"/>
            <n d="-0 -0 1"/>
            <n d="-0 -0 1"/>
        </f>
        <f v="56 57 67" fn="0 -0 1">
            <n d="-0 -0 1"/>
            <n d="-0 -0 1"/>
            <n d="-0 -0 1"/>
        </f>
        <f v="57 58 59" fn="-0 -0 1">
            <n d="-0 -0 1"/>
            <n d="-0 -0 1"/>
            <n d="-0 -0 1"/>
        </f>
        <f v="56 67 12" fn="0 0 1">
            <n d="-0 -0 1"/>
            <n d="-0 -0 1"/>
            <n d="-0 -0 1"/>
        </f>
    </facets>
    <facets color="d1d1d1">
        <f v="78 68 69" fn="1 -0 -0">
            <n d="1 0 0"/>
            <n d="1 0 0"/>
            <n d="1 0 0"/>
        </f>
        <f v="71 69 70" fn="1 0 0">
            <n d="1 0 0"/>
            <n d="1 0 0"/>
            <n d="1 0 0"/>
        </f>
        <f v="71 70 17" fn="1 0 0">
            <n d="1 0 0"/>
            <n d="1 0 0"/>
            <n d="1 0 0"/>
        </f>
        <f v="72 69 71" fn="1 0 0">
            <n d="1 0 0"/>
            <n d="1 0 0"/>
            <n d="1 0 0"/>
        </f>
        <f v="75 69 72" fn="1 0 -0">
            <n d="1 0 0"/>
            <n d="1 0 0"/>
            <n d="1 0 0"/>
        </f>
        <f v="74 72 73" fn="1 0 0">
            <n d="1 0 0"/>
            <n d="1 0 0"/>
            <n d="1 0 0"/>
        </f>
        <f v="74 73 18" fn="1 0 0">
            <n d="1 0 0"/>
            <n d="1 0 0"/>
            <n d="1 0 0"/>
        </f>
        <f v="75 72 74" fn="1 0 0">
            <n d="1 0 0"/>
            <n d="1 0 0"/>
            <n d="1 0 0"/>
        </f>
        <f v="78 69 75" fn="1 -0 0">
            <n d="1 0 0"/>
            <n d="1 0 0"/>
            <n d="1 0 0"/>
        </f>
        <f v="77 75 76" fn="1 0 0">
            <n d="1 0 0"/>
            <n d="1 0 0"/>
            <n d="1 0 0"/>
        </f>
        <f v="77 76 19" fn="1 -0 0">
            <n d="1 0 0"/>
            <n d="1 0 0"/>
            <n d="1 0 0"/>
        </f>
        <f v="79 68 78" fn="1 -0 0">
            <n d="1 0 0"/>
            <n d="1 0 0"/>
            <n d="1 0 0"/>
        </f>
        <f v="78 75 77" fn="1 -0 0">
            <n d="1 0 0"/>
            <n d="1 0 0"/>
            <n d="1 0 0"/>
        </f>
        <f v="79 16 68" fn="1 0 -0">
            <n d="1 0 0"/>
            <n d="1 0 0"/>
            <n d="1 0 0"/>
        </f>
    </facets>
    <facets color="d1d1d1">
        <f v="90 91 11" fn="-1 -0 -0">
            <n d="-1 -0 -0"/>
            <n d="-1 -0 -0"/>
            <n d="-1 -0 -0"/>
        </f>
        <f v="89 90 11" fn="-1 0 0">
            <n d="-1 -0 -0"/>
            <n d="-1 -0 -0"/>
            <n d="-1 -0 -0"/>
        </f>
        <f v="14 89 11" fn="-1 -0 -0">
            <n d="-1 -0 -0"/>
            <n d="-1 -0 -0"/>
            <n d="-1 -0 -0"/>
        </f>
        <f v="52 14 11" fn="-1 0 0">
            <n d="-1 -0 -0"/>
            <n d="-1 -0 -0"/>
            <n d="-1 -0 -0"/>
        </f>
        <f v="51 63 62" fn="-1 0 0">
            <n d="-1 -0 -0"/>
            <n d="-1 -0 -0"/>
            <n d="-1 -0 -0"/>
        </f>
        <f v="20 15 64" fn="-1 0 0">
            <n d="-1 -0 -0"/>
            <n d="-1 -0 -0"/>
            <n d="-1 -0 -0"/>
        </f>
        <f v="0 88 15" fn="-1 0 0">
            <n d="-1 -0 -0"/>
            <n d="-1 -0 -0"/>
            <n d="-1 -0 -0"/>
        </f>
        <f v="0 87 88" fn="-1 0 0">
            <n d="-1 -0 -0"/>
            <n d="-1 -0 -0"/>
            <n d="-1 -0 -0"/>
        </f>
        <f v="0 86 87" fn="-1 -0 -0">
            <n d="-1 -0 -0"/>
            <n d="-1 -0 -0"/>
            <n d="-1 -0 -0"/>
        </f>
        <f v="20 0 15" fn="-1 -0 -0">
            <n d="-1 -0 -0"/>
            <n d="-1 -0 -0"/>
            <n d="-1 -0 -0"/>
        </f>
        <f v="21 64 63" fn="-1 0 0">
            <n d="-1 -0 -0"/>
            <n d="-1 -0 -0"/>
            <n d="-1 -0 -0"/>
        </f>
        <f v="21 20 64" fn="-1 -0 -0">
            <n d="-1 -0 -0"/>
            <n d="-1 -0 -0"/>
            <n d="-1 -0 -0"/>
        </f>
        <f v="33 21 63" fn="-1 0 0">
            <n d="-1 -0 -0"/>
            <n d="-1 -0 -0"/>
            <n d="-1 -0 -0"/>
        </f>
        <f v="32 22 21" fn="-1 -0 -0">
            <n d="-1 -0 -0"/>
            <n d="-1 -0 -0"/>
            <n d="-1 -0 -0"/>
        </f>
        <f v="4 1 22" fn="-1 0 0">
            <n d="-1 -0 -0"/>
            <n d="-1 -0 -0"/>
            <n d="-1 -0 -0"/>
        </f>
        <f v="84 85 1" fn="-1 -0 -0">
            <n d="-1 -0 -0"/>
            <n d="-1 -0 -0"/>
            <n d="-1 -0 -0"/>
        </f>
        <f v="83 84 1" fn="-1 -0 -0">
            <n d="-1 -0 -0"/>
            <n d="-1 -0 -0"/>
            <n d="-1 -0 -0"/>
        </f>
        <f v="4 83 1" fn="-1 -0 -0">
            <n d="-1 -0 -0"/>
            <n d="-1 -0 -0"/>
            <n d="-1 -0 -0"/>
        </f>
        <f v="32 4 22" fn="-1 -0 -0">
            <n d="-1 -0 -0"/>
            <n d="-1 -0 -0"/>
            <n d="-1 -0 -0"/>
        </f>
        <f v="33 32 21" fn="-1 -0 -0">
            <n d="-1 -0 -0"/>
            <n d="-1 -0 -0"/>
            <n d="-1 -0 -0"/>
        </f>
        <f v="51 33 63" fn="-1 -0 0">
            <n d="-1 -0 -0"/>
            <n d="-1 -0 -0"/>
            <n d="-1 -0 -0"/>
        </f>
        <f v="50 5 34" fn="-1 0 0">
            <n d="-1 -0 -0"/>
            <n d="-1 -0 -0"/>
            <n d="-1 -0 -0"/>
        </f>
        <f v="10 82 5" fn="-1 0 0">
            <n d="-1 -0 -0"/>
            <n d="-1 -0 -0"/>
            <n d="-1 -0 -0"/>
        </f>
        <f v="10 81 82" fn="-1 0 0">
            <n d="-1 -0 -0"/>
            <n d="-1 -0 -0"/>
            <n d="-1 -0 -0"/>
        </f>
        <f v="10 80 81" fn="-1 -0 -0">
            <n d="-1 -0 -0"/>
            <n d="-1 -0 -0"/>
            <n d="-1 -0 -0"/>
        </f>
        <f v="52 51 62" fn="-1 -0 -0">
            <n d="-1 -0 -0"/>
            <n d="-1 -0 -0"/>
            <n d="-1 -0 -0"/>
        </f>
        <f v="50 10 5" fn="-1 -0 -0">
            <n d="-1 -0 -0"/>
            <n d="-1 -0 -0"/>
            <n d="-1 -0 -0"/>
        </f>
        <f v="51 34 33" fn="-1 0 0">
            <n d="-1 -0 -0"/>
            <n d="-1 -0 -0"/>
            <n d="-1 -0 -0"/>
        </f>
        <f v="51 50 34" fn="-1 -0 -0">
            <n d="-1 -0 -0"/>
            <n d="-1 -0 -0"/>
            <n d="-1 -0 -0"/>
        </f>
        <f v="52 62 14" fn="-1 -0 -0">
            <n d="-1 -0 -0"/>
            <n d="-1 -0 -0"/>
            <n d="-1 -0 -0"/>
        </f>
    </facets>
    <facets color="d1d1d1">
        <f v="29 94 93" fn="-0.00604650305288751 -0.900330814317758 0.435164181189989">
            <n d="-0 -1 -1.83690953073357e-016"/>
            <n d="0 -0.975116335574791 0.221693780010157"/>
            <n d="0 -0.779513363382454 0.626385597142985"/>
        </f>
        <f v="66 93 92" fn="-0.00751508262791826 -0.614356024396091 0.788993155116903">
            <n d="0 -2.44921270764475e-016 1"/>
            <n d="0 -0.779513363382454 0.626385597142985"/>
            <n d="0 -0.416229442081678 0.909259617240519"/>
        </f>
        <f v="67 92 12" fn="0 -0.213002796647668 0.977051589538788">
            <n d="0 -2.44921270764475e-016 1"/>
            <n d="0 -0.416229442081678 0.909259617240519"/>
            <n d="0 -2.44921270764475e-016 1"/>
        </f>
        <f v="66 92 67" fn="0 -0.213002796647668 0.977051589538788">
            <n d="0 -2.44921270764475e-016 1"/>
            <n d="0 -0.416229442081678 0.909259617240519"/>
            <n d="0 -2.44921270764475e-016 1"/>
        </f>
        <f v="30 93 66" fn="-0.0117140495883232 -0.707058265294396 0.707058265294396">
            <n d="-0 -1 -1.83690953073357e-016"/>
            <n d="0 -0.779513363382454 0.626385597142985"/>
            <n d="0 -2.44921270764475e-016 1"/>
        </f>
        <f v="88 66 65" fn="0 -0.213002796647718 0.977051589538777">
            <n d="0 -0.416229442081687 0.909259617240515"/>
            <n d="0 -2.44921270764475e-016 1"/>
            <n d="0 -2.44921270764475e-016 1"/>
        </f>
        <f v="88 65 15" fn="0 -0.213002796647718 0.977051589538777">
            <n d="0 -0.416229442081687 0.909259617240515"/>
            <n d="0 -2.44921270764475e-016 1"/>
            <n d="0 -2.44921270764475e-016 1"/>
        </f>
        <f v="87 66 88" fn="0.00751508262791791 -0.614356024396109 0.788993155116889">
            <n d="0 -0.77951336338248 0.626385597142953"/>
            <n d="0 -2.44921270764475e-016 1"/>
            <n d="0 -0.416229442081687 0.909259617240515"/>
        </f>
        <f v="30 66 87" fn="0.0117140495883222 -0.707058265294397 0.707058265294397">
            <n d="-0 -1 -1.83690953073357e-016"/>
            <n d="0 -2.44921270764475e-016 1"/>
            <n d="0 -0.77951336338248 0.626385597142953"/>
        </f>
        <f v="31 87 86" fn="0.00604650305288787 -0.900330814317749 0.435164181190008">
            <n d="-0 -1 -1.83690953073357e-016"/>
            <n d="0 -0.77951336338248 0.626385597142953"/>
            <n d="0 -0.975116335574791 0.221693780010157"/>
        </f>
        <f v="31 86 0" fn="0 -0.993759612676724 0.111542961286708">
            <n d="-0 -1 -1.83690953073357e-016"/>
            <n d="0 -0.975116335574791 0.221693780010157"/>
            <n d="-0 -1 -1.83690953073357e-016"/>
        </f>
        <f v="29 93 30" fn="0 -0.943269145944692 0.332029092563847">
            <n d="-0 -1 -1.83690953073357e-016"/>
            <n d="0 -0.779513363382454 0.626385597142985"/>
            <n d="-0 -1 -1.83690953073357e-016"/>
        </f>
        <f v="30 87 31" fn="0 -0.94326914594469 0.332029092563853">
            <n d="-0 -1 -1.83690953073357e-016"/>
            <n d="0 -0.77951336338248 0.626385597142953"/>
            <n d="-0 -1 -1.83690953073357e-016"/>
        </f>
        <f v="29 3 94" fn="-0 -0.993759612676724 0.111542961286708">
            <n d="-0 -1 -1.83690953073357e-016"/>
            <n d="-0 -1 -1.83690953073357e-016"/>
            <n d="0 -0.975116335574791 0.221693780010157"/>
        </f>
    </facets>
    <facets color="d1d1d1"/>
    <facets color="d1d1d1">
        <f v="43 83 4" fn="-0 -0.111542961286689 -0.993759612676726">
            <n d="0 1.22460635382238e-016 -1"/>
            <n d="-0 -0.221693780010157 -0.975116335574791"/>
            <n d="0 1.22460635382238e-016 -1"/>
        </f>
        <f v="43 84 83" fn="0.0060465030528878 -0.435164181189988 -0.900330814317759">
            <n d="0 1.22460635382238e-016 -1"/>
            <n d="-0 -0.626385597142974 -0.779513363382463"/>
            <n d="-0 -0.221693780010157 -0.975116335574791"/>
        </f>
        <f v="24 85 84" fn="0.0075150826279179 -0.788993155116907 -0.614356024396085">
            <n d="-0 -1 -1.83690953073357e-016"/>
            <n d="-0 -0.909259617240515 -0.416229442081686"/>
            <n d="-0 -0.626385597142974 -0.779513363382463"/>
        </f>
        <f v="42 84 43" fn="-0 -0.332029092563838 -0.943269145944695">
            <n d="0 1.22460635382238e-016 -1"/>
            <n d="-0 -0.626385597142974 -0.779513363382463"/>
            <n d="0 1.22460635382238e-016 -1"/>
        </f>
        <f v="24 84 42" fn="0.0117140495883231 -0.707058265294396 -0.707058265294397">
            <n d="-0 -1 -1.83690953073357e-016"/>
            <n d="-0 -0.626385597142974 -0.779513363382463"/>
            <n d="0 1.22460635382238e-016 -1"/>
        </f>
        <f v="102 42 41" fn="-0 -0.332029092563843 -0.943269145944693">
            <n d="-0 -0.626385597142967 -0.779513363382469"/>
            <n d="0 1.22460635382238e-016 -1"/>
            <n d="0 1.22460635382238e-016 -1"/>
        </f>
        <f v="103 41 7" fn="0 -0.111542961286694 -0.993759612676725">
            <n d="-0 -0.221693780010146 -0.975116335574793"/>
            <n d="0 1.22460635382238e-016 -1"/>
            <n d="0 1.22460635382238e-016 -1"/>
        </f>
        <f v="102 41 103" fn="-0.0060465030528874 -0.435164181189987 -0.900330814317759">
            <n d="-0 -0.626385597142967 -0.779513363382469"/>
            <n d="0 1.22460635382238e-016 -1"/>
            <n d="-0 -0.221693780010146 -0.975116335574793"/>
        </f>
        <f v="24 42 102" fn="-0.0117140495883228 -0.707058265294396 -0.707058265294397">
            <n d="-0 -1 -1.83690953073357e-016"/>
            <n d="0 1.22460635382238e-016 -1"/>
            <n d="-0 -0.626385597142967 -0.779513363382469"/>
        </f>
        <f v="24 102 101" fn="-0.00751508262791754 -0.788993155116908 -0.614356024396085">
            <n d="-0 -1 -1.83690953073357e-016"/>
            <n d="-0 -0.626385597142967 -0.779513363382469"/>
            <n d="-0 -0.909259617240514 -0.41622944208169"/>
        </f>
        <f v="24 101 25" fn="0 -0.977051589538778 -0.213002796647715">
            <n d="-0 -1 -1.83690953073357e-016"/>
            <n d="-0 -0.909259617240514 -0.41622944208169"/>
            <n d="-0 -1 -1.83690953073357e-016"/>
        </f>
        <f v="25 101 2" fn="0 -0.977051589538778 -0.213002796647715">
            <n d="-0 -1 -1.83690953073357e-016"/>
            <n d="-0 -0.909259617240514 -0.41622944208169"/>
            <n d="-0 -1 -1.83690953073357e-016"/>
        </f>
        <f v="23 85 24" fn="0 -0.977051589538783 -0.213002796647691">
            <n d="-0 -1 -1.83690953073357e-016"/>
            <n d="-0 -0.909259617240515 -0.416229442081686"/>
            <n d="-0 -1 -1.83690953073357e-016"/>
        </f>
        <f v="23 1 85" fn="-0 -0.977051589538783 -0.213002796647691">
            <n d="-0 -1 -1.83690953073357e-016"/>
            <n d="-0 -1 -1.83690953073357e-016"/>
            <n d="-0 -0.909259617240515 -0.416229442081686"/>
        </f>
    </facets>
    <facets color="d1d1d1">
        <f v="68 98 99" fn="0.900345872747916 -0.435171459502944 -0.00176359288680155">
            <n d="1 2.2143230174812e-014 4.23665969318432e-030"/>
            <n d="0.975116335574798 -0.221693780010125 -4.24166255141472e-017"/>
            <n d="0.77951336338248 -0.626385597142953 -1.19846227982827e-016"/>
        </f>
        <f v="28 100 3" fn="0.213002796647715 -0.977051589538778 -0">
            <n d="0 -1 -1.91329795144501e-016"/>
            <n d="0.416229442081703 -0.909259617240507 -1.73968456299794e-016"/>
            <n d="0 -1 -1.91329795144501e-016"/>
        </f>
        <f v="27 99 100" fn="0.614371897527364 -0.789013540351936 -0.00219195573195866">
            <n d="0 -1 -1.91329795144501e-016"/>
            <n d="0.77951336338248 -0.626385597142953 -1.19846227982827e-016"/>
            <n d="0.416229442081703 -0.909259617240507 -1.73968456299794e-016"/>
        </f>
        <f v="27 100 28" fn="0.213002796647715 -0.977051589538778 0">
            <n d="0 -1 -1.91329795144501e-016"/>
            <n d="0.416229442081703 -0.909259617240507 -1.73968456299794e-016"/>
            <n d="0 -1 -1.91329795144501e-016"/>
        </f>
        <f v="69 99 27" fn="0.707102653577894 -0.707102653577894 -0.00341681228657201">
            <n d="1 1.10409999285604e-014 2.11247225452192e-030"/>
            <n d="0.77951336338248 -0.626385597142953 -1.19846227982827e-016"/>
            <n d="0 -1 -1.91329795144501e-016"/>
        </f>
        <f v="105 27 26" fn="0.332029092563855 -0.943269145944689 -0">
            <n d="0.626385597142975 -0.779513363382462 -1.49144132128367e-016"/>
            <n d="0 -1 -1.91329795144501e-016"/>
            <n d="0 -1 -1.91329795144501e-016"/>
        </f>
        <f v="106 26 2" fn="0.111542961286708 -0.993759612676724 0">
            <n d="0.221693780010158 -0.975116335574791 -1.86568808727581e-016"/>
            <n d="0 -1 -1.91329795144501e-016"/>
            <n d="0 -1 -1.91329795144501e-016"/>
        </f>
        <f v="105 26 106" fn="0.435171459502959 -0.900345872747909 0.00176359288680152">
            <n d="0.626385597142975 -0.779513363382462 -1.49144132128367e-016"/>
            <n d="0 -1 -1.91329795144501e-016"/>
            <n d="0.221693780010158 -0.975116335574791 -1.86568808727581e-016"/>
        </f>
        <f v="69 27 105" fn="0.707102653577894 -0.707102653577894 0.00341681228657187">
            <n d="1 1.10409999285604e-014 2.11247225452192e-030"/>
            <n d="0 -1 -1.91329795144501e-016"/>
            <n d="0.626385597142975 -0.779513363382462 -1.49144132128367e-016"/>
        </f>
        <f v="69 105 104" fn="0.78901354035192 -0.614371897527385 0.00219195573195879">
            <n d="1 1.10409999285604e-014 2.11247225452192e-030"/>
            <n d="0.626385597142975 -0.779513363382462 -1.49144132128367e-016"/>
            <n d="0.909259617240516 -0.416229442081684 -7.96370938865985e-017"/>
        </f>
        <f v="70 104 17" fn="0.97705158953878 -0.213002796647705 0">
            <n d="1 1.10409999285604e-014 2.11247225452192e-030"/>
            <n d="0.909259617240516 -0.416229442081684 -7.96370938865985e-017"/>
            <n d="1 -6.12303176911189e-017 -1.17151841404745e-032"/>
        </f>
        <f v="68 99 69" fn="0.943269145944695 -0.332029092563838 0">
            <n d="1 2.2143230174812e-014 4.23665969318432e-030"/>
            <n d="0.77951336338248 -0.626385597142953 -1.19846227982827e-016"/>
            <n d="1 1.10409999285604e-014 2.11247225452192e-030"/>
        </f>
        <f v="69 104 70" fn="0.97705158953878 -0.213002796647705 0">
            <n d="1 1.10409999285604e-014 2.11247225452192e-030"/>
            <n d="0.909259617240516 -0.416229442081684 -7.96370938865985e-017"/>
            <n d="1 1.10409999285604e-014 2.11247225452192e-030"/>
        </f>
        <f v="68 16 98" fn="0.993759612676726 -0.111542961286683 -0">
            <n d="1 2.2143230174812e-014 4.23665969318432e-030"/>
            <n d="1 3.32454604210636e-014 6.36084713184671e-030"/>
            <n d="0.975116335574798 -0.221693780010125 -4.24166255141472e-017"/>
        </f>
    </facets>
    <facets color="d1d1d1">
        <f v="56 95 96" fn="0.435171371127782 0.00187521230894355 0.900345689904474">
            <n d="0 0 1"/>
            <n d="0.22169378001015 0 0.975116335574792"/>
            <n d="0.62638559714297 0 0.779513363382467"/>
        </f>
        <f v="78 96 97" fn="0.789013292825709 0.0023306863762248 0.614371704789004">
            <n d="1 0 6.12303176911189e-017"/>
            <n d="0.62638559714297 0 0.779513363382467"/>
            <n d="0.909259617240525 0 0.416229442081666"/>
        </f>
        <f v="79 97 16" fn="0.977051589538777 0 0.213002796647716">
            <n d="1 0 6.12303176911189e-017"/>
            <n d="0.909259617240525 0 0.416229442081666"/>
            <n d="1 0 6.12303176911189e-017"/>
        </f>
        <f v="78 97 79" fn="0.977051589538777 0 0.213002796647716">
            <n d="1 0 6.12303176911189e-017"/>
            <n d="0.909259617240525 0 0.416229442081666"/>
            <n d="1 0 6.12303176911189e-017"/>
        </f>
        <f v="57 96 78" fn="0.707102114566878 0.0036330634593422 0.707102114566878">
            <n d="0 0 1"/>
            <n d="0.62638559714297 0 0.779513363382467"/>
            <n d="1 0 6.12303176911189e-017"/>
        </f>
        <f v="108 78 77" fn="0.943269145944695 -0 0.332029092563839">
            <n d="0.77951336338247 0 0.626385597142965"/>
            <n d="1 0 6.12303176911189e-017"/>
            <n d="1 0 6.12303176911189e-017"/>
        </f>
        <f v="109 77 19" fn="0.993759612676727 0 0.111542961286683">
            <n d="0.975116335574791 0 0.221693780010156"/>
            <n d="1 0 6.12303176911189e-017"/>
            <n d="1 0 6.12303176911189e-017"/>
        </f>
        <f v="108 77 109" fn="0.900345689904487 -0.00187521230894304 0.435171371127755">
            <n d="0.77951336338247 0 0.626385597142965"/>
            <n d="1 0 6.12303176911189e-017"/>
            <n d="0.975116335574791 0 0.221693780010156"/>
        </f>
        <f v="57 78 108" fn="0.707102114566878 -0.00363306345934217 0.707102114566878">
            <n d="0 0 1"/>
            <n d="1 0 6.12303176911189e-017"/>
            <n d="0.77951336338247 0 0.626385597142965"/>
        </f>
        <f v="57 107 58" fn="0.213002796647715 -0 0.977051589538778">
            <n d="0 0 1"/>
            <n d="0.416229442081691 0 0.909259617240513"/>
            <n d="0 0 1"/>
        </f>
        <f v="57 108 107" fn="0.61437170478903 -0.00233068637622513 0.789013292825689">
            <n d="0 0 1"/>
            <n d="0.77951336338247 0 0.626385597142965"/>
            <n d="0.416229442081691 0 0.909259617240513"/>
        </f>
        <f v="58 107 13" fn="0.213002796647715 -0 0.977051589538778">
            <n d="0 0 1"/>
            <n d="0.416229442081691 0 0.909259617240513"/>
            <n d="0 0 1"/>
        </f>
        <f v="56 96 57" fn="0.33202909256384 -0 0.943269145944694">
            <n d="0 0 1"/>
            <n d="0.62638559714297 0 0.779513363382467"/>
            <n d="0 0 1"/>
        </f>
        <f v="56 12 95" fn="0.111542961286611 0 0.993759612676735">
            <n d="0 0 1"/>
            <n d="0 0 1"/>
            <n d="0.22169378001015 0 0.975116335574792"/>
        </f>
    </facets>
    <facets color="d1d1d1">
        <f v="61 89 14" fn="0 0.111542961286708 0.993759612676724">
            <n d="0 0 1"/>
            <n d="0 0.221693780010158 0.975116335574791"/>
            <n d="0 0 1"/>
        </f>
        <f v="61 90 89" fn="0.00604650305288732 0.435164181189979 0.900330814317763">
            <n d="0 0 1"/>
            <n d="0 0.626385597142973 0.779513363382464"/>
            <n d="0 0.221693780010158 0.975116335574791"/>
        </f>
        <f v="54 91 90" fn="0.00751508262791767 0.788993155116912 0.614356024396079">
            <n d="0 1 6.12303176911189e-017"/>
            <n d="0 0.909259617240517 0.416229442081682"/>
            <n d="0 0.626385597142973 0.779513363382464"/>
        </f>
        <f v="60 90 61" fn="0 0.332029092563838 0.943269145944695">
            <n d="0 0 1"/>
            <n d="0 0.626385597142973 0.779513363382464"/>
            <n d="0 0 1"/>
        </f>
        <f v="54 90 60" fn="0.0117140495883232 0.707058265294397 0.707058265294397">
            <n d="0 1 6.12303176911189e-017"/>
            <n d="0 0.626385597142973 0.779513363382464"/>
            <n d="0 0 1"/>
        </f>
        <f v="111 60 59" fn="-0 0.332029092563832 0.943269145944697">
            <n d="0 0.62638559714298 0.779513363382458"/>
            <n d="0 0 1"/>
            <n d="0 0 1"/>
        </f>
        <f v="112 59 13" fn="0 0.111542961286609 0.993759612676735">
            <n d="0 0.221693780010153 0.975116335574792"/>
            <n d="0 0 1"/>
            <n d="0 0 1"/>
        </f>
        <f v="111 59 112" fn="-0.00604650305288953 0.435164181190009 0.900330814317749">
            <n d="0 0.62638559714298 0.779513363382458"/>
            <n d="0 0 1"/>
            <n d="0 0.221693780010153 0.975116335574792"/>
        </f>
        <f v="54 60 111" fn="-0.0117140495883235 0.707058265294396 0.707058265294396">
            <n d="0 1 6.12303176911189e-017"/>
            <n d="0 0 1"/>
            <n d="0 0.62638559714298 0.779513363382458"/>
        </f>
        <f v="54 111 110" fn="-0.00751508262791839 0.788993155116906 0.614356024396087">
            <n d="0 1 6.12303176911189e-017"/>
            <n d="0 0.62638559714298 0.779513363382458"/>
            <n d="0 0.909259617240509 0.4162294420817"/>
        </f>
        <f v="54 110 55" fn="-0 0.977051589538785 0.213002796647682">
            <n d="0 1 6.12303176911189e-017"/>
            <n d="0 0.909259617240509 0.4162294420817"/>
            <n d="0 1 6.12303176911189e-017"/>
        </f>
        <f v="55 110 8" fn="-0 0.977051589538785 0.213002796647682">
            <n d="0 1 6.12303176911189e-017"/>
            <n d="0 0.909259617240509 0.4162294420817"/>
            <n d="0 1 6.12303176911189e-017"/>
        </f>
        <f v="53 91 54" fn="-0 0.977051589538782 0.213002796647693">
            <n d="0 1 6.12303176911189e-017"/>
            <n d="0 0.909259617240517 0.416229442081682"/>
            <n d="0 1 6.12303176911189e-017"/>
        </f>
        <f v="53 11 91" fn="0 0.977051589538782 0.213002796647693">
            <n d="0 1 6.12303176911189e-017"/>
            <n d="0 1 6.12303176911189e-017"/>
            <n d="0 0.909259617240517 0.416229442081682"/>
        </f>
    </facets>
    <facets color="d1d1d1"/>
    <facets color="d1d1d1"/>
    <facets color="d1d1d1">
        <f v="71 113 114" fn="0.900345689904489 0.00187521230894294 -0.435171371127751">
            <n d="1 0 -6.12303176911189e-017"/>
            <n d="0.975116335574792 0 -0.22169378001015"/>
            <n d="0.779513363382467 0 -0.626385597142968"/>
        </f>
        <f v="40 115 7" fn="0.213002796647703 -0 -0.97705158953878">
            <n d="0 0 -1"/>
            <n d="0.416229442081692 0 -0.909259617240513"/>
            <n d="0 0 -1"/>
        </f>
        <f v="39 114 115" fn="0.614371704789037 0.00233068637622523 -0.789013292825684">
            <n d="0 0 -1"/>
            <n d="0.779513363382467 0 -0.626385597142968"/>
            <n d="0.416229442081692 0 -0.909259617240513"/>
        </f>
        <f v="39 115 40" fn="0.213002796647703 0 -0.97705158953878">
            <n d="0 0 -1"/>
            <n d="0.416229442081692 0 -0.909259617240513"/>
            <n d="0 0 -1"/>
        </f>
        <f v="72 114 39" fn="0.707102114566878 0.00363306345934218 -0.707102114566878">
            <n d="1 0 -6.12303176911189e-017"/>
            <n d="0.779513363382467 0 -0.626385597142968"/>
            <n d="0 0 -1"/>
        </f>
        <f v="120 39 38" fn="0.332029092563839 -0 -0.943269145944695">
            <n d="0.626385597142967 0 -0.779513363382468"/>
            <n d="0 0 -1"/>
            <n d="0 0 -1"/>
        </f>
        <f v="121 38 6" fn="0.111542961286685 0 -0.993759612676726">
            <n d="0.221693780010154 0 -0.975116335574791"/>
            <n d="0 0 -1"/>
            <n d="0 0 -1"/>
        </f>
        <f v="120 38 121" fn="0.435171371127751 -0.00187521230894298 -0.900345689904489">
            <n d="0.626385597142967 0 -0.779513363382468"/>
            <n d="0 0 -1"/>
            <n d="0.221693780010154 0 -0.975116335574791"/>
        </f>
        <f v="72 39 120" fn="0.707102114566878 -0.00363306345934218 -0.707102114566878">
            <n d="1 0 -6.12303176911189e-017"/>
            <n d="0 0 -1"/>
            <n d="0.626385597142967 0 -0.779513363382468"/>
        </f>
        <f v="72 120 119" fn="0.789013292825687 -0.00233068637622517 -0.614371704789033">
            <n d="1 0 -6.12303176911189e-017"/>
            <n d="0.626385597142967 0 -0.779513363382468"/>
            <n d="0.909259617240514 0 -0.41622944208169"/>
        </f>
        <f v="72 119 73" fn="0.977051589538779 0 -0.213002796647708">
            <n d="1 0 -6.12303176911189e-017"/>
            <n d="0.909259617240514 0 -0.41622944208169"/>
            <n d="1 0 -6.12303176911189e-017"/>
        </f>
        <f v="73 119 18" fn="0.977051589538779 0 -0.213002796647708">
            <n d="1 0 -6.12303176911189e-017"/>
            <n d="0.909259617240514 0 -0.41622944208169"/>
            <n d="1 0 -6.12303176911189e-017"/>
        </f>
        <f v="71 114 72" fn="0.943269145944694 0 -0.332029092563841">
            <n d="1 0 -6.12303176911189e-017"/>
            <n d="0.779513363382467 0 -0.626385597142968"/>
            <n d="1 0 -6.12303176911189e-017"/>
        </f>
        <f v="71 17 113" fn="0.993759612676726 -0 -0.111542961286686">
            <n d="1 0 -6.12303176911189e-017"/>
            <n d="1 0 -6.12303176911189e-017"/>
            <n d="0.975116335574792 0 -0.22169378001015"/>
        </f>
    </facets>
    <facets color="d1d1d1">
        <f v="44 116 117" fn="0.435171459502936 0.90034587274792 -0.00176359288680136">
            <n d="0 1 -1.91329795144501e-016"/>
            <n d="0.221693780010162 0.97511633557479 -1.86568808727581e-016"/>
            <n d="0.626385597142986 0.779513363382453 -1.49144132128366e-016"/>
        </f>
        <f v="75 117 118" fn="0.789013540351929 0.614371897527373 -0.00219195573195873">
            <n d="1 -1.10409999285604e-014 2.11247225452192e-030"/>
            <n d="0.626385597142986 0.779513363382453 -1.49144132128366e-016"/>
            <n d="0.909259617240529 0.416229442081656 -7.96370938865933e-017"/>
        </f>
        <f v="76 118 19" fn="0.97705158953878 0.213002796647705 -0">
            <n d="1 -2.2143230174812e-014 4.23665969318432e-030"/>
            <n d="0.909259617240529 0.416229442081656 -7.96370938865933e-017"/>
            <n d="1 -3.32454604210636e-014 6.36084713184671e-030"/>
        </f>
        <f v="75 118 76" fn="0.97705158953878 0.213002796647705 -0">
            <n d="1 -1.10409999285604e-014 2.11247225452192e-030"/>
            <n d="0.909259617240529 0.416229442081656 -7.96370938865933e-017"/>
            <n d="1 -2.2143230174812e-014 4.23665969318432e-030"/>
        </f>
        <f v="45 117 75" fn="0.707102653577894 0.707102653577894 -0.00341681228657196">
            <n d="0 1 -1.91329795144501e-016"/>
            <n d="0.626385597142986 0.779513363382453 -1.49144132128366e-016"/>
            <n d="1 -1.10409999285604e-014 2.11247225452192e-030"/>
        </f>
        <f v="123 75 74" fn="0.943269145944694 0.332029092563841 -0">
            <n d="0.779513363382463 0.626385597142974 -1.19846227982831e-016"/>
            <n d="1 -1.10409999285604e-014 2.11247225452192e-030"/>
            <n d="1 -1.10409999285604e-014 2.11247225452192e-030"/>
        </f>
        <f v="124 74 18" fn="0.993759612676727 0.111542961286683 0">
            <n d="0.975116335574791 0.221693780010156 -4.24166255141533e-017"/>
            <n d="1 -1.10409999285604e-014 2.11247225452192e-030"/>
            <n d="1 6.12303176911189e-017 -1.17151841404745e-032"/>
        </f>
        <f v="123 74 124" fn="0.900345872747914 0.435171459502949 0.00176359288680158">
            <n d="0.779513363382463 0.626385597142974 -1.19846227982831e-016"/>
            <n d="1 -1.10409999285604e-014 2.11247225452192e-030"/>
            <n d="0.975116335574791 0.221693780010156 -4.24166255141533e-017"/>
        </f>
        <f v="45 75 123" fn="0.707102653577894 0.707102653577894 0.00341681228657198">
            <n d="0 1 -1.91329795144501e-016"/>
            <n d="1 -1.10409999285604e-014 2.11247225452192e-030"/>
            <n d="0.779513363382463 0.626385597142974 -1.19846227982831e-016"/>
        </f>
        <f v="45 122 46" fn="0.213002796647715 0.977051589538778 0">
            <n d="0 1 -1.91329795144501e-016"/>
            <n d="0.416229442081691 0.909259617240513 -1.73968456299795e-016"/>
            <n d="0 1 -1.91329795144501e-016"/>
        </f>
        <f v="45 123 122" fn="0.614371897527366 0.789013540351934 0.00219195573195868">
            <n d="0 1 -1.91329795144501e-016"/>
            <n d="0.779513363382463 0.626385597142974 -1.19846227982831e-016"/>
            <n d="0.416229442081691 0.909259617240513 -1.73968456299795e-016"/>
        </f>
        <f v="46 122 9" fn="0.213002796647715 0.977051589538778 0">
            <n d="0 1 -1.91329795144501e-016"/>
            <n d="0.416229442081691 0.909259617240513 -1.73968456299795e-016"/>
            <n d="0 1 -1.91329795144501e-016"/>
        </f>
        <f v="44 117 45" fn="0.33202909256384 0.943269145944694 0">
            <n d="0 1 -1.91329795144501e-016"/>
            <n d="0.626385597142986 0.779513363382453 -1.49144132128366e-016"/>
            <n d="0 1 -1.91329795144501e-016"/>
        </f>
        <f v="44 8 116" fn="0.111542961286709 0.993759612676724 -0">
            <n d="0 1 -1.91329795144501e-016"/>
            <n d="0 1 -1.91329795144501e-016"/>
            <n d="0.221693780010162 0.97511633557479 -1.86568808727581e-016"/>
        </f>
    </facets>
    <facets color="d1d1d1"/>
    <facets color="d1d1d1">
        <f v="47 125 126" fn="-0.0060465030528873 0.900330814317762 -0.435164181189981">
            <n d="0 1 6.12303176911189e-017"/>
            <n d="0 0.975116335574791 -0.221693780010156"/>
            <n d="0 0.779513363382466 -0.62638559714297"/>
        </f>
        <f v="36 126 127" fn="-0.00751508262791743 0.614356024396076 -0.788993155116914">
            <n d="0 1.22460635382238e-016 -1"/>
            <n d="0 0.779513363382466 -0.62638559714297"/>
            <n d="0 0.416229442081684 -0.909259617240516"/>
        </f>
        <f v="37 127 6" fn="0 0.213002796647705 -0.97705158953878">
            <n d="0 1.22460635382238e-016 -1"/>
            <n d="0 0.416229442081684 -0.909259617240516"/>
            <n d="0 1.22460635382238e-016 -1"/>
        </f>
        <f v="36 127 37" fn="0 0.213002796647705 -0.97705158953878">
            <n d="0 1.22460635382238e-016 -1"/>
            <n d="0 0.416229442081684 -0.909259617240516"/>
            <n d="0 1.22460635382238e-016 -1"/>
        </f>
        <f v="48 126 36" fn="-0.011714049588323 0.707058265294396 -0.707058265294397">
            <n d="0 1 6.12303176911189e-017"/>
            <n d="0 0.779513363382466 -0.62638559714297"/>
            <n d="0 1.22460635382238e-016 -1"/>
        </f>
        <f v="82 36 35" fn="0 0.213002796647705 -0.97705158953878">
            <n d="0 0.416229442081684 -0.909259617240516"/>
            <n d="0 1.22460635382238e-016 -1"/>
            <n d="0 1.22460635382238e-016 -1"/>
        </f>
        <f v="82 35 5" fn="0 0.213002796647705 -0.97705158953878">
            <n d="0 0.416229442081684 -0.909259617240516"/>
            <n d="0 1.22460635382238e-016 -1"/>
            <n d="0 1.22460635382238e-016 -1"/>
        </f>
        <f v="81 36 82" fn="0.00751508262791743 0.614356024396076 -0.788993155116914">
            <n d="0 0.779513363382466 -0.62638559714297"/>
            <n d="0 1.22460635382238e-016 -1"/>
            <n d="0 0.416229442081684 -0.909259617240516"/>
        </f>
        <f v="48 36 81" fn="0.011714049588323 0.707058265294396 -0.707058265294397">
            <n d="0 1 6.12303176911189e-017"/>
            <n d="0 1.22460635382238e-016 -1"/>
            <n d="0 0.779513363382466 -0.62638559714297"/>
        </f>
        <f v="49 81 80" fn="0.00604650305288731 0.900330814317762 -0.435164181189981">
            <n d="0 1 6.12303176911189e-017"/>
            <n d="0 0.779513363382466 -0.62638559714297"/>
            <n d="0 0.975116335574791 -0.221693780010156"/>
        </f>
        <f v="49 80 10" fn="0 0.993759612676724 -0.111542961286709">
            <n d="0 1 6.12303176911189e-017"/>
            <n d="0 0.975116335574791 -0.221693780010156"/>
            <n d="0 1 6.12303176911189e-017"/>
        </f>
        <f v="47 126 48" fn="0 0.943269145944694 -0.33202909256384">
            <n d="0 1 6.12303176911189e-017"/>
            <n d="0 0.779513363382466 -0.62638559714297"/>
            <n d="0 1 6.12303176911189e-017"/>
        </f>
        <f v="48 81 49" fn="0 0.943269145944694 -0.33202909256384">
            <n d="0 1 6.12303176911189e-017"/>
            <n d="0 0.779513363382466 -0.62638559714297"/>
            <n d="0 1 6.12303176911189e-017"/>
        </f>
        <f v="47 9 125" fn="-0 0.993759612676724 -0.111542961286709">
            <n d="0 1 6.12303176911189e-017"/>
            <n d="0 1 6.12303176911189e-017"/>
            <n d="0 0.975116335574791 -0.221693780010156"/>
        </f>
    </facets>
</shell>
</step-assembly>
