<?xml version="1.0" encoding="UTF-8" ?>
<step-assembly root="id93">
<product id="id93" name="1" shape="id37"/>
<shape id="id37" unit="mm 0.001000" shell="id94"/>
<shell id="id94">
    <verts>
        <v p="-1.9 0.25 6.4"/>
        <v p="-1.9 -0.25 6.4"/>
        <v p="1.9 -0.25 6.4"/>
        <v p="1.9 0.25 6.4"/>
        <v p="2.15 -0.4 6.15"/>
        <v p="2.4 -0.4 5.9"/>
        <v p="2.4 0.4 5.9"/>
        <v p="2.15 0.4 6.15"/>
        <v p="0 -0.4 3.7"/>
        <v p="-2.15 -0.4 6.15"/>
        <v p="-2.4 -0.4 5.9"/>
        <v p="-2.4 -0.4 0"/>
        <v p="-3.5 -0.4 3.60278737315374e-016"/>
        <v p="-3.5 -0.4 -1.5"/>
        <v p="-3.1 -0.4 -1.73094010767586"/>
        <v p="-3.1 -0.4 -6"/>
        <v p="-1.9 -0.4 -6"/>
        <v p="-1.9 -0.4 -3.2"/>
        <v p="1.9 -0.4 -3.2"/>
        <v p="1.9 -0.4 -6"/>
        <v p="3.1 -0.4 -6"/>
        <v p="3.1 -0.4 -1.73094010767586"/>
        <v p="3.5 -0.4 -1.5"/>
        <v p="3.5 -0.4 0"/>
        <v p="2.4 -0.4 0"/>
        <v p="-2.15 0.4 6.15"/>
        <v p="-2.4 0.4 5.9"/>
        <v p="2.4 0.4 0"/>
        <v p="3.5 0.4 0"/>
        <v p="3.5 0.4 -1.5"/>
        <v p="3.1 0.4 -1.73094010767586"/>
        <v p="3.1 0.4 -6"/>
        <v p="1.9 0.4 -6"/>
        <v p="1.9 0.4 -3.2"/>
        <v p="-1.9 0.4 -3.2"/>
        <v p="-1.9 0.4 -6"/>
        <v p="-3.1 0.4 -6"/>
        <v p="-3.1 0.4 -1.73094010767586"/>
        <v p="-3.5 0.4 -1.5"/>
        <v p="-3.5 0.4 3.60278737315374e-016"/>
        <v p="-2.4 0.4 0"/>
        <v p="0 0.4 3.7"/>
        <v p="-1.9 0.125 6.4"/>
        <v p="-1.9 0 6.4"/>
        <v p="-1.9 -0.125 6.4"/>
        <v p="0.95 -0.25 6.4"/>
        <v p="0 -0.25 6.4"/>
        <v p="-0.95 -0.25 6.4"/>
        <v p="1.9 -0.125 6.4"/>
        <v p="1.9 0 6.4"/>
        <v p="1.9 0.125 6.4"/>
        <v p="0.95 0.25 6.4"/>
        <v p="0 0.25 6.4"/>
        <v p="-0.95 0.25 6.4"/>
        <v p="2.0875 -0.3625 6.2125"/>
        <v p="2.025 -0.325 6.275"/>
        <v p="1.9625 -0.2875 6.3375"/>
        <v p="2.3375 -0.4 5.9625"/>
        <v p="2.275 -0.4 6.025"/>
        <v p="2.2125 -0.4 6.0875"/>
        <v p="2.4 0.2 5.9"/>
        <v p="2.4 0 5.9"/>
        <v p="2.4 -0.2 5.9"/>
        <v p="2.2125 0.4 6.0875"/>
        <v p="2.275 0.4 6.025"/>
        <v p="2.3375 0.4 5.9625"/>
        <v p="2.0875 0.3625 6.2125"/>
        <v p="2.025 0.325 6.275"/>
        <v p="1.9625 0.2875 6.3375"/>
        <v p="0.49497474845689 -0.4 3.49497474520428"/>
        <v p="0.7 -0.4 3"/>
        <v p="0.494974746830583 -0.4 2.50502525316942"/>
        <v p="0 -0.4 2.3"/>
        <v p="-0.494974742031888 -0.4 2.50502524837072"/>
        <v p="-0.7 -0.4 3"/>
        <v p="-0.494974751978074 -0.4 3.49497474168309"/>
        <v p="1.075 -0.4 6.15"/>
        <v p="0 -0.4 6.15"/>
        <v p="-1.075 -0.4 6.15"/>
        <v p="-2.2125 -0.4 6.0875"/>
        <v p="-2.275 -0.4 6.025"/>
        <v p="-2.3375 -0.4 5.9625"/>
        <v p="-2.4 -0.4 4.425"/>
        <v p="-2.4 -0.4 2.95"/>
        <v p="-2.4 -0.4 1.475"/>
        <v p="-2.675 -0.4 9.00696843288435e-017"/>
        <v p="-2.95 -0.4 1.80139368657687e-016"/>
        <v p="-3.225 -0.4 2.7020905298653e-016"/>
        <v p="-3.5 -0.4 -0.375"/>
        <v p="-3.5 -0.4 -0.75"/>
        <v p="-3.5 -0.4 -1.125"/>
        <v p="-3.2 -0.4 -1.6732050807569"/>
        <v p="-3.3 -0.4 -1.61547005383793"/>
        <v p="-3.4 -0.4 -1.55773502691896"/>
        <v p="-3.1 -0.4 -4.93273502691896"/>
        <v p="-3.1 -0.4 -3.86547005383793"/>
        <v p="-3.1 -0.4 -2.79820508075689"/>
        <v p="-2.92426406871193 -0.4 -6.42426406871193"/>
        <v p="-2.5 -0.4 -6.6"/>
        <v p="-2.07573593128807 -0.4 -6.42426406871193"/>
        <v p="-1.9 -0.4 -3.9"/>
        <v p="-1.9 -0.4 -4.6"/>
        <v p="-1.9 -0.4 -5.3"/>
        <v p="0.95 -0.4 -3.2"/>
        <v p="0 -0.4 -3.2"/>
        <v p="-0.95 -0.4 -3.2"/>
        <v p="1.9 -0.4 -5.3"/>
        <v p="1.9 -0.4 -4.6"/>
        <v p="1.9 -0.4 -3.9"/>
        <v p="2.07573593128807 -0.4 -6.42426406871193"/>
        <v p="2.5 -0.4 -6.6"/>
        <v p="2.92426406871193 -0.4 -6.42426406871193"/>
        <v p="3.1 -0.4 -4.93273502691896"/>
        <v p="3.1 -0.4 -3.86547005383793"/>
        <v p="3.1 -0.4 -2.79820508075689"/>
        <v p="3.2 -0.4 -1.6732050807569"/>
        <v p="3.3 -0.4 -1.61547005383793"/>
        <v p="3.4 -0.4 -1.55773502691896"/>
        <v p="3.5 -0.4 -1.125"/>
        <v p="3.5 -0.4 -0.75"/>
        <v p="3.5 -0.4 -0.375"/>
        <v p="3.225 -0.4 0"/>
        <v p="2.95 -0.4 0"/>
        <v p="2.675 -0.4 0"/>
        <v p="2.4 -0.4 1.475"/>
        <v p="2.4 -0.4 2.95"/>
        <v p="2.4 -0.4 4.425"/>
        <v p="-2.0875 -0.3625 6.2125"/>
        <v p="-2.025 -0.325 6.275"/>
        <v p="-1.9625 -0.2875 6.3375"/>
        <v p="-2.0875 0.3625 6.2125"/>
        <v p="-2.025 0.325 6.275"/>
        <v p="-1.9625 0.2875 6.3375"/>
        <v p="-2.3375 0.4 5.9625"/>
        <v p="-2.275 0.4 6.025"/>
        <v p="-2.2125 0.4 6.0875"/>
        <v p="-2.4 -0.2 5.9"/>
        <v p="-2.4 0 5.9"/>
        <v p="-2.4 0.2 5.9"/>
        <v p="1.075 0.4 6.15"/>
        <v p="0 0.4 6.15"/>
        <v p="-1.075 0.4 6.15"/>
        <v p="2.4 0.4 1.475"/>
        <v p="2.4 0.4 2.95"/>
        <v p="2.4 0.4 4.425"/>
        <v p="3.225 0.4 0"/>
        <v p="2.95 0.4 0"/>
        <v p="2.675 0.4 0"/>
        <v p="3.5 0.4 -1.125"/>
        <v p="3.5 0.4 -0.75"/>
        <v p="3.5 0.4 -0.375"/>
        <v p="3.4 0.4 -1.55773502691896"/>
        <v p="3.3 0.4 -1.61547005383793"/>
        <v p="3.2 0.4 -1.6732050807569"/>
        <v p="3.1 0.4 -2.79820508075689"/>
        <v p="3.1 0.4 -3.86547005383793"/>
        <v p="3.1 0.4 -4.93273502691896"/>
        <v p="2.92426406871193 0.4 -6.42426406871193"/>
        <v p="2.5 0.4 -6.6"/>
        <v p="2.07573593128807 0.4 -6.42426406871193"/>
        <v p="1.9 0.4 -3.9"/>
        <v p="1.9 0.4 -4.6"/>
        <v p="1.9 0.4 -5.3"/>
        <v p="-0.95 0.4 -3.2"/>
        <v p="0 0.4 -3.2"/>
        <v p="0.95 0.4 -3.2"/>
        <v p="-1.9 0.4 -5.3"/>
        <v p="-1.9 0.4 -4.6"/>
        <v p="-1.9 0.4 -3.9"/>
        <v p="-2.07573593128807 0.4 -6.42426406871193"/>
        <v p="-2.5 0.4 -6.6"/>
        <v p="-2.92426406871193 0.4 -6.42426406871193"/>
        <v p="-3.1 0.4 -2.79820508075689"/>
        <v p="-3.1 0.4 -3.86547005383793"/>
        <v p="-3.1 0.4 -4.93273502691896"/>
        <v p="-3.4 0.4 -1.55773502691896"/>
        <v p="-3.3 0.4 -1.61547005383793"/>
        <v p="-3.2 0.4 -1.6732050807569"/>
        <v p="-3.5 0.4 -0.375"/>
        <v p="-3.5 0.4 -0.75"/>
        <v p="-3.5 0.4 -1.125"/>
        <v p="-2.675 0.4 9.00696843288435e-017"/>
        <v p="-2.95 0.4 1.80139368657687e-016"/>
        <v p="-3.225 0.4 2.7020905298653e-016"/>
        <v p="-2.4 0.4 4.425"/>
        <v p="-2.4 0.4 2.95"/>
        <v p="-2.4 0.4 1.475"/>
        <v p="-0.49497474845689 0.4 3.49497474520428"/>
        <v p="-0.7 0.4 3"/>
        <v p="-0.494974746830583 0.4 2.50502525316942"/>
        <v p="0 0.4 2.3"/>
        <v p="0.494974742031888 0.4 2.50502524837072"/>
        <v p="0.7 0.4 3"/>
        <v p="0.494974751978074 0.4 3.49497474168309"/>
        <v p="-1.9 -0.2 -6"/>
        <v p="-1.9 0 -6"/>
        <v p="-1.9 0.2 -6"/>
        <v p="-1.9 -0.2 -3.2"/>
        <v p="-1.9 0 -3.2"/>
        <v p="-1.9 0.2 -3.2"/>
        <v p="2.4 -0.2 0"/>
        <v p="2.4 0 0"/>
        <v p="2.4 0.2 0"/>
        <v p="3.5 -0.2 0"/>
        <v p="3.5 0 0"/>
        <v p="3.5 0.2 0"/>
        <v p="3.5 -0.2 -1.5"/>
        <v p="3.5 0 -1.5"/>
        <v p="3.5 0.2 -1.5"/>
        <v p="3.1 -0.2 -1.73094010767586"/>
        <v p="3.1 0 -1.73094010767586"/>
        <v p="3.1 0.2 -1.73094010767586"/>
        <v p="1.9 -0.2 -3.2"/>
        <v p="1.9 0 -3.2"/>
        <v p="1.9 0.2 -3.2"/>
        <v p="1.9 0.2 -6"/>
        <v p="1.9 0 -6"/>
        <v p="1.9 -0.2 -6"/>
        <v p="3.1 -0.2 -6"/>
        <v p="3.1 0 -6"/>
        <v p="3.1 0.2 -6"/>
        <v p="-3.5 -0.2 -1.5"/>
        <v p="-3.5 0 -1.5"/>
        <v p="-3.5 0.2 -1.5"/>
        <v p="-3.1 -0.2 -1.73094010767586"/>
        <v p="-3.1 0 -1.73094010767586"/>
        <v p="-3.1 0.2 -1.73094010767586"/>
        <v p="-3.1 0.2 -6"/>
        <v p="-3.1 0 -6"/>
        <v p="-3.1 -0.2 -6"/>
        <v p="-2.4 -0.2 0"/>
        <v p="-2.4 0 0"/>
        <v p="-2.4 0.2 0"/>
        <v p="-3.5 -0.2 3.60278737315374e-016"/>
        <v p="-3.5 0 3.60278737315374e-016"/>
        <v p="-3.5 0.2 3.60278737315374e-016"/>
    </verts>
    <facets color="f9f9f9">
        <f v="43 52 53" fn="0 0 1">
            <n d="-0 -0 1"/>
            <n d="-0 -0 1"/>
            <n d="-0 -0 1"/>
        </f>
        <f v="50 3 51" fn="0 -0 1">
            <n d="-0 -0 1"/>
            <n d="-0 -0 1"/>
            <n d="-0 -0 1"/>
        </f>
        <f v="49 51 52" fn="0 0 1">
            <n d="-0 -0 1"/>
            <n d="-0 -0 1"/>
            <n d="-0 -0 1"/>
        </f>
        <f v="49 50 51" fn="-0 -0 1">
            <n d="-0 -0 1"/>
            <n d="-0 -0 1"/>
            <n d="-0 -0 1"/>
        </f>
        <f v="43 49 52" fn="0 0 1">
            <n d="-0 -0 1"/>
            <n d="-0 -0 1"/>
            <n d="-0 -0 1"/>
        </f>
        <f v="45 48 49" fn="-0 -0 1">
            <n d="-0 -0 1"/>
            <n d="-0 -0 1"/>
            <n d="-0 -0 1"/>
        </f>
        <f v="45 2 48" fn="-0 -0 1">
            <n d="-0 -0 1"/>
            <n d="-0 -0 1"/>
            <n d="-0 -0 1"/>
        </f>
        <f v="46 45 49" fn="-0 -0 1">
            <n d="-0 -0 1"/>
            <n d="-0 -0 1"/>
            <n d="-0 -0 1"/>
        </f>
        <f v="43 46 49" fn="-0 -0 1">
            <n d="-0 -0 1"/>
            <n d="-0 -0 1"/>
            <n d="-0 -0 1"/>
        </f>
        <f v="42 43 53" fn="-0 -0 1">
            <n d="-0 -0 1"/>
            <n d="-0 -0 1"/>
            <n d="-0 -0 1"/>
        </f>
        <f v="44 1 47" fn="0 0 1">
            <n d="-0 -0 1"/>
            <n d="-0 -0 1"/>
            <n d="-0 -0 1"/>
        </f>
        <f v="43 47 46" fn="0 0 1">
            <n d="-0 -0 1"/>
            <n d="-0 -0 1"/>
            <n d="-0 -0 1"/>
        </f>
        <f v="43 44 47" fn="-0 -0 1">
            <n d="-0 -0 1"/>
            <n d="-0 -0 1"/>
            <n d="-0 -0 1"/>
        </f>
        <f v="42 53 0" fn="0 0 1">
            <n d="-0 -0 1"/>
            <n d="-0 -0 1"/>
            <n d="-0 -0 1"/>
        </f>
    </facets>
    <facets color="f9f9f9">
        <f v="55 49 48" fn="0.707106781186547 0 0.707106781186547">
            <n d="0.707106781186548 -0 0.707106781186547"/>
            <n d="0.707106781186548 -0 0.707106781186547"/>
            <n d="0.707106781186548 -0 0.707106781186547"/>
        </f>
        <f v="67 50 49" fn="0.707106781186547 0 0.707106781186547">
            <n d="0.707106781186548 -0 0.707106781186547"/>
            <n d="0.707106781186548 -0 0.707106781186547"/>
            <n d="0.707106781186548 -0 0.707106781186547"/>
        </f>
        <f v="68 3 50" fn="0.707106781186547 -0 0.707106781186547">
            <n d="0.707106781186548 -0 0.707106781186547"/>
            <n d="0.707106781186548 -0 0.707106781186547"/>
            <n d="0.707106781186548 -0 0.707106781186547"/>
        </f>
        <f v="67 68 50" fn="0.707106781186547 -0 0.707106781186547">
            <n d="0.707106781186548 -0 0.707106781186547"/>
            <n d="0.707106781186548 -0 0.707106781186547"/>
            <n d="0.707106781186548 -0 0.707106781186547"/>
        </f>
        <f v="55 67 49" fn="0.707106781186547 -0 0.707106781186547">
            <n d="0.707106781186548 -0 0.707106781186547"/>
            <n d="0.707106781186548 -0 0.707106781186547"/>
            <n d="0.707106781186548 -0 0.707106781186547"/>
        </f>
        <f v="55 66 67" fn="0.707106781186547 -0 0.707106781186547">
            <n d="0.707106781186548 -0 0.707106781186547"/>
            <n d="0.707106781186548 -0 0.707106781186547"/>
            <n d="0.707106781186548 -0 0.707106781186547"/>
        </f>
        <f v="63 7 66" fn="0.707106781186547 -0 0.707106781186547">
            <n d="0.707106781186548 -0 0.707106781186547"/>
            <n d="0.707106781186548 -0 0.707106781186547"/>
            <n d="0.707106781186548 -0 0.707106781186547"/>
        </f>
        <f v="61 63 66" fn="0.707106781186547 0 0.707106781186547">
            <n d="0.707106781186548 -0 0.707106781186547"/>
            <n d="0.707106781186548 -0 0.707106781186547"/>
            <n d="0.707106781186548 -0 0.707106781186547"/>
        </f>
        <f v="60 64 63" fn="0.707106781186547 -0 0.707106781186547">
            <n d="0.707106781186548 -0 0.707106781186547"/>
            <n d="0.707106781186548 -0 0.707106781186547"/>
            <n d="0.707106781186548 -0 0.707106781186547"/>
        </f>
        <f v="60 65 64" fn="0.707106781186547 -0 0.707106781186547">
            <n d="0.707106781186548 -0 0.707106781186547"/>
            <n d="0.707106781186548 -0 0.707106781186547"/>
            <n d="0.707106781186548 -0 0.707106781186547"/>
        </f>
        <f v="60 6 65" fn="0.707106781186547 -0 0.707106781186547">
            <n d="0.707106781186548 -0 0.707106781186547"/>
            <n d="0.707106781186548 -0 0.707106781186547"/>
            <n d="0.707106781186548 -0 0.707106781186547"/>
        </f>
        <f v="61 60 63" fn="0.707106781186548 -0 0.707106781186548">
            <n d="0.707106781186548 -0 0.707106781186547"/>
            <n d="0.707106781186548 -0 0.707106781186547"/>
            <n d="0.707106781186548 -0 0.707106781186547"/>
        </f>
        <f v="54 61 66" fn="0.707106781186548 -0 0.707106781186548">
            <n d="0.707106781186548 -0 0.707106781186547"/>
            <n d="0.707106781186548 -0 0.707106781186547"/>
            <n d="0.707106781186548 -0 0.707106781186547"/>
        </f>
        <f v="59 62 61" fn="0.707106781186547 0 0.707106781186547">
            <n d="0.707106781186548 -0 0.707106781186547"/>
            <n d="0.707106781186548 -0 0.707106781186547"/>
            <n d="0.707106781186548 -0 0.707106781186547"/>
        </f>
        <f v="57 5 62" fn="0.707106781186547 -0 0.707106781186547">
            <n d="0.707106781186548 -0 0.707106781186547"/>
            <n d="0.707106781186548 -0 0.707106781186547"/>
            <n d="0.707106781186548 -0 0.707106781186547"/>
        </f>
        <f v="58 57 62" fn="0.707106781186547 -0 0.707106781186547">
            <n d="0.707106781186548 -0 0.707106781186547"/>
            <n d="0.707106781186548 -0 0.707106781186547"/>
            <n d="0.707106781186548 -0 0.707106781186547"/>
        </f>
        <f v="59 58 62" fn="0.707106781186547 -0 0.707106781186547">
            <n d="0.707106781186548 -0 0.707106781186547"/>
            <n d="0.707106781186548 -0 0.707106781186547"/>
            <n d="0.707106781186548 -0 0.707106781186547"/>
        </f>
        <f v="54 59 61" fn="0.707106781186548 0 0.707106781186548">
            <n d="0.707106781186548 -0 0.707106781186547"/>
            <n d="0.707106781186548 -0 0.707106781186547"/>
            <n d="0.707106781186548 -0 0.707106781186547"/>
        </f>
        <f v="54 4 59" fn="0.707106781186547 -0 0.707106781186547">
            <n d="0.707106781186548 -0 0.707106781186547"/>
            <n d="0.707106781186548 -0 0.707106781186547"/>
            <n d="0.707106781186548 -0 0.707106781186547"/>
        </f>
        <f v="55 54 66" fn="0.707106781186547 -0 0.707106781186547">
            <n d="0.707106781186548 -0 0.707106781186547"/>
            <n d="0.707106781186548 -0 0.707106781186547"/>
            <n d="0.707106781186548 -0 0.707106781186547"/>
        </f>
        <f v="56 55 48" fn="0.707106781186547 0 0.707106781186547">
            <n d="0.707106781186548 -0 0.707106781186547"/>
            <n d="0.707106781186548 -0 0.707106781186547"/>
            <n d="0.707106781186548 -0 0.707106781186547"/>
        </f>
        <f v="56 48 2" fn="0.707106781186547 0 0.707106781186547">
            <n d="0.707106781186548 -0 0.707106781186547"/>
            <n d="0.707106781186548 -0 0.707106781186547"/>
            <n d="0.707106781186548 -0 0.707106781186547"/>
        </f>
    </facets>
    <facets color="f9f9f9">
        <f v="77 8 69" fn="-0 -1 -0">
            <n d="-0 -1 -0"/>
            <n d="-0 -1 -0"/>
            <n d="-0 -1 -0"/>
        </f>
        <f v="105 72 73" fn="0 -1 0">
            <n d="-0 -1 -0"/>
            <n d="-0 -1 -0"/>
            <n d="-0 -1 -0"/>
        </f>
        <f v="21 123 24" fn="0 -1 0">
            <n d="-0 -1 -0"/>
            <n d="-0 -1 -0"/>
            <n d="-0 -1 -0"/>
        </f>
        <f v="124 70 71" fn="0 -1 0">
            <n d="-0 -1 -0"/>
            <n d="-0 -1 -0"/>
            <n d="-0 -1 -0"/>
        </f>
        <f v="77 75 8" fn="1.12149460168257e-016 -1 0">
            <n d="-0 -1 -0"/>
            <n d="-0 -1 -0"/>
            <n d="-0 -1 -0"/>
        </f>
        <f v="126 69 70" fn="0 -1 0">
            <n d="-0 -1 -0"/>
            <n d="-0 -1 -0"/>
            <n d="-0 -1 -0"/>
        </f>
        <f v="76 69 126" fn="-0 -1 -0">
            <n d="-0 -1 -0"/>
            <n d="-0 -1 -0"/>
            <n d="-0 -1 -0"/>
        </f>
        <f v="126 59 4" fn="-0 -1 -0">
            <n d="-0 -1 -0"/>
            <n d="-0 -1 -0"/>
            <n d="-0 -1 -0"/>
        </f>
        <f v="126 58 59" fn="-0 -1 -0">
            <n d="-0 -1 -0"/>
            <n d="-0 -1 -0"/>
            <n d="-0 -1 -0"/>
        </f>
        <f v="126 57 58" fn="-0 -1 -0">
            <n d="-0 -1 -0"/>
            <n d="-0 -1 -0"/>
            <n d="-0 -1 -0"/>
        </f>
        <f v="126 5 57" fn="-0 -1 0">
            <n d="-0 -1 -0"/>
            <n d="-0 -1 -0"/>
            <n d="-0 -1 -0"/>
        </f>
        <f v="125 126 70" fn="-0 -1 0">
            <n d="-0 -1 -0"/>
            <n d="-0 -1 -0"/>
            <n d="-0 -1 -0"/>
        </f>
        <f v="103 71 72" fn="0 -1 0">
            <n d="-0 -1 -0"/>
            <n d="-0 -1 -0"/>
            <n d="-0 -1 -0"/>
        </f>
        <f v="124 125 70" fn="-0 -1 0">
            <n d="-0 -1 -0"/>
            <n d="-0 -1 -0"/>
            <n d="-0 -1 -0"/>
        </f>
        <f v="24 124 71" fn="-0 -1 0">
            <n d="-0 -1 -0"/>
            <n d="-0 -1 -0"/>
            <n d="-0 -1 -0"/>
        </f>
        <f v="21 122 123" fn="0 -1 0">
            <n d="-0 -1 -0"/>
            <n d="-0 -1 -0"/>
            <n d="-0 -1 -0"/>
        </f>
        <f v="119 121 122" fn="0 -1 0">
            <n d="-0 -1 -0"/>
            <n d="-0 -1 -0"/>
            <n d="-0 -1 -0"/>
        </f>
        <f v="120 23 121" fn="-0 -1 0">
            <n d="-0 -1 -0"/>
            <n d="-0 -1 -0"/>
            <n d="-0 -1 -0"/>
        </f>
        <f v="119 120 121" fn="-0 -1 0">
            <n d="-0 -1 -0"/>
            <n d="-0 -1 -0"/>
            <n d="-0 -1 -0"/>
        </f>
        <f v="115 119 122" fn="0 -1 0">
            <n d="-0 -1 -0"/>
            <n d="-0 -1 -0"/>
            <n d="-0 -1 -0"/>
        </f>
        <f v="115 118 119" fn="0 -1 0">
            <n d="-0 -1 -0"/>
            <n d="-0 -1 -0"/>
            <n d="-0 -1 -0"/>
        </f>
        <f v="18 21 24" fn="0 -1 0">
            <n d="-0 -1 -0"/>
            <n d="-0 -1 -0"/>
            <n d="-0 -1 -0"/>
        </f>
        <f v="117 22 118" fn="-0 -1 -0">
            <n d="-0 -1 -0"/>
            <n d="-0 -1 -0"/>
            <n d="-0 -1 -0"/>
        </f>
        <f v="116 117 118" fn="-0 -1 -0">
            <n d="-0 -1 -0"/>
            <n d="-0 -1 -0"/>
            <n d="-0 -1 -0"/>
        </f>
        <f v="115 116 118" fn="-0 -1 -0">
            <n d="-0 -1 -0"/>
            <n d="-0 -1 -0"/>
            <n d="-0 -1 -0"/>
        </f>
        <f v="21 115 122" fn="-0 -1 0">
            <n d="-0 -1 -0"/>
            <n d="-0 -1 -0"/>
            <n d="-0 -1 -0"/>
        </f>
        <f v="18 114 21" fn="0 -1 0">
            <n d="-0 -1 -0"/>
            <n d="-0 -1 -0"/>
            <n d="-0 -1 -0"/>
        </f>
        <f v="18 113 114" fn="0 -1 0">
            <n d="-0 -1 -0"/>
            <n d="-0 -1 -0"/>
            <n d="-0 -1 -0"/>
        </f>
        <f v="107 112 113" fn="0 -1 0">
            <n d="-0 -1 -0"/>
            <n d="-0 -1 -0"/>
            <n d="-0 -1 -0"/>
        </f>
        <f v="110 20 112" fn="0 -1 0">
            <n d="-0 -1 -0"/>
            <n d="-0 -1 -0"/>
            <n d="-0 -1 -0"/>
        </f>
        <f v="110 111 20" fn="-0 -1 -0">
            <n d="-0 -1 -0"/>
            <n d="-0 -1 -0"/>
            <n d="-0 -1 -0"/>
        </f>
        <f v="106 110 112" fn="0 -1 0">
            <n d="-0 -1 -0"/>
            <n d="-0 -1 -0"/>
            <n d="-0 -1 -0"/>
        </f>
        <f v="19 109 110" fn="-0 -1 -0">
            <n d="-0 -1 -0"/>
            <n d="-0 -1 -0"/>
            <n d="-0 -1 -0"/>
        </f>
        <f v="106 19 110" fn="-0 -1 -0">
            <n d="-0 -1 -0"/>
            <n d="-0 -1 -0"/>
            <n d="-0 -1 -0"/>
        </f>
        <f v="107 106 112" fn="-0 -1 -0">
            <n d="-0 -1 -0"/>
            <n d="-0 -1 -0"/>
            <n d="-0 -1 -0"/>
        </f>
        <f v="108 107 113" fn="0 -1 -0">
            <n d="-0 -1 -0"/>
            <n d="-0 -1 -0"/>
            <n d="-0 -1 -0"/>
        </f>
        <f v="103 18 24" fn="-0 -1 -0">
            <n d="-0 -1 -0"/>
            <n d="-0 -1 -0"/>
            <n d="-0 -1 -0"/>
        </f>
        <f v="18 108 113" fn="-0 -1 -0">
            <n d="-0 -1 -0"/>
            <n d="-0 -1 -0"/>
            <n d="-0 -1 -0"/>
        </f>
        <f v="103 24 71" fn="-0 -1 0">
            <n d="-0 -1 -0"/>
            <n d="-0 -1 -0"/>
            <n d="-0 -1 -0"/>
        </f>
        <f v="104 103 72" fn="-0 -1 -0">
            <n d="-0 -1 -0"/>
            <n d="-0 -1 -0"/>
            <n d="-0 -1 -0"/>
        </f>
        <f v="84 73 74" fn="0 -1 0">
            <n d="-0 -1 -0"/>
            <n d="-0 -1 -0"/>
            <n d="-0 -1 -0"/>
        </f>
        <f v="105 104 72" fn="-0 -1 -0">
            <n d="-0 -1 -0"/>
            <n d="-0 -1 -0"/>
            <n d="-0 -1 -0"/>
        </f>
        <f v="95 100 17" fn="0 -1 0">
            <n d="-0 -1 -0"/>
            <n d="-0 -1 -0"/>
            <n d="-0 -1 -0"/>
        </f>
        <f v="95 101 100" fn="0 -1 0">
            <n d="-0 -1 -0"/>
            <n d="-0 -1 -0"/>
            <n d="-0 -1 -0"/>
        </f>
        <f v="94 102 101" fn="0 -1 0">
            <n d="-0 -1 -0"/>
            <n d="-0 -1 -0"/>
            <n d="-0 -1 -0"/>
        </f>
        <f v="98 16 102" fn="0 -1 0">
            <n d="-0 -1 -0"/>
            <n d="-0 -1 -0"/>
            <n d="-0 -1 -0"/>
        </f>
        <f v="98 99 16" fn="-0 -1 -0">
            <n d="-0 -1 -0"/>
            <n d="-0 -1 -0"/>
            <n d="-0 -1 -0"/>
        </f>
        <f v="94 98 102" fn="0 -1 0">
            <n d="-0 -1 -0"/>
            <n d="-0 -1 -0"/>
            <n d="-0 -1 -0"/>
        </f>
        <f v="15 97 98" fn="-0 -1 -0">
            <n d="-0 -1 -0"/>
            <n d="-0 -1 -0"/>
            <n d="-0 -1 -0"/>
        </f>
        <f v="94 15 98" fn="-0 -1 -0">
            <n d="-0 -1 -0"/>
            <n d="-0 -1 -0"/>
            <n d="-0 -1 -0"/>
        </f>
        <f v="95 94 101" fn="-0 -1 -0">
            <n d="-0 -1 -0"/>
            <n d="-0 -1 -0"/>
            <n d="-0 -1 -0"/>
        </f>
        <f v="96 95 17" fn="-0 -1 -0">
            <n d="-0 -1 -0"/>
            <n d="-0 -1 -0"/>
            <n d="-0 -1 -0"/>
        </f>
        <f v="14 96 17" fn="-0 -1 -0">
            <n d="-0 -1 -0"/>
            <n d="-0 -1 -0"/>
            <n d="-0 -1 -0"/>
        </f>
        <f v="82 74 75" fn="-6.97795798608774e-017 -1 -8.32458145708713e-017">
            <n d="-0 -1 -0"/>
            <n d="-0 -1 -0"/>
            <n d="-0 -1 -0"/>
        </f>
        <f v="86 91 14" fn="0 -1 0">
            <n d="-0 -1 -0"/>
            <n d="-0 -1 -0"/>
            <n d="-0 -1 -0"/>
        </f>
        <f v="90 92 91" fn="-0 -1 -0">
            <n d="-0 -1 -0"/>
            <n d="-0 -1 -0"/>
            <n d="-0 -1 -0"/>
        </f>
        <f v="90 93 92" fn="-0 -1 -0">
            <n d="-0 -1 -0"/>
            <n d="-0 -1 -0"/>
            <n d="-0 -1 -0"/>
        </f>
        <f v="90 13 93" fn="-0 -1 -0">
            <n d="-0 -1 -0"/>
            <n d="-0 -1 -0"/>
            <n d="-0 -1 -0"/>
        </f>
        <f v="89 90 91" fn="-0 -1 -0">
            <n d="-0 -1 -0"/>
            <n d="-0 -1 -0"/>
            <n d="-0 -1 -0"/>
        </f>
        <f v="86 89 91" fn="-0 -1 -0">
            <n d="-0 -1 -0"/>
            <n d="-0 -1 -0"/>
            <n d="-0 -1 -0"/>
        </f>
        <f v="87 88 89" fn="-0 -1 -0">
            <n d="-0 -1 -0"/>
            <n d="-0 -1 -0"/>
            <n d="-0 -1 -0"/>
        </f>
        <f v="87 12 88" fn="-0 -1 -0">
            <n d="-0 -1 -0"/>
            <n d="-0 -1 -0"/>
            <n d="-0 -1 -0"/>
        </f>
        <f v="11 14 17" fn="0 -1 -0">
            <n d="-0 -1 -0"/>
            <n d="-0 -1 -0"/>
            <n d="-0 -1 -0"/>
        </f>
        <f v="86 87 89" fn="-0 -1 -0">
            <n d="-0 -1 -0"/>
            <n d="-0 -1 -0"/>
            <n d="-0 -1 -0"/>
        </f>
        <f v="11 17 105" fn="0 -1 0">
            <n d="-0 -1 -0"/>
            <n d="-0 -1 -0"/>
            <n d="-0 -1 -0"/>
        </f>
        <f v="85 86 14" fn="-0 -1 -0">
            <n d="-0 -1 -0"/>
            <n d="-0 -1 -0"/>
            <n d="-0 -1 -0"/>
        </f>
        <f v="84 11 73" fn="0 -1 -0">
            <n d="-0 -1 -0"/>
            <n d="-0 -1 -0"/>
            <n d="-0 -1 -0"/>
        </f>
        <f v="11 85 14" fn="-0 -1 -0">
            <n d="-0 -1 -0"/>
            <n d="-0 -1 -0"/>
            <n d="-0 -1 -0"/>
        </f>
        <f v="11 105 73" fn="0 -1 0">
            <n d="-0 -1 -0"/>
            <n d="-0 -1 -0"/>
            <n d="-0 -1 -0"/>
        </f>
        <f v="83 84 74" fn="0 -1 -0">
            <n d="-0 -1 -0"/>
            <n d="-0 -1 -0"/>
            <n d="-0 -1 -0"/>
        </f>
        <f v="82 83 74" fn="-0 -1 -0">
            <n d="-0 -1 -0"/>
            <n d="-0 -1 -0"/>
            <n d="-0 -1 -0"/>
        </f>
        <f v="78 82 75" fn="-2.11923763819532e-017 -1 1.62782021484568e-017">
            <n d="-0 -1 -0"/>
            <n d="-0 -1 -0"/>
            <n d="-0 -1 -0"/>
        </f>
        <f v="81 10 82" fn="-0 -1 -0">
            <n d="-0 -1 -0"/>
            <n d="-0 -1 -0"/>
            <n d="-0 -1 -0"/>
        </f>
        <f v="80 81 82" fn="-0 -1 -0">
            <n d="-0 -1 -0"/>
            <n d="-0 -1 -0"/>
            <n d="-0 -1 -0"/>
        </f>
        <f v="79 80 82" fn="-0 -1 -0">
            <n d="-0 -1 -0"/>
            <n d="-0 -1 -0"/>
            <n d="-0 -1 -0"/>
        </f>
        <f v="9 79 82" fn="-0 -1 -0">
            <n d="-0 -1 -0"/>
            <n d="-0 -1 -0"/>
            <n d="-0 -1 -0"/>
        </f>
        <f v="77 78 75" fn="-0 -1 2.0907955981725e-017">
            <n d="-0 -1 -0"/>
            <n d="-0 -1 -0"/>
            <n d="-0 -1 -0"/>
        </f>
        <f v="78 9 82" fn="-0 -1 -0">
            <n d="-0 -1 -0"/>
            <n d="-0 -1 -0"/>
            <n d="-0 -1 -0"/>
        </f>
        <f v="76 77 69" fn="-0 -1 0">
            <n d="-0 -1 -0"/>
            <n d="-0 -1 -0"/>
            <n d="-0 -1 -0"/>
        </f>
        <f v="76 126 4" fn="0 -1 0">
            <n d="-0 -1 -0"/>
            <n d="-0 -1 -0"/>
            <n d="-0 -1 -0"/>
        </f>
    </facets>
    <facets color="f9f9f9">
        <f v="54 77 76" fn="0 -0.857492925712544 0.514495755427526">
            <n d="-0 -0.857492925712544 0.514495755427527"/>
            <n d="-0 -0.857492925712544 0.514495755427527"/>
            <n d="-0 -0.857492925712544 0.514495755427527"/>
        </f>
        <f v="127 9 78" fn="0 -0.857492925712544 0.514495755427526">
            <n d="-0 -0.857492925712544 0.514495755427527"/>
            <n d="-0 -0.857492925712544 0.514495755427527"/>
            <n d="-0 -0.857492925712544 0.514495755427527"/>
        </f>
        <f v="127 78 77" fn="-0 -0.857492925712544 0.514495755427526">
            <n d="-0 -0.857492925712544 0.514495755427527"/>
            <n d="-0 -0.857492925712544 0.514495755427527"/>
            <n d="-0 -0.857492925712544 0.514495755427527"/>
        </f>
        <f v="128 127 77" fn="2.21397299902152e-017 -0.857492925712544 0.514495755427527">
            <n d="-0 -0.857492925712544 0.514495755427527"/>
            <n d="-0 -0.857492925712544 0.514495755427527"/>
            <n d="-0 -0.857492925712544 0.514495755427527"/>
        </f>
        <f v="55 128 77" fn="0 -0.857492925712544 0.514495755427527">
            <n d="-0 -0.857492925712544 0.514495755427527"/>
            <n d="-0 -0.857492925712544 0.514495755427527"/>
            <n d="-0 -0.857492925712544 0.514495755427527"/>
        </f>
        <f v="46 129 128" fn="-2.50528523573488e-017 -0.857492925712544 0.514495755427527">
            <n d="-0 -0.857492925712544 0.514495755427527"/>
            <n d="-0 -0.857492925712544 0.514495755427527"/>
            <n d="-0 -0.857492925712544 0.514495755427527"/>
        </f>
        <f v="47 1 129" fn="-0 -0.857492925712544 0.514495755427526">
            <n d="-0 -0.857492925712544 0.514495755427527"/>
            <n d="-0 -0.857492925712544 0.514495755427527"/>
            <n d="-0 -0.857492925712544 0.514495755427527"/>
        </f>
        <f v="46 47 129" fn="-0 -0.857492925712544 0.514495755427526">
            <n d="-0 -0.857492925712544 0.514495755427527"/>
            <n d="-0 -0.857492925712544 0.514495755427527"/>
            <n d="-0 -0.857492925712544 0.514495755427527"/>
        </f>
        <f v="55 46 128" fn="0 -0.857492925712544 0.514495755427527">
            <n d="-0 -0.857492925712544 0.514495755427527"/>
            <n d="-0 -0.857492925712544 0.514495755427527"/>
            <n d="-0 -0.857492925712544 0.514495755427527"/>
        </f>
        <f v="56 45 46" fn="-0 -0.857492925712544 0.514495755427526">
            <n d="-0 -0.857492925712544 0.514495755427527"/>
            <n d="-0 -0.857492925712544 0.514495755427527"/>
            <n d="-0 -0.857492925712544 0.514495755427527"/>
        </f>
        <f v="56 2 45" fn="-0 -0.857492925712544 0.514495755427526">
            <n d="-0 -0.857492925712544 0.514495755427527"/>
            <n d="-0 -0.857492925712544 0.514495755427527"/>
            <n d="-0 -0.857492925712544 0.514495755427527"/>
        </f>
        <f v="54 55 77" fn="-2.21397299902152e-017 -0.857492925712544 0.514495755427527">
            <n d="-0 -0.857492925712544 0.514495755427527"/>
            <n d="-0 -0.857492925712544 0.514495755427527"/>
            <n d="-0 -0.857492925712544 0.514495755427527"/>
        </f>
        <f v="55 56 46" fn="2.50528523573488e-017 -0.857492925712544 0.514495755427527">
            <n d="-0 -0.857492925712544 0.514495755427527"/>
            <n d="-0 -0.857492925712544 0.514495755427527"/>
            <n d="-0 -0.857492925712544 0.514495755427527"/>
        </f>
        <f v="54 76 4" fn="0 -0.857492925712544 0.514495755427526">
            <n d="-0 -0.857492925712544 0.514495755427527"/>
            <n d="-0 -0.857492925712544 0.514495755427527"/>
            <n d="-0 -0.857492925712544 0.514495755427527"/>
        </f>
    </facets>
    <facets color="f9f9f9">
        <f v="79 137 136" fn="-0.707106781186547 0 0.707106781186547">
            <n d="-0.707106781186548 -0 0.707106781186547"/>
            <n d="-0.707106781186548 -0 0.707106781186547"/>
            <n d="-0.707106781186548 -0 0.707106781186547"/>
        </f>
        <f v="135 138 137" fn="-0.707106781186547 0 0.707106781186547">
            <n d="-0.707106781186548 -0 0.707106781186547"/>
            <n d="-0.707106781186548 -0 0.707106781186547"/>
            <n d="-0.707106781186548 -0 0.707106781186547"/>
        </f>
        <f v="133 26 138" fn="-0.707106781186547 -0 0.707106781186547">
            <n d="-0.707106781186548 -0 0.707106781186547"/>
            <n d="-0.707106781186548 -0 0.707106781186547"/>
            <n d="-0.707106781186548 -0 0.707106781186547"/>
        </f>
        <f v="134 133 138" fn="-0.707106781186547 -0 0.707106781186547">
            <n d="-0.707106781186548 -0 0.707106781186547"/>
            <n d="-0.707106781186548 -0 0.707106781186547"/>
            <n d="-0.707106781186548 -0 0.707106781186547"/>
        </f>
        <f v="135 134 138" fn="-0.707106781186547 -0 0.707106781186547">
            <n d="-0.707106781186548 -0 0.707106781186547"/>
            <n d="-0.707106781186548 -0 0.707106781186547"/>
            <n d="-0.707106781186548 -0 0.707106781186547"/>
        </f>
        <f v="130 135 137" fn="-0.707106781186548 0 0.707106781186548">
            <n d="-0.707106781186548 -0 0.707106781186547"/>
            <n d="-0.707106781186548 -0 0.707106781186547"/>
            <n d="-0.707106781186548 -0 0.707106781186547"/>
        </f>
        <f v="130 25 135" fn="-0.707106781186547 -0 0.707106781186547">
            <n d="-0.707106781186548 -0 0.707106781186547"/>
            <n d="-0.707106781186548 -0 0.707106781186547"/>
            <n d="-0.707106781186548 -0 0.707106781186547"/>
        </f>
        <f v="127 130 137" fn="-0.707106781186548 0 0.707106781186548">
            <n d="-0.707106781186548 -0 0.707106781186547"/>
            <n d="-0.707106781186548 -0 0.707106781186547"/>
            <n d="-0.707106781186548 -0 0.707106781186547"/>
        </f>
        <f v="128 131 130" fn="-0.707106781186547 0 0.707106781186547">
            <n d="-0.707106781186548 -0 0.707106781186547"/>
            <n d="-0.707106781186548 -0 0.707106781186547"/>
            <n d="-0.707106781186548 -0 0.707106781186547"/>
        </f>
        <f v="42 132 131" fn="-0.707106781186547 -0 0.707106781186547">
            <n d="-0.707106781186548 -0 0.707106781186547"/>
            <n d="-0.707106781186548 -0 0.707106781186547"/>
            <n d="-0.707106781186548 -0 0.707106781186547"/>
        </f>
        <f v="42 0 132" fn="-0.707106781186547 -0 0.707106781186547">
            <n d="-0.707106781186548 -0 0.707106781186547"/>
            <n d="-0.707106781186548 -0 0.707106781186547"/>
            <n d="-0.707106781186548 -0 0.707106781186547"/>
        </f>
        <f v="43 42 131" fn="-0.707106781186547 -0 0.707106781186547">
            <n d="-0.707106781186548 -0 0.707106781186547"/>
            <n d="-0.707106781186548 -0 0.707106781186547"/>
            <n d="-0.707106781186548 -0 0.707106781186547"/>
        </f>
        <f v="128 43 131" fn="-0.707106781186547 -0 0.707106781186547">
            <n d="-0.707106781186548 -0 0.707106781186547"/>
            <n d="-0.707106781186548 -0 0.707106781186547"/>
            <n d="-0.707106781186548 -0 0.707106781186547"/>
        </f>
        <f v="128 44 43" fn="-0.707106781186547 0 0.707106781186547">
            <n d="-0.707106781186548 -0 0.707106781186547"/>
            <n d="-0.707106781186548 -0 0.707106781186547"/>
            <n d="-0.707106781186548 -0 0.707106781186547"/>
        </f>
        <f v="129 1 44" fn="-0.707106781186547 -0 0.707106781186547">
            <n d="-0.707106781186548 -0 0.707106781186547"/>
            <n d="-0.707106781186548 -0 0.707106781186547"/>
            <n d="-0.707106781186548 -0 0.707106781186547"/>
        </f>
        <f v="128 129 44" fn="-0.707106781186547 -0 0.707106781186547">
            <n d="-0.707106781186548 -0 0.707106781186547"/>
            <n d="-0.707106781186548 -0 0.707106781186547"/>
            <n d="-0.707106781186548 -0 0.707106781186547"/>
        </f>
        <f v="127 128 130" fn="-0.707106781186547 -0 0.707106781186547">
            <n d="-0.707106781186548 -0 0.707106781186547"/>
            <n d="-0.707106781186548 -0 0.707106781186547"/>
            <n d="-0.707106781186548 -0 0.707106781186547"/>
        </f>
        <f v="79 127 137" fn="-0.707106781186548 0 0.707106781186548">
            <n d="-0.707106781186548 -0 0.707106781186547"/>
            <n d="-0.707106781186548 -0 0.707106781186547"/>
            <n d="-0.707106781186548 -0 0.707106781186547"/>
        </f>
        <f v="80 79 136" fn="-0.707106781186547 -0 0.707106781186547">
            <n d="-0.707106781186548 -0 0.707106781186547"/>
            <n d="-0.707106781186548 -0 0.707106781186547"/>
            <n d="-0.707106781186548 -0 0.707106781186547"/>
        </f>
        <f v="79 9 127" fn="-0.707106781186547 -0 0.707106781186547">
            <n d="-0.707106781186548 -0 0.707106781186547"/>
            <n d="-0.707106781186548 -0 0.707106781186547"/>
            <n d="-0.707106781186548 -0 0.707106781186547"/>
        </f>
        <f v="81 80 136" fn="-0.707106781186547 0 0.707106781186547">
            <n d="-0.707106781186548 -0 0.707106781186547"/>
            <n d="-0.707106781186548 -0 0.707106781186547"/>
            <n d="-0.707106781186548 -0 0.707106781186547"/>
        </f>
        <f v="81 136 10" fn="-0.707106781186547 0 0.707106781186547">
            <n d="-0.707106781186548 -0 0.707106781186547"/>
            <n d="-0.707106781186548 -0 0.707106781186547"/>
            <n d="-0.707106781186548 -0 0.707106781186547"/>
        </f>
    </facets>
    <facets color="f9f9f9">
        <f v="30 27 147" fn="-0 1 -0">
            <n d="0 1 0"/>
            <n d="0 1 0"/>
            <n d="0 1 0"/>
        </f>
        <f v="184 133 134" fn="-0 1 -0">
            <n d="0 1 0"/>
            <n d="0 1 0"/>
            <n d="0 1 0"/>
        </f>
        <f v="184 134 135" fn="-0 1 -0">
            <n d="0 1 0"/>
            <n d="0 1 0"/>
            <n d="0 1 0"/>
        </f>
        <f v="184 135 25" fn="-0 1 -0">
            <n d="0 1 0"/>
            <n d="0 1 0"/>
            <n d="0 1 0"/>
        </f>
        <f v="188 184 187" fn="0 1 -0">
            <n d="0 1 0"/>
            <n d="0 1 0"/>
            <n d="0 1 0"/>
        </f>
        <f v="187 141 140" fn="-0 1 -0">
            <n d="0 1 0"/>
            <n d="0 1 0"/>
            <n d="0 1 0"/>
        </f>
        <f v="193 140 139" fn="0 1 2.0907955981725e-017">
            <n d="0 1 0"/>
            <n d="0 1 0"/>
            <n d="0 1 0"/>
        </f>
        <f v="144 139 7" fn="-0 1 -0">
            <n d="0 1 0"/>
            <n d="0 1 0"/>
            <n d="0 1 0"/>
        </f>
        <f v="144 7 63" fn="0 1 0">
            <n d="0 1 0"/>
            <n d="0 1 0"/>
            <n d="0 1 0"/>
        </f>
        <f v="144 63 64" fn="0 1 0">
            <n d="0 1 0"/>
            <n d="0 1 0"/>
            <n d="0 1 0"/>
        </f>
        <f v="144 64 65" fn="0 1 0">
            <n d="0 1 0"/>
            <n d="0 1 0"/>
            <n d="0 1 0"/>
        </f>
        <f v="144 65 6" fn="0 1 -0">
            <n d="0 1 0"/>
            <n d="0 1 0"/>
            <n d="0 1 0"/>
        </f>
        <f v="192 142 191" fn="0 1 0">
            <n d="0 1 0"/>
            <n d="0 1 0"/>
            <n d="0 1 0"/>
        </f>
        <f v="192 144 143" fn="-0 1 -0">
            <n d="0 1 0"/>
            <n d="0 1 0"/>
            <n d="0 1 0"/>
        </f>
        <f v="30 147 146" fn="-0 1 -0">
            <n d="0 1 0"/>
            <n d="0 1 0"/>
            <n d="0 1 0"/>
        </f>
        <f v="149 146 145" fn="-0 1 -0">
            <n d="0 1 0"/>
            <n d="0 1 0"/>
            <n d="0 1 0"/>
        </f>
        <f v="150 145 28" fn="0 1 -0">
            <n d="0 1 0"/>
            <n d="0 1 0"/>
            <n d="0 1 0"/>
        </f>
        <f v="149 145 150" fn="0 1 -0">
            <n d="0 1 0"/>
            <n d="0 1 0"/>
            <n d="0 1 0"/>
        </f>
        <f v="153 146 149" fn="-0 1 -0">
            <n d="0 1 0"/>
            <n d="0 1 0"/>
            <n d="0 1 0"/>
        </f>
        <f v="153 149 148" fn="-0 1 -0">
            <n d="0 1 0"/>
            <n d="0 1 0"/>
            <n d="0 1 0"/>
        </f>
        <f v="33 27 30" fn="-0 1 -0">
            <n d="0 1 0"/>
            <n d="0 1 0"/>
            <n d="0 1 0"/>
        </f>
        <f v="151 148 29" fn="0 1 0">
            <n d="0 1 0"/>
            <n d="0 1 0"/>
            <n d="0 1 0"/>
        </f>
        <f v="152 148 151" fn="0 1 0">
            <n d="0 1 0"/>
            <n d="0 1 0"/>
            <n d="0 1 0"/>
        </f>
        <f v="153 148 152" fn="0 1 0">
            <n d="0 1 0"/>
            <n d="0 1 0"/>
            <n d="0 1 0"/>
        </f>
        <f v="30 146 153" fn="0 1 -0">
            <n d="0 1 0"/>
            <n d="0 1 0"/>
            <n d="0 1 0"/>
        </f>
        <f v="33 30 154" fn="-0 1 -0">
            <n d="0 1 0"/>
            <n d="0 1 0"/>
            <n d="0 1 0"/>
        </f>
        <f v="33 154 155" fn="-0 1 -0">
            <n d="0 1 0"/>
            <n d="0 1 0"/>
            <n d="0 1 0"/>
        </f>
        <f v="161 155 156" fn="-0 1 -0">
            <n d="0 1 0"/>
            <n d="0 1 0"/>
            <n d="0 1 0"/>
        </f>
        <f v="158 156 31" fn="-0 1 -0">
            <n d="0 1 0"/>
            <n d="0 1 0"/>
            <n d="0 1 0"/>
        </f>
        <f v="158 31 157" fn="0 1 0">
            <n d="0 1 0"/>
            <n d="0 1 0"/>
            <n d="0 1 0"/>
        </f>
        <f v="162 156 158" fn="-0 1 -0">
            <n d="0 1 0"/>
            <n d="0 1 0"/>
            <n d="0 1 0"/>
        </f>
        <f v="32 158 159" fn="0 1 0">
            <n d="0 1 0"/>
            <n d="0 1 0"/>
            <n d="0 1 0"/>
        </f>
        <f v="191 27 165" fn="-0 1 -0">
            <n d="0 1 0"/>
            <n d="0 1 0"/>
            <n d="0 1 0"/>
        </f>
        <f v="162 158 32" fn="0 1 0">
            <n d="0 1 0"/>
            <n d="0 1 0"/>
            <n d="0 1 0"/>
        </f>
        <f v="161 156 162" fn="0 1 0">
            <n d="0 1 0"/>
            <n d="0 1 0"/>
            <n d="0 1 0"/>
        </f>
        <f v="160 155 161" fn="-0 1 0">
            <n d="0 1 0"/>
            <n d="0 1 0"/>
            <n d="0 1 0"/>
        </f>
        <f v="33 155 160" fn="0 1 0">
            <n d="0 1 0"/>
            <n d="0 1 0"/>
            <n d="0 1 0"/>
        </f>
        <f v="165 27 33" fn="0 1 0">
            <n d="0 1 0"/>
            <n d="0 1 0"/>
            <n d="0 1 0"/>
        </f>
        <f v="190 163 189" fn="0 1 0">
            <n d="0 1 0"/>
            <n d="0 1 0"/>
            <n d="0 1 0"/>
        </f>
        <f v="187 184 141" fn="-0 1 -0">
            <n d="0 1 0"/>
            <n d="0 1 0"/>
            <n d="0 1 0"/>
        </f>
        <f v="173 34 168" fn="-0 1 -0">
            <n d="0 1 0"/>
            <n d="0 1 0"/>
            <n d="0 1 0"/>
        </f>
        <f v="173 168 167" fn="-0 1 -0">
            <n d="0 1 0"/>
            <n d="0 1 0"/>
            <n d="0 1 0"/>
        </f>
        <f v="174 167 166" fn="-0 1 -0">
            <n d="0 1 0"/>
            <n d="0 1 0"/>
            <n d="0 1 0"/>
        </f>
        <f v="170 166 35" fn="-0 1 -0">
            <n d="0 1 0"/>
            <n d="0 1 0"/>
            <n d="0 1 0"/>
        </f>
        <f v="170 35 169" fn="0 1 0">
            <n d="0 1 0"/>
            <n d="0 1 0"/>
            <n d="0 1 0"/>
        </f>
        <f v="40 163 34" fn="-0 1 -0">
            <n d="0 1 0"/>
            <n d="0 1 0"/>
            <n d="0 1 0"/>
        </f>
        <f v="174 166 170" fn="-0 1 -0">
            <n d="0 1 0"/>
            <n d="0 1 0"/>
            <n d="0 1 0"/>
        </f>
        <f v="36 170 171" fn="0 1 0">
            <n d="0 1 0"/>
            <n d="0 1 0"/>
            <n d="0 1 0"/>
        </f>
        <f v="174 170 36" fn="0 1 0">
            <n d="0 1 0"/>
            <n d="0 1 0"/>
            <n d="0 1 0"/>
        </f>
        <f v="173 167 174" fn="0 1 0">
            <n d="0 1 0"/>
            <n d="0 1 0"/>
            <n d="0 1 0"/>
        </f>
        <f v="172 34 173" fn="0 1 0">
            <n d="0 1 0"/>
            <n d="0 1 0"/>
            <n d="0 1 0"/>
        </f>
        <f v="37 34 172" fn="0 1 0">
            <n d="0 1 0"/>
            <n d="0 1 0"/>
            <n d="0 1 0"/>
        </f>
        <f v="40 34 37" fn="-0 1 0">
            <n d="0 1 0"/>
            <n d="0 1 0"/>
            <n d="0 1 0"/>
        </f>
        <f v="182 37 177" fn="-0 1 -0">
            <n d="0 1 0"/>
            <n d="0 1 0"/>
            <n d="0 1 0"/>
        </f>
        <f v="180 177 176" fn="0 1 0">
            <n d="0 1 0"/>
            <n d="0 1 0"/>
            <n d="0 1 0"/>
        </f>
        <f v="180 176 175" fn="0 1 0">
            <n d="0 1 0"/>
            <n d="0 1 0"/>
            <n d="0 1 0"/>
        </f>
        <f v="180 175 38" fn="0 1 0">
            <n d="0 1 0"/>
            <n d="0 1 0"/>
            <n d="0 1 0"/>
        </f>
        <f v="179 177 180" fn="0 1 0">
            <n d="0 1 0"/>
            <n d="0 1 0"/>
            <n d="0 1 0"/>
        </f>
        <f v="182 177 179" fn="0 1 0">
            <n d="0 1 0"/>
            <n d="0 1 0"/>
            <n d="0 1 0"/>
        </f>
        <f v="183 179 178" fn="0 1 0">
            <n d="0 1 0"/>
            <n d="0 1 0"/>
            <n d="0 1 0"/>
        </f>
        <f v="183 178 39" fn="0 1 0">
            <n d="0 1 0"/>
            <n d="0 1 0"/>
            <n d="0 1 0"/>
        </f>
        <f v="182 179 183" fn="0 1 0">
            <n d="0 1 0"/>
            <n d="0 1 0"/>
            <n d="0 1 0"/>
        </f>
        <f v="190 164 163" fn="-0 1 0">
            <n d="0 1 0"/>
            <n d="0 1 0"/>
            <n d="0 1 0"/>
        </f>
        <f v="181 37 182" fn="0 1 0">
            <n d="0 1 0"/>
            <n d="0 1 0"/>
            <n d="0 1 0"/>
        </f>
        <f v="40 37 181" fn="0 1 0">
            <n d="0 1 0"/>
            <n d="0 1 0"/>
            <n d="0 1 0"/>
        </f>
        <f v="189 186 188" fn="0 1 0">
            <n d="0 1 0"/>
            <n d="0 1 0"/>
            <n d="0 1 0"/>
        </f>
        <f v="184 25 141" fn="-0 1 -0">
            <n d="0 1 0"/>
            <n d="0 1 0"/>
            <n d="0 1 0"/>
        </f>
        <f v="188 185 184" fn="0 1 -0">
            <n d="0 1 0"/>
            <n d="0 1 0"/>
            <n d="0 1 0"/>
        </f>
        <f v="184 26 133" fn="-0 1 -0">
            <n d="0 1 0"/>
            <n d="0 1 0"/>
            <n d="0 1 0"/>
        </f>
        <f v="189 40 186" fn="-0 1 -0">
            <n d="0 1 0"/>
            <n d="0 1 0"/>
            <n d="0 1 0"/>
        </f>
        <f v="192 143 142" fn="-0 1 -0">
            <n d="0 1 0"/>
            <n d="0 1 0"/>
            <n d="0 1 0"/>
        </f>
        <f v="187 140 41" fn="0 1 0">
            <n d="0 1 0"/>
            <n d="0 1 0"/>
            <n d="0 1 0"/>
        </f>
        <f v="188 186 185" fn="-0 1 -0">
            <n d="0 1 0"/>
            <n d="0 1 0"/>
            <n d="0 1 0"/>
        </f>
        <f v="189 163 40" fn="-0 1 -0">
            <n d="0 1 0"/>
            <n d="0 1 0"/>
            <n d="0 1 0"/>
        </f>
        <f v="190 165 164" fn="-0 1 -0">
            <n d="0 1 0"/>
            <n d="0 1 0"/>
            <n d="0 1 0"/>
        </f>
        <f v="191 142 27" fn="-0 1 -0">
            <n d="0 1 0"/>
            <n d="0 1 0"/>
            <n d="0 1 0"/>
        </f>
        <f v="191 165 190" fn="0 1 0">
            <n d="0 1 0"/>
            <n d="0 1 0"/>
            <n d="0 1 0"/>
        </f>
        <f v="193 144 192" fn="6.97795798608774e-017 1 -8.32458145708713e-017">
            <n d="0 1 0"/>
            <n d="0 1 0"/>
            <n d="0 1 0"/>
        </f>
        <f v="193 139 144" fn="2.11923763819532e-017 1 1.62782021484568e-017">
            <n d="0 1 0"/>
            <n d="0 1 0"/>
            <n d="0 1 0"/>
        </f>
        <f v="193 41 140" fn="-1.12149460168257e-016 1 -0">
            <n d="0 1 0"/>
            <n d="0 1 0"/>
            <n d="0 1 0"/>
        </f>
    </facets>
    <facets color="f9f9f9">
        <f v="197 100 101" fn="1 -0 -0">
            <n d="1 0 0"/>
            <n d="1 0 0"/>
            <n d="1 0 0"/>
        </f>
        <f v="194 101 102" fn="1 0 0">
            <n d="1 0 0"/>
            <n d="1 0 0"/>
            <n d="1 0 0"/>
        </f>
        <f v="194 102 16" fn="1 0 0">
            <n d="1 0 0"/>
            <n d="1 0 0"/>
            <n d="1 0 0"/>
        </f>
        <f v="195 101 194" fn="1 0 0">
            <n d="1 0 0"/>
            <n d="1 0 0"/>
            <n d="1 0 0"/>
        </f>
        <f v="167 101 195" fn="1 0 -0">
            <n d="1 0 0"/>
            <n d="1 0 0"/>
            <n d="1 0 0"/>
        </f>
        <f v="167 195 196" fn="1 -0 -0">
            <n d="1 0 0"/>
            <n d="1 0 0"/>
            <n d="1 0 0"/>
        </f>
        <f v="166 196 35" fn="1 0 0">
            <n d="1 0 0"/>
            <n d="1 0 0"/>
            <n d="1 0 0"/>
        </f>
        <f v="167 196 166" fn="1 0 0">
            <n d="1 0 0"/>
            <n d="1 0 0"/>
            <n d="1 0 0"/>
        </f>
        <f v="198 101 167" fn="1 -0 0">
            <n d="1 0 0"/>
            <n d="1 0 0"/>
            <n d="1 0 0"/>
        </f>
        <f v="199 167 168" fn="1 0 0">
            <n d="1 0 0"/>
            <n d="1 0 0"/>
            <n d="1 0 0"/>
        </f>
        <f v="199 168 34" fn="1 -0 0">
            <n d="1 0 0"/>
            <n d="1 0 0"/>
            <n d="1 0 0"/>
        </f>
        <f v="197 101 198" fn="1 -0 0">
            <n d="1 0 0"/>
            <n d="1 0 0"/>
            <n d="1 0 0"/>
        </f>
        <f v="198 167 199" fn="1 -0 0">
            <n d="1 0 0"/>
            <n d="1 0 0"/>
            <n d="1 0 0"/>
        </f>
        <f v="197 17 100" fn="1 0 -0">
            <n d="1 0 0"/>
            <n d="1 0 0"/>
            <n d="1 0 0"/>
        </f>
    </facets>
    <facets color="f9f9f9">
        <f v="146 204 205" fn="0 0 1">
            <n d="-0 -0 1"/>
            <n d="-0 -0 1"/>
            <n d="-0 -0 1"/>
        </f>
        <f v="121 23 203" fn="0 0 1">
            <n d="-0 -0 1"/>
            <n d="-0 -0 1"/>
            <n d="-0 -0 1"/>
        </f>
        <f v="122 203 204" fn="0 0 1">
            <n d="-0 -0 1"/>
            <n d="-0 -0 1"/>
            <n d="-0 -0 1"/>
        </f>
        <f v="122 121 203" fn="-0 -0 1">
            <n d="-0 -0 1"/>
            <n d="-0 -0 1"/>
            <n d="-0 -0 1"/>
        </f>
        <f v="201 122 204" fn="-0 0 1">
            <n d="-0 -0 1"/>
            <n d="-0 -0 1"/>
            <n d="-0 -0 1"/>
        </f>
        <f v="201 123 122" fn="0 0 1">
            <n d="-0 -0 1"/>
            <n d="-0 -0 1"/>
            <n d="-0 -0 1"/>
        </f>
        <f v="200 24 123" fn="-0 -0 1">
            <n d="-0 -0 1"/>
            <n d="-0 -0 1"/>
            <n d="-0 -0 1"/>
        </f>
        <f v="201 200 123" fn="-0 -0 1">
            <n d="-0 -0 1"/>
            <n d="-0 -0 1"/>
            <n d="-0 -0 1"/>
        </f>
        <f v="146 201 204" fn="0 0 1">
            <n d="-0 -0 1"/>
            <n d="-0 -0 1"/>
            <n d="-0 -0 1"/>
        </f>
        <f v="147 202 201" fn="-0 -0 1">
            <n d="-0 -0 1"/>
            <n d="-0 -0 1"/>
            <n d="-0 -0 1"/>
        </f>
        <f v="147 27 202" fn="0 -0 1">
            <n d="-0 -0 1"/>
            <n d="-0 -0 1"/>
            <n d="-0 -0 1"/>
        </f>
        <f v="145 146 205" fn="0 0 1">
            <n d="-0 -0 1"/>
            <n d="-0 -0 1"/>
            <n d="-0 -0 1"/>
        </f>
        <f v="146 147 201" fn="0 -0 1">
            <n d="-0 -0 1"/>
            <n d="-0 -0 1"/>
            <n d="-0 -0 1"/>
        </f>
        <f v="145 205 28" fn="-0 0 1">
            <n d="-0 -0 1"/>
            <n d="-0 -0 1"/>
            <n d="-0 -0 1"/>
        </f>
    </facets>
    <facets color="f9f9f9">
        <f v="142 201 202" fn="1 0 0">
            <n d="1 -0 -6.7762635780344e-017"/>
            <n d="1 -0 -6.7762635780344e-017"/>
            <n d="1 -0 -6.7762635780344e-017"/>
        </f>
        <f v="124 24 200" fn="1 0 0">
            <n d="1 -0 -6.7762635780344e-017"/>
            <n d="1 -0 -6.7762635780344e-017"/>
            <n d="1 -0 -6.7762635780344e-017"/>
        </f>
        <f v="124 200 201" fn="1 -0 -0">
            <n d="1 -0 -6.7762635780344e-017"/>
            <n d="1 -0 -6.7762635780344e-017"/>
            <n d="1 -0 -6.7762635780344e-017"/>
        </f>
        <f v="125 124 201" fn="1 -0 -0">
            <n d="1 -0 -6.7762635780344e-017"/>
            <n d="1 -0 -6.7762635780344e-017"/>
            <n d="1 -0 -6.7762635780344e-017"/>
        </f>
        <f v="61 125 201" fn="1 0 0">
            <n d="1 -0 -6.7762635780344e-017"/>
            <n d="1 -0 -6.7762635780344e-017"/>
            <n d="1 -0 -6.7762635780344e-017"/>
        </f>
        <f v="62 126 125" fn="1 -0 -0">
            <n d="1 -0 -6.7762635780344e-017"/>
            <n d="1 -0 -6.7762635780344e-017"/>
            <n d="1 -0 -6.7762635780344e-017"/>
        </f>
        <f v="62 5 126" fn="1 0 -0">
            <n d="1 -0 -6.7762635780344e-017"/>
            <n d="1 -0 -6.7762635780344e-017"/>
            <n d="1 -0 -6.7762635780344e-017"/>
        </f>
        <f v="61 62 125" fn="1 0 -0">
            <n d="1 -0 -6.7762635780344e-017"/>
            <n d="1 -0 -6.7762635780344e-017"/>
            <n d="1 -0 -6.7762635780344e-017"/>
        </f>
        <f v="143 61 201" fn="1 0 0">
            <n d="1 -0 -6.7762635780344e-017"/>
            <n d="1 -0 -6.7762635780344e-017"/>
            <n d="1 -0 -6.7762635780344e-017"/>
        </f>
        <f v="144 60 61" fn="1 -0 -0">
            <n d="1 -0 -6.7762635780344e-017"/>
            <n d="1 -0 -6.7762635780344e-017"/>
            <n d="1 -0 -6.7762635780344e-017"/>
        </f>
        <f v="144 6 60" fn="1 -0 -0">
            <n d="1 -0 -6.7762635780344e-017"/>
            <n d="1 -0 -6.7762635780344e-017"/>
            <n d="1 -0 -6.7762635780344e-017"/>
        </f>
        <f v="142 143 201" fn="1 0 -0">
            <n d="1 -0 -6.7762635780344e-017"/>
            <n d="1 -0 -6.7762635780344e-017"/>
            <n d="1 -0 -6.7762635780344e-017"/>
        </f>
        <f v="143 144 61" fn="1 -0 -0">
            <n d="1 -0 -6.7762635780344e-017"/>
            <n d="1 -0 -6.7762635780344e-017"/>
            <n d="1 -0 -6.7762635780344e-017"/>
        </f>
        <f v="142 202 27" fn="1 0 0">
            <n d="1 -0 -6.7762635780344e-017"/>
            <n d="1 -0 -6.7762635780344e-017"/>
            <n d="1 -0 -6.7762635780344e-017"/>
        </f>
    </facets>
    <facets color="f9f9f9">
        <f v="207 119 118" fn="1 0 0">
            <n d="1 -0 -0"/>
            <n d="1 -0 -0"/>
            <n d="1 -0 -0"/>
        </f>
        <f v="204 120 119" fn="1 0 0">
            <n d="1 -0 -0"/>
            <n d="1 -0 -0"/>
            <n d="1 -0 -0"/>
        </f>
        <f v="203 23 120" fn="1 0 -0">
            <n d="1 -0 -0"/>
            <n d="1 -0 -0"/>
            <n d="1 -0 -0"/>
        </f>
        <f v="204 203 120" fn="1 0 -0">
            <n d="1 -0 -0"/>
            <n d="1 -0 -0"/>
            <n d="1 -0 -0"/>
        </f>
        <f v="149 204 119" fn="1 0 0">
            <n d="1 -0 -0"/>
            <n d="1 -0 -0"/>
            <n d="1 -0 -0"/>
        </f>
        <f v="150 205 204" fn="1 -0 -0">
            <n d="1 -0 -0"/>
            <n d="1 -0 -0"/>
            <n d="1 -0 -0"/>
        </f>
        <f v="150 28 205" fn="1 -0 -0">
            <n d="1 -0 -0"/>
            <n d="1 -0 -0"/>
            <n d="1 -0 -0"/>
        </f>
        <f v="149 150 204" fn="1 -0 -0">
            <n d="1 -0 -0"/>
            <n d="1 -0 -0"/>
            <n d="1 -0 -0"/>
        </f>
        <f v="207 149 119" fn="1 0 -0">
            <n d="1 -0 -0"/>
            <n d="1 -0 -0"/>
            <n d="1 -0 -0"/>
        </f>
        <f v="207 148 149" fn="1 0 0">
            <n d="1 -0 -0"/>
            <n d="1 -0 -0"/>
            <n d="1 -0 -0"/>
        </f>
        <f v="208 29 148" fn="1 -0 -0">
            <n d="1 -0 -0"/>
            <n d="1 -0 -0"/>
            <n d="1 -0 -0"/>
        </f>
        <f v="206 207 118" fn="1 -0 -0">
            <n d="1 -0 -0"/>
            <n d="1 -0 -0"/>
            <n d="1 -0 -0"/>
        </f>
        <f v="207 208 148" fn="1 -0 -0">
            <n d="1 -0 -0"/>
            <n d="1 -0 -0"/>
            <n d="1 -0 -0"/>
        </f>
        <f v="206 118 22" fn="1 0 0">
            <n d="1 -0 -0"/>
            <n d="1 -0 -0"/>
            <n d="1 -0 -0"/>
        </f>
    </facets>
    <facets color="f9f9f9">
        <f v="210 116 115" fn="0.500000000000018 1.01406235414757e-015 -0.866025403784428">
            <n d="0.5 -0 -0.866025403784438"/>
            <n d="0.5 -0 -0.866025403784438"/>
            <n d="0.5 -0 -0.866025403784438"/>
        </f>
        <f v="207 117 116" fn="0.500000000000015 0 -0.86602540378443">
            <n d="0.5 -0 -0.866025403784438"/>
            <n d="0.5 -0 -0.866025403784438"/>
            <n d="0.5 -0 -0.866025403784438"/>
        </f>
        <f v="206 22 117" fn="0.500000000000015 -0 -0.86602540378443">
            <n d="0.5 -0 -0.866025403784438"/>
            <n d="0.5 -0 -0.866025403784438"/>
            <n d="0.5 -0 -0.866025403784438"/>
        </f>
        <f v="207 206 117" fn="0.500000000000015 -0 -0.86602540378443">
            <n d="0.5 -0 -0.866025403784438"/>
            <n d="0.5 -0 -0.866025403784438"/>
            <n d="0.5 -0 -0.866025403784438"/>
        </f>
        <f v="152 207 116" fn="0.500000000000015 0 -0.86602540378443">
            <n d="0.5 -0 -0.866025403784438"/>
            <n d="0.5 -0 -0.866025403784438"/>
            <n d="0.5 -0 -0.866025403784438"/>
        </f>
        <f v="151 208 207" fn="0.500000000000015 -0 -0.86602540378443">
            <n d="0.5 -0 -0.866025403784438"/>
            <n d="0.5 -0 -0.866025403784438"/>
            <n d="0.5 -0 -0.866025403784438"/>
        </f>
        <f v="151 29 208" fn="0.500000000000015 -0 -0.86602540378443">
            <n d="0.5 -0 -0.866025403784438"/>
            <n d="0.5 -0 -0.866025403784438"/>
            <n d="0.5 -0 -0.866025403784438"/>
        </f>
        <f v="152 151 207" fn="0.500000000000015 -0 -0.86602540378443">
            <n d="0.5 -0 -0.866025403784438"/>
            <n d="0.5 -0 -0.866025403784438"/>
            <n d="0.5 -0 -0.866025403784438"/>
        </f>
        <f v="210 152 116" fn="0.500000000000016 0 -0.866025403784429">
            <n d="0.5 -0 -0.866025403784438"/>
            <n d="0.5 -0 -0.866025403784438"/>
            <n d="0.5 -0 -0.866025403784438"/>
        </f>
        <f v="210 153 152" fn="0.500000000000018 -1.01406235414757e-015 -0.866025403784428">
            <n d="0.5 -0 -0.866025403784438"/>
            <n d="0.5 -0 -0.866025403784438"/>
            <n d="0.5 -0 -0.866025403784438"/>
        </f>
        <f v="211 30 153" fn="0.500000000000015 -0 -0.86602540378443">
            <n d="0.5 -0 -0.866025403784438"/>
            <n d="0.5 -0 -0.866025403784438"/>
            <n d="0.5 -0 -0.866025403784438"/>
        </f>
        <f v="209 210 115" fn="0.500000000000015 -0 -0.86602540378443">
            <n d="0.5 -0 -0.866025403784438"/>
            <n d="0.5 -0 -0.866025403784438"/>
            <n d="0.5 -0 -0.866025403784438"/>
        </f>
        <f v="210 211 153" fn="0.500000000000015 -0 -0.86602540378443">
            <n d="0.5 -0 -0.866025403784438"/>
            <n d="0.5 -0 -0.866025403784438"/>
            <n d="0.5 -0 -0.866025403784438"/>
        </f>
        <f v="209 115 21" fn="0.500000000000015 0 -0.86602540378443">
            <n d="0.5 -0 -0.866025403784438"/>
            <n d="0.5 -0 -0.866025403784438"/>
            <n d="0.5 -0 -0.866025403784438"/>
        </f>
    </facets>
    <facets color="f9f9f9">
        <f v="213 103 104" fn="-0 -0 -1">
            <n d="0 0 -1"/>
            <n d="0 0 -1"/>
            <n d="0 0 -1"/>
        </f>
        <f v="198 104 105" fn="-0 -0 -1">
            <n d="0 0 -1"/>
            <n d="0 0 -1"/>
            <n d="0 0 -1"/>
        </f>
        <f v="197 105 17" fn="0 0 -1">
            <n d="0 0 -1"/>
            <n d="0 0 -1"/>
            <n d="0 0 -1"/>
        </f>
        <f v="198 105 197" fn="0 0 -1">
            <n d="0 0 -1"/>
            <n d="0 0 -1"/>
            <n d="0 0 -1"/>
        </f>
        <f v="164 104 198" fn="-0 -0 -1">
            <n d="0 0 -1"/>
            <n d="0 0 -1"/>
            <n d="0 0 -1"/>
        </f>
        <f v="164 198 199" fn="-0 -0 -1">
            <n d="0 0 -1"/>
            <n d="0 0 -1"/>
            <n d="0 0 -1"/>
        </f>
        <f v="163 199 34" fn="-0 0 -1">
            <n d="0 0 -1"/>
            <n d="0 0 -1"/>
            <n d="0 0 -1"/>
        </f>
        <f v="164 199 163" fn="-0 0 -1">
            <n d="0 0 -1"/>
            <n d="0 0 -1"/>
            <n d="0 0 -1"/>
        </f>
        <f v="213 104 164" fn="-0 -0 -1">
            <n d="0 0 -1"/>
            <n d="0 0 -1"/>
            <n d="0 0 -1"/>
        </f>
        <f v="214 164 165" fn="0 0 -1">
            <n d="0 0 -1"/>
            <n d="0 0 -1"/>
            <n d="0 0 -1"/>
        </f>
        <f v="214 165 33" fn="0 0 -1">
            <n d="0 0 -1"/>
            <n d="0 0 -1"/>
            <n d="0 0 -1"/>
        </f>
        <f v="212 103 213" fn="-0 0 -1">
            <n d="0 0 -1"/>
            <n d="0 0 -1"/>
            <n d="0 0 -1"/>
        </f>
        <f v="213 164 214" fn="0 0 -1">
            <n d="0 0 -1"/>
            <n d="0 0 -1"/>
            <n d="0 0 -1"/>
        </f>
        <f v="212 18 103" fn="-0 -0 -1">
            <n d="0 0 -1"/>
            <n d="0 0 -1"/>
            <n d="0 0 -1"/>
        </f>
    </facets>
    <facets color="f9f9f9">
        <f v="214 160 161" fn="-1 -0 -0">
            <n d="-1 0 0"/>
            <n d="-1 0 0"/>
            <n d="-1 0 0"/>
        </f>
        <f v="215 162 32" fn="-1 -0 -0">
            <n d="-1 0 0"/>
            <n d="-1 0 0"/>
            <n d="-1 0 0"/>
        </f>
        <f v="215 161 162" fn="-1 0 0">
            <n d="-1 0 0"/>
            <n d="-1 0 0"/>
            <n d="-1 0 0"/>
        </f>
        <f v="216 161 215" fn="-1 0 0">
            <n d="-1 0 0"/>
            <n d="-1 0 0"/>
            <n d="-1 0 0"/>
        </f>
        <f v="107 161 216" fn="-1 0 -0">
            <n d="-1 0 0"/>
            <n d="-1 0 0"/>
            <n d="-1 0 0"/>
        </f>
        <f v="107 216 217" fn="-1 -0 -0">
            <n d="-1 0 0"/>
            <n d="-1 0 0"/>
            <n d="-1 0 0"/>
        </f>
        <f v="106 217 19" fn="-1 0 0">
            <n d="-1 0 0"/>
            <n d="-1 0 0"/>
            <n d="-1 0 0"/>
        </f>
        <f v="107 217 106" fn="-1 0 0">
            <n d="-1 0 0"/>
            <n d="-1 0 0"/>
            <n d="-1 0 0"/>
        </f>
        <f v="213 161 107" fn="-1 -0 -0">
            <n d="-1 0 0"/>
            <n d="-1 0 0"/>
            <n d="-1 0 0"/>
        </f>
        <f v="214 161 213" fn="-1 -0 -0">
            <n d="-1 0 0"/>
            <n d="-1 0 0"/>
            <n d="-1 0 0"/>
        </f>
        <f v="212 108 18" fn="-1 -0 -0">
            <n d="-1 0 0"/>
            <n d="-1 0 0"/>
            <n d="-1 0 0"/>
        </f>
        <f v="212 107 108" fn="-1 0 0">
            <n d="-1 0 0"/>
            <n d="-1 0 0"/>
            <n d="-1 0 0"/>
        </f>
        <f v="213 107 212" fn="-1 -0 0">
            <n d="-1 0 0"/>
            <n d="-1 0 0"/>
            <n d="-1 0 0"/>
        </f>
        <f v="214 33 160" fn="-1 0 -0">
            <n d="-1 0 0"/>
            <n d="-1 0 0"/>
            <n d="-1 0 0"/>
        </f>
    </facets>
    <facets color="f9f9f9">
        <f v="217 109 19" fn="-0.923879532511286 -0 -0.382683432365091">
            <n d="-1 0 6.12303176911189e-017"/>
            <n d="-0.707106781186548 0 -0.707106781186547"/>
            <n d="-1 0 6.12303176911189e-017"/>
        </f>
        <f v="159 110 109" fn="-0.382683432365091 -0 -0.923879532511286">
            <n d="-0.707106781186548 0 -0.707106781186547"/>
            <n d="-1.22460635382238e-016 0 -1"/>
            <n d="-0.707106781186548 0 -0.707106781186547"/>
        </f>
        <f v="216 109 217" fn="-0.923879532511286 -0 -0.382683432365091">
            <n d="-1 0 6.12303176911189e-017"/>
            <n d="-0.707106781186548 0 -0.707106781186547"/>
            <n d="-1 0 6.12303176911189e-017"/>
        </f>
        <f v="158 111 110" fn="0.382683432365091 -0 -0.923879532511286">
            <n d="-1.22460635382238e-016 0 -1"/>
            <n d="0.707106781186548 0 -0.707106781186547"/>
            <n d="-1.22460635382238e-016 0 -1"/>
        </f>
        <f v="159 109 216" fn="-0.923879532511286 -0 -0.382683432365091">
            <n d="-0.707106781186548 0 -0.707106781186547"/>
            <n d="-0.707106781186548 0 -0.707106781186547"/>
            <n d="-1 0 6.12303176911189e-017"/>
        </f>
        <f v="159 216 215" fn="-0.923879532511286 0 -0.382683432365091">
            <n d="-0.707106781186548 0 -0.707106781186547"/>
            <n d="-1 0 6.12303176911189e-017"/>
            <n d="-1 0 6.12303176911189e-017"/>
        </f>
        <f v="159 215 32" fn="-0.923879532511286 0 -0.382683432365091">
            <n d="-0.707106781186548 0 -0.707106781186547"/>
            <n d="-1 0 6.12303176911189e-017"/>
            <n d="-1 0 6.12303176911189e-017"/>
        </f>
        <f v="158 110 159" fn="-0.382683432365091 -0 -0.923879532511286">
            <n d="-1.22460635382238e-016 0 -1"/>
            <n d="-1.22460635382238e-016 0 -1"/>
            <n d="-0.707106781186548 0 -0.707106781186547"/>
        </f>
        <f v="157 111 158" fn="0.382683432365091 0 -0.923879532511286">
            <n d="0.707106781186548 0 -0.707106781186547"/>
            <n d="0.707106781186548 0 -0.707106781186547"/>
            <n d="-1.22460635382238e-016 0 -1"/>
        </f>
        <f v="218 111 219" fn="0.923879532511287 0 -0.38268343236509">
            <n d="1 0 -1.83690953073357e-016"/>
            <n d="0.707106781186548 0 -0.707106781186547"/>
            <n d="1 0 -1.83690953073357e-016"/>
        </f>
        <f v="220 157 31" fn="0.923879532511286 -0 -0.38268343236509">
            <n d="1 0 -1.83690953073357e-016"/>
            <n d="0.707106781186548 0 -0.707106781186547"/>
            <n d="1 0 -1.83690953073357e-016"/>
        </f>
        <f v="219 111 157" fn="0.923879532511287 -0 -0.382683432365091">
            <n d="1 0 -1.83690953073357e-016"/>
            <n d="0.707106781186548 0 -0.707106781186547"/>
            <n d="0.707106781186548 0 -0.707106781186547"/>
        </f>
        <f v="219 157 220" fn="0.923879532511287 0 -0.38268343236509">
            <n d="1 0 -1.83690953073357e-016"/>
            <n d="0.707106781186548 0 -0.707106781186547"/>
            <n d="1 0 -1.83690953073357e-016"/>
        </f>
        <f v="218 20 111" fn="0.923879532511286 -0 -0.38268343236509">
            <n d="1 0 -1.83690953073357e-016"/>
            <n d="1 0 -1.83690953073357e-016"/>
            <n d="0.707106781186548 0 -0.707106781186547"/>
        </f>
    </facets>
    <facets color="f9f9f9">
        <f v="113 210 209" fn="1 0 0">
            <n d="1 -0 -0"/>
            <n d="1 -0 -0"/>
            <n d="1 -0 -0"/>
        </f>
        <f v="154 211 210" fn="1 -0 -0">
            <n d="1 -0 -0"/>
            <n d="1 -0 -0"/>
            <n d="1 -0 -0"/>
        </f>
        <f v="154 30 211" fn="1 -0 -0">
            <n d="1 -0 -0"/>
            <n d="1 -0 -0"/>
            <n d="1 -0 -0"/>
        </f>
        <f v="155 154 210" fn="1 -0 -0">
            <n d="1 -0 -0"/>
            <n d="1 -0 -0"/>
            <n d="1 -0 -0"/>
        </f>
        <f v="113 155 210" fn="1 0 0">
            <n d="1 -0 -0"/>
            <n d="1 -0 -0"/>
            <n d="1 -0 -0"/>
        </f>
        <f v="219 156 155" fn="1 0 0">
            <n d="1 -0 -0"/>
            <n d="1 -0 -0"/>
            <n d="1 -0 -0"/>
        </f>
        <f v="220 31 156" fn="1 -0 -0">
            <n d="1 -0 -0"/>
            <n d="1 -0 -0"/>
            <n d="1 -0 -0"/>
        </f>
        <f v="219 220 156" fn="1 -0 -0">
            <n d="1 -0 -0"/>
            <n d="1 -0 -0"/>
            <n d="1 -0 -0"/>
        </f>
        <f v="113 219 155" fn="1 -0 -0">
            <n d="1 -0 -0"/>
            <n d="1 -0 -0"/>
            <n d="1 -0 -0"/>
        </f>
        <f v="114 113 209" fn="1 -0 -0">
            <n d="1 -0 -0"/>
            <n d="1 -0 -0"/>
            <n d="1 -0 -0"/>
        </f>
        <f v="112 20 218" fn="1 0 0">
            <n d="1 -0 -0"/>
            <n d="1 -0 -0"/>
            <n d="1 -0 -0"/>
        </f>
        <f v="113 218 219" fn="1 0 0">
            <n d="1 -0 -0"/>
            <n d="1 -0 -0"/>
            <n d="1 -0 -0"/>
        </f>
        <f v="113 112 218" fn="1 -0 -0">
            <n d="1 -0 -0"/>
            <n d="1 -0 -0"/>
            <n d="1 -0 -0"/>
        </f>
        <f v="114 209 21" fn="1 0 0">
            <n d="1 -0 -0"/>
            <n d="1 -0 -0"/>
            <n d="1 -0 -0"/>
        </f>
    </facets>
    <facets color="f9f9f9">
        <f v="225 91 92" fn="-0.500000000000018 1.01406235414757e-015 -0.866025403784428">
            <n d="-0.5 0 -0.866025403784438"/>
            <n d="-0.5 0 -0.866025403784438"/>
            <n d="-0.5 0 -0.866025403784438"/>
        </f>
        <f v="222 92 93" fn="-0.500000000000015 -0 -0.86602540378443">
            <n d="-0.5 0 -0.866025403784438"/>
            <n d="-0.5 0 -0.866025403784438"/>
            <n d="-0.5 0 -0.866025403784438"/>
        </f>
        <f v="221 93 13" fn="-0.500000000000015 -0 -0.86602540378443">
            <n d="-0.5 0 -0.866025403784438"/>
            <n d="-0.5 0 -0.866025403784438"/>
            <n d="-0.5 0 -0.866025403784438"/>
        </f>
        <f v="222 93 221" fn="-0.500000000000015 -0 -0.86602540378443">
            <n d="-0.5 0 -0.866025403784438"/>
            <n d="-0.5 0 -0.866025403784438"/>
            <n d="-0.5 0 -0.866025403784438"/>
        </f>
        <f v="176 92 222" fn="-0.500000000000015 -0 -0.86602540378443">
            <n d="-0.5 0 -0.866025403784438"/>
            <n d="-0.5 0 -0.866025403784438"/>
            <n d="-0.5 0 -0.866025403784438"/>
        </f>
        <f v="175 222 223" fn="-0.500000000000015 0 -0.86602540378443">
            <n d="-0.5 0 -0.866025403784438"/>
            <n d="-0.5 0 -0.866025403784438"/>
            <n d="-0.5 0 -0.866025403784438"/>
        </f>
        <f v="175 223 38" fn="-0.500000000000015 0 -0.86602540378443">
            <n d="-0.5 0 -0.866025403784438"/>
            <n d="-0.5 0 -0.866025403784438"/>
            <n d="-0.5 0 -0.866025403784438"/>
        </f>
        <f v="176 222 175" fn="-0.500000000000015 0 -0.86602540378443">
            <n d="-0.5 0 -0.866025403784438"/>
            <n d="-0.5 0 -0.866025403784438"/>
            <n d="-0.5 0 -0.866025403784438"/>
        </f>
        <f v="225 92 176" fn="-0.500000000000016 -0 -0.866025403784429">
            <n d="-0.5 0 -0.866025403784438"/>
            <n d="-0.5 0 -0.866025403784438"/>
            <n d="-0.5 0 -0.866025403784438"/>
        </f>
        <f v="225 176 177" fn="-0.500000000000018 -1.01406235414757e-015 -0.866025403784428">
            <n d="-0.5 0 -0.866025403784438"/>
            <n d="-0.5 0 -0.866025403784438"/>
            <n d="-0.5 0 -0.866025403784438"/>
        </f>
        <f v="226 177 37" fn="-0.500000000000015 0 -0.86602540378443">
            <n d="-0.5 0 -0.866025403784438"/>
            <n d="-0.5 0 -0.866025403784438"/>
            <n d="-0.5 0 -0.866025403784438"/>
        </f>
        <f v="224 91 225" fn="-0.500000000000015 0 -0.86602540378443">
            <n d="-0.5 0 -0.866025403784438"/>
            <n d="-0.5 0 -0.866025403784438"/>
            <n d="-0.5 0 -0.866025403784438"/>
        </f>
        <f v="225 177 226" fn="-0.500000000000015 0 -0.86602540378443">
            <n d="-0.5 0 -0.866025403784438"/>
            <n d="-0.5 0 -0.866025403784438"/>
            <n d="-0.5 0 -0.866025403784438"/>
        </f>
        <f v="224 14 91" fn="-0.500000000000015 -0 -0.86602540378443">
            <n d="-0.5 0 -0.866025403784438"/>
            <n d="-0.5 0 -0.866025403784438"/>
            <n d="-0.5 0 -0.866025403784438"/>
        </f>
    </facets>
    <facets color="f9f9f9">
        <f v="71 70 192" fn="-0.923879532511287 -0 0.38268343236509">
            <n d="-0.707106781186547 -0 0.707106781186548"/>
            <n d="-1 -0 1.83690953073357e-016"/>
            <n d="-1 -0 1.83690953073357e-016"/>
        </f>
        <f v="73 190 189" fn="0.38268343236509 -3.24629443572443e-009 0.923879532511287">
            <n d="0.707106774331269 -0 0.707106788041826"/>
            <n d="1.22460635382238e-016 -0 1"/>
            <n d="0.707106781186548 -0 0.707106781186547"/>
        </f>
        <f v="72 191 190" fn="-0.382683427886663 0 0.923879534366312">
            <n d="1.22460635382238e-016 -0 1"/>
            <n d="-0.707106774331268 -0 0.707106788041827"/>
            <n d="1.22460635382238e-016 -0 1"/>
        </f>
        <f v="71 192 191" fn="-0.923879530656262 -3.24629367244591e-009 0.382683436843516">
            <n d="-0.707106781186547 -0 0.707106781186548"/>
            <n d="-1 -0 1.83690953073357e-016"/>
            <n d="-0.707106774331268 -0 0.707106788041827"/>
        </f>
        <f v="70 193 192" fn="-0.923879534501145 0 -0.382683427561146">
            <n d="-1 -0 1.83690953073357e-016"/>
            <n d="-0.707106788540106 0 -0.707106773832989"/>
            <n d="-1 -0 1.83690953073357e-016"/>
        </f>
        <f v="69 41 193" fn="-0.382683437169033 -2.38206421251607e-009 -0.923879530521428">
            <n d="-0.707106783509842 0 -0.707106778863253"/>
            <n d="-2.44921270764475e-016 0 -1"/>
            <n d="-0.707106788540106 0 -0.707106773832989"/>
        </f>
        <f v="8 41 69" fn="-0.382683433882855 0 -0.923879531882608">
            <n d="-2.44921270764475e-016 0 -1"/>
            <n d="-2.44921270764475e-016 0 -1"/>
            <n d="-0.707106783509842 0 -0.707106778863253"/>
        </f>
        <f v="70 69 193" fn="-0.923879533139966 2.38206434438237e-009 -0.382683430847324">
            <n d="-1 -0 1.83690953073357e-016"/>
            <n d="-0.707106783509842 0 -0.707106778863253"/>
            <n d="-0.707106788540106 0 -0.707106773832989"/>
        </f>
        <f v="74 73 189" fn="0.923879530656262 3.24629365578635e-009 0.382683436843516">
            <n d="1 -0 -6.12303176911189e-017"/>
            <n d="0.707106774331269 -0 0.707106788041826"/>
            <n d="0.707106781186548 -0 0.707106781186547"/>
        </f>
        <f v="72 71 191" fn="-0.38268343236509 3.24629443849223e-009 0.923879532511287">
            <n d="1.22460635382238e-016 -0 1"/>
            <n d="-0.707106781186547 -0 0.707106781186548"/>
            <n d="-0.707106774331268 -0 0.707106788041827"/>
        </f>
        <f v="74 189 188" fn="0.923879532511287 -0 0.38268343236509">
            <n d="1 -0 -6.12303176911189e-017"/>
            <n d="0.707106781186548 -0 0.707106781186547"/>
            <n d="1 -0 -6.12303176911189e-017"/>
        </f>
        <f v="73 72 190" fn="0.382683427886663 -0 0.923879534366312">
            <n d="0.707106774331269 -0 0.707106788041826"/>
            <n d="1.22460635382238e-016 -0 1"/>
            <n d="1.22460635382238e-016 -0 1"/>
        </f>
        <f v="75 188 187" fn="0.923879533139966 -2.38206434252741e-009 -0.382683430847324">
            <n d="0.707106788540106 -0 -0.707106773832989"/>
            <n d="1 -0 -6.12303176911189e-017"/>
            <n d="0.707106783509842 -0 -0.707106778863253"/>
        </f>
        <f v="75 74 188" fn="0.923879534501145 -0 -0.382683427561146">
            <n d="0.707106788540106 -0 -0.707106773832989"/>
            <n d="1 -0 -6.12303176911189e-017"/>
            <n d="1 -0 -6.12303176911189e-017"/>
        </f>
        <f v="75 187 8" fn="0.382683437169033 2.38206421251607e-009 -0.923879530521428">
            <n d="0.707106788540106 -0 -0.707106773832989"/>
            <n d="0.707106783509842 -0 -0.707106778863253"/>
            <n d="-0 -0 -1"/>
        </f>
        <f v="41 8 187" fn="0.382683433882855 -0 -0.923879531882608">
            <n d="-0 -0 -1"/>
            <n d="-0 -0 -1"/>
            <n d="0.707106783509842 -0 -0.707106778863253"/>
        </f>
    </facets>
    <facets color="f9f9f9">
        <f v="225 172 173" fn="-1 -0 -0">
            <n d="-1 0 0"/>
            <n d="-1 0 0"/>
            <n d="-1 0 0"/>
        </f>
        <f v="227 174 36" fn="-1 -0 -0">
            <n d="-1 0 0"/>
            <n d="-1 0 0"/>
            <n d="-1 0 0"/>
        </f>
        <f v="228 173 174" fn="-1 -0 -0">
            <n d="-1 0 0"/>
            <n d="-1 0 0"/>
            <n d="-1 0 0"/>
        </f>
        <f v="228 174 227" fn="-1 0 0">
            <n d="-1 0 0"/>
            <n d="-1 0 0"/>
            <n d="-1 0 0"/>
        </f>
        <f v="95 173 228" fn="-1 0 -0">
            <n d="-1 0 0"/>
            <n d="-1 0 0"/>
            <n d="-1 0 0"/>
        </f>
        <f v="95 228 229" fn="-1 -0 -0">
            <n d="-1 0 0"/>
            <n d="-1 0 0"/>
            <n d="-1 0 0"/>
        </f>
        <f v="94 229 15" fn="-1 0 0">
            <n d="-1 0 0"/>
            <n d="-1 0 0"/>
            <n d="-1 0 0"/>
        </f>
        <f v="95 229 94" fn="-1 0 0">
            <n d="-1 0 0"/>
            <n d="-1 0 0"/>
            <n d="-1 0 0"/>
        </f>
        <f v="225 173 95" fn="-1 -0 -0">
            <n d="-1 0 0"/>
            <n d="-1 0 0"/>
            <n d="-1 0 0"/>
        </f>
        <f v="226 172 225" fn="-1 -0 -0">
            <n d="-1 0 0"/>
            <n d="-1 0 0"/>
            <n d="-1 0 0"/>
        </f>
        <f v="224 96 14" fn="-1 -0 -0">
            <n d="-1 0 0"/>
            <n d="-1 0 0"/>
            <n d="-1 0 0"/>
        </f>
        <f v="224 95 96" fn="-1 0 0">
            <n d="-1 0 0"/>
            <n d="-1 0 0"/>
            <n d="-1 0 0"/>
        </f>
        <f v="225 95 224" fn="-1 -0 0">
            <n d="-1 0 0"/>
            <n d="-1 0 0"/>
            <n d="-1 0 0"/>
        </f>
        <f v="226 37 172" fn="-1 0 -0">
            <n d="-1 0 0"/>
            <n d="-1 0 0"/>
            <n d="-1 0 0"/>
        </f>
    </facets>
    <facets color="f9f9f9">
        <f v="83 231 230" fn="-1 0 0">
            <n d="-1 -0 -4.74338450462408e-016"/>
            <n d="-1 -0 -4.74338450462408e-016"/>
            <n d="-1 -0 -4.74338450462408e-016"/>
        </f>
        <f v="186 232 231" fn="-1 -0 -0">
            <n d="-1 -0 -4.74338450462408e-016"/>
            <n d="-1 -0 -4.74338450462408e-016"/>
            <n d="-1 -0 -4.74338450462408e-016"/>
        </f>
        <f v="186 40 232" fn="-1 -0 -0">
            <n d="-1 -0 -4.74338450462408e-016"/>
            <n d="-1 -0 -4.74338450462408e-016"/>
            <n d="-1 -0 -4.74338450462408e-016"/>
        </f>
        <f v="185 186 231" fn="-1 -0 -0">
            <n d="-1 -0 -4.74338450462408e-016"/>
            <n d="-1 -0 -4.74338450462408e-016"/>
            <n d="-1 -0 -4.74338450462408e-016"/>
        </f>
        <f v="137 185 231" fn="-1 0 0">
            <n d="-1 -0 -4.74338450462408e-016"/>
            <n d="-1 -0 -4.74338450462408e-016"/>
            <n d="-1 -0 -4.74338450462408e-016"/>
        </f>
        <f v="138 184 185" fn="-1 -0 -0">
            <n d="-1 -0 -4.74338450462408e-016"/>
            <n d="-1 -0 -4.74338450462408e-016"/>
            <n d="-1 -0 -4.74338450462408e-016"/>
        </f>
        <f v="138 26 184" fn="-1 0 -0">
            <n d="-1 -0 -4.74338450462408e-016"/>
            <n d="-1 -0 -4.74338450462408e-016"/>
            <n d="-1 -0 -4.74338450462408e-016"/>
        </f>
        <f v="137 138 185" fn="-1 0 -0">
            <n d="-1 -0 -4.74338450462408e-016"/>
            <n d="-1 -0 -4.74338450462408e-016"/>
            <n d="-1 -0 -4.74338450462408e-016"/>
        </f>
        <f v="83 137 231" fn="-1 0 0">
            <n d="-1 -0 -4.74338450462408e-016"/>
            <n d="-1 -0 -4.74338450462408e-016"/>
            <n d="-1 -0 -4.74338450462408e-016"/>
        </f>
        <f v="84 83 230" fn="-1 0 -0">
            <n d="-1 -0 -4.74338450462408e-016"/>
            <n d="-1 -0 -4.74338450462408e-016"/>
            <n d="-1 -0 -4.74338450462408e-016"/>
        </f>
        <f v="82 10 136" fn="-1 0 0">
            <n d="-1 -0 -4.74338450462408e-016"/>
            <n d="-1 -0 -4.74338450462408e-016"/>
            <n d="-1 -0 -4.74338450462408e-016"/>
        </f>
        <f v="82 136 137" fn="-1 -0 -0">
            <n d="-1 -0 -4.74338450462408e-016"/>
            <n d="-1 -0 -4.74338450462408e-016"/>
            <n d="-1 -0 -4.74338450462408e-016"/>
        </f>
        <f v="83 82 137" fn="-1 -0 -0">
            <n d="-1 -0 -4.74338450462408e-016"/>
            <n d="-1 -0 -4.74338450462408e-016"/>
            <n d="-1 -0 -4.74338450462408e-016"/>
        </f>
        <f v="84 230 11" fn="-1 0 0">
            <n d="-1 -0 -4.74338450462408e-016"/>
            <n d="-1 -0 -4.74338450462408e-016"/>
            <n d="-1 -0 -4.74338450462408e-016"/>
        </f>
    </facets>
    <facets color="f9f9f9">
        <f v="179 234 235" fn="-1 0 0">
            <n d="-1 -0 -0"/>
            <n d="-1 -0 -0"/>
            <n d="-1 -0 -0"/>
        </f>
        <f v="88 12 233" fn="-1 0 0">
            <n d="-1 -0 -0"/>
            <n d="-1 -0 -0"/>
            <n d="-1 -0 -0"/>
        </f>
        <f v="88 233 234" fn="-1 -0 -0">
            <n d="-1 -0 -0"/>
            <n d="-1 -0 -0"/>
            <n d="-1 -0 -0"/>
        </f>
        <f v="89 88 234" fn="-1 -0 -0">
            <n d="-1 -0 -0"/>
            <n d="-1 -0 -0"/>
            <n d="-1 -0 -0"/>
        </f>
        <f v="222 89 234" fn="-1 0 0">
            <n d="-1 -0 -0"/>
            <n d="-1 -0 -0"/>
            <n d="-1 -0 -0"/>
        </f>
        <f v="221 90 89" fn="-1 -0 -0">
            <n d="-1 -0 -0"/>
            <n d="-1 -0 -0"/>
            <n d="-1 -0 -0"/>
        </f>
        <f v="221 13 90" fn="-1 -0 -0">
            <n d="-1 -0 -0"/>
            <n d="-1 -0 -0"/>
            <n d="-1 -0 -0"/>
        </f>
        <f v="222 221 89" fn="-1 -0 -0">
            <n d="-1 -0 -0"/>
            <n d="-1 -0 -0"/>
            <n d="-1 -0 -0"/>
        </f>
        <f v="179 222 234" fn="-1 -0 0">
            <n d="-1 -0 -0"/>
            <n d="-1 -0 -0"/>
            <n d="-1 -0 -0"/>
        </f>
        <f v="180 223 222" fn="-1 -0 -0">
            <n d="-1 -0 -0"/>
            <n d="-1 -0 -0"/>
            <n d="-1 -0 -0"/>
        </f>
        <f v="180 38 223" fn="-1 -0 -0">
            <n d="-1 -0 -0"/>
            <n d="-1 -0 -0"/>
            <n d="-1 -0 -0"/>
        </f>
        <f v="178 179 235" fn="-1 -0 -0">
            <n d="-1 -0 -0"/>
            <n d="-1 -0 -0"/>
            <n d="-1 -0 -0"/>
        </f>
        <f v="179 180 222" fn="-1 -0 -0">
            <n d="-1 -0 -0"/>
            <n d="-1 -0 -0"/>
            <n d="-1 -0 -0"/>
        </f>
        <f v="178 235 39" fn="-1 0 0">
            <n d="-1 -0 -0"/>
            <n d="-1 -0 -0"/>
            <n d="-1 -0 -0"/>
        </f>
    </facets>
    <facets color="f9f9f9">
        <f v="170 99 98" fn="0.382683432365091 -0 -0.923879532511286">
            <n d="2.44921270764475e-016 0 -1"/>
            <n d="0.707106781186548 0 -0.707106781186547"/>
            <n d="2.44921270764475e-016 0 -1"/>
        </f>
        <f v="171 98 97" fn="-0.382683432365091 -0 -0.923879532511286">
            <n d="-0.707106781186548 0 -0.707106781186547"/>
            <n d="2.44921270764475e-016 0 -1"/>
            <n d="-0.707106781186548 0 -0.707106781186547"/>
        </f>
        <f v="229 97 15" fn="-0.923879532511286 -0 -0.38268343236509">
            <n d="-1 0 -3.06151588455594e-016"/>
            <n d="-0.707106781186548 0 -0.707106781186547"/>
            <n d="-1 0 -3.06151588455594e-016"/>
        </f>
        <f v="228 97 229" fn="-0.923879532511287 -0 -0.38268343236509">
            <n d="-1 0 -3.06151588455594e-016"/>
            <n d="-0.707106781186548 0 -0.707106781186547"/>
            <n d="-1 0 -3.06151588455594e-016"/>
        </f>
        <f v="171 97 228" fn="-0.923879532511287 -0 -0.382683432365091">
            <n d="-0.707106781186548 0 -0.707106781186547"/>
            <n d="-0.707106781186548 0 -0.707106781186547"/>
            <n d="-1 0 -3.06151588455594e-016"/>
        </f>
        <f v="171 228 227" fn="-0.923879532511286 0 -0.382683432365091">
            <n d="-0.707106781186548 0 -0.707106781186547"/>
            <n d="-1 0 -3.06151588455594e-016"/>
            <n d="-1 0 -3.06151588455594e-016"/>
        </f>
        <f v="171 227 36" fn="-0.923879532511286 0 -0.38268343236509">
            <n d="-0.707106781186548 0 -0.707106781186547"/>
            <n d="-1 0 -3.06151588455594e-016"/>
            <n d="-1 0 -3.06151588455594e-016"/>
        </f>
        <f v="170 98 171" fn="-0.382683432365091 -0 -0.923879532511286">
            <n d="2.44921270764475e-016 0 -1"/>
            <n d="2.44921270764475e-016 0 -1"/>
            <n d="-0.707106781186548 0 -0.707106781186547"/>
        </f>
        <f v="169 99 170" fn="0.382683432365091 0 -0.923879532511286">
            <n d="0.707106781186548 0 -0.707106781186547"/>
            <n d="0.707106781186548 0 -0.707106781186547"/>
            <n d="2.44921270764475e-016 0 -1"/>
        </f>
        <f v="194 99 195" fn="0.923879532511286 0 -0.382683432365091">
            <n d="1 0 1.83690953073357e-016"/>
            <n d="0.707106781186548 0 -0.707106781186547"/>
            <n d="1 0 1.83690953073357e-016"/>
        </f>
        <f v="196 169 35" fn="0.923879532511286 -0 -0.382683432365091">
            <n d="1 0 1.83690953073357e-016"/>
            <n d="0.707106781186548 0 -0.707106781186547"/>
            <n d="1 0 1.83690953073357e-016"/>
        </f>
        <f v="195 99 169" fn="0.923879532511286 -0 -0.382683432365091">
            <n d="1 0 1.83690953073357e-016"/>
            <n d="0.707106781186548 0 -0.707106781186547"/>
            <n d="0.707106781186548 0 -0.707106781186547"/>
        </f>
        <f v="195 169 196" fn="0.923879532511286 0 -0.382683432365091">
            <n d="1 0 1.83690953073357e-016"/>
            <n d="0.707106781186548 0 -0.707106781186547"/>
            <n d="1 0 1.83690953073357e-016"/>
        </f>
        <f v="194 16 99" fn="0.923879532511286 -0 -0.382683432365091">
            <n d="1 0 1.83690953073357e-016"/>
            <n d="1 0 1.83690953073357e-016"/>
            <n d="0.707106781186548 0 -0.707106781186547"/>
        </f>
    </facets>
    <facets color="f9f9f9">
        <f v="66 139 140" fn="-0 0.857492925712544 0.514495755427526">
            <n d="0 0.857492925712544 0.514495755427527"/>
            <n d="0 0.857492925712544 0.514495755427527"/>
            <n d="0 0.857492925712544 0.514495755427527"/>
        </f>
        <f v="130 141 25" fn="-0 0.857492925712544 0.514495755427526">
            <n d="0 0.857492925712544 0.514495755427527"/>
            <n d="0 0.857492925712544 0.514495755427527"/>
            <n d="0 0.857492925712544 0.514495755427527"/>
        </f>
        <f v="130 140 141" fn="0 0.857492925712544 0.514495755427526">
            <n d="0 0.857492925712544 0.514495755427527"/>
            <n d="0 0.857492925712544 0.514495755427527"/>
            <n d="0 0.857492925712544 0.514495755427527"/>
        </f>
        <f v="131 140 130" fn="2.21397299902152e-017 0.857492925712544 0.514495755427527">
            <n d="0 0.857492925712544 0.514495755427527"/>
            <n d="0 0.857492925712544 0.514495755427527"/>
            <n d="0 0.857492925712544 0.514495755427527"/>
        </f>
        <f v="67 140 131" fn="0 0.857492925712544 0.514495755427527">
            <n d="0 0.857492925712544 0.514495755427527"/>
            <n d="0 0.857492925712544 0.514495755427527"/>
            <n d="0 0.857492925712544 0.514495755427527"/>
        </f>
        <f v="52 131 132" fn="-2.50528523573488e-017 0.857492925712544 0.514495755427527">
            <n d="0 0.857492925712544 0.514495755427527"/>
            <n d="0 0.857492925712544 0.514495755427527"/>
            <n d="0 0.857492925712544 0.514495755427527"/>
        </f>
        <f v="53 132 0" fn="0 0.857492925712544 0.514495755427526">
            <n d="0 0.857492925712544 0.514495755427527"/>
            <n d="0 0.857492925712544 0.514495755427527"/>
            <n d="0 0.857492925712544 0.514495755427527"/>
        </f>
        <f v="52 132 53" fn="0 0.857492925712544 0.514495755427526">
            <n d="0 0.857492925712544 0.514495755427527"/>
            <n d="0 0.857492925712544 0.514495755427527"/>
            <n d="0 0.857492925712544 0.514495755427527"/>
        </f>
        <f v="67 131 52" fn="0 0.857492925712544 0.514495755427527">
            <n d="0 0.857492925712544 0.514495755427527"/>
            <n d="0 0.857492925712544 0.514495755427527"/>
            <n d="0 0.857492925712544 0.514495755427527"/>
        </f>
        <f v="68 52 51" fn="0 0.857492925712544 0.514495755427526">
            <n d="0 0.857492925712544 0.514495755427527"/>
            <n d="0 0.857492925712544 0.514495755427527"/>
            <n d="0 0.857492925712544 0.514495755427527"/>
        </f>
        <f v="68 51 3" fn="0 0.857492925712544 0.514495755427526">
            <n d="0 0.857492925712544 0.514495755427527"/>
            <n d="0 0.857492925712544 0.514495755427527"/>
            <n d="0 0.857492925712544 0.514495755427527"/>
        </f>
        <f v="66 140 67" fn="-2.21397299902152e-017 0.857492925712544 0.514495755427527">
            <n d="0 0.857492925712544 0.514495755427527"/>
            <n d="0 0.857492925712544 0.514495755427527"/>
            <n d="0 0.857492925712544 0.514495755427527"/>
        </f>
        <f v="67 52 68" fn="2.50528523573488e-017 0.857492925712544 0.514495755427527">
            <n d="0 0.857492925712544 0.514495755427527"/>
            <n d="0 0.857492925712544 0.514495755427527"/>
            <n d="0 0.857492925712544 0.514495755427527"/>
        </f>
        <f v="66 7 139" fn="-0 0.857492925712544 0.514495755427526">
            <n d="0 0.857492925712544 0.514495755427527"/>
            <n d="0 0.857492925712544 0.514495755427527"/>
            <n d="0 0.857492925712544 0.514495755427527"/>
        </f>
    </facets>
    <facets color="f9f9f9">
        <f v="181 231 232" fn="3.27526124832158e-016 0 1">
            <n d="-0 -0 1"/>
            <n d="-0 -0 1"/>
            <n d="-0 -0 1"/>
        </f>
        <f v="85 11 230" fn="3.27526124832158e-016 0 1">
            <n d="-0 -0 1"/>
            <n d="-0 -0 1"/>
            <n d="-0 -0 1"/>
        </f>
        <f v="85 230 231" fn="3.27526124832158e-016 -0 1">
            <n d="-0 -0 1"/>
            <n d="-0 -0 1"/>
            <n d="-0 -0 1"/>
        </f>
        <f v="86 85 231" fn="3.27526124832158e-016 3.36162317565772e-031 1">
            <n d="-0 -0 1"/>
            <n d="-0 -0 1"/>
            <n d="-0 -0 1"/>
        </f>
        <f v="234 86 231" fn="3.27526124832158e-016 -2.24108211710515e-031 1">
            <n d="-0 -0 1"/>
            <n d="-0 -0 1"/>
            <n d="-0 -0 1"/>
        </f>
        <f v="233 87 86" fn="3.27526124832158e-016 -1.12054105855257e-031 1">
            <n d="-0 -0 1"/>
            <n d="-0 -0 1"/>
            <n d="-0 -0 1"/>
        </f>
        <f v="233 12 87" fn="3.27526124832158e-016 0 1">
            <n d="-0 -0 1"/>
            <n d="-0 -0 1"/>
            <n d="-0 -0 1"/>
        </f>
        <f v="234 233 86" fn="3.27526124832158e-016 0 1">
            <n d="-0 -0 1"/>
            <n d="-0 -0 1"/>
            <n d="-0 -0 1"/>
        </f>
        <f v="182 234 231" fn="3.27526124832158e-016 1.960946852467e-031 1">
            <n d="-0 -0 1"/>
            <n d="-0 -0 1"/>
            <n d="-0 -0 1"/>
        </f>
        <f v="182 235 234" fn="3.27526124832158e-016 0 1">
            <n d="-0 -0 1"/>
            <n d="-0 -0 1"/>
            <n d="-0 -0 1"/>
        </f>
        <f v="183 39 235" fn="3.27526124832158e-016 -0 1">
            <n d="-0 -0 1"/>
            <n d="-0 -0 1"/>
            <n d="-0 -0 1"/>
        </f>
        <f v="181 182 231" fn="3.27526124832158e-016 -3.64175844029586e-031 1">
            <n d="-0 -0 1"/>
            <n d="-0 -0 1"/>
            <n d="-0 -0 1"/>
        </f>
        <f v="182 183 235" fn="3.27526124832158e-016 1.12054105855257e-031 1">
            <n d="-0 -0 1"/>
            <n d="-0 -0 1"/>
            <n d="-0 -0 1"/>
        </f>
        <f v="181 232 40" fn="3.27526124832158e-016 0 1">
            <n d="-0 -0 1"/>
            <n d="-0 -0 1"/>
            <n d="-0 -0 1"/>
        </f>
    </facets>
</shell>
</step-assembly>
