<?xml version="1.0" encoding="UTF-8" ?>
<step-assembly root="id832">
<product id="id832" name="WE-VS_0402" shape="id482" children="id834 id834 id833"/>
<product id="id834" name="SolderPad" shape="id483"/>
<product id="id833" name="base" shape="id481"/>
<shape id="id482" unit="mm 0.001000">
    <child ref="id481" xform="1 0 0 0 0 1 0 0 0 0 1 0 0 0 0 1"/>
    <child ref="id483" xform="1 0 0 0 0 1 0 0 0 0 1 0 0.355 0 0 1"/>
    <child ref="id483" xform="-1 0 0 0 0 1 -2.22045e-016 0 0 -2.22045e-016 -1 0 -0.355 -3.25261e-016 0.48 1"/>
</shape>
<shape id="id481" unit="mm 0.001000">
    <child ref="id36" xform="1 0 0 0 0 1 0 0 0 0 1 0 0 0 0 1"/>
</shape>
<shape id="id36" unit="mm 0.001000" shell="id476"/>
<shape id="id483" unit="mm 0.001000">
    <child ref="id37" xform="1 0 0 0 0 1 0 0 0 0 1 0 0 0 0 1"/>
</shape>
<shape id="id37" unit="mm 0.001000" shell="id477"/>
<shell id="id476" color="333333">
    <verts>
        <v p="-0.23 -0.25 0.47"/>
        <v p="-0.23 -0.25 0.01"/>
        <v p="0.23 -0.25 0.01"/>
        <v p="0.23 -0.25 0.47"/>
        <v p="0.23 -0.24 0"/>
        <v p="0.23 0.24 0"/>
        <v p="-0.23 -0.24 0"/>
        <v p="-0.23 0.24 0"/>
        <v p="-0.23 0.25 0.01"/>
        <v p="-0.23 0.25 0.47"/>
        <v p="0.23 0.25 0.47"/>
        <v p="0.23 0.25 0.01"/>
        <v p="0.23 0.24 0.48"/>
        <v p="0.23 -0.24 0.48"/>
        <v p="-0.23 0.24 0.48"/>
        <v p="-0.23 -0.24 0.48"/>
        <v p="-0.23 -0.25 0.355"/>
        <v p="-0.23 -0.25 0.24"/>
        <v p="-0.23 -0.25 0.125"/>
        <v p="-0.115 -0.25 0.01"/>
        <v p="0 -0.25 0.01"/>
        <v p="0.115 -0.25 0.01"/>
        <v p="0.23 -0.25 0.355"/>
        <v p="0.23 -0.25 0.24"/>
        <v p="0.23 -0.25 0.125"/>
        <v p="0.115 -0.25 0.47"/>
        <v p="0 -0.25 0.47"/>
        <v p="-0.115 -0.25 0.47"/>
        <v p="0.23 -0.12 0"/>
        <v p="0.23 0 0"/>
        <v p="0.23 0.12 0"/>
        <v p="0.115 -0.24 0"/>
        <v p="0 -0.24 0"/>
        <v p="-0.115 -0.24 0"/>
        <v p="-0.23 -0.12 0"/>
        <v p="-0.23 0 0"/>
        <v p="-0.23 0.12 0"/>
        <v p="-0.115 0.24 0"/>
        <v p="0 0.24 0"/>
        <v p="0.115 0.24 0"/>
        <v p="-0.23 0.25 0.125"/>
        <v p="-0.23 0.25 0.24"/>
        <v p="-0.23 0.25 0.355"/>
        <v p="-0.115 0.25 0.47"/>
        <v p="0 0.25 0.47"/>
        <v p="0.115 0.25 0.47"/>
        <v p="0.23 0.25 0.125"/>
        <v p="0.23 0.25 0.24"/>
        <v p="0.23 0.25 0.355"/>
        <v p="0.115 0.25 0.01"/>
        <v p="0 0.25 0.01"/>
        <v p="-0.115 0.25 0.01"/>
        <v p="0.23 0.12 0.48"/>
        <v p="0.23 0 0.48"/>
        <v p="0.23 -0.12 0.48"/>
        <v p="0.115 0.24 0.48"/>
        <v p="0 0.24 0.48"/>
        <v p="-0.115 0.24 0.48"/>
        <v p="-0.23 0.12 0.48"/>
        <v p="-0.23 0 0.48"/>
        <v p="-0.23 -0.12 0.48"/>
        <v p="-0.115 -0.24 0.48"/>
        <v p="0 -0.24 0.48"/>
        <v p="0.115 -0.24 0.48"/>
        <v p="0.23 -0.249092596172405 0.0058377055791831"/>
        <v p="0.23 -0.24626385597143 0.00220486636617532"/>
        <v p="0.23 -0.242216937800102 0.000248836644252072"/>
        <v p="0.23 0.244162294420817 0.000907403827594865"/>
        <v p="0.23 0.247795133633825 0.00373614402857032"/>
        <v p="0.23 0.249751163355748 0.0077830621998985"/>
        <v p="0.23 0.249092596172405 0.474162294420817"/>
        <v p="0.23 0.24626385597143 0.477795133633825"/>
        <v p="0.23 0.242216937800102 0.479751163355748"/>
        <v p="0.23 -0.244162294420817 0.479092596172405"/>
        <v p="0.23 -0.247795133633825 0.47626385597143"/>
        <v p="0.23 -0.249751163355748 0.472216937800101"/>
        <v p="-0.23 -0.242216937800102 0.000248836644252072"/>
        <v p="-0.23 -0.24626385597143 0.00220486636617532"/>
        <v p="-0.23 -0.249092596172405 0.0058377055791831"/>
        <v p="-0.23 -0.249751163355748 0.472216937800101"/>
        <v p="-0.23 -0.247795133633825 0.47626385597143"/>
        <v p="-0.23 -0.244162294420817 0.479092596172405"/>
        <v p="-0.23 0.242216937800102 0.479751163355748"/>
        <v p="-0.23 0.24626385597143 0.477795133633825"/>
        <v p="-0.23 0.249092596172405 0.474162294420817"/>
        <v p="-0.23 0.249751163355748 0.0077830621998985"/>
        <v p="-0.23 0.247795133633825 0.00373614402857032"/>
        <v p="-0.23 0.244162294420817 0.000907403827594864"/>
    </verts>
    <facets color="333333">
        <f v="16 26 27" fn="0 -1 0">
            <n d="-0 -1 -0"/>
            <n d="-0 -1 -0"/>
            <n d="-0 -1 -0"/>
        </f>
        <f v="22 25 26" fn="-0 -1 -0">
            <n d="-0 -1 -0"/>
            <n d="-0 -1 -0"/>
            <n d="-0 -1 -0"/>
        </f>
        <f v="22 3 25" fn="-0 -1 0">
            <n d="-0 -1 -0"/>
            <n d="-0 -1 -0"/>
            <n d="-0 -1 -0"/>
        </f>
        <f v="23 22 26" fn="-0 -1 0">
            <n d="-0 -1 -0"/>
            <n d="-0 -1 -0"/>
            <n d="-0 -1 -0"/>
        </f>
        <f v="17 23 26" fn="0 -1 0">
            <n d="-0 -1 -0"/>
            <n d="-0 -1 -0"/>
            <n d="-0 -1 -0"/>
        </f>
        <f v="20 24 23" fn="0 -1 0">
            <n d="-0 -1 -0"/>
            <n d="-0 -1 -0"/>
            <n d="-0 -1 -0"/>
        </f>
        <f v="21 2 24" fn="-0 -1 -0">
            <n d="-0 -1 -0"/>
            <n d="-0 -1 -0"/>
            <n d="-0 -1 -0"/>
        </f>
        <f v="20 21 24" fn="-0 -1 -0">
            <n d="-0 -1 -0"/>
            <n d="-0 -1 -0"/>
            <n d="-0 -1 -0"/>
        </f>
        <f v="17 20 23" fn="0 -1 -0">
            <n d="-0 -1 -0"/>
            <n d="-0 -1 -0"/>
            <n d="-0 -1 -0"/>
        </f>
        <f v="16 17 26" fn="0 -1 -0">
            <n d="-0 -1 -0"/>
            <n d="-0 -1 -0"/>
            <n d="-0 -1 -0"/>
        </f>
        <f v="18 1 19" fn="0 -1 0">
            <n d="-0 -1 -0"/>
            <n d="-0 -1 -0"/>
            <n d="-0 -1 -0"/>
        </f>
        <f v="18 19 20" fn="-0 -1 -0">
            <n d="-0 -1 -0"/>
            <n d="-0 -1 -0"/>
            <n d="-0 -1 -0"/>
        </f>
        <f v="17 18 20" fn="-0 -1 -0">
            <n d="-0 -1 -0"/>
            <n d="-0 -1 -0"/>
            <n d="-0 -1 -0"/>
        </f>
        <f v="16 27 0" fn="0 -1 0">
            <n d="-0 -1 -0"/>
            <n d="-0 -1 -0"/>
            <n d="-0 -1 -0"/>
        </f>
    </facets>
    <facets color="333333">
        <f v="30 38 39" fn="0 0 -1">
            <n d="-0 -0 -1"/>
            <n d="-0 -0 -1"/>
            <n d="-0 -0 -1"/>
        </f>
        <f v="36 7 37" fn="0 0 -1">
            <n d="-0 -0 -1"/>
            <n d="-0 -0 -1"/>
            <n d="-0 -0 -1"/>
        </f>
        <f v="36 37 38" fn="-0 -0 -1">
            <n d="-0 -0 -1"/>
            <n d="-0 -0 -1"/>
            <n d="-0 -0 -1"/>
        </f>
        <f v="35 36 38" fn="-0 -0 -1">
            <n d="-0 -0 -1"/>
            <n d="-0 -0 -1"/>
            <n d="-0 -0 -1"/>
        </f>
        <f v="32 35 38" fn="0 0 -1">
            <n d="-0 -0 -1"/>
            <n d="-0 -0 -1"/>
            <n d="-0 -0 -1"/>
        </f>
        <f v="32 34 35" fn="0 0 -1">
            <n d="-0 -0 -1"/>
            <n d="-0 -0 -1"/>
            <n d="-0 -0 -1"/>
        </f>
        <f v="33 6 34" fn="-0 -0 -1">
            <n d="-0 -0 -1"/>
            <n d="-0 -0 -1"/>
            <n d="-0 -0 -1"/>
        </f>
        <f v="32 33 34" fn="-0 -0 -1">
            <n d="-0 -0 -1"/>
            <n d="-0 -0 -1"/>
            <n d="-0 -0 -1"/>
        </f>
        <f v="29 32 38" fn="-0 0 -1">
            <n d="-0 -0 -1"/>
            <n d="-0 -0 -1"/>
            <n d="-0 -0 -1"/>
        </f>
        <f v="30 29 38" fn="-0 -0 -1">
            <n d="-0 -0 -1"/>
            <n d="-0 -0 -1"/>
            <n d="-0 -0 -1"/>
        </f>
        <f v="28 4 31" fn="0 -0 -1">
            <n d="-0 -0 -1"/>
            <n d="-0 -0 -1"/>
            <n d="-0 -0 -1"/>
        </f>
        <f v="28 31 32" fn="-0 -0 -1">
            <n d="-0 -0 -1"/>
            <n d="-0 -0 -1"/>
            <n d="-0 -0 -1"/>
        </f>
        <f v="29 28 32" fn="-0 -0 -1">
            <n d="-0 -0 -1"/>
            <n d="-0 -0 -1"/>
            <n d="-0 -0 -1"/>
        </f>
        <f v="30 39 5" fn="0 0 -1">
            <n d="-0 -0 -1"/>
            <n d="-0 -0 -1"/>
            <n d="-0 -0 -1"/>
        </f>
    </facets>
    <facets color="333333">
        <f v="40 50 51" fn="0 1 0">
            <n d="-0 1 -0"/>
            <n d="-0 1 -0"/>
            <n d="-0 1 -0"/>
        </f>
        <f v="46 49 50" fn="-0 1 -0">
            <n d="-0 1 -0"/>
            <n d="-0 1 -0"/>
            <n d="-0 1 -0"/>
        </f>
        <f v="46 11 49" fn="-0 1 0">
            <n d="-0 1 -0"/>
            <n d="-0 1 -0"/>
            <n d="-0 1 -0"/>
        </f>
        <f v="47 46 50" fn="-0 1 0">
            <n d="-0 1 -0"/>
            <n d="-0 1 -0"/>
            <n d="-0 1 -0"/>
        </f>
        <f v="41 47 50" fn="-0 1 0">
            <n d="-0 1 -0"/>
            <n d="-0 1 -0"/>
            <n d="-0 1 -0"/>
        </f>
        <f v="44 48 47" fn="0 1 0">
            <n d="-0 1 -0"/>
            <n d="-0 1 -0"/>
            <n d="-0 1 -0"/>
        </f>
        <f v="45 10 48" fn="-0 1 -0">
            <n d="-0 1 -0"/>
            <n d="-0 1 -0"/>
            <n d="-0 1 -0"/>
        </f>
        <f v="44 45 48" fn="-0 1 -0">
            <n d="-0 1 -0"/>
            <n d="-0 1 -0"/>
            <n d="-0 1 -0"/>
        </f>
        <f v="41 44 47" fn="-0 1 -0">
            <n d="-0 1 -0"/>
            <n d="-0 1 -0"/>
            <n d="-0 1 -0"/>
        </f>
        <f v="40 41 50" fn="-0 1 -0">
            <n d="-0 1 -0"/>
            <n d="-0 1 -0"/>
            <n d="-0 1 -0"/>
        </f>
        <f v="42 9 43" fn="0 1 0">
            <n d="-0 1 -0"/>
            <n d="-0 1 -0"/>
            <n d="-0 1 -0"/>
        </f>
        <f v="42 43 44" fn="-0 1 -0">
            <n d="-0 1 -0"/>
            <n d="-0 1 -0"/>
            <n d="-0 1 -0"/>
        </f>
        <f v="41 42 44" fn="-0 1 -0">
            <n d="-0 1 -0"/>
            <n d="-0 1 -0"/>
            <n d="-0 1 -0"/>
        </f>
        <f v="40 51 8" fn="0 1 0">
            <n d="-0 1 -0"/>
            <n d="-0 1 -0"/>
            <n d="-0 1 -0"/>
        </f>
    </facets>
    <facets color="333333">
        <f v="54 62 63" fn="0 0 1">
            <n d="-0 -0 1"/>
            <n d="-0 -0 1"/>
            <n d="-0 -0 1"/>
        </f>
        <f v="60 61 62" fn="-0 -0 1">
            <n d="-0 -0 1"/>
            <n d="-0 -0 1"/>
            <n d="-0 -0 1"/>
        </f>
        <f v="60 15 61" fn="-0 -0 1">
            <n d="-0 -0 1"/>
            <n d="-0 -0 1"/>
            <n d="-0 -0 1"/>
        </f>
        <f v="59 60 62" fn="-0 -0 1">
            <n d="-0 -0 1"/>
            <n d="-0 -0 1"/>
            <n d="-0 -0 1"/>
        </f>
        <f v="56 59 62" fn="0 0 1">
            <n d="-0 -0 1"/>
            <n d="-0 -0 1"/>
            <n d="-0 -0 1"/>
        </f>
        <f v="56 58 59" fn="0 0 1">
            <n d="-0 -0 1"/>
            <n d="-0 -0 1"/>
            <n d="-0 -0 1"/>
        </f>
        <f v="57 14 58" fn="0 -0 1">
            <n d="-0 -0 1"/>
            <n d="-0 -0 1"/>
            <n d="-0 -0 1"/>
        </f>
        <f v="56 57 58" fn="0 -0 1">
            <n d="-0 -0 1"/>
            <n d="-0 -0 1"/>
            <n d="-0 -0 1"/>
        </f>
        <f v="53 56 62" fn="0 0 1">
            <n d="-0 -0 1"/>
            <n d="-0 -0 1"/>
            <n d="-0 -0 1"/>
        </f>
        <f v="52 55 56" fn="-0 -0 1">
            <n d="-0 -0 1"/>
            <n d="-0 -0 1"/>
            <n d="-0 -0 1"/>
        </f>
        <f v="52 12 55" fn="-0 -0 1">
            <n d="-0 -0 1"/>
            <n d="-0 -0 1"/>
            <n d="-0 -0 1"/>
        </f>
        <f v="54 53 62" fn="0 -0 1">
            <n d="-0 -0 1"/>
            <n d="-0 -0 1"/>
            <n d="-0 -0 1"/>
        </f>
        <f v="53 52 56" fn="-0 -0 1">
            <n d="-0 -0 1"/>
            <n d="-0 -0 1"/>
            <n d="-0 -0 1"/>
        </f>
        <f v="54 63 13" fn="0 0 1">
            <n d="-0 -0 1"/>
            <n d="-0 -0 1"/>
            <n d="-0 -0 1"/>
        </f>
    </facets>
    <facets color="333333">
        <f v="54 3 22" fn="1 -0 -0">
            <n d="1 0 0"/>
            <n d="1 0 0"/>
            <n d="1 0 0"/>
        </f>
        <f v="53 22 23" fn="1 -0 -0">
            <n d="1 0 0"/>
            <n d="1 0 0"/>
            <n d="1 0 0"/>
        </f>
        <f v="29 23 24" fn="1 -0 -0">
            <n d="1 0 0"/>
            <n d="1 0 0"/>
            <n d="1 0 0"/>
        </f>
        <f v="28 24 2" fn="1 -0 -0">
            <n d="1 0 0"/>
            <n d="1 0 0"/>
            <n d="1 0 0"/>
        </f>
        <f v="4 2 64" fn="1 -0 -0">
            <n d="1 0 0"/>
            <n d="1 0 0"/>
            <n d="1 0 0"/>
        </f>
        <f v="4 64 65" fn="1 -9.80888220136239e-015 -1.52779552771075e-014">
            <n d="1 0 0"/>
            <n d="1 0 0"/>
            <n d="1 0 0"/>
        </f>
        <f v="4 65 66" fn="1 2.07444488403397e-015 1.84816641112691e-014">
            <n d="1 0 0"/>
            <n d="1 0 0"/>
            <n d="1 0 0"/>
        </f>
        <f v="28 2 4" fn="1 0 0">
            <n d="1 0 0"/>
            <n d="1 0 0"/>
            <n d="1 0 0"/>
        </f>
        <f v="29 24 28" fn="1 0 0">
            <n d="1 0 0"/>
            <n d="1 0 0"/>
            <n d="1 0 0"/>
        </f>
        <f v="47 23 29" fn="1 0 -0">
            <n d="1 0 0"/>
            <n d="1 0 0"/>
            <n d="1 0 0"/>
        </f>
        <f v="46 29 30" fn="1 0 0">
            <n d="1 0 0"/>
            <n d="1 0 0"/>
            <n d="1 0 0"/>
        </f>
        <f v="11 30 5" fn="1 -0 -0">
            <n d="1 0 0"/>
            <n d="1 0 0"/>
            <n d="1 0 0"/>
        </f>
        <f v="68 5 67" fn="1 2.97083177134913e-015 -1.36273135852287e-014">
            <n d="1 0 0"/>
            <n d="1 0 0"/>
            <n d="1 0 0"/>
        </f>
        <f v="69 5 68" fn="1 -8.91249531404731e-015 1.11661959627853e-014">
            <n d="1 0 0"/>
            <n d="1 0 0"/>
            <n d="1 0 0"/>
        </f>
        <f v="11 5 69" fn="1 0 0">
            <n d="1 0 0"/>
            <n d="1 0 0"/>
            <n d="1 0 0"/>
        </f>
        <f v="46 30 11" fn="1 0 0">
            <n d="1 0 0"/>
            <n d="1 0 0"/>
            <n d="1 0 0"/>
        </f>
        <f v="47 29 46" fn="1 0 0">
            <n d="1 0 0"/>
            <n d="1 0 0"/>
            <n d="1 0 0"/>
        </f>
        <f v="53 23 47" fn="1 -0 0">
            <n d="1 0 0"/>
            <n d="1 0 0"/>
            <n d="1 0 0"/>
        </f>
        <f v="53 47 48" fn="1 -0 -0">
            <n d="1 0 0"/>
            <n d="1 0 0"/>
            <n d="1 0 0"/>
        </f>
        <f v="52 48 10" fn="1 -0 -0">
            <n d="1 0 0"/>
            <n d="1 0 0"/>
            <n d="1 0 0"/>
        </f>
        <f v="12 10 70" fn="1 -0 -0">
            <n d="1 0 0"/>
            <n d="1 0 0"/>
            <n d="1 0 0"/>
        </f>
        <f v="12 70 71" fn="1 -9.80888220136216e-015 -1.52779552771071e-014">
            <n d="1 0 0"/>
            <n d="1 0 0"/>
            <n d="1 0 0"/>
        </f>
        <f v="12 71 72" fn="1 2.07444488403336e-015 1.84816641112677e-014">
            <n d="1 0 0"/>
            <n d="1 0 0"/>
            <n d="1 0 0"/>
        </f>
        <f v="52 10 12" fn="1 -0 0">
            <n d="1 0 0"/>
            <n d="1 0 0"/>
            <n d="1 0 0"/>
        </f>
        <f v="53 48 52" fn="1 -0 0">
            <n d="1 0 0"/>
            <n d="1 0 0"/>
            <n d="1 0 0"/>
        </f>
        <f v="54 22 53" fn="1 -0 0">
            <n d="1 0 0"/>
            <n d="1 0 0"/>
            <n d="1 0 0"/>
        </f>
        <f v="13 3 54" fn="1 -0 0">
            <n d="1 0 0"/>
            <n d="1 0 0"/>
            <n d="1 0 0"/>
        </f>
        <f v="75 3 13" fn="1 -0 0">
            <n d="1 0 0"/>
            <n d="1 0 0"/>
            <n d="1 0 0"/>
        </f>
        <f v="74 13 73" fn="1 -2.97083177134917e-015 1.3627313585229e-014">
            <n d="1 0 0"/>
            <n d="1 0 0"/>
            <n d="1 0 0"/>
        </f>
        <f v="75 13 74" fn="1 8.91249531404707e-015 -1.1166195962785e-014">
            <n d="1 0 0"/>
            <n d="1 0 0"/>
            <n d="1 0 0"/>
        </f>
    </facets>
    <facets color="333333">
        <f v="86 87 7" fn="-1 -0 -0">
            <n d="-1 -0 -0"/>
            <n d="-1 -0 -0"/>
            <n d="-1 -0 -0"/>
        </f>
        <f v="85 86 7" fn="-1 -0 -0">
            <n d="-1 -0 -0"/>
            <n d="-1 -0 -0"/>
            <n d="-1 -0 -0"/>
        </f>
        <f v="8 85 7" fn="-1 -0 -0">
            <n d="-1 -0 -0"/>
            <n d="-1 -0 -0"/>
            <n d="-1 -0 -0"/>
        </f>
        <f v="36 8 7" fn="-1 0 0">
            <n d="-1 -0 -0"/>
            <n d="-1 -0 -0"/>
            <n d="-1 -0 -0"/>
        </f>
        <f v="35 41 40" fn="-1 0 0">
            <n d="-1 -0 -0"/>
            <n d="-1 -0 -0"/>
            <n d="-1 -0 -0"/>
        </f>
        <f v="58 9 42" fn="-1 0 0">
            <n d="-1 -0 -0"/>
            <n d="-1 -0 -0"/>
            <n d="-1 -0 -0"/>
        </f>
        <f v="14 84 9" fn="-1 0 0">
            <n d="-1 -0 -0"/>
            <n d="-1 -0 -0"/>
            <n d="-1 -0 -0"/>
        </f>
        <f v="14 83 84" fn="-1 0 0">
            <n d="-1 -0 -0"/>
            <n d="-1 -0 -0"/>
            <n d="-1 -0 -0"/>
        </f>
        <f v="14 82 83" fn="-1 -0 -0">
            <n d="-1 -0 -0"/>
            <n d="-1 -0 -0"/>
            <n d="-1 -0 -0"/>
        </f>
        <f v="58 14 9" fn="-1 0 -0">
            <n d="-1 -0 -0"/>
            <n d="-1 -0 -0"/>
            <n d="-1 -0 -0"/>
        </f>
        <f v="59 42 41" fn="-1 0 0">
            <n d="-1 -0 -0"/>
            <n d="-1 -0 -0"/>
            <n d="-1 -0 -0"/>
        </f>
        <f v="59 58 42" fn="-1 0 -0">
            <n d="-1 -0 -0"/>
            <n d="-1 -0 -0"/>
            <n d="-1 -0 -0"/>
        </f>
        <f v="17 59 41" fn="-1 0 0">
            <n d="-1 -0 -0"/>
            <n d="-1 -0 -0"/>
            <n d="-1 -0 -0"/>
        </f>
        <f v="16 60 59" fn="-1 -0 -0">
            <n d="-1 -0 -0"/>
            <n d="-1 -0 -0"/>
            <n d="-1 -0 -0"/>
        </f>
        <f v="0 15 60" fn="-1 0 0">
            <n d="-1 -0 -0"/>
            <n d="-1 -0 -0"/>
            <n d="-1 -0 -0"/>
        </f>
        <f v="80 81 15" fn="-1 -0 -0">
            <n d="-1 -0 -0"/>
            <n d="-1 -0 -0"/>
            <n d="-1 -0 -0"/>
        </f>
        <f v="79 80 15" fn="-1 -0 -0">
            <n d="-1 -0 -0"/>
            <n d="-1 -0 -0"/>
            <n d="-1 -0 -0"/>
        </f>
        <f v="0 79 15" fn="-1 -0 -0">
            <n d="-1 -0 -0"/>
            <n d="-1 -0 -0"/>
            <n d="-1 -0 -0"/>
        </f>
        <f v="16 0 60" fn="-1 -0 -0">
            <n d="-1 -0 -0"/>
            <n d="-1 -0 -0"/>
            <n d="-1 -0 -0"/>
        </f>
        <f v="17 16 59" fn="-1 -0 -0">
            <n d="-1 -0 -0"/>
            <n d="-1 -0 -0"/>
            <n d="-1 -0 -0"/>
        </f>
        <f v="35 17 41" fn="-1 0 0">
            <n d="-1 -0 -0"/>
            <n d="-1 -0 -0"/>
            <n d="-1 -0 -0"/>
        </f>
        <f v="34 1 18" fn="-1 0 0">
            <n d="-1 -0 -0"/>
            <n d="-1 -0 -0"/>
            <n d="-1 -0 -0"/>
        </f>
        <f v="6 78 1" fn="-1 -8.52734518125644e-015 -8.52734518125645e-015">
            <n d="-1 -0 -0"/>
            <n d="-1 -0 -0"/>
            <n d="-1 -0 -0"/>
        </f>
        <f v="6 77 78" fn="-1 -6.10412625534807e-015 -4.75302822885931e-015">
            <n d="-1 -0 -0"/>
            <n d="-1 -0 -0"/>
            <n d="-1 -0 -0"/>
        </f>
        <f v="6 76 77" fn="-1 2.04554746035057e-014 7.07007575382602e-014">
            <n d="-1 -0 -0"/>
            <n d="-1 -0 -0"/>
            <n d="-1 -0 -0"/>
        </f>
        <f v="36 35 40" fn="-1 -0 0">
            <n d="-1 -0 -0"/>
            <n d="-1 -0 -0"/>
            <n d="-1 -0 -0"/>
        </f>
        <f v="34 6 1" fn="-1 -0 -0">
            <n d="-1 -0 -0"/>
            <n d="-1 -0 -0"/>
            <n d="-1 -0 -0"/>
        </f>
        <f v="35 18 17" fn="-1 0 0">
            <n d="-1 -0 -0"/>
            <n d="-1 -0 -0"/>
            <n d="-1 -0 -0"/>
        </f>
        <f v="35 34 18" fn="-1 -0 -0">
            <n d="-1 -0 -0"/>
            <n d="-1 -0 -0"/>
            <n d="-1 -0 -0"/>
        </f>
        <f v="36 40 8" fn="-1 -0 -0">
            <n d="-1 -0 -0"/>
            <n d="-1 -0 -0"/>
            <n d="-1 -0 -0"/>
        </f>
    </facets>
    <facets color="333333">
        <f v="25 75 74" fn="-0.00644082435050109 -0.900328597610908 0.435163109771109">
            <n d="-0 -1 -1.83690953073357e-016"/>
            <n d="0 -0.975116335574792 0.221693780010151"/>
            <n d="0 -0.779513363382465 0.626385597142971"/>
        </f>
        <f v="62 74 73" fn="-0.00800516626592571 -0.614353687796116 0.788990154313961">
            <n d="0 -2.44921270764475e-016 1"/>
            <n d="0 -0.779513363382465 0.626385597142971"/>
            <n d="0 -0.416229442081689 0.909259617240514"/>
        </f>
        <f v="63 73 13" fn="0 -0.213002796647702 0.97705158953878">
            <n d="0 -2.44921270764475e-016 1"/>
            <n d="0 -0.416229442081689 0.909259617240514"/>
            <n d="0 -2.44921270764475e-016 1"/>
        </f>
        <f v="62 73 63" fn="0 -0.213002796647702 0.97705158953878">
            <n d="0 -2.44921270764475e-016 1"/>
            <n d="0 -0.416229442081689 0.909259617240514"/>
            <n d="0 -2.44921270764475e-016 1"/>
        </f>
        <f v="26 74 62" fn="-0.0124778940378983 -0.707051731544581 0.707051731544581">
            <n d="-0 -1 -1.83690953073357e-016"/>
            <n d="0 -0.779513363382465 0.626385597142971"/>
            <n d="0 -2.44921270764475e-016 1"/>
        </f>
        <f v="81 62 61" fn="0 -0.213002796647713 0.977051589538778">
            <n d="0 -0.416229442081693 0.909259617240512"/>
            <n d="0 -2.44921270764475e-016 1"/>
            <n d="0 -2.44921270764475e-016 1"/>
        </f>
        <f v="81 61 15" fn="0 -0.213002796647713 0.977051589538778">
            <n d="0 -0.416229442081693 0.909259617240512"/>
            <n d="0 -2.44921270764475e-016 1"/>
            <n d="0 -2.44921270764475e-016 1"/>
        </f>
        <f v="80 62 81" fn="0.00800516626592587 -0.614353687796129 0.78899015431395">
            <n d="0 -0.779513363382469 0.626385597142966"/>
            <n d="0 -2.44921270764475e-016 1"/>
            <n d="0 -0.416229442081693 0.909259617240512"/>
        </f>
        <f v="26 62 80" fn="0.0124778940378979 -0.70705173154458 0.70705173154458">
            <n d="-0 -1 -1.83690953073357e-016"/>
            <n d="0 -2.44921270764475e-016 1"/>
            <n d="0 -0.779513363382469 0.626385597142966"/>
        </f>
        <f v="27 80 79" fn="0.00644082435050108 -0.900328597610903 0.435163109771119">
            <n d="-0 -1 -1.83690953073357e-016"/>
            <n d="0 -0.779513363382469 0.626385597142966"/>
            <n d="0 -0.975116335574793 0.221693780010145"/>
        </f>
        <f v="27 79 0" fn="0 -0.993759612676726 0.111542961286689">
            <n d="-0 -1 -1.83690953073357e-016"/>
            <n d="0 -0.975116335574793 0.221693780010145"/>
            <n d="-0 -1 -1.83690953073357e-016"/>
        </f>
        <f v="25 74 26" fn="0 -0.943269145944696 0.332029092563834">
            <n d="-0 -1 -1.83690953073357e-016"/>
            <n d="0 -0.779513363382465 0.626385597142971"/>
            <n d="-0 -1 -1.83690953073357e-016"/>
        </f>
        <f v="26 80 27" fn="0 -0.943269145944693 0.332029092563843">
            <n d="-0 -1 -1.83690953073357e-016"/>
            <n d="0 -0.779513363382469 0.626385597142966"/>
            <n d="-0 -1 -1.83690953073357e-016"/>
        </f>
        <f v="25 3 75" fn="-0 -0.993759612676726 0.111542961286686">
            <n d="-0 -1 -1.83690953073357e-016"/>
            <n d="-0 -1 -1.83690953073357e-016"/>
            <n d="0 -0.975116335574792 0.221693780010151"/>
        </f>
    </facets>
    <facets color="333333">
        <f v="49 69 68" fn="-0.00644082435050114 0.900328597610905 -0.435163109771114">
            <n d="0 1 6.12303176911189e-017"/>
            <n d="0 0.975116335574792 -0.22169378001015"/>
            <n d="0 0.779513363382469 -0.626385597142967"/>
        </f>
        <f v="38 68 67" fn="-0.00800516626592584 0.614353687796124 -0.788990154313954">
            <n d="0 1.22460635382238e-016 -1"/>
            <n d="0 0.779513363382469 -0.626385597142967"/>
            <n d="0 0.416229442081689 -0.909259617240514"/>
        </f>
        <f v="39 67 5" fn="0 0.213002796647705 -0.97705158953878">
            <n d="0 1.22460635382238e-016 -1"/>
            <n d="0 0.416229442081689 -0.909259617240514"/>
            <n d="0 1.22460635382238e-016 -1"/>
        </f>
        <f v="38 67 39" fn="0 0.213002796647705 -0.97705158953878">
            <n d="0 1.22460635382238e-016 -1"/>
            <n d="0 0.416229442081689 -0.909259617240514"/>
            <n d="0 1.22460635382238e-016 -1"/>
        </f>
        <f v="50 68 38" fn="-0.0124778940378981 0.70705173154458 -0.707051731544581">
            <n d="0 1 6.12303176911189e-017"/>
            <n d="0 0.779513363382469 -0.626385597142967"/>
            <n d="0 1.22460635382238e-016 -1"/>
        </f>
        <f v="87 38 37" fn="0 0.213002796647703 -0.97705158953878">
            <n d="0 0.416229442081692 -0.909259617240513"/>
            <n d="0 1.22460635382238e-016 -1"/>
            <n d="0 1.22460635382238e-016 -1"/>
        </f>
        <f v="87 37 7" fn="0 0.213002796647703 -0.97705158953878">
            <n d="0 0.416229442081692 -0.909259617240513"/>
            <n d="0 1.22460635382238e-016 -1"/>
            <n d="0 1.22460635382238e-016 -1"/>
        </f>
        <f v="86 38 87" fn="0.00800516626592604 0.61435368779613 -0.78899015431395">
            <n d="0 0.779513363382467 -0.626385597142968"/>
            <n d="0 1.22460635382238e-016 -1"/>
            <n d="0 0.416229442081692 -0.909259617240513"/>
        </f>
        <f v="50 38 86" fn="0.012477894037898 0.70705173154458 -0.707051731544581">
            <n d="0 1 6.12303176911189e-017"/>
            <n d="0 1.22460635382238e-016 -1"/>
            <n d="0 0.779513363382467 -0.626385597142968"/>
        </f>
        <f v="50 86 51" fn="0 0.943269145944694 -0.332029092563841">
            <n d="0 1 6.12303176911189e-017"/>
            <n d="0 0.779513363382467 -0.626385597142968"/>
            <n d="0 1 6.12303176911189e-017"/>
        </f>
        <f v="51 86 85" fn="0.00644082435050126 0.900328597610902 -0.435163109771119">
            <n d="0 1 6.12303176911189e-017"/>
            <n d="0 0.779513363382467 -0.626385597142968"/>
            <n d="0 0.975116335574792 -0.22169378001015"/>
        </f>
        <f v="51 85 8" fn="0 0.993759612676726 -0.111542961286686">
            <n d="0 1 6.12303176911189e-017"/>
            <n d="0 0.975116335574792 -0.22169378001015"/>
            <n d="0 1 6.12303176911189e-017"/>
        </f>
        <f v="49 68 50" fn="0 0.943269145944695 -0.332029092563838">
            <n d="0 1 6.12303176911189e-017"/>
            <n d="0 0.779513363382469 -0.626385597142967"/>
            <n d="0 1 6.12303176911189e-017"/>
        </f>
        <f v="49 11 69" fn="-0 0.993759612676726 -0.111542961286687">
            <n d="0 1 6.12303176911189e-017"/>
            <n d="0 1 6.12303176911189e-017"/>
            <n d="0 0.975116335574792 -0.22169378001015"/>
        </f>
    </facets>
    <facets color="333333">
        <f v="55 72 71" fn="-0.00644082435050177 0.435163109771121 0.900328597610902">
            <n d="0 0 1"/>
            <n d="0 0.22169378001015 0.975116335574792"/>
            <n d="0 0.626385597142965 0.77951336338247"/>
        </f>
        <f v="44 71 70" fn="-0.00800516626592571 0.788990154313957 0.61435368779612">
            <n d="0 1 6.12303176911189e-017"/>
            <n d="0 0.626385597142965 0.77951336338247"/>
            <n d="0 0.909259617240514 0.41622944208169"/>
        </f>
        <f v="45 70 10" fn="-0 0.977051589538779 0.213002796647709">
            <n d="0 1 6.12303176911189e-017"/>
            <n d="0 0.909259617240514 0.41622944208169"/>
            <n d="0 1 6.12303176911189e-017"/>
        </f>
        <f v="44 70 45" fn="-0 0.977051589538779 0.213002796647709">
            <n d="0 1 6.12303176911189e-017"/>
            <n d="0 0.909259617240514 0.41622944208169"/>
            <n d="0 1 6.12303176911189e-017"/>
        </f>
        <f v="56 71 44" fn="-0.0124778940378981 0.707051731544581 0.707051731544581">
            <n d="0 0 1"/>
            <n d="0 0.626385597142965 0.77951336338247"/>
            <n d="0 1 6.12303176911189e-017"/>
        </f>
        <f v="84 44 43" fn="0 0.977051589538779 0.213002796647709">
            <n d="0 0.909259617240514 0.41622944208169"/>
            <n d="0 1 6.12303176911189e-017"/>
            <n d="0 1 6.12303176911189e-017"/>
        </f>
        <f v="84 43 9" fn="0 0.977051589538779 0.213002796647709">
            <n d="0 0.909259617240514 0.41622944208169"/>
            <n d="0 1 6.12303176911189e-017"/>
            <n d="0 1 6.12303176911189e-017"/>
        </f>
        <f v="83 44 84" fn="0.00800516626592583 0.788990154313952 0.614353687796126">
            <n d="0 0.626385597142968 0.779513363382468"/>
            <n d="0 1 6.12303176911189e-017"/>
            <n d="0 0.909259617240514 0.41622944208169"/>
        </f>
        <f v="56 44 83" fn="0.0124778940378979 0.70705173154458 0.70705173154458">
            <n d="0 0 1"/>
            <n d="0 1 6.12303176911189e-017"/>
            <n d="0 0.626385597142968 0.779513363382468"/>
        </f>
        <f v="56 83 57" fn="0 0.332029092563841 0.943269145944694">
            <n d="0 0 1"/>
            <n d="0 0.626385597142968 0.779513363382468"/>
            <n d="0 0 1"/>
        </f>
        <f v="57 83 82" fn="0.0064408243505007 0.435163109771111 0.900328597610907">
            <n d="0 0 1"/>
            <n d="0 0.626385597142968 0.779513363382468"/>
            <n d="0 0.221693780010152 0.975116335574792"/>
        </f>
        <f v="57 82 14" fn="0 0.111542961286711 0.993759612676723">
            <n d="0 0 1"/>
            <n d="0 0.221693780010152 0.975116335574792"/>
            <n d="0 0 1"/>
        </f>
        <f v="55 71 56" fn="0 0.332029092563834 0.943269145944696">
            <n d="0 0 1"/>
            <n d="0 0.626385597142965 0.77951336338247"/>
            <n d="0 0 1"/>
        </f>
        <f v="55 12 72" fn="-0 0.111542961286661 0.993759612676729">
            <n d="0 0 1"/>
            <n d="0 0 1"/>
            <n d="0 0.22169378001015 0.975116335574792"/>
        </f>
    </facets>
    <facets color="333333">
        <f v="31 66 65" fn="-0.00644082435050141 -0.43516310977112 -0.900328597610902">
            <n d="0 1.22460635382238e-016 -1"/>
            <n d="-0 -0.221693780010154 -0.975116335574792"/>
            <n d="-0 -0.626385597142967 -0.779513363382469"/>
        </f>
        <f v="20 65 64" fn="-0.00800516626592583 -0.788990154313953 -0.614353687796126">
            <n d="-0 -1 -1.83690953073357e-016"/>
            <n d="-0 -0.626385597142967 -0.779513363382469"/>
            <n d="-0 -0.909259617240513 -0.41622944208169"/>
        </f>
        <f v="21 64 2" fn="0 -0.977051589538779 -0.213002796647708">
            <n d="-0 -1 -1.83690953073357e-016"/>
            <n d="-0 -0.909259617240513 -0.41622944208169"/>
            <n d="-0 -1 -1.83690953073357e-016"/>
        </f>
        <f v="20 64 21" fn="0 -0.977051589538779 -0.213002796647708">
            <n d="-0 -1 -1.83690953073357e-016"/>
            <n d="-0 -0.909259617240513 -0.41622944208169"/>
            <n d="-0 -1 -1.83690953073357e-016"/>
        </f>
        <f v="32 65 20" fn="-0.012477894037898 -0.70705173154458 -0.707051731544581">
            <n d="0 1.22460635382238e-016 -1"/>
            <n d="-0 -0.626385597142967 -0.779513363382469"/>
            <n d="-0 -1 -1.83690953073357e-016"/>
        </f>
        <f v="78 20 19" fn="0 -0.977051589538781 -0.213002796647702">
            <n d="-0 -0.909259617240514 -0.416229442081689"/>
            <n d="-0 -1 -1.83690953073357e-016"/>
            <n d="-0 -1 -1.83690953073357e-016"/>
        </f>
        <f v="78 19 1" fn="0 -0.977051589538781 -0.213002796647702">
            <n d="-0 -0.909259617240514 -0.416229442081689"/>
            <n d="-0 -1 -1.83690953073357e-016"/>
            <n d="-0 -1 -1.83690953073357e-016"/>
        </f>
        <f v="77 20 78" fn="0.00800516626592601 -0.78899015431395 -0.61435368779613">
            <n d="-0 -0.626385597142967 -0.779513363382468"/>
            <n d="-0 -1 -1.83690953073357e-016"/>
            <n d="-0 -0.909259617240514 -0.416229442081689"/>
        </f>
        <f v="32 20 77" fn="0.012477894037898 -0.70705173154458 -0.707051731544581">
            <n d="0 1.22460635382238e-016 -1"/>
            <n d="-0 -1 -1.83690953073357e-016"/>
            <n d="-0 -0.626385597142967 -0.779513363382468"/>
        </f>
        <f v="32 77 33" fn="-0 -0.332029092563839 -0.943269145944695">
            <n d="0 1.22460635382238e-016 -1"/>
            <n d="-0 -0.626385597142967 -0.779513363382468"/>
            <n d="0 1.22460635382238e-016 -1"/>
        </f>
        <f v="33 77 76" fn="0.00644082435050141 -0.43516310977112 -0.900328597610902">
            <n d="0 1.22460635382238e-016 -1"/>
            <n d="-0 -0.626385597142967 -0.779513363382468"/>
            <n d="-0 -0.221693780010154 -0.975116335574792"/>
        </f>
        <f v="33 76 6" fn="-0 -0.111542961286685 -0.993759612676726">
            <n d="0 1.22460635382238e-016 -1"/>
            <n d="-0 -0.221693780010154 -0.975116335574792"/>
            <n d="0 1.22460635382238e-016 -1"/>
        </f>
        <f v="31 65 32" fn="-0 -0.332029092563839 -0.943269145944695">
            <n d="0 1.22460635382238e-016 -1"/>
            <n d="-0 -0.626385597142967 -0.779513363382469"/>
            <n d="0 1.22460635382238e-016 -1"/>
        </f>
        <f v="31 4 66" fn="0 -0.111542961286685 -0.993759612676726">
            <n d="0 1.22460635382238e-016 -1"/>
            <n d="0 1.22460635382238e-016 -1"/>
            <n d="-0 -0.221693780010154 -0.975116335574792"/>
        </f>
    </facets>
</shell>
<shell id="id477" color="d1d1d1">
    <verts>
        <v p="-0.125 -0.25 0.47"/>
        <v p="-0.125 -0.25 0.01"/>
        <v p="0.115 -0.25 0.01"/>
        <v p="0.115 -0.25 0.47"/>
        <v p="-0.125 -0.24 0"/>
        <v p="-0.125 0.24 0"/>
        <v p="0.115 0.24 0"/>
        <v p="0.115 -0.24 0"/>
        <v p="0.115 0.25 0.47"/>
        <v p="0.115 0.25 0.01"/>
        <v p="-0.125 0.25 0.01"/>
        <v p="-0.125 0.25 0.47"/>
        <v p="0.115 -0.24 0.48"/>
        <v p="0.115 0.24 0.48"/>
        <v p="-0.125 0.24 0.48"/>
        <v p="-0.125 -0.24 0.48"/>
        <v p="0.125 -0.24 0.47"/>
        <v p="0.125 -0.24 0.01"/>
        <v p="0.125 0.24 0.01"/>
        <v p="0.125 0.24 0.47"/>
        <v p="-0.125 -0.25 0.355"/>
        <v p="-0.125 -0.25 0.24"/>
        <v p="-0.125 -0.25 0.125"/>
        <v p="-0.065 -0.25 0.01"/>
        <v p="-0.005 -0.25 0.01"/>
        <v p="0.055 -0.25 0.01"/>
        <v p="0.115 -0.25 0.125"/>
        <v p="0.115 -0.25 0.24"/>
        <v p="0.115 -0.25 0.355"/>
        <v p="0.055 -0.25 0.47"/>
        <v p="-0.005 -0.25 0.47"/>
        <v p="-0.065 -0.25 0.47"/>
        <v p="-0.125 -0.12 0"/>
        <v p="-0.125 0 0"/>
        <v p="-0.125 0.12 0"/>
        <v p="-0.065 0.24 0"/>
        <v p="-0.005 0.24 0"/>
        <v p="0.055 0.24 0"/>
        <v p="0.115 0.12 0"/>
        <v p="0.115 0 0"/>
        <v p="0.115 -0.12 0"/>
        <v p="0.055 -0.24 0"/>
        <v p="-0.005 -0.24 0"/>
        <v p="-0.065 -0.24 0"/>
        <v p="0.115 0.25 0.355"/>
        <v p="0.115 0.25 0.24"/>
        <v p="0.115 0.25 0.125"/>
        <v p="0.055 0.25 0.01"/>
        <v p="-0.005 0.25 0.01"/>
        <v p="-0.065 0.25 0.01"/>
        <v p="-0.125 0.25 0.125"/>
        <v p="-0.125 0.25 0.24"/>
        <v p="-0.125 0.25 0.355"/>
        <v p="-0.065 0.25 0.47"/>
        <v p="-0.005 0.25 0.47"/>
        <v p="0.055 0.25 0.47"/>
        <v p="0.115 -0.12 0.48"/>
        <v p="0.115 0 0.48"/>
        <v p="0.115 0.12 0.48"/>
        <v p="0.055 0.24 0.48"/>
        <v p="-0.005 0.24 0.48"/>
        <v p="-0.065 0.24 0.48"/>
        <v p="-0.125 0.12 0.48"/>
        <v p="-0.125 0 0.48"/>
        <v p="-0.125 -0.12 0.48"/>
        <v p="-0.065 -0.24 0.48"/>
        <v p="-0.005 -0.24 0.48"/>
        <v p="0.055 -0.24 0.48"/>
        <v p="0.125 -0.24 0.355"/>
        <v p="0.125 -0.24 0.24"/>
        <v p="0.125 -0.24 0.125"/>
        <v p="0.125 -0.12 0.01"/>
        <v p="0.125 0 0.01"/>
        <v p="0.125 0.12 0.01"/>
        <v p="0.125 0.24 0.125"/>
        <v p="0.125 0.24 0.24"/>
        <v p="0.125 0.24 0.355"/>
        <v p="0.125 0.12 0.47"/>
        <v p="0.125 0 0.47"/>
        <v p="0.125 -0.12 0.47"/>
        <v p="-0.125 0.249751163355748 0.0077830621998985"/>
        <v p="-0.125 0.247795133633825 0.00373614402857032"/>
        <v p="-0.125 0.244162294420817 0.000907403827594864"/>
        <v p="-0.125 -0.242216937800102 0.000248836644252072"/>
        <v p="-0.125 -0.24626385597143 0.00220486636617532"/>
        <v p="-0.125 -0.249092596172405 0.0058377055791831"/>
        <v p="-0.125 -0.249751163355748 0.472216937800101"/>
        <v p="-0.125 -0.247795133633825 0.47626385597143"/>
        <v p="-0.125 -0.244162294420817 0.479092596172405"/>
        <v p="-0.125 0.242216937800102 0.479751163355748"/>
        <v p="-0.125 0.24626385597143 0.477795133633825"/>
        <v p="-0.125 0.249092596172405 0.474162294420817"/>
        <v p="0.115 -0.244162294420817 0.479092596172405"/>
        <v p="0.115 -0.247795133633825 0.47626385597143"/>
        <v p="0.115 -0.249751163355748 0.472216937800101"/>
        <v p="0.117216937800102 -0.24 0.479751163355748"/>
        <v p="0.12126385597143 -0.24 0.477795133633825"/>
        <v p="0.124092596172405 -0.24 0.474162294420817"/>
        <v p="0.124751163355748 -0.242216937800102 0.47"/>
        <v p="0.122795133633825 -0.24626385597143 0.47"/>
        <v p="0.119162294420817 -0.249092596172405 0.47"/>
        <v p="0.115 -0.249092596172405 0.0058377055791831"/>
        <v p="0.115 -0.24626385597143 0.00220486636617532"/>
        <v p="0.115 -0.242216937800102 0.000248836644252072"/>
        <v p="0.124092596172405 -0.244162294420817 0.01"/>
        <v p="0.12126385597143 -0.247795133633825 0.01"/>
        <v p="0.117216937800102 -0.249751163355748 0.01"/>
        <v p="0.119162294420817 0.24 0.479092596172405"/>
        <v p="0.122795133633825 0.24 0.47626385597143"/>
        <v p="0.124751163355748 0.24 0.472216937800101"/>
        <v p="0.115 0.249092596172405 0.474162294420817"/>
        <v p="0.115 0.24626385597143 0.477795133633825"/>
        <v p="0.115 0.242216937800102 0.479751163355748"/>
        <v p="0.124751163355748 -0.24 0.0077830621998985"/>
        <v p="0.122795133633825 -0.24 0.00373614402857032"/>
        <v p="0.119162294420817 -0.24 0.000907403827594864"/>
        <v p="0.117216937800102 0.249751163355748 0.47"/>
        <v p="0.12126385597143 0.247795133633825 0.47"/>
        <v p="0.124092596172405 0.244162294420817 0.47"/>
        <v p="0.124092596172405 0.24 0.00583770557918311"/>
        <v p="0.12126385597143 0.24 0.00220486636617532"/>
        <v p="0.117216937800102 0.24 0.000248836644252082"/>
        <v p="0.119162294420817 0.249092596172405 0.01"/>
        <v p="0.122795133633825 0.24626385597143 0.01"/>
        <v p="0.124751163355748 0.242216937800102 0.01"/>
        <v p="0.115 0.249751163355748 0.0077830621998985"/>
        <v p="0.115 0.247795133633825 0.00373614402857032"/>
        <v p="0.115 0.244162294420817 0.000907403827594864"/>
    </verts>
    <facets color="d1d1d1">
        <f v="21 30 31" fn="0 -1 0">
            <n d="-0 -1 -0"/>
            <n d="-0 -1 -0"/>
            <n d="-0 -1 -0"/>
        </f>
        <f v="27 29 30" fn="0 -1 0">
            <n d="-0 -1 -0"/>
            <n d="-0 -1 -0"/>
            <n d="-0 -1 -0"/>
        </f>
        <f v="28 3 29" fn="-0 -1 0">
            <n d="-0 -1 -0"/>
            <n d="-0 -1 -0"/>
            <n d="-0 -1 -0"/>
        </f>
        <f v="27 28 29" fn="-0 -1 0">
            <n d="-0 -1 -0"/>
            <n d="-0 -1 -0"/>
            <n d="-0 -1 -0"/>
        </f>
        <f v="24 27 30" fn="0 -1 0">
            <n d="-0 -1 -0"/>
            <n d="-0 -1 -0"/>
            <n d="-0 -1 -0"/>
        </f>
        <f v="25 26 27" fn="-0 -1 -0">
            <n d="-0 -1 -0"/>
            <n d="-0 -1 -0"/>
            <n d="-0 -1 -0"/>
        </f>
        <f v="25 2 26" fn="-0 -1 -0">
            <n d="-0 -1 -0"/>
            <n d="-0 -1 -0"/>
            <n d="-0 -1 -0"/>
        </f>
        <f v="24 25 27" fn="-0 -1 -0">
            <n d="-0 -1 -0"/>
            <n d="-0 -1 -0"/>
            <n d="-0 -1 -0"/>
        </f>
        <f v="21 24 30" fn="0 -1 0">
            <n d="-0 -1 -0"/>
            <n d="-0 -1 -0"/>
            <n d="-0 -1 -0"/>
        </f>
        <f v="20 21 31" fn="0 -1 -0">
            <n d="-0 -1 -0"/>
            <n d="-0 -1 -0"/>
            <n d="-0 -1 -0"/>
        </f>
        <f v="22 1 23" fn="0 -1 0">
            <n d="-0 -1 -0"/>
            <n d="-0 -1 -0"/>
            <n d="-0 -1 -0"/>
        </f>
        <f v="22 23 24" fn="-0 -1 -0">
            <n d="-0 -1 -0"/>
            <n d="-0 -1 -0"/>
            <n d="-0 -1 -0"/>
        </f>
        <f v="21 22 24" fn="-0 -1 -0">
            <n d="-0 -1 -0"/>
            <n d="-0 -1 -0"/>
            <n d="-0 -1 -0"/>
        </f>
        <f v="20 31 0" fn="0 -1 0">
            <n d="-0 -1 -0"/>
            <n d="-0 -1 -0"/>
            <n d="-0 -1 -0"/>
        </f>
    </facets>
    <facets color="d1d1d1">
        <f v="33 42 43" fn="0 0 -1">
            <n d="-0 -0 -1"/>
            <n d="-0 -0 -1"/>
            <n d="-0 -0 -1"/>
        </f>
        <f v="39 41 42" fn="0 0 -1">
            <n d="-0 -0 -1"/>
            <n d="-0 -0 -1"/>
            <n d="-0 -0 -1"/>
        </f>
        <f v="40 7 41" fn="-0 -0 -1">
            <n d="-0 -0 -1"/>
            <n d="-0 -0 -1"/>
            <n d="-0 -0 -1"/>
        </f>
        <f v="39 40 41" fn="-0 -0 -1">
            <n d="-0 -0 -1"/>
            <n d="-0 -0 -1"/>
            <n d="-0 -0 -1"/>
        </f>
        <f v="36 39 42" fn="0 0 -1">
            <n d="-0 -0 -1"/>
            <n d="-0 -0 -1"/>
            <n d="-0 -0 -1"/>
        </f>
        <f v="37 38 39" fn="-0 -0 -1">
            <n d="-0 -0 -1"/>
            <n d="-0 -0 -1"/>
            <n d="-0 -0 -1"/>
        </f>
        <f v="37 6 38" fn="0 -0 -1">
            <n d="-0 -0 -1"/>
            <n d="-0 -0 -1"/>
            <n d="-0 -0 -1"/>
        </f>
        <f v="36 37 39" fn="0 -0 -1">
            <n d="-0 -0 -1"/>
            <n d="-0 -0 -1"/>
            <n d="-0 -0 -1"/>
        </f>
        <f v="33 36 42" fn="0 0 -1">
            <n d="-0 -0 -1"/>
            <n d="-0 -0 -1"/>
            <n d="-0 -0 -1"/>
        </f>
        <f v="34 35 36" fn="-0 -0 -1">
            <n d="-0 -0 -1"/>
            <n d="-0 -0 -1"/>
            <n d="-0 -0 -1"/>
        </f>
        <f v="34 5 35" fn="-0 -0 -1">
            <n d="-0 -0 -1"/>
            <n d="-0 -0 -1"/>
            <n d="-0 -0 -1"/>
        </f>
        <f v="32 33 43" fn="0 -0 -1">
            <n d="-0 -0 -1"/>
            <n d="-0 -0 -1"/>
            <n d="-0 -0 -1"/>
        </f>
        <f v="33 34 36" fn="-0 -0 -1">
            <n d="-0 -0 -1"/>
            <n d="-0 -0 -1"/>
            <n d="-0 -0 -1"/>
        </f>
        <f v="32 43 4" fn="0 0 -1">
            <n d="-0 -0 -1"/>
            <n d="-0 -0 -1"/>
            <n d="-0 -0 -1"/>
        </f>
    </facets>
    <facets color="d1d1d1">
        <f v="45 54 55" fn="0 1 0">
            <n d="-0 1 -0"/>
            <n d="-0 1 -0"/>
            <n d="-0 1 -0"/>
        </f>
        <f v="52 11 53" fn="0 1 0">
            <n d="-0 1 -0"/>
            <n d="-0 1 -0"/>
            <n d="-0 1 -0"/>
        </f>
        <f v="52 53 54" fn="-0 1 -0">
            <n d="-0 1 -0"/>
            <n d="-0 1 -0"/>
            <n d="-0 1 -0"/>
        </f>
        <f v="51 52 54" fn="-0 1 -0">
            <n d="-0 1 -0"/>
            <n d="-0 1 -0"/>
            <n d="-0 1 -0"/>
        </f>
        <f v="48 51 54" fn="0 1 -0">
            <n d="-0 1 -0"/>
            <n d="-0 1 -0"/>
            <n d="-0 1 -0"/>
        </f>
        <f v="48 50 51" fn="0 1 0">
            <n d="-0 1 -0"/>
            <n d="-0 1 -0"/>
            <n d="-0 1 -0"/>
        </f>
        <f v="49 10 50" fn="-0 1 -0">
            <n d="-0 1 -0"/>
            <n d="-0 1 -0"/>
            <n d="-0 1 -0"/>
        </f>
        <f v="48 49 50" fn="-0 1 -0">
            <n d="-0 1 -0"/>
            <n d="-0 1 -0"/>
            <n d="-0 1 -0"/>
        </f>
        <f v="45 48 54" fn="0 1 0">
            <n d="-0 1 -0"/>
            <n d="-0 1 -0"/>
            <n d="-0 1 -0"/>
        </f>
        <f v="46 47 48" fn="-0 1 -0">
            <n d="-0 1 -0"/>
            <n d="-0 1 -0"/>
            <n d="-0 1 -0"/>
        </f>
        <f v="46 9 47" fn="-0 1 0">
            <n d="-0 1 -0"/>
            <n d="-0 1 -0"/>
            <n d="-0 1 -0"/>
        </f>
        <f v="44 45 55" fn="0 1 0">
            <n d="-0 1 -0"/>
            <n d="-0 1 -0"/>
            <n d="-0 1 -0"/>
        </f>
        <f v="45 46 48" fn="-0 1 0">
            <n d="-0 1 -0"/>
            <n d="-0 1 -0"/>
            <n d="-0 1 -0"/>
        </f>
        <f v="44 55 8" fn="0 1 -0">
            <n d="-0 1 -0"/>
            <n d="-0 1 -0"/>
            <n d="-0 1 -0"/>
        </f>
    </facets>
    <facets color="d1d1d1">
        <f v="57 66 67" fn="0 0 1">
            <n d="-0 -0 1"/>
            <n d="-0 -0 1"/>
            <n d="-0 -0 1"/>
        </f>
        <f v="64 65 66" fn="-0 -0 1">
            <n d="-0 -0 1"/>
            <n d="-0 -0 1"/>
            <n d="-0 -0 1"/>
        </f>
        <f v="64 15 65" fn="-0 -0 1">
            <n d="-0 -0 1"/>
            <n d="-0 -0 1"/>
            <n d="-0 -0 1"/>
        </f>
        <f v="63 64 66" fn="-0 -0 1">
            <n d="-0 -0 1"/>
            <n d="-0 -0 1"/>
            <n d="-0 -0 1"/>
        </f>
        <f v="60 63 66" fn="0 0 1">
            <n d="-0 -0 1"/>
            <n d="-0 -0 1"/>
            <n d="-0 -0 1"/>
        </f>
        <f v="61 62 63" fn="-0 -0 1">
            <n d="-0 -0 1"/>
            <n d="-0 -0 1"/>
            <n d="-0 -0 1"/>
        </f>
        <f v="61 14 62" fn="0 -0 1">
            <n d="-0 -0 1"/>
            <n d="-0 -0 1"/>
            <n d="-0 -0 1"/>
        </f>
        <f v="60 61 63" fn="0 -0 1">
            <n d="-0 -0 1"/>
            <n d="-0 -0 1"/>
            <n d="-0 -0 1"/>
        </f>
        <f v="57 60 66" fn="0 0 1">
            <n d="-0 -0 1"/>
            <n d="-0 -0 1"/>
            <n d="-0 -0 1"/>
        </f>
        <f v="57 59 60" fn="0 0 1">
            <n d="-0 -0 1"/>
            <n d="-0 -0 1"/>
            <n d="-0 -0 1"/>
        </f>
        <f v="58 13 59" fn="-0 -0 1">
            <n d="-0 -0 1"/>
            <n d="-0 -0 1"/>
            <n d="-0 -0 1"/>
        </f>
        <f v="56 57 67" fn="0 -0 1">
            <n d="-0 -0 1"/>
            <n d="-0 -0 1"/>
            <n d="-0 -0 1"/>
        </f>
        <f v="57 58 59" fn="-0 -0 1">
            <n d="-0 -0 1"/>
            <n d="-0 -0 1"/>
            <n d="-0 -0 1"/>
        </f>
        <f v="56 67 12" fn="0 0 1">
            <n d="-0 -0 1"/>
            <n d="-0 -0 1"/>
            <n d="-0 -0 1"/>
        </f>
    </facets>
    <facets color="d1d1d1">
        <f v="78 68 69" fn="1 -0 -0">
            <n d="1 0 0"/>
            <n d="1 0 0"/>
            <n d="1 0 0"/>
        </f>
        <f v="72 69 70" fn="1 -0 -0">
            <n d="1 0 0"/>
            <n d="1 0 0"/>
            <n d="1 0 0"/>
        </f>
        <f v="71 70 17" fn="1 0 0">
            <n d="1 0 0"/>
            <n d="1 0 0"/>
            <n d="1 0 0"/>
        </f>
        <f v="72 70 71" fn="1 0 0">
            <n d="1 0 0"/>
            <n d="1 0 0"/>
            <n d="1 0 0"/>
        </f>
        <f v="75 69 72" fn="1 0 -0">
            <n d="1 0 0"/>
            <n d="1 0 0"/>
            <n d="1 0 0"/>
        </f>
        <f v="74 72 73" fn="1 0 0">
            <n d="1 0 0"/>
            <n d="1 0 0"/>
            <n d="1 0 0"/>
        </f>
        <f v="74 73 18" fn="1 0 0">
            <n d="1 0 0"/>
            <n d="1 0 0"/>
            <n d="1 0 0"/>
        </f>
        <f v="75 72 74" fn="1 0 0">
            <n d="1 0 0"/>
            <n d="1 0 0"/>
            <n d="1 0 0"/>
        </f>
        <f v="78 69 75" fn="1 -0 0">
            <n d="1 0 0"/>
            <n d="1 0 0"/>
            <n d="1 0 0"/>
        </f>
        <f v="77 75 76" fn="1 0 0">
            <n d="1 0 0"/>
            <n d="1 0 0"/>
            <n d="1 0 0"/>
        </f>
        <f v="77 76 19" fn="1 -0 0">
            <n d="1 0 0"/>
            <n d="1 0 0"/>
            <n d="1 0 0"/>
        </f>
        <f v="79 68 78" fn="1 -0 0">
            <n d="1 0 0"/>
            <n d="1 0 0"/>
            <n d="1 0 0"/>
        </f>
        <f v="78 75 77" fn="1 -0 0">
            <n d="1 0 0"/>
            <n d="1 0 0"/>
            <n d="1 0 0"/>
        </f>
        <f v="79 16 68" fn="1 0 -0">
            <n d="1 0 0"/>
            <n d="1 0 0"/>
            <n d="1 0 0"/>
        </f>
    </facets>
    <facets color="d1d1d1">
        <f v="14 91 11" fn="-1 0 0">
            <n d="-1 -0 -0"/>
            <n d="-1 -0 -0"/>
            <n d="-1 -0 -0"/>
        </f>
        <f v="14 90 91" fn="-1 0 0">
            <n d="-1 -0 -0"/>
            <n d="-1 -0 -0"/>
            <n d="-1 -0 -0"/>
        </f>
        <f v="14 89 90" fn="-1 -0 -0">
            <n d="-1 -0 -0"/>
            <n d="-1 -0 -0"/>
            <n d="-1 -0 -0"/>
        </f>
        <f v="62 14 11" fn="-1 0 -0">
            <n d="-1 -0 -0"/>
            <n d="-1 -0 -0"/>
            <n d="-1 -0 -0"/>
        </f>
        <f v="52 63 62" fn="-1 0 0">
            <n d="-1 -0 -0"/>
            <n d="-1 -0 -0"/>
            <n d="-1 -0 -0"/>
        </f>
        <f v="0 15 64" fn="-1 0 0">
            <n d="-1 -0 -0"/>
            <n d="-1 -0 -0"/>
            <n d="-1 -0 -0"/>
        </f>
        <f v="87 88 15" fn="-1 -0 -0">
            <n d="-1 -0 -0"/>
            <n d="-1 -0 -0"/>
            <n d="-1 -0 -0"/>
        </f>
        <f v="86 87 15" fn="-1 -0 -0">
            <n d="-1 -0 -0"/>
            <n d="-1 -0 -0"/>
            <n d="-1 -0 -0"/>
        </f>
        <f v="0 86 15" fn="-1 -0 -0">
            <n d="-1 -0 -0"/>
            <n d="-1 -0 -0"/>
            <n d="-1 -0 -0"/>
        </f>
        <f v="20 0 64" fn="-1 0 0">
            <n d="-1 -0 -0"/>
            <n d="-1 -0 -0"/>
            <n d="-1 -0 -0"/>
        </f>
        <f v="20 64 63" fn="-1 -0 -0">
            <n d="-1 -0 -0"/>
            <n d="-1 -0 -0"/>
            <n d="-1 -0 -0"/>
        </f>
        <f v="21 20 63" fn="-1 -0 -0">
            <n d="-1 -0 -0"/>
            <n d="-1 -0 -0"/>
            <n d="-1 -0 -0"/>
        </f>
        <f v="33 21 63" fn="-1 0 0">
            <n d="-1 -0 -0"/>
            <n d="-1 -0 -0"/>
            <n d="-1 -0 -0"/>
        </f>
        <f v="33 22 21" fn="-1 0 0">
            <n d="-1 -0 -0"/>
            <n d="-1 -0 -0"/>
            <n d="-1 -0 -0"/>
        </f>
        <f v="32 1 22" fn="-1 0 0">
            <n d="-1 -0 -0"/>
            <n d="-1 -0 -0"/>
            <n d="-1 -0 -0"/>
        </f>
        <f v="4 85 1" fn="-1 0 0">
            <n d="-1 -0 -0"/>
            <n d="-1 -0 -0"/>
            <n d="-1 -0 -0"/>
        </f>
        <f v="4 84 85" fn="-1 0 0">
            <n d="-1 -0 -0"/>
            <n d="-1 -0 -0"/>
            <n d="-1 -0 -0"/>
        </f>
        <f v="4 83 84" fn="-1 -0 -0">
            <n d="-1 -0 -0"/>
            <n d="-1 -0 -0"/>
            <n d="-1 -0 -0"/>
        </f>
        <f v="32 4 1" fn="-1 -0 -0">
            <n d="-1 -0 -0"/>
            <n d="-1 -0 -0"/>
            <n d="-1 -0 -0"/>
        </f>
        <f v="33 32 22" fn="-1 -0 -0">
            <n d="-1 -0 -0"/>
            <n d="-1 -0 -0"/>
            <n d="-1 -0 -0"/>
        </f>
        <f v="51 33 63" fn="-1 -0 0">
            <n d="-1 -0 -0"/>
            <n d="-1 -0 -0"/>
            <n d="-1 -0 -0"/>
        </f>
        <f v="10 5 34" fn="-1 0 0">
            <n d="-1 -0 -0"/>
            <n d="-1 -0 -0"/>
            <n d="-1 -0 -0"/>
        </f>
        <f v="81 82 5" fn="-1 -0 -0">
            <n d="-1 -0 -0"/>
            <n d="-1 -0 -0"/>
            <n d="-1 -0 -0"/>
        </f>
        <f v="80 81 5" fn="-1 -0 -0">
            <n d="-1 -0 -0"/>
            <n d="-1 -0 -0"/>
            <n d="-1 -0 -0"/>
        </f>
        <f v="10 80 5" fn="-1 -0 -0">
            <n d="-1 -0 -0"/>
            <n d="-1 -0 -0"/>
            <n d="-1 -0 -0"/>
        </f>
        <f v="52 51 63" fn="-1 -0 -0">
            <n d="-1 -0 -0"/>
            <n d="-1 -0 -0"/>
            <n d="-1 -0 -0"/>
        </f>
        <f v="50 10 34" fn="-1 0 -0">
            <n d="-1 -0 -0"/>
            <n d="-1 -0 -0"/>
            <n d="-1 -0 -0"/>
        </f>
        <f v="50 34 33" fn="-1 -0 -0">
            <n d="-1 -0 -0"/>
            <n d="-1 -0 -0"/>
            <n d="-1 -0 -0"/>
        </f>
        <f v="51 50 33" fn="-1 -0 -0">
            <n d="-1 -0 -0"/>
            <n d="-1 -0 -0"/>
            <n d="-1 -0 -0"/>
        </f>
        <f v="52 62 11" fn="-1 0 0">
            <n d="-1 -0 -0"/>
            <n d="-1 -0 -0"/>
            <n d="-1 -0 -0"/>
        </f>
    </facets>
    <facets color="d1d1d1">
        <f v="29 94 93" fn="-0.0123442287917723 -0.900278672840859 0.435138979227831">
            <n d="-0 -1 -1.83690953073357e-016"/>
            <n d="0 -0.975116335574792 0.221693780010151"/>
            <n d="0 -0.779513363382465 0.626385597142971"/>
        </f>
        <f v="66 93 92" fn="-0.0153419211168895 -0.614301065278476 0.788922573294853">
            <n d="0 -2.44921270764475e-016 1"/>
            <n d="0 -0.779513363382465 0.626385597142971"/>
            <n d="0 -0.416229442081689 0.909259617240514"/>
        </f>
        <f v="67 92 12" fn="0 -0.213002796647702 0.977051589538781">
            <n d="0 -2.44921270764475e-016 1"/>
            <n d="0 -0.416229442081689 0.909259617240514"/>
            <n d="0 -2.44921270764475e-016 1"/>
        </f>
        <f v="66 92 67" fn="0 -0.213002796647702 0.977051589538781">
            <n d="0 -2.44921270764475e-016 1"/>
            <n d="0 -0.416229442081689 0.909259617240514"/>
            <n d="0 -2.44921270764475e-016 1"/>
        </f>
        <f v="30 93 66" fn="-0.02391098731167 -0.706904613326926 0.706904613326926">
            <n d="-0 -1 -1.83690953073357e-016"/>
            <n d="0 -0.779513363382465 0.626385597142971"/>
            <n d="0 -2.44921270764475e-016 1"/>
        </f>
        <f v="88 66 65" fn="0 -0.213002796647713 0.977051589538778">
            <n d="0 -0.416229442081693 0.909259617240512"/>
            <n d="0 -2.44921270764475e-016 1"/>
            <n d="0 -2.44921270764475e-016 1"/>
        </f>
        <f v="88 65 15" fn="0 -0.213002796647713 0.977051589538778">
            <n d="0 -0.416229442081693 0.909259617240512"/>
            <n d="0 -2.44921270764475e-016 1"/>
            <n d="0 -2.44921270764475e-016 1"/>
        </f>
        <f v="87 66 88" fn="0.0153419211168898 -0.614301065278489 0.788922573294843">
            <n d="0 -0.779513363382469 0.626385597142966"/>
            <n d="0 -2.44921270764475e-016 1"/>
            <n d="0 -0.416229442081693 0.909259617240512"/>
        </f>
        <f v="30 66 87" fn="0.0239109873116692 -0.706904613326926 0.706904613326926">
            <n d="-0 -1 -1.83690953073357e-016"/>
            <n d="0 -2.44921270764475e-016 1"/>
            <n d="0 -0.779513363382469 0.626385597142966"/>
        </f>
        <f v="31 87 86" fn="0.0123442287917723 -0.900278672840854 0.435138979227841">
            <n d="-0 -1 -1.83690953073357e-016"/>
            <n d="0 -0.779513363382469 0.626385597142966"/>
            <n d="0 -0.975116335574793 0.221693780010145"/>
        </f>
        <f v="31 86 0" fn="0 -0.993759612676726 0.111542961286689">
            <n d="-0 -1 -1.83690953073357e-016"/>
            <n d="0 -0.975116335574793 0.221693780010145"/>
            <n d="-0 -1 -1.83690953073357e-016"/>
        </f>
        <f v="29 93 30" fn="0 -0.943269145944696 0.332029092563834">
            <n d="-0 -1 -1.83690953073357e-016"/>
            <n d="0 -0.779513363382465 0.626385597142971"/>
            <n d="-0 -1 -1.83690953073357e-016"/>
        </f>
        <f v="30 87 31" fn="0 -0.943269145944693 0.332029092563843">
            <n d="-0 -1 -1.83690953073357e-016"/>
            <n d="0 -0.779513363382469 0.626385597142966"/>
            <n d="-0 -1 -1.83690953073357e-016"/>
        </f>
        <f v="29 3 94" fn="-0 -0.993759612676726 0.111542961286686">
            <n d="-0 -1 -1.83690953073357e-016"/>
            <n d="-0 -1 -1.83690953073357e-016"/>
            <n d="0 -0.975116335574792 0.221693780010151"/>
        </f>
    </facets>
    <facets color="d1d1d1"/>
    <facets color="d1d1d1">
        <f v="43 83 4" fn="-0 -0.111542961286685 -0.993759612676726">
            <n d="0 1.22460635382238e-016 -1"/>
            <n d="-0 -0.221693780010154 -0.975116335574792"/>
            <n d="0 1.22460635382238e-016 -1"/>
        </f>
        <f v="43 84 83" fn="0.0123442287917729 -0.435138979227842 -0.900278672840853">
            <n d="0 1.22460635382238e-016 -1"/>
            <n d="-0 -0.626385597142967 -0.779513363382468"/>
            <n d="-0 -0.221693780010154 -0.975116335574792"/>
        </f>
        <f v="24 85 84" fn="0.0153419211168901 -0.788922573294843 -0.614301065278489">
            <n d="-0 -1 -1.83690953073357e-016"/>
            <n d="-0 -0.909259617240514 -0.416229442081689"/>
            <n d="-0 -0.626385597142967 -0.779513363382468"/>
        </f>
        <f v="42 84 43" fn="-0 -0.332029092563839 -0.943269145944695">
            <n d="0 1.22460635382238e-016 -1"/>
            <n d="-0 -0.626385597142967 -0.779513363382468"/>
            <n d="0 1.22460635382238e-016 -1"/>
        </f>
        <f v="24 84 42" fn="0.0239109873116695 -0.706904613326926 -0.706904613326926">
            <n d="-0 -1 -1.83690953073357e-016"/>
            <n d="-0 -0.626385597142967 -0.779513363382468"/>
            <n d="0 1.22460635382238e-016 -1"/>
        </f>
        <f v="102 42 41" fn="-0 -0.332029092563839 -0.943269145944695">
            <n d="-0 -0.626385597142967 -0.779513363382469"/>
            <n d="0 1.22460635382238e-016 -1"/>
            <n d="0 1.22460635382238e-016 -1"/>
        </f>
        <f v="103 41 7" fn="0 -0.111542961286685 -0.993759612676726">
            <n d="-0 -0.221693780010154 -0.975116335574792"/>
            <n d="0 1.22460635382238e-016 -1"/>
            <n d="0 1.22460635382238e-016 -1"/>
        </f>
        <f v="102 41 103" fn="-0.0123442287917729 -0.435138979227842 -0.900278672840853">
            <n d="-0 -0.626385597142967 -0.779513363382469"/>
            <n d="0 1.22460635382238e-016 -1"/>
            <n d="-0 -0.221693780010154 -0.975116335574792"/>
        </f>
        <f v="24 42 102" fn="-0.0239109873116695 -0.706904613326926 -0.706904613326926">
            <n d="-0 -1 -1.83690953073357e-016"/>
            <n d="0 1.22460635382238e-016 -1"/>
            <n d="-0 -0.626385597142967 -0.779513363382469"/>
        </f>
        <f v="24 102 101" fn="-0.0153419211168897 -0.788922573294846 -0.614301065278485">
            <n d="-0 -1 -1.83690953073357e-016"/>
            <n d="-0 -0.626385597142967 -0.779513363382469"/>
            <n d="-0 -0.909259617240513 -0.41622944208169"/>
        </f>
        <f v="24 101 25" fn="0 -0.977051589538779 -0.213002796647708">
            <n d="-0 -1 -1.83690953073357e-016"/>
            <n d="-0 -0.909259617240513 -0.41622944208169"/>
            <n d="-0 -1 -1.83690953073357e-016"/>
        </f>
        <f v="25 101 2" fn="0 -0.977051589538779 -0.213002796647708">
            <n d="-0 -1 -1.83690953073357e-016"/>
            <n d="-0 -0.909259617240513 -0.41622944208169"/>
            <n d="-0 -1 -1.83690953073357e-016"/>
        </f>
        <f v="23 85 24" fn="0 -0.977051589538781 -0.213002796647702">
            <n d="-0 -1 -1.83690953073357e-016"/>
            <n d="-0 -0.909259617240514 -0.416229442081689"/>
            <n d="-0 -1 -1.83690953073357e-016"/>
        </f>
        <f v="23 1 85" fn="-0 -0.977051589538781 -0.213002796647702">
            <n d="-0 -1 -1.83690953073357e-016"/>
            <n d="-0 -1 -1.83690953073357e-016"/>
            <n d="-0 -0.909259617240514 -0.416229442081689"/>
        </f>
    </facets>
    <facets color="d1d1d1">
        <f v="68 98 99" fn="0.900328597610903 -0.435163109771119 -0.00644082435050129">
            <n d="1 -2.44921270764475e-016 0"/>
            <n d="0.975116335574792 -0.221693780010152 0"/>
            <n d="0.779513363382468 -0.626385597142968 0"/>
        </f>
        <f v="28 100 3" fn="0.213002796647709 -0.977051589538779 -0">
            <n d="-1.83690953073357e-016 -1 -0"/>
            <n d="0.416229442081689 -0.909259617240514 0"/>
            <n d="-1.83690953073357e-016 -1 -0"/>
        </f>
        <f v="27 99 100" fn="0.614353687796126 -0.788990154313952 -0.00800516626592584">
            <n d="-1.83690953073357e-016 -1 -0"/>
            <n d="0.779513363382468 -0.626385597142968 0"/>
            <n d="0.416229442081689 -0.909259617240514 0"/>
        </f>
        <f v="27 100 28" fn="0.213002796647709 -0.977051589538779 0">
            <n d="-1.83690953073357e-016 -1 -0"/>
            <n d="0.416229442081689 -0.909259617240514 0"/>
            <n d="-1.83690953073357e-016 -1 -0"/>
        </f>
        <f v="69 99 27" fn="0.707051731544581 -0.70705173154458 -0.012477894037898">
            <n d="1 -2.44921270764475e-016 0"/>
            <n d="0.779513363382468 -0.626385597142968 0"/>
            <n d="-1.83690953073357e-016 -1 -0"/>
        </f>
        <f v="105 27 26" fn="0.332029092563838 -0.943269145944695 -0">
            <n d="0.626385597142966 -0.779513363382469 0"/>
            <n d="-1.83690953073357e-016 -1 -0"/>
            <n d="-1.83690953073357e-016 -1 -0"/>
        </f>
        <f v="106 26 2" fn="0.111542961286687 -0.993759612676726 0">
            <n d="0.22169378001015 -0.975116335574792 0"/>
            <n d="-1.83690953073357e-016 -1 -0"/>
            <n d="-1.83690953073357e-016 -1 -0"/>
        </f>
        <f v="105 26 106" fn="0.435163109771115 -0.900328597610905 0.00644082435050116">
            <n d="0.626385597142966 -0.779513363382469 0"/>
            <n d="-1.83690953073357e-016 -1 -0"/>
            <n d="0.22169378001015 -0.975116335574792 0"/>
        </f>
        <f v="69 27 105" fn="0.707051731544581 -0.70705173154458 0.0124778940378981">
            <n d="1 -2.44921270764475e-016 0"/>
            <n d="-1.83690953073357e-016 -1 -0"/>
            <n d="0.626385597142966 -0.779513363382469 0"/>
        </f>
        <f v="69 105 104" fn="0.788990154313953 -0.614353687796125 0.00800516626592591">
            <n d="1 -2.44921270764475e-016 0"/>
            <n d="0.626385597142966 -0.779513363382469 0"/>
            <n d="0.909259617240514 -0.41622944208169 0"/>
        </f>
        <f v="69 104 70" fn="0.97705158953878 -0.213002796647702 0">
            <n d="1 -2.44921270764475e-016 0"/>
            <n d="0.909259617240514 -0.41622944208169 0"/>
            <n d="1 -2.44921270764475e-016 0"/>
        </f>
        <f v="70 104 17" fn="0.977051589538781 -0.213002796647702 0">
            <n d="1 -2.44921270764475e-016 0"/>
            <n d="0.909259617240514 -0.41622944208169 0"/>
            <n d="1 -2.44921270764475e-016 0"/>
        </f>
        <f v="68 99 69" fn="0.943269145944694 -0.33202909256384 0">
            <n d="1 -2.44921270764475e-016 0"/>
            <n d="0.779513363382468 -0.626385597142968 0"/>
            <n d="1 -2.44921270764475e-016 0"/>
        </f>
        <f v="68 16 98" fn="0.993759612676726 -0.111542961286686 -0">
            <n d="1 -2.44921270764475e-016 0"/>
            <n d="1 -2.44921270764475e-016 0"/>
            <n d="0.975116335574792 -0.221693780010152 0"/>
        </f>
    </facets>
    <facets color="d1d1d1">
        <f v="56 95 96" fn="0.435163846285886 0.00617246711612988 0.900330121419568">
            <n d="0 0 1"/>
            <n d="0.221693780010151 0 0.975116335574792"/>
            <n d="0.626385597142968 0 0.779513363382468"/>
        </f>
        <f v="78 96 97" fn="0.788992217124668 0.00767163772891749 0.614355294020698">
            <n d="1 0 6.12303176911189e-017"/>
            <n d="0.626385597142968 0 0.779513363382468"/>
            <n d="0.909259617240514 0 0.416229442081689"/>
        </f>
        <f v="79 97 16" fn="0.977051589538781 0 0.213002796647702">
            <n d="1 0 6.12303176911189e-017"/>
            <n d="0.909259617240514 0 0.416229442081689"/>
            <n d="1 0 6.12303176911189e-017"/>
        </f>
        <f v="78 97 79" fn="0.977051589538781 0 0.213002796647702">
            <n d="1 0 6.12303176911189e-017"/>
            <n d="0.909259617240514 0 0.416229442081689"/>
            <n d="1 0 6.12303176911189e-017"/>
        </f>
        <f v="57 96 78" fn="0.707056222960705 0.0119580577471996 0.707056222960704">
            <n d="0 0 1"/>
            <n d="0.626385597142968 0 0.779513363382468"/>
            <n d="1 0 6.12303176911189e-017"/>
        </f>
        <f v="108 78 77" fn="0.943269145944693 -0 0.332029092563843">
            <n d="0.779513363382472 0 0.626385597142963"/>
            <n d="1 0 6.12303176911189e-017"/>
            <n d="1 0 6.12303176911189e-017"/>
        </f>
        <f v="109 77 19" fn="0.993759612676725 0 0.111542961286695">
            <n d="0.975116335574793 0 0.221693780010146"/>
            <n d="1 0 6.12303176911189e-017"/>
            <n d="1 0 6.12303176911189e-017"/>
        </f>
        <f v="108 77 109" fn="0.900330121419564 -0.00617246711613021 0.435163846285895">
            <n d="0.779513363382472 0 0.626385597142963"/>
            <n d="1 0 6.12303176911189e-017"/>
            <n d="0.975116335574793 0 0.221693780010146"/>
        </f>
        <f v="57 78 108" fn="0.707056222960705 -0.0119580577471993 0.707056222960704">
            <n d="0 0 1"/>
            <n d="1 0 6.12303176911189e-017"/>
            <n d="0.779513363382472 0 0.626385597142963"/>
        </f>
        <f v="57 107 58" fn="0.213002796647702 -0 0.977051589538781">
            <n d="0 0 1"/>
            <n d="0.41622944208169 0 0.909259617240514"/>
            <n d="0 0 1"/>
        </f>
        <f v="57 108 107" fn="0.614355294020712 -0.00767163772891782 0.788992217124656">
            <n d="0 0 1"/>
            <n d="0.779513363382472 0 0.626385597142963"/>
            <n d="0.41622944208169 0 0.909259617240514"/>
        </f>
        <f v="58 107 13" fn="0.213002796647702 -0 0.977051589538781">
            <n d="0 0 1"/>
            <n d="0.41622944208169 0 0.909259617240514"/>
            <n d="0 0 1"/>
        </f>
        <f v="56 96 57" fn="0.332029092563841 -0 0.943269145944694">
            <n d="0 0 1"/>
            <n d="0.626385597142968 0 0.779513363382468"/>
            <n d="0 0 1"/>
        </f>
        <f v="56 12 95" fn="0.111542961286711 0 0.993759612676723">
            <n d="0 0 1"/>
            <n d="0 0 1"/>
            <n d="0.221693780010151 0 0.975116335574792"/>
        </f>
    </facets>
    <facets color="d1d1d1">
        <f v="61 89 14" fn="0 0.111542961286711 0.993759612676724">
            <n d="0 0 1"/>
            <n d="0 0.221693780010152 0.975116335574792"/>
            <n d="0 0 1"/>
        </f>
        <f v="61 90 89" fn="0.0123442287917716 0.435138979227833 0.900278672840858">
            <n d="0 0 1"/>
            <n d="0 0.626385597142968 0.779513363382468"/>
            <n d="0 0.221693780010152 0.975116335574792"/>
        </f>
        <f v="54 91 90" fn="0.0153419211168897 0.788922573294845 0.614301065278486">
            <n d="0 1 6.12303176911189e-017"/>
            <n d="0 0.909259617240514 0.41622944208169"/>
            <n d="0 0.626385597142968 0.779513363382468"/>
        </f>
        <f v="60 90 61" fn="0 0.332029092563841 0.943269145944694">
            <n d="0 0 1"/>
            <n d="0 0.626385597142968 0.779513363382468"/>
            <n d="0 0 1"/>
        </f>
        <f v="54 90 60" fn="0.0239109873116694 0.706904613326926 0.706904613326926">
            <n d="0 1 6.12303176911189e-017"/>
            <n d="0 0.626385597142968 0.779513363382468"/>
            <n d="0 0 1"/>
        </f>
        <f v="111 60 59" fn="-0 0.332029092563834 0.943269145944696">
            <n d="0 0.626385597142965 0.77951336338247"/>
            <n d="0 0 1"/>
            <n d="0 0 1"/>
        </f>
        <f v="112 59 13" fn="0 0.111542961286661 0.993759612676729">
            <n d="0 0.22169378001015 0.975116335574792"/>
            <n d="0 0 1"/>
            <n d="0 0 1"/>
        </f>
        <f v="111 59 112" fn="-0.0123442287917736 0.435138979227843 0.900278672840853">
            <n d="0 0.626385597142965 0.77951336338247"/>
            <n d="0 0 1"/>
            <n d="0 0.22169378001015 0.975116335574792"/>
        </f>
        <f v="54 60 111" fn="-0.0239109873116697 0.706904613326926 0.706904613326926">
            <n d="0 1 6.12303176911189e-017"/>
            <n d="0 0 1"/>
            <n d="0 0.626385597142965 0.77951336338247"/>
        </f>
        <f v="53 91 54" fn="-0 0.977051589538779 0.213002796647709">
            <n d="0 1 6.12303176911189e-017"/>
            <n d="0 0.909259617240514 0.41622944208169"/>
            <n d="0 1 6.12303176911189e-017"/>
        </f>
        <f v="55 110 8" fn="-0 0.977051589538779 0.213002796647709">
            <n d="0 1 6.12303176911189e-017"/>
            <n d="0 0.909259617240514 0.41622944208169"/>
            <n d="0 1 6.12303176911189e-017"/>
        </f>
        <f v="54 111 110" fn="-0.0153419211168895 0.78892257329485 0.61430106527848">
            <n d="0 1 6.12303176911189e-017"/>
            <n d="0 0.626385597142965 0.77951336338247"/>
            <n d="0 0.909259617240514 0.41622944208169"/>
        </f>
        <f v="54 110 55" fn="-0 0.977051589538779 0.213002796647709">
            <n d="0 1 6.12303176911189e-017"/>
            <n d="0 0.909259617240514 0.41622944208169"/>
            <n d="0 1 6.12303176911189e-017"/>
        </f>
        <f v="53 11 91" fn="0 0.977051589538779 0.213002796647709">
            <n d="0 1 6.12303176911189e-017"/>
            <n d="0 1 6.12303176911189e-017"/>
            <n d="0 0.909259617240514 0.41622944208169"/>
        </f>
    </facets>
    <facets color="d1d1d1"/>
    <facets color="d1d1d1"/>
    <facets color="d1d1d1">
        <f v="71 113 114" fn="0.900330121419565 0.00617246711613044 -0.435163846285893">
            <n d="1 0 -6.12303176911189e-017"/>
            <n d="0.975116335574792 0 -0.22169378001015"/>
            <n d="0.779513363382467 0 -0.626385597142968"/>
        </f>
        <f v="40 115 7" fn="0.213002796647704 -0 -0.97705158953878">
            <n d="0 0 -1"/>
            <n d="0.416229442081689 0 -0.909259617240514"/>
            <n d="0 0 -1"/>
        </f>
        <f v="39 114 115" fn="0.614355294020696 0.00767163772891742 -0.788992217124669">
            <n d="0 0 -1"/>
            <n d="0.779513363382467 0 -0.626385597142968"/>
            <n d="0.416229442081689 0 -0.909259617240514"/>
        </f>
        <f v="39 115 40" fn="0.213002796647704 0 -0.97705158953878">
            <n d="0 0 -1"/>
            <n d="0.416229442081689 0 -0.909259617240514"/>
            <n d="0 0 -1"/>
        </f>
        <f v="72 114 39" fn="0.707056222960705 0.0119580577471996 -0.707056222960704">
            <n d="1 0 -6.12303176911189e-017"/>
            <n d="0.779513363382467 0 -0.626385597142968"/>
            <n d="0 0 -1"/>
        </f>
        <f v="120 39 38" fn="0.332029092563839 -0 -0.943269145944695">
            <n d="0.626385597142968 0 -0.779513363382468"/>
            <n d="0 0 -1"/>
            <n d="0 0 -1"/>
        </f>
        <f v="121 38 6" fn="0.111542961286691 0 -0.993759612676726">
            <n d="0.221693780010152 0 -0.975116335574792"/>
            <n d="0 0 -1"/>
            <n d="0 0 -1"/>
        </f>
        <f v="120 38 121" fn="0.435163846285893 -0.00617246711613039 -0.900330121419565">
            <n d="0.626385597142968 0 -0.779513363382468"/>
            <n d="0 0 -1"/>
            <n d="0.221693780010152 0 -0.975116335574792"/>
        </f>
        <f v="72 39 120" fn="0.707056222960705 -0.0119580577471996 -0.707056222960704">
            <n d="1 0 -6.12303176911189e-017"/>
            <n d="0 0 -1"/>
            <n d="0.626385597142968 0 -0.779513363382468"/>
        </f>
        <f v="72 120 119" fn="0.788992217124668 -0.00767163772891748 -0.614355294020697">
            <n d="1 0 -6.12303176911189e-017"/>
            <n d="0.626385597142968 0 -0.779513363382468"/>
            <n d="0.909259617240514 0 -0.416229442081689"/>
        </f>
        <f v="72 119 73" fn="0.977051589538781 0 -0.213002796647702">
            <n d="1 0 -6.12303176911189e-017"/>
            <n d="0.909259617240514 0 -0.416229442081689"/>
            <n d="1 0 -6.12303176911189e-017"/>
        </f>
        <f v="73 119 18" fn="0.977051589538781 0 -0.213002796647702">
            <n d="1 0 -6.12303176911189e-017"/>
            <n d="0.909259617240514 0 -0.416229442081689"/>
            <n d="1 0 -6.12303176911189e-017"/>
        </f>
        <f v="71 114 72" fn="0.943269145944695 0 -0.332029092563839">
            <n d="1 0 -6.12303176911189e-017"/>
            <n d="0.779513363382467 0 -0.626385597142968"/>
            <n d="1 0 -6.12303176911189e-017"/>
        </f>
        <f v="71 17 113" fn="0.993759612676726 -0 -0.111542961286686">
            <n d="1 0 -6.12303176911189e-017"/>
            <n d="1 0 -6.12303176911189e-017"/>
            <n d="0.975116335574792 0 -0.22169378001015"/>
        </f>
    </facets>
    <facets color="d1d1d1">
        <f v="44 116 117" fn="0.43516310977112 0.900328597610902 -0.00644082435050126">
            <n d="-6.12303176911189e-017 1 0"/>
            <n d="0.22169378001015 0.975116335574792 0"/>
            <n d="0.626385597142968 0.779513363382468 0"/>
        </f>
        <f v="75 117 118" fn="0.788990154313949 0.614353687796131 -0.00800516626592611">
            <n d="1 1.22460635382238e-016 0"/>
            <n d="0.626385597142968 0.779513363382468 0"/>
            <n d="0.909259617240513 0.416229442081691 0"/>
        </f>
        <f v="76 118 19" fn="0.977051589538781 0.213002796647701 -0">
            <n d="1 1.22460635382238e-016 0"/>
            <n d="0.909259617240513 0.416229442081691 0"/>
            <n d="1 1.22460635382238e-016 0"/>
        </f>
        <f v="75 118 76" fn="0.977051589538781 0.213002796647701 -0">
            <n d="1 1.22460635382238e-016 0"/>
            <n d="0.909259617240513 0.416229442081691 0"/>
            <n d="1 1.22460635382238e-016 0"/>
        </f>
        <f v="45 117 75" fn="0.707051731544581 0.70705173154458 -0.012477894037898">
            <n d="-6.12303176911189e-017 1 0"/>
            <n d="0.626385597142968 0.779513363382468 0"/>
            <n d="1 1.22460635382238e-016 0"/>
        </f>
        <f v="123 75 74" fn="0.943269145944694 0.33202909256384 -0">
            <n d="0.779513363382468 0.626385597142968 0"/>
            <n d="1 1.22460635382238e-016 0"/>
            <n d="1 1.22460635382238e-016 0"/>
        </f>
        <f v="124 74 18" fn="0.993759612676725 0.111542961286692 0">
            <n d="0.975116335574792 0.221693780010152 0"/>
            <n d="1 1.22460635382238e-016 0"/>
            <n d="1 1.22460635382238e-016 0"/>
        </f>
        <f v="123 74 124" fn="0.900328597610904 0.435163109771116 0.00644082435050113">
            <n d="0.779513363382468 0.626385597142968 0"/>
            <n d="1 1.22460635382238e-016 0"/>
            <n d="0.975116335574792 0.221693780010152 0"/>
        </f>
        <f v="45 75 123" fn="0.707051731544581 0.70705173154458 0.012477894037898">
            <n d="-6.12303176911189e-017 1 0"/>
            <n d="1 1.22460635382238e-016 0"/>
            <n d="0.779513363382468 0.626385597142968 0"/>
        </f>
        <f v="45 122 46" fn="0.213002796647702 0.977051589538781 0">
            <n d="-6.12303176911189e-017 1 0"/>
            <n d="0.41622944208169 0.909259617240514 0"/>
            <n d="-6.12303176911189e-017 1 0"/>
        </f>
        <f v="45 123 122" fn="0.614353687796132 0.788990154313948 0.00800516626592608">
            <n d="-6.12303176911189e-017 1 0"/>
            <n d="0.779513363382468 0.626385597142968 0"/>
            <n d="0.41622944208169 0.909259617240514 0"/>
        </f>
        <f v="46 122 9" fn="0.213002796647702 0.977051589538781 0">
            <n d="-6.12303176911189e-017 1 0"/>
            <n d="0.41622944208169 0.909259617240514 0"/>
            <n d="-6.12303176911189e-017 1 0"/>
        </f>
        <f v="44 117 45" fn="0.332029092563841 0.943269145944694 0">
            <n d="-6.12303176911189e-017 1 0"/>
            <n d="0.626385597142968 0.779513363382468 0"/>
            <n d="-6.12303176911189e-017 1 0"/>
        </f>
        <f v="44 8 116" fn="0.111542961286687 0.993759612676726 -0">
            <n d="-6.12303176911189e-017 1 0"/>
            <n d="-6.12303176911189e-017 1 0"/>
            <n d="0.22169378001015 0.975116335574792 0"/>
        </f>
    </facets>
    <facets color="d1d1d1"/>
    <facets color="d1d1d1">
        <f v="47 125 126" fn="-0.0123442287917727 0.900278672840854 -0.435138979227841">
            <n d="0 1 6.12303176911189e-017"/>
            <n d="0 0.975116335574792 -0.22169378001015"/>
            <n d="0 0.779513363382467 -0.626385597142968"/>
        </f>
        <f v="36 126 127" fn="-0.0153419211168901 0.614301065278489 -0.788922573294843">
            <n d="0 1.22460635382238e-016 -1"/>
            <n d="0 0.779513363382467 -0.626385597142968"/>
            <n d="0 0.416229442081692 -0.909259617240513"/>
        </f>
        <f v="37 127 6" fn="0 0.213002796647703 -0.97705158953878">
            <n d="0 1.22460635382238e-016 -1"/>
            <n d="0 0.416229442081692 -0.909259617240513"/>
            <n d="0 1.22460635382238e-016 -1"/>
        </f>
        <f v="36 127 37" fn="0 0.213002796647703 -0.97705158953878">
            <n d="0 1.22460635382238e-016 -1"/>
            <n d="0 0.416229442081692 -0.909259617240513"/>
            <n d="0 1.22460635382238e-016 -1"/>
        </f>
        <f v="48 126 36" fn="-0.0239109873116694 0.706904613326926 -0.706904613326926">
            <n d="0 1 6.12303176911189e-017"/>
            <n d="0 0.779513363382467 -0.626385597142968"/>
            <n d="0 1.22460635382238e-016 -1"/>
        </f>
        <f v="82 36 35" fn="0 0.213002796647703 -0.97705158953878">
            <n d="0 0.416229442081692 -0.909259617240513"/>
            <n d="0 1.22460635382238e-016 -1"/>
            <n d="0 1.22460635382238e-016 -1"/>
        </f>
        <f v="82 35 5" fn="0 0.213002796647703 -0.97705158953878">
            <n d="0 0.416229442081692 -0.909259617240513"/>
            <n d="0 1.22460635382238e-016 -1"/>
            <n d="0 1.22460635382238e-016 -1"/>
        </f>
        <f v="81 36 82" fn="0.0153419211168901 0.614301065278489 -0.788922573294843">
            <n d="0 0.779513363382467 -0.626385597142968"/>
            <n d="0 1.22460635382238e-016 -1"/>
            <n d="0 0.416229442081692 -0.909259617240513"/>
        </f>
        <f v="48 36 81" fn="0.0239109873116694 0.706904613326926 -0.706904613326926">
            <n d="0 1 6.12303176911189e-017"/>
            <n d="0 1.22460635382238e-016 -1"/>
            <n d="0 0.779513363382467 -0.626385597142968"/>
        </f>
        <f v="49 81 80" fn="0.0123442287917727 0.900278672840854 -0.435138979227841">
            <n d="0 1 6.12303176911189e-017"/>
            <n d="0 0.779513363382467 -0.626385597142968"/>
            <n d="0 0.975116335574792 -0.22169378001015"/>
        </f>
        <f v="49 80 10" fn="0 0.993759612676726 -0.111542961286686">
            <n d="0 1 6.12303176911189e-017"/>
            <n d="0 0.975116335574792 -0.22169378001015"/>
            <n d="0 1 6.12303176911189e-017"/>
        </f>
        <f v="47 126 48" fn="0 0.943269145944694 -0.332029092563841">
            <n d="0 1 6.12303176911189e-017"/>
            <n d="0 0.779513363382467 -0.626385597142968"/>
            <n d="0 1 6.12303176911189e-017"/>
        </f>
        <f v="48 81 49" fn="0 0.943269145944694 -0.332029092563841">
            <n d="0 1 6.12303176911189e-017"/>
            <n d="0 0.779513363382467 -0.626385597142968"/>
            <n d="0 1 6.12303176911189e-017"/>
        </f>
        <f v="47 9 125" fn="-0 0.993759612676726 -0.111542961286686">
            <n d="0 1 6.12303176911189e-017"/>
            <n d="0 1 6.12303176911189e-017"/>
            <n d="0 0.975116335574792 -0.22169378001015"/>
        </f>
    </facets>
</shell>
</step-assembly>
