<?xml version="1.0" encoding="UTF-8" ?>
<step-assembly root="id520">
<product id="id520" name="WE-IndMAIA_SSMC-25xx" shape="id326" children="id521 id522 id522"/>
<product id="id521" name="body_SSMC_25xx" shape="id325"/>
<product id="id522" name="land_pattern_SSMC_25xx" shape="id327"/>
<shape id="id326" unit="mm 0.001000">
    <child ref="id325" xform="1 0 0 0 0 1 0 0 0 0 1 0 0 0 0 1"/>
    <child ref="id327" xform="1.26288e-015 -1 -6.66134e-016 0 1 1.26288e-015 -2.498e-016 0 2.498e-016 -6.66134e-016 1 0 0.9 4.93288e-016 1.1998 1"/>
    <child ref="id327" xform="-8.32667e-017 -1 3.03906e-016 0 1 -8.32667e-017 3.11345e-017 0 -3.11345e-017 3.03906e-016 1 0 -0.9 1.6263e-016 1.1998 1"/>
</shape>
<shape id="id325" unit="mm 0.001000">
    <child ref="id32" xform="1 0 0 0 0 1 0 0 0 0 1 0 0 0 0 1"/>
</shape>
<shape id="id32" unit="mm 0.001000" shell="id320"/>
<shape id="id327" unit="mm 0.001000">
    <child ref="id33" xform="1 0 0 0 0 1 0 0 0 0 1 0 0 0 0 1"/>
</shape>
<shape id="id33" unit="mm 0.001000" shell="id321"/>
<shell id="id320" color="1e1e1e">
    <verts>
        <v p="0.550000000000001 -1 1.1999"/>
        <v p="-0.550000000000001 -1 1.1999"/>
        <v p="0.550000000000001 1 1.1999"/>
        <v p="-0.550000000000001 1 1.1999"/>
        <v p="-0.550000000000001 1 1.1999"/>
        <v p="-0.550000000000001 -1 1.1999"/>
        <v p="0.550000000000001 -1 1.1999"/>
        <v p="0.550000000000001 1 1.1999"/>
        <v p="1.25 -1 1.1998"/>
        <v p="1.25 1 1.1998"/>
        <v p="1.25 -1 0"/>
        <v p="1.25 1 0"/>
        <v p="-1.25 -1 1.1998"/>
        <v p="-1.25 -1 0"/>
        <v p="-1.25 1 0"/>
        <v p="-1.25 1 1.1998"/>
        <v p="1.25 -0.5 1.1998"/>
        <v p="1.25 0 1.1998"/>
        <v p="1.25 0.5 1.1998"/>
        <v p="1.25 -1 0.89985"/>
        <v p="1.25 -1 0.5999"/>
        <v p="1.25 -1 0.29995"/>
        <v p="1.25 -0.5 0"/>
        <v p="1.25 0 0"/>
        <v p="1.25 0.5 0"/>
        <v p="1.25 1 0.89985"/>
        <v p="1.25 1 0.5999"/>
        <v p="1.25 1 0.29995"/>
        <v p="0.725000000000001 -1 1.1998"/>
        <v p="0.900000000000001 -1 1.1998"/>
        <v p="1.075 -1 1.1998"/>
        <v p="-0.275 -1 1.2"/>
        <v p="0 -1 1.2"/>
        <v p="0.275 -1 1.2"/>
        <v p="-0.725000000000001 -1 1.1998"/>
        <v p="-0.900000000000001 -1 1.1998"/>
        <v p="-1.075 -1 1.1998"/>
        <v p="-1.25 -1 0.89985"/>
        <v p="-1.25 -1 0.5999"/>
        <v p="-1.25 -1 0.29995"/>
        <v p="-0.625 -1 0"/>
        <v p="0 -1 0"/>
        <v p="0.625 -1 0"/>
        <v p="0.275 1 1.2"/>
        <v p="0 1 1.2"/>
        <v p="-0.275 1 1.2"/>
        <v p="1.075 1 1.1998"/>
        <v p="0.900000000000001 1 1.1998"/>
        <v p="0.725000000000001 1 1.1998"/>
        <v p="0.625 1 0"/>
        <v p="0 1 0"/>
        <v p="-0.625 1 0"/>
        <v p="-1.25 1 0.89985"/>
        <v p="-1.25 1 0.5999"/>
        <v p="-1.25 1 0.29995"/>
        <v p="-1.075 1 1.1998"/>
        <v p="-0.900000000000001 1 1.1998"/>
        <v p="-0.725000000000001 1 1.1998"/>
        <v p="0.550000000000001 0.5 1.2"/>
        <v p="0.550000000000001 0 1.2"/>
        <v p="0.550000000000001 -0.5 1.2"/>
        <v p="-0.550000000000001 0.5 1.2"/>
        <v p="-0.550000000000001 0 1.2"/>
        <v p="-0.550000000000001 -0.5 1.2"/>
        <v p="-1.25 -0.5 1.1998"/>
        <v p="-1.25 0 1.1998"/>
        <v p="-1.25 0.5 1.1998"/>
        <v p="-1.25 0.5 0"/>
        <v p="-1.25 0 0"/>
        <v p="-1.25 -0.5 0"/>
        <v p="-0.550000000000001 0.5 1.1998"/>
        <v p="-0.550000000000001 0 1.1998"/>
        <v p="-0.550000000000001 -0.5 1.1998"/>
        <v p="0.550000000000001 0.5 1.1998"/>
        <v p="0.550000000000001 0 1.1998"/>
        <v p="0.550000000000001 -0.5 1.1998"/>
    </verts>
    <facets color="1e1e1e">
        <f v="17 26 25" fn="1 0 0">
            <n d="1 -0 -0"/>
            <n d="1 -0 -0"/>
            <n d="1 -0 -0"/>
        </f>
        <f v="24 11 27" fn="1 0 0">
            <n d="1 -0 -0"/>
            <n d="1 -0 -0"/>
            <n d="1 -0 -0"/>
        </f>
        <f v="24 27 26" fn="1 -0 -0">
            <n d="1 -0 -0"/>
            <n d="1 -0 -0"/>
            <n d="1 -0 -0"/>
        </f>
        <f v="23 24 26" fn="1 -0 -0">
            <n d="1 -0 -0"/>
            <n d="1 -0 -0"/>
            <n d="1 -0 -0"/>
        </f>
        <f v="20 23 26" fn="1 -0 0">
            <n d="1 -0 -0"/>
            <n d="1 -0 -0"/>
            <n d="1 -0 -0"/>
        </f>
        <f v="20 22 23" fn="1 0 0">
            <n d="1 -0 -0"/>
            <n d="1 -0 -0"/>
            <n d="1 -0 -0"/>
        </f>
        <f v="21 10 22" fn="1 -0 -0">
            <n d="1 -0 -0"/>
            <n d="1 -0 -0"/>
            <n d="1 -0 -0"/>
        </f>
        <f v="20 21 22" fn="1 -0 -0">
            <n d="1 -0 -0"/>
            <n d="1 -0 -0"/>
            <n d="1 -0 -0"/>
        </f>
        <f v="17 20 26" fn="1 0 0">
            <n d="1 -0 -0"/>
            <n d="1 -0 -0"/>
            <n d="1 -0 -0"/>
        </f>
        <f v="18 17 25" fn="1 0 0">
            <n d="1 -0 -0"/>
            <n d="1 -0 -0"/>
            <n d="1 -0 -0"/>
        </f>
        <f v="16 8 19" fn="1 0 0">
            <n d="1 -0 -0"/>
            <n d="1 -0 -0"/>
            <n d="1 -0 -0"/>
        </f>
        <f v="16 19 20" fn="1 -0 -0">
            <n d="1 -0 -0"/>
            <n d="1 -0 -0"/>
            <n d="1 -0 -0"/>
        </f>
        <f v="17 16 20" fn="1 0 -0">
            <n d="1 -0 -0"/>
            <n d="1 -0 -0"/>
            <n d="1 -0 -0"/>
        </f>
        <f v="18 25 9" fn="1 -0 0">
            <n d="1 -0 -0"/>
            <n d="1 -0 -0"/>
            <n d="1 -0 -0"/>
        </f>
    </facets>
    <facets color="1e1e1e">
        <f v="33 20 19" fn="0 -1 0">
            <n d="-0 -1 -0"/>
            <n d="-0 -1 -0"/>
            <n d="-0 -1 -0"/>
        </f>
        <f v="42 10 21" fn="0 -1 0">
            <n d="-0 -1 -0"/>
            <n d="-0 -1 -0"/>
            <n d="-0 -1 -0"/>
        </f>
        <f v="42 21 20" fn="-0 -1 -0">
            <n d="-0 -1 -0"/>
            <n d="-0 -1 -0"/>
            <n d="-0 -1 -0"/>
        </f>
        <f v="41 42 20" fn="-0 -1 -0">
            <n d="-0 -1 -0"/>
            <n d="-0 -1 -0"/>
            <n d="-0 -1 -0"/>
        </f>
        <f v="32 41 20" fn="0 -1 0">
            <n d="-0 -1 -0"/>
            <n d="-0 -1 -0"/>
            <n d="-0 -1 -0"/>
        </f>
        <f v="38 40 41" fn="0 -1 0">
            <n d="-0 -1 -0"/>
            <n d="-0 -1 -0"/>
            <n d="-0 -1 -0"/>
        </f>
        <f v="39 13 40" fn="-0 -1 -0">
            <n d="-0 -1 -0"/>
            <n d="-0 -1 -0"/>
            <n d="-0 -1 -0"/>
        </f>
        <f v="38 39 40" fn="-0 -1 -0">
            <n d="-0 -1 -0"/>
            <n d="-0 -1 -0"/>
            <n d="-0 -1 -0"/>
        </f>
        <f v="32 38 41" fn="-0 -1 -0">
            <n d="-0 -1 -0"/>
            <n d="-0 -1 -0"/>
            <n d="-0 -1 -0"/>
        </f>
        <f v="34 35 37" fn="-0 -1 -0">
            <n d="-0 -1 -0"/>
            <n d="-0 -1 -0"/>
            <n d="-0 -1 -0"/>
        </f>
        <f v="36 12 37" fn="-0 -1 0">
            <n d="-0 -1 -0"/>
            <n d="-0 -1 -0"/>
            <n d="-0 -1 -0"/>
        </f>
        <f v="31 37 38" fn="0 -1 0">
            <n d="-0 -1 -0"/>
            <n d="-0 -1 -0"/>
            <n d="-0 -1 -0"/>
        </f>
        <f v="35 36 37" fn="-0 -1 -0">
            <n d="-0 -1 -0"/>
            <n d="-0 -1 -0"/>
            <n d="-0 -1 -0"/>
        </f>
        <f v="1 34 37" fn="-0 -1 -0">
            <n d="-0 -1 -0"/>
            <n d="-0 -1 -0"/>
            <n d="-0 -1 -0"/>
        </f>
        <f v="31 1 37" fn="-0 -1 -0">
            <n d="-0 -1 -0"/>
            <n d="-0 -1 -0"/>
            <n d="-0 -1 -0"/>
        </f>
        <f v="32 31 38" fn="-0 -1 -0">
            <n d="-0 -1 -0"/>
            <n d="-0 -1 -0"/>
            <n d="-0 -1 -0"/>
        </f>
        <f v="33 32 20" fn="-0 -1 -0">
            <n d="-0 -1 -0"/>
            <n d="-0 -1 -0"/>
            <n d="-0 -1 -0"/>
        </f>
        <f v="29 28 19" fn="-0 -1 -0">
            <n d="-0 -1 -0"/>
            <n d="-0 -1 -0"/>
            <n d="-0 -1 -0"/>
        </f>
        <f v="0 33 19" fn="-0 -1 -0">
            <n d="-0 -1 -0"/>
            <n d="-0 -1 -0"/>
            <n d="-0 -1 -0"/>
        </f>
        <f v="28 0 19" fn="-0 -1 -0">
            <n d="-0 -1 -0"/>
            <n d="-0 -1 -0"/>
            <n d="-0 -1 -0"/>
        </f>
        <f v="30 29 19" fn="-0 -1 -0">
            <n d="-0 -1 -0"/>
            <n d="-0 -1 -0"/>
            <n d="-0 -1 -0"/>
        </f>
        <f v="30 19 8" fn="0 -1 0">
            <n d="-0 -1 -0"/>
            <n d="-0 -1 -0"/>
            <n d="-0 -1 -0"/>
        </f>
    </facets>
    <facets color="1e1e1e">
        <f v="52 57 3" fn="-0 1 -0">
            <n d="-0 1 -0"/>
            <n d="-0 1 -0"/>
            <n d="-0 1 -0"/>
        </f>
        <f v="52 56 57" fn="-0 1 -0">
            <n d="-0 1 -0"/>
            <n d="-0 1 -0"/>
            <n d="-0 1 -0"/>
        </f>
        <f v="52 15 55" fn="0 1 0">
            <n d="-0 1 -0"/>
            <n d="-0 1 -0"/>
            <n d="-0 1 -0"/>
        </f>
        <f v="52 55 56" fn="-0 1 -0">
            <n d="-0 1 -0"/>
            <n d="-0 1 -0"/>
            <n d="-0 1 -0"/>
        </f>
        <f v="45 52 3" fn="0 1 0">
            <n d="-0 1 -0"/>
            <n d="-0 1 -0"/>
            <n d="-0 1 -0"/>
        </f>
        <f v="45 53 52" fn="-0 1 -0">
            <n d="-0 1 -0"/>
            <n d="-0 1 -0"/>
            <n d="-0 1 -0"/>
        </f>
        <f v="51 54 53" fn="-0 1 -0">
            <n d="-0 1 -0"/>
            <n d="-0 1 -0"/>
            <n d="-0 1 -0"/>
        </f>
        <f v="51 14 54" fn="-0 1 -0">
            <n d="-0 1 -0"/>
            <n d="-0 1 -0"/>
            <n d="-0 1 -0"/>
        </f>
        <f v="50 51 53" fn="-0 1 -0">
            <n d="-0 1 -0"/>
            <n d="-0 1 -0"/>
            <n d="-0 1 -0"/>
        </f>
        <f v="44 50 53" fn="0 1 0">
            <n d="-0 1 -0"/>
            <n d="-0 1 -0"/>
            <n d="-0 1 -0"/>
        </f>
        <f v="26 49 50" fn="0 1 0">
            <n d="-0 1 -0"/>
            <n d="-0 1 -0"/>
            <n d="-0 1 -0"/>
        </f>
        <f v="27 11 49" fn="-0 1 0">
            <n d="-0 1 -0"/>
            <n d="-0 1 -0"/>
            <n d="-0 1 -0"/>
        </f>
        <f v="26 27 49" fn="-0 1 0">
            <n d="-0 1 -0"/>
            <n d="-0 1 -0"/>
            <n d="-0 1 -0"/>
        </f>
        <f v="44 26 50" fn="-0 1 -0">
            <n d="-0 1 -0"/>
            <n d="-0 1 -0"/>
            <n d="-0 1 -0"/>
        </f>
        <f v="2 48 25" fn="-0 1 -0">
            <n d="-0 1 -0"/>
            <n d="-0 1 -0"/>
            <n d="-0 1 -0"/>
        </f>
        <f v="46 9 25" fn="-0 1 0">
            <n d="-0 1 -0"/>
            <n d="-0 1 -0"/>
            <n d="-0 1 -0"/>
        </f>
        <f v="47 46 25" fn="-0 1 0">
            <n d="-0 1 -0"/>
            <n d="-0 1 -0"/>
            <n d="-0 1 -0"/>
        </f>
        <f v="48 47 25" fn="-0 1 0">
            <n d="-0 1 -0"/>
            <n d="-0 1 -0"/>
            <n d="-0 1 -0"/>
        </f>
        <f v="43 25 26" fn="0 1 0">
            <n d="-0 1 -0"/>
            <n d="-0 1 -0"/>
            <n d="-0 1 -0"/>
        </f>
        <f v="43 2 25" fn="-0 1 -0">
            <n d="-0 1 -0"/>
            <n d="-0 1 -0"/>
            <n d="-0 1 -0"/>
        </f>
        <f v="44 43 26" fn="-0 1 -0">
            <n d="-0 1 -0"/>
            <n d="-0 1 -0"/>
            <n d="-0 1 -0"/>
        </f>
        <f v="45 44 53" fn="-0 1 0">
            <n d="-0 1 -0"/>
            <n d="-0 1 -0"/>
            <n d="-0 1 -0"/>
        </f>
    </facets>
    <facets color="1e1e1e">
        <f v="33 60 59" fn="-0 -0 1">
            <n d="0 0 1"/>
            <n d="0 0 1"/>
            <n d="0 0 1"/>
        </f>
        <f v="43 59 58" fn="0 0 1">
            <n d="0 0 1"/>
            <n d="0 0 1"/>
            <n d="0 0 1"/>
        </f>
        <f v="43 58 2" fn="0.000363636332321526 0.00019999998277684 0.999999913884309">
            <n d="0 0 1"/>
            <n d="0 0 1"/>
            <n d="0 0 1"/>
        </f>
        <f v="44 59 43" fn="-0 0 1">
            <n d="0 0 1"/>
            <n d="0 0 1"/>
            <n d="0 0 1"/>
        </f>
        <f v="62 59 44" fn="-0 -0 1">
            <n d="0 0 1"/>
            <n d="0 0 1"/>
            <n d="0 0 1"/>
        </f>
        <f v="62 44 45" fn="-0 -0 1">
            <n d="0 0 1"/>
            <n d="0 0 1"/>
            <n d="0 0 1"/>
        </f>
        <f v="61 45 3" fn="-0.000363636332321526 0.00019999998277684 0.999999913884309">
            <n d="0 0 1"/>
            <n d="0 0 1"/>
            <n d="0 0 1"/>
        </f>
        <f v="62 45 61" fn="0 0 1">
            <n d="0 0 1"/>
            <n d="0 0 1"/>
            <n d="0 0 1"/>
        </f>
        <f v="32 59 62" fn="-0 -0 1">
            <n d="0 0 1"/>
            <n d="0 0 1"/>
            <n d="0 0 1"/>
        </f>
        <f v="33 59 32" fn="0 -0 1">
            <n d="0 0 1"/>
            <n d="0 0 1"/>
            <n d="0 0 1"/>
        </f>
        <f v="31 63 1" fn="-0.000363636332321526 -0.00019999998277684 0.999999913884309">
            <n d="0 0 1"/>
            <n d="0 0 1"/>
            <n d="0 0 1"/>
        </f>
        <f v="31 62 63" fn="0 0 1">
            <n d="0 0 1"/>
            <n d="0 0 1"/>
            <n d="0 0 1"/>
        </f>
        <f v="32 62 31" fn="0 0 1">
            <n d="0 0 1"/>
            <n d="0 0 1"/>
            <n d="0 0 1"/>
        </f>
        <f v="33 0 60" fn="0.000363636332321526 -0.00019999998277684 0.999999913884309">
            <n d="0 0 1"/>
            <n d="0 0 1"/>
            <n d="0 0 1"/>
        </f>
    </facets>
    <facets color="1e1e1e">
        <f v="38 68 69" fn="-1 0 0">
            <n d="-1 -0 -0"/>
            <n d="-1 -0 -0"/>
            <n d="-1 -0 -0"/>
        </f>
        <f v="53 67 68" fn="-1 0 0">
            <n d="-1 -0 -0"/>
            <n d="-1 -0 -0"/>
            <n d="-1 -0 -0"/>
        </f>
        <f v="54 14 67" fn="-1 -0 -0">
            <n d="-1 -0 -0"/>
            <n d="-1 -0 -0"/>
            <n d="-1 -0 -0"/>
        </f>
        <f v="53 54 67" fn="-1 -0 -0">
            <n d="-1 -0 -0"/>
            <n d="-1 -0 -0"/>
            <n d="-1 -0 -0"/>
        </f>
        <f v="65 53 68" fn="-1 0 0">
            <n d="-1 -0 -0"/>
            <n d="-1 -0 -0"/>
            <n d="-1 -0 -0"/>
        </f>
        <f v="66 52 53" fn="-1 -0 -0">
            <n d="-1 -0 -0"/>
            <n d="-1 -0 -0"/>
            <n d="-1 -0 -0"/>
        </f>
        <f v="66 15 52" fn="-1 0 -0">
            <n d="-1 -0 -0"/>
            <n d="-1 -0 -0"/>
            <n d="-1 -0 -0"/>
        </f>
        <f v="65 66 53" fn="-1 0 -0">
            <n d="-1 -0 -0"/>
            <n d="-1 -0 -0"/>
            <n d="-1 -0 -0"/>
        </f>
        <f v="38 65 68" fn="-1 0 0">
            <n d="-1 -0 -0"/>
            <n d="-1 -0 -0"/>
            <n d="-1 -0 -0"/>
        </f>
        <f v="39 38 69" fn="-1 0 -0">
            <n d="-1 -0 -0"/>
            <n d="-1 -0 -0"/>
            <n d="-1 -0 -0"/>
        </f>
        <f v="37 12 64" fn="-1 0 0">
            <n d="-1 -0 -0"/>
            <n d="-1 -0 -0"/>
            <n d="-1 -0 -0"/>
        </f>
        <f v="37 64 65" fn="-1 -0 -0">
            <n d="-1 -0 -0"/>
            <n d="-1 -0 -0"/>
            <n d="-1 -0 -0"/>
        </f>
        <f v="38 37 65" fn="-1 -0 -0">
            <n d="-1 -0 -0"/>
            <n d="-1 -0 -0"/>
            <n d="-1 -0 -0"/>
        </f>
        <f v="39 69 13" fn="-1 0 0">
            <n d="-1 -0 -0"/>
            <n d="-1 -0 -0"/>
            <n d="-1 -0 -0"/>
        </f>
    </facets>
    <facets color="1e1e1e">
        <f v="68 41 40" fn="0 0 -1">
            <n d="-0 -0 -1"/>
            <n d="-0 -0 -1"/>
            <n d="-0 -0 -1"/>
        </f>
        <f v="22 42 41" fn="-0 -0 -1">
            <n d="-0 -0 -1"/>
            <n d="-0 -0 -1"/>
            <n d="-0 -0 -1"/>
        </f>
        <f v="22 10 42" fn="-0 -0 -1">
            <n d="-0 -0 -1"/>
            <n d="-0 -0 -1"/>
            <n d="-0 -0 -1"/>
        </f>
        <f v="23 22 41" fn="-0 -0 -1">
            <n d="-0 -0 -1"/>
            <n d="-0 -0 -1"/>
            <n d="-0 -0 -1"/>
        </f>
        <f v="50 23 41" fn="0 0 -1">
            <n d="-0 -0 -1"/>
            <n d="-0 -0 -1"/>
            <n d="-0 -0 -1"/>
        </f>
        <f v="49 24 23" fn="-0 -0 -1">
            <n d="-0 -0 -1"/>
            <n d="-0 -0 -1"/>
            <n d="-0 -0 -1"/>
        </f>
        <f v="49 11 24" fn="0 -0 -1">
            <n d="-0 -0 -1"/>
            <n d="-0 -0 -1"/>
            <n d="-0 -0 -1"/>
        </f>
        <f v="50 49 23" fn="0 -0 -1">
            <n d="-0 -0 -1"/>
            <n d="-0 -0 -1"/>
            <n d="-0 -0 -1"/>
        </f>
        <f v="68 50 41" fn="0 0 -1">
            <n d="-0 -0 -1"/>
            <n d="-0 -0 -1"/>
            <n d="-0 -0 -1"/>
        </f>
        <f v="67 51 50" fn="-0 -0 -1">
            <n d="-0 -0 -1"/>
            <n d="-0 -0 -1"/>
            <n d="-0 -0 -1"/>
        </f>
        <f v="67 14 51" fn="-0 -0 -1">
            <n d="-0 -0 -1"/>
            <n d="-0 -0 -1"/>
            <n d="-0 -0 -1"/>
        </f>
        <f v="69 68 40" fn="0 -0 -1">
            <n d="-0 -0 -1"/>
            <n d="-0 -0 -1"/>
            <n d="-0 -0 -1"/>
        </f>
        <f v="68 67 50" fn="-0 -0 -1">
            <n d="-0 -0 -1"/>
            <n d="-0 -0 -1"/>
            <n d="-0 -0 -1"/>
        </f>
        <f v="69 40 13" fn="0 0 -1">
            <n d="-0 -0 -1"/>
            <n d="-0 -0 -1"/>
            <n d="-0 -0 -1"/>
        </f>
    </facets>
    <facets color="1e1e1e">
        <f v="62 1 63" fn="-1 -0 0">
            <n d="-1 -1.0842021724855e-016 0"/>
            <n d="-1 -1.0842021724855e-016 0"/>
            <n d="-1 -1.0842021724855e-016 0"/>
        </f>
        <f v="71 1 62" fn="-1 -0 0">
            <n d="-1 -1.0842021724855e-016 0"/>
            <n d="-1 -1.0842021724855e-016 0"/>
            <n d="-1 -1.0842021724855e-016 0"/>
        </f>
        <f v="3 62 61" fn="-1 0 0">
            <n d="-1 -1.0842021724855e-016 0"/>
            <n d="-1 -1.0842021724855e-016 0"/>
            <n d="-1 -1.0842021724855e-016 0"/>
        </f>
        <f v="71 62 3" fn="-1 0 0">
            <n d="-1 -1.0842021724855e-016 0"/>
            <n d="-1 -1.0842021724855e-016 0"/>
            <n d="-1 -1.0842021724855e-016 0"/>
        </f>
        <f v="71 3 70" fn="-1 0 0">
            <n d="-1 -1.0842021724855e-016 0"/>
            <n d="-1 -1.0842021724855e-016 0"/>
            <n d="-1 -1.0842021724855e-016 0"/>
        </f>
        <f v="72 1 71" fn="-1 -0 0">
            <n d="-1 -1.0842021724855e-016 0"/>
            <n d="-1 -1.0842021724855e-016 0"/>
            <n d="-1 -1.0842021724855e-016 0"/>
        </f>
    </facets>
    <facets color="1e1e1e">
        <f v="36 65 64" fn="0 0 1">
            <n d="-0 -0 1"/>
            <n d="-0 -0 1"/>
            <n d="-0 -0 1"/>
        </f>
        <f v="55 66 65" fn="-0 -0 1">
            <n d="-0 -0 1"/>
            <n d="-0 -0 1"/>
            <n d="-0 -0 1"/>
        </f>
        <f v="55 15 66" fn="0 -0 1">
            <n d="-0 -0 1"/>
            <n d="-0 -0 1"/>
            <n d="-0 -0 1"/>
        </f>
        <f v="56 55 65" fn="0 -0 1">
            <n d="-0 -0 1"/>
            <n d="-0 -0 1"/>
            <n d="-0 -0 1"/>
        </f>
        <f v="71 56 65" fn="0 0 1">
            <n d="-0 -0 1"/>
            <n d="-0 -0 1"/>
            <n d="-0 -0 1"/>
        </f>
        <f v="70 57 56" fn="-0 -0 1">
            <n d="-0 -0 1"/>
            <n d="-0 -0 1"/>
            <n d="-0 -0 1"/>
        </f>
        <f v="70 3 57" fn="-0.000571428466705506 -0.000199999963346927 0.999999816734744">
            <n d="-0 -0 1"/>
            <n d="-0 -0 1"/>
            <n d="-0 -0 1"/>
        </f>
        <f v="71 70 56" fn="-0 -0 1">
            <n d="-0 -0 1"/>
            <n d="-0 -0 1"/>
            <n d="-0 -0 1"/>
        </f>
        <f v="35 71 65" fn="0 -0 1">
            <n d="-0 -0 1"/>
            <n d="-0 -0 1"/>
            <n d="-0 -0 1"/>
        </f>
        <f v="36 35 65" fn="-0 -0 1">
            <n d="-0 -0 1"/>
            <n d="-0 -0 1"/>
            <n d="-0 -0 1"/>
        </f>
        <f v="34 1 72" fn="-0.000571428466705506 0.000199999963346927 0.999999816734744">
            <n d="-0 -0 1"/>
            <n d="-0 -0 1"/>
            <n d="-0 -0 1"/>
        </f>
        <f v="34 72 71" fn="-0 -0 1">
            <n d="-0 -0 1"/>
            <n d="-0 -0 1"/>
            <n d="-0 -0 1"/>
        </f>
        <f v="35 34 71" fn="-0 -0 1">
            <n d="-0 -0 1"/>
            <n d="-0 -0 1"/>
            <n d="-0 -0 1"/>
        </f>
        <f v="36 64 12" fn="0 0 1">
            <n d="-0 -0 1"/>
            <n d="-0 -0 1"/>
            <n d="-0 -0 1"/>
        </f>
    </facets>
    <facets color="1e1e1e">
        <f v="74 73 2" fn="1 0 0">
            <n d="1 1.0842021724855e-016 -0"/>
            <n d="1 1.0842021724855e-016 -0"/>
            <n d="1 1.0842021724855e-016 -0"/>
        </f>
        <f v="59 74 2" fn="1 0 0">
            <n d="1 1.0842021724855e-016 -0"/>
            <n d="1 1.0842021724855e-016 -0"/>
            <n d="1 1.0842021724855e-016 -0"/>
        </f>
        <f v="0 75 74" fn="1 -0 -0">
            <n d="1 1.0842021724855e-016 -0"/>
            <n d="1 1.0842021724855e-016 -0"/>
            <n d="1 1.0842021724855e-016 -0"/>
        </f>
        <f v="59 0 74" fn="1 -0 0">
            <n d="1 1.0842021724855e-016 -0"/>
            <n d="1 1.0842021724855e-016 -0"/>
            <n d="1 1.0842021724855e-016 -0"/>
        </f>
        <f v="59 60 0" fn="1 0 -0">
            <n d="1 1.0842021724855e-016 -0"/>
            <n d="1 1.0842021724855e-016 -0"/>
            <n d="1 1.0842021724855e-016 -0"/>
        </f>
        <f v="58 59 2" fn="1 0 0">
            <n d="1 1.0842021724855e-016 -0"/>
            <n d="1 1.0842021724855e-016 -0"/>
            <n d="1 1.0842021724855e-016 -0"/>
        </f>
    </facets>
    <facets color="1e1e1e">
        <f v="74 28 29" fn="-0 -0 1">
            <n d="0 0 1"/>
            <n d="0 0 1"/>
            <n d="0 0 1"/>
        </f>
        <f v="17 29 30" fn="-0 -0 1">
            <n d="0 0 1"/>
            <n d="0 0 1"/>
            <n d="0 0 1"/>
        </f>
        <f v="16 30 8" fn="0 0 1">
            <n d="0 0 1"/>
            <n d="0 0 1"/>
            <n d="0 0 1"/>
        </f>
        <f v="17 30 16" fn="0 0 1">
            <n d="0 0 1"/>
            <n d="0 0 1"/>
            <n d="0 0 1"/>
        </f>
        <f v="47 29 17" fn="-0 -0 1">
            <n d="0 0 1"/>
            <n d="0 0 1"/>
            <n d="0 0 1"/>
        </f>
        <f v="46 17 18" fn="0 0 1">
            <n d="0 0 1"/>
            <n d="0 0 1"/>
            <n d="0 0 1"/>
        </f>
        <f v="46 18 9" fn="-0 0 1">
            <n d="0 0 1"/>
            <n d="0 0 1"/>
            <n d="0 0 1"/>
        </f>
        <f v="47 17 46" fn="-0 0 1">
            <n d="0 0 1"/>
            <n d="0 0 1"/>
            <n d="0 0 1"/>
        </f>
        <f v="74 29 47" fn="-0 -0 1">
            <n d="0 0 1"/>
            <n d="0 0 1"/>
            <n d="0 0 1"/>
        </f>
        <f v="73 47 48" fn="0 0 1">
            <n d="0 0 1"/>
            <n d="0 0 1"/>
            <n d="0 0 1"/>
        </f>
        <f v="73 48 2" fn="0.000571428466705506 -0.000199999963346927 0.999999816734744">
            <n d="0 0 1"/>
            <n d="0 0 1"/>
            <n d="0 0 1"/>
        </f>
        <f v="75 28 74" fn="-0 0 1">
            <n d="0 0 1"/>
            <n d="0 0 1"/>
            <n d="0 0 1"/>
        </f>
        <f v="74 47 73" fn="0 0 1">
            <n d="0 0 1"/>
            <n d="0 0 1"/>
            <n d="0 0 1"/>
        </f>
        <f v="75 0 28" fn="0.000571428466705506 0.000199999963346927 0.999999816734744">
            <n d="0 0 1"/>
            <n d="0 0 1"/>
            <n d="0 0 1"/>
        </f>
    </facets>
</shell>
<shell id="id321" color="dbdbdb">
    <verts>
        <v p="1 0.349999999999996 0.0001"/>
        <v p="1 -0.350000000000024 0.0001"/>
        <v p="1 -0.350000000000024 0.0001"/>
        <v p="-1 -0.350000000000024 0.0001"/>
        <v p="-1 -0.350000000000024 0.0001"/>
        <v p="-1 0.349999999999996 0.0001"/>
        <v p="-1 0.349999999999996 0.0001"/>
        <v p="1 0.349999999999996 0.0001"/>
        <v p="1 0.174999999999991 0"/>
        <v p="1 -1.40165656858926e-014 0"/>
        <v p="1 -0.175000000000019 0"/>
        <v p="1 0.174999999999991 0.0002"/>
        <v p="1 -1.40165656858926e-014 0.0002"/>
        <v p="1 -0.175000000000019 0.0002"/>
        <v p="0.5 -0.350000000000024 0"/>
        <v p="0 -0.350000000000024 0"/>
        <v p="-0.5 -0.350000000000024 0"/>
        <v p="0.5 -0.350000000000024 0.0002"/>
        <v p="0 -0.350000000000024 0.0002"/>
        <v p="-0.5 -0.350000000000024 0.0002"/>
        <v p="-1 -0.175000000000019 0"/>
        <v p="-1 -1.40165656858926e-014 0"/>
        <v p="-1 0.174999999999991 0"/>
        <v p="-1 -0.175000000000019 0.0002"/>
        <v p="-1 -1.40165656858926e-014 0.0002"/>
        <v p="-1 0.174999999999991 0.0002"/>
        <v p="-0.5 0.349999999999996 0"/>
        <v p="0 0.349999999999996 0"/>
        <v p="0.5 0.349999999999996 0"/>
        <v p="-0.5 0.349999999999996 0.0002"/>
        <v p="0 0.349999999999996 0.0002"/>
        <v p="0.5 0.349999999999996 0.0002"/>
    </verts>
    <facets color="dbdbdb">
        <f v="9 1 10" fn="1 0 0">
            <n d="1 0 0"/>
            <n d="1 0 0"/>
            <n d="1 0 0"/>
        </f>
        <f v="0 1 9" fn="1 0 -0">
            <n d="1 0 0"/>
            <n d="1 0 0"/>
            <n d="1 0 0"/>
        </f>
        <f v="0 9 8" fn="1 0 0">
            <n d="1 0 0"/>
            <n d="1 0 0"/>
            <n d="1 0 0"/>
        </f>
        <f v="12 1 0" fn="1 -0 0">
            <n d="1 0 0"/>
            <n d="1 0 0"/>
            <n d="1 0 0"/>
        </f>
        <f v="12 0 11" fn="1 -0 0">
            <n d="1 0 0"/>
            <n d="1 0 0"/>
            <n d="1 0 0"/>
        </f>
        <f v="13 1 12" fn="1 -0 0">
            <n d="1 0 0"/>
            <n d="1 0 0"/>
            <n d="1 0 0"/>
        </f>
    </facets>
    <facets color="dbdbdb">
        <f v="15 3 16" fn="0 -1 0">
            <n d="0 -1 0"/>
            <n d="0 -1 0"/>
            <n d="0 -1 0"/>
        </f>
        <f v="1 3 15" fn="-0 -1 -0">
            <n d="0 -1 0"/>
            <n d="0 -1 0"/>
            <n d="0 -1 0"/>
        </f>
        <f v="1 15 14" fn="0 -1 0">
            <n d="0 -1 0"/>
            <n d="0 -1 0"/>
            <n d="0 -1 0"/>
        </f>
        <f v="18 3 1" fn="-0 -1 -0">
            <n d="0 -1 0"/>
            <n d="0 -1 0"/>
            <n d="0 -1 0"/>
        </f>
        <f v="18 1 17" fn="0 -1 0">
            <n d="0 -1 0"/>
            <n d="0 -1 0"/>
            <n d="0 -1 0"/>
        </f>
        <f v="19 3 18" fn="0 -1 -0">
            <n d="0 -1 0"/>
            <n d="0 -1 0"/>
            <n d="0 -1 0"/>
        </f>
    </facets>
    <facets color="dbdbdb">
        <f v="21 5 22" fn="-1 -0 -0">
            <n d="-1 0 0"/>
            <n d="-1 0 0"/>
            <n d="-1 0 0"/>
        </f>
        <f v="3 5 21" fn="-1 0 -0">
            <n d="-1 0 0"/>
            <n d="-1 0 0"/>
            <n d="-1 0 0"/>
        </f>
        <f v="3 21 20" fn="-1 0 0">
            <n d="-1 0 0"/>
            <n d="-1 0 0"/>
            <n d="-1 0 0"/>
        </f>
        <f v="24 5 3" fn="-1 -0 -0">
            <n d="-1 0 0"/>
            <n d="-1 0 0"/>
            <n d="-1 0 0"/>
        </f>
        <f v="24 3 23" fn="-1 -0 0">
            <n d="-1 0 0"/>
            <n d="-1 0 0"/>
            <n d="-1 0 0"/>
        </f>
        <f v="25 5 24" fn="-1 -0 -0">
            <n d="-1 0 0"/>
            <n d="-1 0 0"/>
            <n d="-1 0 0"/>
        </f>
    </facets>
    <facets color="dbdbdb">
        <f v="27 0 28" fn="-0 1 -0">
            <n d="0 1 0"/>
            <n d="0 1 0"/>
            <n d="0 1 0"/>
        </f>
        <f v="5 0 27" fn="-0 1 -0">
            <n d="0 1 0"/>
            <n d="0 1 0"/>
            <n d="0 1 0"/>
        </f>
        <f v="5 27 26" fn="0 1 0">
            <n d="0 1 0"/>
            <n d="0 1 0"/>
            <n d="0 1 0"/>
        </f>
        <f v="30 0 5" fn="-0 1 0">
            <n d="0 1 0"/>
            <n d="0 1 0"/>
            <n d="0 1 0"/>
        </f>
        <f v="30 5 29" fn="0 1 0">
            <n d="0 1 0"/>
            <n d="0 1 0"/>
            <n d="0 1 0"/>
        </f>
        <f v="31 0 30" fn="0 1 0">
            <n d="0 1 0"/>
            <n d="0 1 0"/>
            <n d="0 1 0"/>
        </f>
    </facets>
    <facets color="dbdbdb">
        <f v="13 18 17" fn="0 0 1">
            <n d="-0 -0 1"/>
            <n d="-0 -0 1"/>
            <n d="-0 -0 1"/>
        </f>
        <f v="23 19 18" fn="-0 -0 1">
            <n d="-0 -0 1"/>
            <n d="-0 -0 1"/>
            <n d="-0 -0 1"/>
        </f>
        <f v="23 3 19" fn="-0.000199999963346949 -0.000571428466705552 0.999999816734744">
            <n d="-0 -0 1"/>
            <n d="-0 -0 1"/>
            <n d="-0 -0 1"/>
        </f>
        <f v="24 23 18" fn="-0 -0 1">
            <n d="-0 -0 1"/>
            <n d="-0 -0 1"/>
            <n d="-0 -0 1"/>
        </f>
        <f v="12 24 18" fn="0 0 1">
            <n d="-0 -0 1"/>
            <n d="-0 -0 1"/>
            <n d="-0 -0 1"/>
        </f>
        <f v="30 25 24" fn="0 0 1">
            <n d="-0 -0 1"/>
            <n d="-0 -0 1"/>
            <n d="-0 -0 1"/>
        </f>
        <f v="29 5 25" fn="-0.000199999963346949 0.000571428466705552 0.999999816734744">
            <n d="-0 -0 1"/>
            <n d="-0 -0 1"/>
            <n d="-0 -0 1"/>
        </f>
        <f v="30 29 25" fn="0 -0 1">
            <n d="-0 -0 1"/>
            <n d="-0 -0 1"/>
            <n d="-0 -0 1"/>
        </f>
        <f v="12 30 24" fn="-0 -0 1">
            <n d="-0 -0 1"/>
            <n d="-0 -0 1"/>
            <n d="-0 -0 1"/>
        </f>
        <f v="11 31 30" fn="-0 -0 1">
            <n d="-0 -0 1"/>
            <n d="-0 -0 1"/>
            <n d="-0 -0 1"/>
        </f>
        <f v="11 0 31" fn="0.000199999963346949 0.000571428466705552 0.999999816734744">
            <n d="-0 -0 1"/>
            <n d="-0 -0 1"/>
            <n d="-0 -0 1"/>
        </f>
        <f v="13 12 18" fn="0 -0 1">
            <n d="-0 -0 1"/>
            <n d="-0 -0 1"/>
            <n d="-0 -0 1"/>
        </f>
        <f v="12 11 30" fn="-0 -0 1">
            <n d="-0 -0 1"/>
            <n d="-0 -0 1"/>
            <n d="-0 -0 1"/>
        </f>
        <f v="13 17 1" fn="0.000199999963346949 -0.000571428466705552 0.999999816734744">
            <n d="-0 -0 1"/>
            <n d="-0 -0 1"/>
            <n d="-0 -0 1"/>
        </f>
    </facets>
    <facets color="dbdbdb">
        <f v="27 8 9" fn="-0 -0 -1">
            <n d="0 0 -1"/>
            <n d="0 0 -1"/>
            <n d="0 0 -1"/>
        </f>
        <f v="14 10 1" fn="0.000199999963346949 -0.000571428466705552 -0.999999816734744">
            <n d="0 0 -1"/>
            <n d="0 0 -1"/>
            <n d="0 0 -1"/>
        </f>
        <f v="15 9 10" fn="-0 -0 -1">
            <n d="0 0 -1"/>
            <n d="0 0 -1"/>
            <n d="0 0 -1"/>
        </f>
        <f v="15 10 14" fn="0 0 -1">
            <n d="0 0 -1"/>
            <n d="0 0 -1"/>
            <n d="0 0 -1"/>
        </f>
        <f v="21 9 15" fn="0 -0 -1">
            <n d="0 0 -1"/>
            <n d="0 0 -1"/>
            <n d="0 0 -1"/>
        </f>
        <f v="20 15 16" fn="0 0 -1">
            <n d="0 0 -1"/>
            <n d="0 0 -1"/>
            <n d="0 0 -1"/>
        </f>
        <f v="20 16 3" fn="-0.000199999963346949 -0.000571428466705552 -0.999999816734744">
            <n d="0 0 -1"/>
            <n d="0 0 -1"/>
            <n d="0 0 -1"/>
        </f>
        <f v="21 15 20" fn="0 0 -1">
            <n d="0 0 -1"/>
            <n d="0 0 -1"/>
            <n d="0 0 -1"/>
        </f>
        <f v="27 9 21" fn="-0 -0 -1">
            <n d="0 0 -1"/>
            <n d="0 0 -1"/>
            <n d="0 0 -1"/>
        </f>
        <f v="27 21 22" fn="-0 -0 -1">
            <n d="0 0 -1"/>
            <n d="0 0 -1"/>
            <n d="0 0 -1"/>
        </f>
        <f v="26 22 5" fn="-0.000199999963346949 0.000571428466705552 -0.999999816734744">
            <n d="0 0 -1"/>
            <n d="0 0 -1"/>
            <n d="0 0 -1"/>
        </f>
        <f v="28 8 27" fn="-0 -0 -1">
            <n d="0 0 -1"/>
            <n d="0 0 -1"/>
            <n d="0 0 -1"/>
        </f>
        <f v="27 22 26" fn="-0 0 -1">
            <n d="0 0 -1"/>
            <n d="0 0 -1"/>
            <n d="0 0 -1"/>
        </f>
        <f v="28 0 8" fn="0.000199999963346949 0.000571428466705552 -0.999999816734744">
            <n d="0 0 -1"/>
            <n d="0 0 -1"/>
            <n d="0 0 -1"/>
        </f>
    </facets>
</shell>
</step-assembly>
