<?xml version="1.0" encoding="UTF-8" ?>
<step-assembly root="id832">
<product id="id832" name="WE-VS_0805" shape="id482" children="id834 id834 id833"/>
<product id="id834" name="SolderPad" shape="id483"/>
<product id="id833" name="base" shape="id481"/>
<shape id="id482" unit="mm 0.001000">
    <child ref="id481" xform="1 0 0 0 0 1 0 0 0 0 1 0 0 0 0 1"/>
    <child ref="id483" xform="1 0 0 0 0 1 0 0 0 0 1 0 0.75 0 0 1"/>
    <child ref="id483" xform="-1 0 0 0 0 1 -2.22045e-016 0 0 -2.22045e-016 -1 0 -0.75 -2.1684e-016 0.9 1"/>
</shape>
<shape id="id481" unit="mm 0.001000">
    <child ref="id36" xform="1 0 0 0 0 1 0 0 0 0 1 0 0 0 0 1"/>
</shape>
<shape id="id36" unit="mm 0.001000" shell="id476"/>
<shape id="id483" unit="mm 0.001000">
    <child ref="id37" xform="1 0 0 0 0 1 0 0 0 0 1 0 0 0 0 1"/>
</shape>
<shape id="id37" unit="mm 0.001000" shell="id477"/>
<shell id="id476" color="333333">
    <verts>
        <v p="-0.5 -0.625 0.89"/>
        <v p="-0.5 -0.625 0.01"/>
        <v p="0.5 -0.625 0.01"/>
        <v p="0.5 -0.625 0.89"/>
        <v p="0.5 -0.615 0"/>
        <v p="0.5 0.615 0"/>
        <v p="-0.5 -0.615 0"/>
        <v p="-0.5 0.615 0"/>
        <v p="-0.5 0.625 0.01"/>
        <v p="-0.5 0.625 0.89"/>
        <v p="0.5 0.625 0.89"/>
        <v p="0.5 0.625 0.01"/>
        <v p="0.5 0.615 0.9"/>
        <v p="0.5 -0.615 0.9"/>
        <v p="-0.5 0.615 0.9"/>
        <v p="-0.5 -0.615 0.9"/>
        <v p="-0.5 -0.625 0.67"/>
        <v p="-0.5 -0.625 0.45"/>
        <v p="-0.5 -0.625 0.23"/>
        <v p="-0.25 -0.625 0.01"/>
        <v p="0 -0.625 0.01"/>
        <v p="0.25 -0.625 0.01"/>
        <v p="0.5 -0.625 0.67"/>
        <v p="0.5 -0.625 0.45"/>
        <v p="0.5 -0.625 0.23"/>
        <v p="0.25 -0.625 0.89"/>
        <v p="0 -0.625 0.89"/>
        <v p="-0.25 -0.625 0.89"/>
        <v p="0.5 -0.3075 0"/>
        <v p="0.5 0 0"/>
        <v p="0.5 0.3075 0"/>
        <v p="0.25 -0.615 0"/>
        <v p="0 -0.615 0"/>
        <v p="-0.25 -0.615 0"/>
        <v p="-0.5 -0.3075 0"/>
        <v p="-0.5 0 0"/>
        <v p="-0.5 0.3075 0"/>
        <v p="-0.25 0.615 0"/>
        <v p="0 0.615 0"/>
        <v p="0.25 0.615 0"/>
        <v p="-0.5 0.625 0.23"/>
        <v p="-0.5 0.625 0.45"/>
        <v p="-0.5 0.625 0.67"/>
        <v p="-0.25 0.625 0.89"/>
        <v p="0 0.625 0.89"/>
        <v p="0.25 0.625 0.89"/>
        <v p="0.5 0.625 0.23"/>
        <v p="0.5 0.625 0.45"/>
        <v p="0.5 0.625 0.67"/>
        <v p="0.25 0.625 0.01"/>
        <v p="0 0.625 0.01"/>
        <v p="-0.25 0.625 0.01"/>
        <v p="0.5 0.3075 0.9"/>
        <v p="0.5 0 0.9"/>
        <v p="0.5 -0.3075 0.9"/>
        <v p="0.25 0.615 0.9"/>
        <v p="0 0.615 0.9"/>
        <v p="-0.25 0.615 0.9"/>
        <v p="-0.5 0.3075 0.9"/>
        <v p="-0.5 0 0.9"/>
        <v p="-0.5 -0.3075 0.9"/>
        <v p="-0.25 -0.615 0.9"/>
        <v p="0 -0.615 0.9"/>
        <v p="0.25 -0.615 0.9"/>
        <v p="0.5 -0.624092596172405 0.0058377055791831"/>
        <v p="0.5 -0.62126385597143 0.00220486636617532"/>
        <v p="0.5 -0.617216937800102 0.000248836644252072"/>
        <v p="0.5 0.619162294420817 0.000907403827594865"/>
        <v p="0.5 0.622795133633825 0.00373614402857032"/>
        <v p="0.5 0.624751163355748 0.0077830621998985"/>
        <v p="0.5 0.624092596172405 0.894162294420817"/>
        <v p="0.5 0.62126385597143 0.897795133633825"/>
        <v p="0.5 0.617216937800102 0.899751163355748"/>
        <v p="0.5 -0.619162294420817 0.899092596172405"/>
        <v p="0.5 -0.622795133633825 0.89626385597143"/>
        <v p="0.5 -0.624751163355748 0.892216937800101"/>
        <v p="-0.5 -0.617216937800102 0.000248836644252072"/>
        <v p="-0.5 -0.62126385597143 0.00220486636617532"/>
        <v p="-0.5 -0.624092596172405 0.0058377055791831"/>
        <v p="-0.5 -0.624751163355748 0.892216937800101"/>
        <v p="-0.5 -0.622795133633825 0.89626385597143"/>
        <v p="-0.5 -0.619162294420817 0.899092596172405"/>
        <v p="-0.5 0.617216937800102 0.899751163355748"/>
        <v p="-0.5 0.62126385597143 0.897795133633825"/>
        <v p="-0.5 0.624092596172405 0.894162294420817"/>
        <v p="-0.5 0.624751163355748 0.0077830621998985"/>
        <v p="-0.5 0.622795133633825 0.00373614402857032"/>
        <v p="-0.5 0.619162294420817 0.000907403827594864"/>
    </verts>
    <facets color="333333">
        <f v="16 26 27" fn="0 -1 0">
            <n d="-0 -1 -0"/>
            <n d="-0 -1 -0"/>
            <n d="-0 -1 -0"/>
        </f>
        <f v="22 25 26" fn="-0 -1 -0">
            <n d="-0 -1 -0"/>
            <n d="-0 -1 -0"/>
            <n d="-0 -1 -0"/>
        </f>
        <f v="22 3 25" fn="-0 -1 0">
            <n d="-0 -1 -0"/>
            <n d="-0 -1 -0"/>
            <n d="-0 -1 -0"/>
        </f>
        <f v="23 22 26" fn="-0 -1 0">
            <n d="-0 -1 -0"/>
            <n d="-0 -1 -0"/>
            <n d="-0 -1 -0"/>
        </f>
        <f v="20 23 26" fn="0 -1 0">
            <n d="-0 -1 -0"/>
            <n d="-0 -1 -0"/>
            <n d="-0 -1 -0"/>
        </f>
        <f v="21 24 23" fn="-0 -1 -0">
            <n d="-0 -1 -0"/>
            <n d="-0 -1 -0"/>
            <n d="-0 -1 -0"/>
        </f>
        <f v="21 2 24" fn="-0 -1 -0">
            <n d="-0 -1 -0"/>
            <n d="-0 -1 -0"/>
            <n d="-0 -1 -0"/>
        </f>
        <f v="20 21 23" fn="-0 -1 -0">
            <n d="-0 -1 -0"/>
            <n d="-0 -1 -0"/>
            <n d="-0 -1 -0"/>
        </f>
        <f v="17 20 26" fn="0 -1 0">
            <n d="-0 -1 -0"/>
            <n d="-0 -1 -0"/>
            <n d="-0 -1 -0"/>
        </f>
        <f v="16 17 26" fn="0 -1 -0">
            <n d="-0 -1 -0"/>
            <n d="-0 -1 -0"/>
            <n d="-0 -1 -0"/>
        </f>
        <f v="18 1 19" fn="0 -1 0">
            <n d="-0 -1 -0"/>
            <n d="-0 -1 -0"/>
            <n d="-0 -1 -0"/>
        </f>
        <f v="18 19 20" fn="-0 -1 -0">
            <n d="-0 -1 -0"/>
            <n d="-0 -1 -0"/>
            <n d="-0 -1 -0"/>
        </f>
        <f v="17 18 20" fn="-0 -1 -0">
            <n d="-0 -1 -0"/>
            <n d="-0 -1 -0"/>
            <n d="-0 -1 -0"/>
        </f>
        <f v="16 27 0" fn="0 -1 0">
            <n d="-0 -1 -0"/>
            <n d="-0 -1 -0"/>
            <n d="-0 -1 -0"/>
        </f>
    </facets>
    <facets color="333333">
        <f v="29 38 39" fn="0 0 -1">
            <n d="-0 -0 -1"/>
            <n d="-0 -0 -1"/>
            <n d="-0 -0 -1"/>
        </f>
        <f v="36 7 37" fn="0 0 -1">
            <n d="-0 -0 -1"/>
            <n d="-0 -0 -1"/>
            <n d="-0 -0 -1"/>
        </f>
        <f v="36 37 38" fn="-0 -0 -1">
            <n d="-0 -0 -1"/>
            <n d="-0 -0 -1"/>
            <n d="-0 -0 -1"/>
        </f>
        <f v="35 36 38" fn="-0 -0 -1">
            <n d="-0 -0 -1"/>
            <n d="-0 -0 -1"/>
            <n d="-0 -0 -1"/>
        </f>
        <f v="32 35 38" fn="0 0 -1">
            <n d="-0 -0 -1"/>
            <n d="-0 -0 -1"/>
            <n d="-0 -0 -1"/>
        </f>
        <f v="33 34 35" fn="-0 -0 -1">
            <n d="-0 -0 -1"/>
            <n d="-0 -0 -1"/>
            <n d="-0 -0 -1"/>
        </f>
        <f v="33 6 34" fn="-0 -0 -1">
            <n d="-0 -0 -1"/>
            <n d="-0 -0 -1"/>
            <n d="-0 -0 -1"/>
        </f>
        <f v="32 33 35" fn="-0 -0 -1">
            <n d="-0 -0 -1"/>
            <n d="-0 -0 -1"/>
            <n d="-0 -0 -1"/>
        </f>
        <f v="29 32 38" fn="-0 0 -1">
            <n d="-0 -0 -1"/>
            <n d="-0 -0 -1"/>
            <n d="-0 -0 -1"/>
        </f>
        <f v="30 29 39" fn="-0 -0 -1">
            <n d="-0 -0 -1"/>
            <n d="-0 -0 -1"/>
            <n d="-0 -0 -1"/>
        </f>
        <f v="28 4 31" fn="0 -0 -1">
            <n d="-0 -0 -1"/>
            <n d="-0 -0 -1"/>
            <n d="-0 -0 -1"/>
        </f>
        <f v="29 31 32" fn="0 0 -1">
            <n d="-0 -0 -1"/>
            <n d="-0 -0 -1"/>
            <n d="-0 -0 -1"/>
        </f>
        <f v="29 28 31" fn="-0 -0 -1">
            <n d="-0 -0 -1"/>
            <n d="-0 -0 -1"/>
            <n d="-0 -0 -1"/>
        </f>
        <f v="30 39 5" fn="0 0 -1">
            <n d="-0 -0 -1"/>
            <n d="-0 -0 -1"/>
            <n d="-0 -0 -1"/>
        </f>
    </facets>
    <facets color="333333">
        <f v="41 50 51" fn="0 1 0">
            <n d="-0 1 -0"/>
            <n d="-0 1 -0"/>
            <n d="-0 1 -0"/>
        </f>
        <f v="46 49 50" fn="-0 1 -0">
            <n d="-0 1 -0"/>
            <n d="-0 1 -0"/>
            <n d="-0 1 -0"/>
        </f>
        <f v="46 11 49" fn="-0 1 0">
            <n d="-0 1 -0"/>
            <n d="-0 1 -0"/>
            <n d="-0 1 -0"/>
        </f>
        <f v="47 46 50" fn="-0 1 0">
            <n d="-0 1 -0"/>
            <n d="-0 1 -0"/>
            <n d="-0 1 -0"/>
        </f>
        <f v="44 47 50" fn="0 1 0">
            <n d="-0 1 -0"/>
            <n d="-0 1 -0"/>
            <n d="-0 1 -0"/>
        </f>
        <f v="44 48 47" fn="0 1 0">
            <n d="-0 1 -0"/>
            <n d="-0 1 -0"/>
            <n d="-0 1 -0"/>
        </f>
        <f v="45 10 48" fn="-0 1 -0">
            <n d="-0 1 -0"/>
            <n d="-0 1 -0"/>
            <n d="-0 1 -0"/>
        </f>
        <f v="44 45 48" fn="-0 1 -0">
            <n d="-0 1 -0"/>
            <n d="-0 1 -0"/>
            <n d="-0 1 -0"/>
        </f>
        <f v="41 44 50" fn="-0 1 0">
            <n d="-0 1 -0"/>
            <n d="-0 1 -0"/>
            <n d="-0 1 -0"/>
        </f>
        <f v="40 41 51" fn="-0 1 -0">
            <n d="-0 1 -0"/>
            <n d="-0 1 -0"/>
            <n d="-0 1 -0"/>
        </f>
        <f v="42 9 43" fn="0 1 0">
            <n d="-0 1 -0"/>
            <n d="-0 1 -0"/>
            <n d="-0 1 -0"/>
        </f>
        <f v="42 43 44" fn="-0 1 -0">
            <n d="-0 1 -0"/>
            <n d="-0 1 -0"/>
            <n d="-0 1 -0"/>
        </f>
        <f v="41 42 44" fn="-0 1 -0">
            <n d="-0 1 -0"/>
            <n d="-0 1 -0"/>
            <n d="-0 1 -0"/>
        </f>
        <f v="40 51 8" fn="0 1 0">
            <n d="-0 1 -0"/>
            <n d="-0 1 -0"/>
            <n d="-0 1 -0"/>
        </f>
    </facets>
    <facets color="333333">
        <f v="53 62 63" fn="0 0 1">
            <n d="-0 -0 1"/>
            <n d="-0 -0 1"/>
            <n d="-0 -0 1"/>
        </f>
        <f v="60 61 62" fn="-0 -0 1">
            <n d="-0 -0 1"/>
            <n d="-0 -0 1"/>
            <n d="-0 -0 1"/>
        </f>
        <f v="60 15 61" fn="-0 -0 1">
            <n d="-0 -0 1"/>
            <n d="-0 -0 1"/>
            <n d="-0 -0 1"/>
        </f>
        <f v="59 60 62" fn="-0 -0 1">
            <n d="-0 -0 1"/>
            <n d="-0 -0 1"/>
            <n d="-0 -0 1"/>
        </f>
        <f v="56 59 62" fn="0 0 1">
            <n d="-0 -0 1"/>
            <n d="-0 -0 1"/>
            <n d="-0 -0 1"/>
        </f>
        <f v="57 58 59" fn="-0 -0 1">
            <n d="-0 -0 1"/>
            <n d="-0 -0 1"/>
            <n d="-0 -0 1"/>
        </f>
        <f v="57 14 58" fn="0 -0 1">
            <n d="-0 -0 1"/>
            <n d="-0 -0 1"/>
            <n d="-0 -0 1"/>
        </f>
        <f v="56 57 59" fn="0 -0 1">
            <n d="-0 -0 1"/>
            <n d="-0 -0 1"/>
            <n d="-0 -0 1"/>
        </f>
        <f v="53 56 62" fn="0 0 1">
            <n d="-0 -0 1"/>
            <n d="-0 -0 1"/>
            <n d="-0 -0 1"/>
        </f>
        <f v="53 55 56" fn="0 0 1">
            <n d="-0 -0 1"/>
            <n d="-0 -0 1"/>
            <n d="-0 -0 1"/>
        </f>
        <f v="52 12 55" fn="-0 -0 1">
            <n d="-0 -0 1"/>
            <n d="-0 -0 1"/>
            <n d="-0 -0 1"/>
        </f>
        <f v="54 53 63" fn="0 -0 1">
            <n d="-0 -0 1"/>
            <n d="-0 -0 1"/>
            <n d="-0 -0 1"/>
        </f>
        <f v="53 52 55" fn="-0 -0 1">
            <n d="-0 -0 1"/>
            <n d="-0 -0 1"/>
            <n d="-0 -0 1"/>
        </f>
        <f v="54 63 13" fn="0 0 1">
            <n d="-0 -0 1"/>
            <n d="-0 -0 1"/>
            <n d="-0 -0 1"/>
        </f>
    </facets>
    <facets color="333333">
        <f v="54 3 22" fn="1 -0 -0">
            <n d="1 0 0"/>
            <n d="1 0 0"/>
            <n d="1 0 0"/>
        </f>
        <f v="53 22 23" fn="1 -0 -0">
            <n d="1 0 0"/>
            <n d="1 0 0"/>
            <n d="1 0 0"/>
        </f>
        <f v="29 23 24" fn="1 -0 -0">
            <n d="1 0 0"/>
            <n d="1 0 0"/>
            <n d="1 0 0"/>
        </f>
        <f v="28 24 2" fn="1 -0 -0">
            <n d="1 0 0"/>
            <n d="1 0 0"/>
            <n d="1 0 0"/>
        </f>
        <f v="4 2 64" fn="1 -0 -0">
            <n d="1 0 0"/>
            <n d="1 0 0"/>
            <n d="1 0 0"/>
        </f>
        <f v="4 64 65" fn="1 -0 -0">
            <n d="1 0 0"/>
            <n d="1 0 0"/>
            <n d="1 0 0"/>
        </f>
        <f v="4 65 66" fn="1 0 0">
            <n d="1 0 0"/>
            <n d="1 0 0"/>
            <n d="1 0 0"/>
        </f>
        <f v="28 2 4" fn="1 0 0">
            <n d="1 0 0"/>
            <n d="1 0 0"/>
            <n d="1 0 0"/>
        </f>
        <f v="29 24 28" fn="1 0 0">
            <n d="1 0 0"/>
            <n d="1 0 0"/>
            <n d="1 0 0"/>
        </f>
        <f v="47 23 29" fn="1 0 -0">
            <n d="1 0 0"/>
            <n d="1 0 0"/>
            <n d="1 0 0"/>
        </f>
        <f v="46 29 30" fn="1 0 0">
            <n d="1 0 0"/>
            <n d="1 0 0"/>
            <n d="1 0 0"/>
        </f>
        <f v="11 30 5" fn="1 -0 -0">
            <n d="1 0 0"/>
            <n d="1 0 0"/>
            <n d="1 0 0"/>
        </f>
        <f v="68 5 67" fn="1 0 0">
            <n d="1 0 0"/>
            <n d="1 0 0"/>
            <n d="1 0 0"/>
        </f>
        <f v="69 5 68" fn="1 0 0">
            <n d="1 0 0"/>
            <n d="1 0 0"/>
            <n d="1 0 0"/>
        </f>
        <f v="11 5 69" fn="1 0 0">
            <n d="1 0 0"/>
            <n d="1 0 0"/>
            <n d="1 0 0"/>
        </f>
        <f v="46 30 11" fn="1 0 0">
            <n d="1 0 0"/>
            <n d="1 0 0"/>
            <n d="1 0 0"/>
        </f>
        <f v="47 29 46" fn="1 0 0">
            <n d="1 0 0"/>
            <n d="1 0 0"/>
            <n d="1 0 0"/>
        </f>
        <f v="53 23 47" fn="1 -0 0">
            <n d="1 0 0"/>
            <n d="1 0 0"/>
            <n d="1 0 0"/>
        </f>
        <f v="53 47 48" fn="1 -0 -0">
            <n d="1 0 0"/>
            <n d="1 0 0"/>
            <n d="1 0 0"/>
        </f>
        <f v="52 48 10" fn="1 -0 -0">
            <n d="1 0 0"/>
            <n d="1 0 0"/>
            <n d="1 0 0"/>
        </f>
        <f v="12 10 70" fn="1 -0 -0">
            <n d="1 0 0"/>
            <n d="1 0 0"/>
            <n d="1 0 0"/>
        </f>
        <f v="12 70 71" fn="1 -0 -0">
            <n d="1 0 0"/>
            <n d="1 0 0"/>
            <n d="1 0 0"/>
        </f>
        <f v="12 71 72" fn="1 0 0">
            <n d="1 0 0"/>
            <n d="1 0 0"/>
            <n d="1 0 0"/>
        </f>
        <f v="52 10 12" fn="1 -0 0">
            <n d="1 0 0"/>
            <n d="1 0 0"/>
            <n d="1 0 0"/>
        </f>
        <f v="53 48 52" fn="1 -0 0">
            <n d="1 0 0"/>
            <n d="1 0 0"/>
            <n d="1 0 0"/>
        </f>
        <f v="54 22 53" fn="1 -0 0">
            <n d="1 0 0"/>
            <n d="1 0 0"/>
            <n d="1 0 0"/>
        </f>
        <f v="13 3 54" fn="1 -0 0">
            <n d="1 0 0"/>
            <n d="1 0 0"/>
            <n d="1 0 0"/>
        </f>
        <f v="75 3 13" fn="1 -0 0">
            <n d="1 0 0"/>
            <n d="1 0 0"/>
            <n d="1 0 0"/>
        </f>
        <f v="74 13 73" fn="1 0 0">
            <n d="1 0 0"/>
            <n d="1 0 0"/>
            <n d="1 0 0"/>
        </f>
        <f v="75 13 74" fn="1 0 0">
            <n d="1 0 0"/>
            <n d="1 0 0"/>
            <n d="1 0 0"/>
        </f>
    </facets>
    <facets color="333333">
        <f v="86 87 7" fn="-1 -0 -0">
            <n d="-1 -0 -0"/>
            <n d="-1 -0 -0"/>
            <n d="-1 -0 -0"/>
        </f>
        <f v="85 86 7" fn="-1 -0 -0">
            <n d="-1 -0 -0"/>
            <n d="-1 -0 -0"/>
            <n d="-1 -0 -0"/>
        </f>
        <f v="8 85 7" fn="-1 -0 -0">
            <n d="-1 -0 -0"/>
            <n d="-1 -0 -0"/>
            <n d="-1 -0 -0"/>
        </f>
        <f v="36 8 7" fn="-1 0 0">
            <n d="-1 -0 -0"/>
            <n d="-1 -0 -0"/>
            <n d="-1 -0 -0"/>
        </f>
        <f v="35 41 40" fn="-1 0 0">
            <n d="-1 -0 -0"/>
            <n d="-1 -0 -0"/>
            <n d="-1 -0 -0"/>
        </f>
        <f v="58 9 42" fn="-1 0 0">
            <n d="-1 -0 -0"/>
            <n d="-1 -0 -0"/>
            <n d="-1 -0 -0"/>
        </f>
        <f v="14 84 9" fn="-1 0 0">
            <n d="-1 -0 -0"/>
            <n d="-1 -0 -0"/>
            <n d="-1 -0 -0"/>
        </f>
        <f v="14 83 84" fn="-1 0 0">
            <n d="-1 -0 -0"/>
            <n d="-1 -0 -0"/>
            <n d="-1 -0 -0"/>
        </f>
        <f v="14 82 83" fn="-1 -0 -0">
            <n d="-1 -0 -0"/>
            <n d="-1 -0 -0"/>
            <n d="-1 -0 -0"/>
        </f>
        <f v="58 14 9" fn="-1 0 -0">
            <n d="-1 -0 -0"/>
            <n d="-1 -0 -0"/>
            <n d="-1 -0 -0"/>
        </f>
        <f v="59 42 41" fn="-1 0 0">
            <n d="-1 -0 -0"/>
            <n d="-1 -0 -0"/>
            <n d="-1 -0 -0"/>
        </f>
        <f v="59 58 42" fn="-1 0 -0">
            <n d="-1 -0 -0"/>
            <n d="-1 -0 -0"/>
            <n d="-1 -0 -0"/>
        </f>
        <f v="17 59 41" fn="-1 0 0">
            <n d="-1 -0 -0"/>
            <n d="-1 -0 -0"/>
            <n d="-1 -0 -0"/>
        </f>
        <f v="16 60 59" fn="-1 -0 -0">
            <n d="-1 -0 -0"/>
            <n d="-1 -0 -0"/>
            <n d="-1 -0 -0"/>
        </f>
        <f v="0 15 60" fn="-1 0 0">
            <n d="-1 -0 -0"/>
            <n d="-1 -0 -0"/>
            <n d="-1 -0 -0"/>
        </f>
        <f v="80 81 15" fn="-1 -0 -0">
            <n d="-1 -0 -0"/>
            <n d="-1 -0 -0"/>
            <n d="-1 -0 -0"/>
        </f>
        <f v="79 80 15" fn="-1 -0 -0">
            <n d="-1 -0 -0"/>
            <n d="-1 -0 -0"/>
            <n d="-1 -0 -0"/>
        </f>
        <f v="0 79 15" fn="-1 -0 -0">
            <n d="-1 -0 -0"/>
            <n d="-1 -0 -0"/>
            <n d="-1 -0 -0"/>
        </f>
        <f v="16 0 60" fn="-1 -0 -0">
            <n d="-1 -0 -0"/>
            <n d="-1 -0 -0"/>
            <n d="-1 -0 -0"/>
        </f>
        <f v="17 16 59" fn="-1 -0 -0">
            <n d="-1 -0 -0"/>
            <n d="-1 -0 -0"/>
            <n d="-1 -0 -0"/>
        </f>
        <f v="35 17 41" fn="-1 0 0">
            <n d="-1 -0 -0"/>
            <n d="-1 -0 -0"/>
            <n d="-1 -0 -0"/>
        </f>
        <f v="34 1 18" fn="-1 0 0">
            <n d="-1 -0 -0"/>
            <n d="-1 -0 -0"/>
            <n d="-1 -0 -0"/>
        </f>
        <f v="6 78 1" fn="-1 0 0">
            <n d="-1 -0 -0"/>
            <n d="-1 -0 -0"/>
            <n d="-1 -0 -0"/>
        </f>
        <f v="6 77 78" fn="-1 0 0">
            <n d="-1 -0 -0"/>
            <n d="-1 -0 -0"/>
            <n d="-1 -0 -0"/>
        </f>
        <f v="6 76 77" fn="-1 -0 -0">
            <n d="-1 -0 -0"/>
            <n d="-1 -0 -0"/>
            <n d="-1 -0 -0"/>
        </f>
        <f v="36 35 40" fn="-1 -0 0">
            <n d="-1 -0 -0"/>
            <n d="-1 -0 -0"/>
            <n d="-1 -0 -0"/>
        </f>
        <f v="34 6 1" fn="-1 -0 -0">
            <n d="-1 -0 -0"/>
            <n d="-1 -0 -0"/>
            <n d="-1 -0 -0"/>
        </f>
        <f v="35 18 17" fn="-1 0 0">
            <n d="-1 -0 -0"/>
            <n d="-1 -0 -0"/>
            <n d="-1 -0 -0"/>
        </f>
        <f v="35 34 18" fn="-1 -0 -0">
            <n d="-1 -0 -0"/>
            <n d="-1 -0 -0"/>
            <n d="-1 -0 -0"/>
        </f>
        <f v="36 40 8" fn="-1 -0 -0">
            <n d="-1 -0 -0"/>
            <n d="-1 -0 -0"/>
            <n d="-1 -0 -0"/>
        </f>
    </facets>
    <facets color="333333">
        <f v="25 75 74" fn="-0.00296282765298035 -0.900343321116641 0.435170226202294">
            <n d="-0 -1 -1.83690953073357e-016"/>
            <n d="0 -0.975116335574793 0.221693780010147"/>
            <n d="0 -0.779513363382468 0.626385597142968"/>
        </f>
        <f v="62 74 73" fn="-0.00368246950781829 -0.614369207815493 0.789010086061317">
            <n d="0 -2.44921270764475e-016 1"/>
            <n d="0 -0.779513363382468 0.626385597142968"/>
            <n d="0 -0.416229442081683 0.909259617240517"/>
        </f>
        <f v="63 73 13" fn="0 -0.213002796647693 0.977051589538783">
            <n d="0 -2.44921270764475e-016 1"/>
            <n d="0 -0.416229442081683 0.909259617240517"/>
            <n d="0 -2.44921270764475e-016 1"/>
        </f>
        <f v="62 73 63" fn="0 -0.213002796647693 0.977051589538783">
            <n d="0 -2.44921270764475e-016 1"/>
            <n d="0 -0.416229442081683 0.909259617240517"/>
            <n d="0 -2.44921270764475e-016 1"/>
        </f>
        <f v="26 74 62" fn="-0.00574018357826031 -0.707095131609774 0.707095131609774">
            <n d="-0 -1 -1.83690953073357e-016"/>
            <n d="0 -0.779513363382468 0.626385597142968"/>
            <n d="0 -2.44921270764475e-016 1"/>
        </f>
        <f v="81 62 61" fn="0 -0.213002796647712 0.977051589538778">
            <n d="0 -0.416229442081695 0.909259617240511"/>
            <n d="0 -2.44921270764475e-016 1"/>
            <n d="0 -2.44921270764475e-016 1"/>
        </f>
        <f v="81 61 15" fn="0 -0.213002796647712 0.977051589538778">
            <n d="0 -0.416229442081695 0.909259617240511"/>
            <n d="0 -2.44921270764475e-016 1"/>
            <n d="0 -2.44921270764475e-016 1"/>
        </f>
        <f v="80 62 81" fn="0.00368246950781845 -0.614369207815514 0.789010086061302">
            <n d="0 -0.77951336338246 0.626385597142978"/>
            <n d="0 -2.44921270764475e-016 1"/>
            <n d="0 -0.416229442081695 0.909259617240511"/>
        </f>
        <f v="26 62 80" fn="0.00574018357826 -0.707095131609774 0.707095131609774">
            <n d="-0 -1 -1.83690953073357e-016"/>
            <n d="0 -2.44921270764475e-016 1"/>
            <n d="0 -0.77951336338246 0.626385597142978"/>
        </f>
        <f v="27 80 79" fn="0.00296282765298073 -0.900343321116622 0.435170226202334">
            <n d="-0 -1 -1.83690953073357e-016"/>
            <n d="0 -0.77951336338246 0.626385597142978"/>
            <n d="0 -0.975116335574793 0.221693780010147"/>
        </f>
        <f v="27 79 0" fn="0 -0.993759612676723 0.111542961286713">
            <n d="-0 -1 -1.83690953073357e-016"/>
            <n d="0 -0.975116335574793 0.221693780010147"/>
            <n d="-0 -1 -1.83690953073357e-016"/>
        </f>
        <f v="25 74 26" fn="0 -0.9432691459447 0.332029092563823">
            <n d="-0 -1 -1.83690953073357e-016"/>
            <n d="0 -0.779513363382468 0.626385597142968"/>
            <n d="-0 -1 -1.83690953073357e-016"/>
        </f>
        <f v="26 80 27" fn="0 -0.94326914594469 0.332029092563852">
            <n d="-0 -1 -1.83690953073357e-016"/>
            <n d="0 -0.77951336338246 0.626385597142978"/>
            <n d="-0 -1 -1.83690953073357e-016"/>
        </f>
        <f v="25 3 75" fn="-0 -0.993759612676723 0.111542961286713">
            <n d="-0 -1 -1.83690953073357e-016"/>
            <n d="-0 -1 -1.83690953073357e-016"/>
            <n d="0 -0.975116335574793 0.221693780010147"/>
        </f>
    </facets>
    <facets color="333333">
        <f v="49 69 68" fn="-0.00296282765298052 0.900343321116636 -0.435170226202304">
            <n d="0 1 6.12303176911189e-017"/>
            <n d="0 0.975116335574792 -0.221693780010151"/>
            <n d="0 0.779513363382472 -0.626385597142963"/>
        </f>
        <f v="38 68 67" fn="-0.00368246950781819 0.614369207815494 -0.789010086061317">
            <n d="0 1.22460635382238e-016 -1"/>
            <n d="0 0.779513363382472 -0.626385597142963"/>
            <n d="0 0.416229442081685 -0.909259617240516"/>
        </f>
        <f v="39 67 5" fn="0 0.213002796647707 -0.977051589538779">
            <n d="0 1.22460635382238e-016 -1"/>
            <n d="0 0.416229442081685 -0.909259617240516"/>
            <n d="0 1.22460635382238e-016 -1"/>
        </f>
        <f v="38 67 39" fn="0 0.213002796647707 -0.977051589538779">
            <n d="0 1.22460635382238e-016 -1"/>
            <n d="0 0.416229442081685 -0.909259617240516"/>
            <n d="0 1.22460635382238e-016 -1"/>
        </f>
        <f v="50 68 38" fn="-0.0057401835782602 0.707095131609774 -0.707095131609775">
            <n d="0 1 6.12303176911189e-017"/>
            <n d="0 0.779513363382472 -0.626385597142963"/>
            <n d="0 1.22460635382238e-016 -1"/>
        </f>
        <f v="87 38 37" fn="0 0.213002796647702 -0.977051589538781">
            <n d="0 0.416229442081694 -0.909259617240512"/>
            <n d="0 1.22460635382238e-016 -1"/>
            <n d="0 1.22460635382238e-016 -1"/>
        </f>
        <f v="87 37 7" fn="0 0.213002796647702 -0.977051589538781">
            <n d="0 0.416229442081694 -0.909259617240512"/>
            <n d="0 1.22460635382238e-016 -1"/>
            <n d="0 1.22460635382238e-016 -1"/>
        </f>
        <f v="86 38 87" fn="0.00368246950781867 0.614369207815529 -0.78901008606129">
            <n d="0 0.779513363382463 -0.626385597142974"/>
            <n d="0 1.22460635382238e-016 -1"/>
            <n d="0 0.416229442081694 -0.909259617240512"/>
        </f>
        <f v="50 38 86" fn="0.00574018357825989 0.707095131609774 -0.707095131609775">
            <n d="0 1 6.12303176911189e-017"/>
            <n d="0 1.22460635382238e-016 -1"/>
            <n d="0 0.779513363382463 -0.626385597142974"/>
        </f>
        <f v="50 86 51" fn="0 0.943269145944689 -0.332029092563856">
            <n d="0 1 6.12303176911189e-017"/>
            <n d="0 0.779513363382463 -0.626385597142974"/>
            <n d="0 1 6.12303176911189e-017"/>
        </f>
        <f v="51 86 85" fn="0.0029628276529809 0.900343321116617 -0.435170226202344">
            <n d="0 1 6.12303176911189e-017"/>
            <n d="0 0.779513363382463 -0.626385597142974"/>
            <n d="0 0.975116335574792 -0.221693780010151"/>
        </f>
        <f v="51 85 8" fn="0 0.993759612676723 -0.111542961286711">
            <n d="0 1 6.12303176911189e-017"/>
            <n d="0 0.975116335574792 -0.221693780010151"/>
            <n d="0 1 6.12303176911189e-017"/>
        </f>
        <f v="49 68 50" fn="0 0.943269145944699 -0.332029092563826">
            <n d="0 1 6.12303176911189e-017"/>
            <n d="0 0.779513363382472 -0.626385597142963"/>
            <n d="0 1 6.12303176911189e-017"/>
        </f>
        <f v="49 11 69" fn="-0 0.993759612676723 -0.111542961286711">
            <n d="0 1 6.12303176911189e-017"/>
            <n d="0 1 6.12303176911189e-017"/>
            <n d="0 0.975116335574792 -0.221693780010151"/>
        </f>
    </facets>
    <facets color="333333">
        <f v="55 72 71" fn="-0.00296282765298091 0.435170226202333 0.900343321116622">
            <n d="0 0 1"/>
            <n d="0 0.221693780010158 0.975116335574791"/>
            <n d="0 0.626385597142966 0.779513363382469"/>
        </f>
        <f v="44 71 70" fn="-0.0036824695078188 0.789010086061287 0.614369207815532">
            <n d="0 1 6.12303176911189e-017"/>
            <n d="0 0.626385597142966 0.779513363382469"/>
            <n d="0 0.909259617240513 0.416229442081691"/>
        </f>
        <f v="45 70 10" fn="-0 0.977051589538784 0.213002796647687">
            <n d="0 1 6.12303176911189e-017"/>
            <n d="0 0.909259617240513 0.416229442081691"/>
            <n d="0 1 6.12303176911189e-017"/>
        </f>
        <f v="44 70 45" fn="-0 0.977051589538784 0.213002796647687">
            <n d="0 1 6.12303176911189e-017"/>
            <n d="0 0.909259617240513 0.416229442081691"/>
            <n d="0 1 6.12303176911189e-017"/>
        </f>
        <f v="56 71 44" fn="-0.00574018357826 0.707095131609774 0.707095131609774">
            <n d="0 0 1"/>
            <n d="0 0.626385597142966 0.779513363382469"/>
            <n d="0 1 6.12303176911189e-017"/>
        </f>
        <f v="84 44 43" fn="0 0.977051589538784 0.213002796647687">
            <n d="0 0.909259617240513 0.416229442081691"/>
            <n d="0 1 6.12303176911189e-017"/>
            <n d="0 1 6.12303176911189e-017"/>
        </f>
        <f v="84 43 9" fn="0 0.977051589538784 0.213002796647687">
            <n d="0 0.909259617240513 0.416229442081691"/>
            <n d="0 1 6.12303176911189e-017"/>
            <n d="0 1 6.12303176911189e-017"/>
        </f>
        <f v="83 44 84" fn="0.00368246950781892 0.789010086061278 0.614369207815544">
            <n d="0 0.626385597142972 0.779513363382465"/>
            <n d="0 1 6.12303176911189e-017"/>
            <n d="0 0.909259617240513 0.416229442081691"/>
        </f>
        <f v="56 44 83" fn="0.00574018357825984 0.707095131609774 0.707095131609774">
            <n d="0 0 1"/>
            <n d="0 1 6.12303176911189e-017"/>
            <n d="0 0.626385597142972 0.779513363382465"/>
        </f>
        <f v="57 83 82" fn="0.00296282765298169 0.435170226202373 0.900343321116603">
            <n d="0 0 1"/>
            <n d="0 0.626385597142972 0.779513363382465"/>
            <n d="0 0.221693780010155 0.975116335574791"/>
        </f>
        <f v="57 82 14" fn="0 0.111542961286659 0.993759612676729">
            <n d="0 0 1"/>
            <n d="0 0.221693780010155 0.975116335574791"/>
            <n d="0 0 1"/>
        </f>
        <f v="55 71 56" fn="0 0.332029092563843 0.943269145944693">
            <n d="0 0 1"/>
            <n d="0 0.626385597142966 0.779513363382469"/>
            <n d="0 0 1"/>
        </f>
        <f v="56 83 57" fn="0 0.332029092563858 0.943269145944688">
            <n d="0 0 1"/>
            <n d="0 0.626385597142972 0.779513363382465"/>
            <n d="0 0 1"/>
        </f>
        <f v="55 12 72" fn="-0 0.111542961286708 0.993759612676724">
            <n d="0 0 1"/>
            <n d="0 0 1"/>
            <n d="0 0.221693780010158 0.975116335574791"/>
        </f>
    </facets>
    <facets color="333333">
        <f v="31 66 65" fn="-0.00296282765298108 -0.43517022620233 -0.900343321116624">
            <n d="0 1.22460635382238e-016 -1"/>
            <n d="-0 -0.221693780010156 -0.975116335574791"/>
            <n d="-0 -0.626385597142972 -0.779513363382464"/>
        </f>
        <f v="20 65 64" fn="-0.00368246950781821 -0.789010086061316 -0.614369207815496">
            <n d="-0 -1 -1.83690953073357e-016"/>
            <n d="-0 -0.626385597142972 -0.779513363382464"/>
            <n d="-0 -0.909259617240513 -0.416229442081691"/>
        </f>
        <f v="21 64 2" fn="0 -0.977051589538778 -0.213002796647715">
            <n d="-0 -1 -1.83690953073357e-016"/>
            <n d="-0 -0.909259617240513 -0.416229442081691"/>
            <n d="-0 -1 -1.83690953073357e-016"/>
        </f>
        <f v="20 64 21" fn="0 -0.977051589538778 -0.213002796647715">
            <n d="-0 -1 -1.83690953073357e-016"/>
            <n d="-0 -0.909259617240513 -0.416229442081691"/>
            <n d="-0 -1 -1.83690953073357e-016"/>
        </f>
        <f v="32 65 20" fn="-0.00574018357826017 -0.707095131609774 -0.707095131609775">
            <n d="0 1.22460635382238e-016 -1"/>
            <n d="-0 -0.626385597142972 -0.779513363382464"/>
            <n d="-0 -1 -1.83690953073357e-016"/>
        </f>
        <f v="78 20 19" fn="0 -0.977051589538778 -0.213002796647715">
            <n d="-0 -0.909259617240513 -0.416229442081691"/>
            <n d="-0 -1 -1.83690953073357e-016"/>
            <n d="-0 -1 -1.83690953073357e-016"/>
        </f>
        <f v="78 19 1" fn="0 -0.977051589538778 -0.213002796647715">
            <n d="-0 -0.909259617240513 -0.416229442081691"/>
            <n d="-0 -1 -1.83690953073357e-016"/>
            <n d="-0 -1 -1.83690953073357e-016"/>
        </f>
        <f v="77 20 78" fn="0.00368246950781836 -0.789010086061304 -0.614369207815511">
            <n d="-0 -0.626385597142966 -0.77951336338247"/>
            <n d="-0 -1 -1.83690953073357e-016"/>
            <n d="-0 -0.909259617240513 -0.416229442081691"/>
        </f>
        <f v="32 20 77" fn="0.00574018357826001 -0.707095131609774 -0.707095131609775">
            <n d="0 1.22460635382238e-016 -1"/>
            <n d="-0 -1 -1.83690953073357e-016"/>
            <n d="-0 -0.626385597142966 -0.77951336338247"/>
        </f>
        <f v="33 77 76" fn="0.00296282765298117 -0.43517022620234 -0.900343321116619">
            <n d="0 1.22460635382238e-016 -1"/>
            <n d="-0 -0.626385597142966 -0.77951336338247"/>
            <n d="-0 -0.221693780010156 -0.975116335574791"/>
        </f>
        <f v="33 76 6" fn="-0 -0.111542961286684 -0.993759612676726">
            <n d="0 1.22460635382238e-016 -1"/>
            <n d="-0 -0.221693780010156 -0.975116335574791"/>
            <n d="0 1.22460635382238e-016 -1"/>
        </f>
        <f v="31 65 32" fn="-0 -0.332029092563835 -0.943269145944696">
            <n d="0 1.22460635382238e-016 -1"/>
            <n d="-0 -0.626385597142972 -0.779513363382464"/>
            <n d="0 1.22460635382238e-016 -1"/>
        </f>
        <f v="32 77 33" fn="-0 -0.332029092563841 -0.943269145944694">
            <n d="0 1.22460635382238e-016 -1"/>
            <n d="-0 -0.626385597142966 -0.77951336338247"/>
            <n d="0 1.22460635382238e-016 -1"/>
        </f>
        <f v="31 4 66" fn="0 -0.111542961286684 -0.993759612676726">
            <n d="0 1.22460635382238e-016 -1"/>
            <n d="0 1.22460635382238e-016 -1"/>
            <n d="-0 -0.221693780010156 -0.975116335574791"/>
        </f>
    </facets>
</shell>
<shell id="id477" color="d1d1d1">
    <verts>
        <v p="-0.25 -0.625 0.89"/>
        <v p="-0.25 -0.625 0.01"/>
        <v p="0.24 -0.625 0.01"/>
        <v p="0.24 -0.625 0.89"/>
        <v p="-0.25 -0.615 0"/>
        <v p="-0.25 0.615 0"/>
        <v p="0.24 0.615 0"/>
        <v p="0.24 -0.615 0"/>
        <v p="0.24 0.625 0.89"/>
        <v p="0.24 0.625 0.01"/>
        <v p="-0.25 0.625 0.01"/>
        <v p="-0.25 0.625 0.89"/>
        <v p="0.24 -0.615 0.9"/>
        <v p="0.24 0.615 0.9"/>
        <v p="-0.25 0.615 0.9"/>
        <v p="-0.25 -0.615 0.9"/>
        <v p="0.25 -0.615 0.89"/>
        <v p="0.25 -0.615 0.01"/>
        <v p="0.25 0.615 0.01"/>
        <v p="0.25 0.615 0.89"/>
        <v p="-0.25 -0.625 0.67"/>
        <v p="-0.25 -0.625 0.45"/>
        <v p="-0.25 -0.625 0.23"/>
        <v p="-0.1275 -0.625 0.01"/>
        <v p="-0.005 -0.625 0.01"/>
        <v p="0.1175 -0.625 0.01"/>
        <v p="0.24 -0.625 0.23"/>
        <v p="0.24 -0.625 0.45"/>
        <v p="0.24 -0.625 0.67"/>
        <v p="0.1175 -0.625 0.89"/>
        <v p="-0.005 -0.625 0.89"/>
        <v p="-0.1275 -0.625 0.89"/>
        <v p="-0.25 -0.3075 0"/>
        <v p="-0.25 0 0"/>
        <v p="-0.25 0.3075 0"/>
        <v p="-0.1275 0.615 0"/>
        <v p="-0.005 0.615 0"/>
        <v p="0.1175 0.615 0"/>
        <v p="0.24 0.3075 0"/>
        <v p="0.24 0 0"/>
        <v p="0.24 -0.3075 0"/>
        <v p="0.1175 -0.615 0"/>
        <v p="-0.005 -0.615 0"/>
        <v p="-0.1275 -0.615 0"/>
        <v p="0.24 0.625 0.67"/>
        <v p="0.24 0.625 0.45"/>
        <v p="0.24 0.625 0.23"/>
        <v p="0.1175 0.625 0.01"/>
        <v p="-0.005 0.625 0.01"/>
        <v p="-0.1275 0.625 0.01"/>
        <v p="-0.25 0.625 0.23"/>
        <v p="-0.25 0.625 0.45"/>
        <v p="-0.25 0.625 0.67"/>
        <v p="-0.1275 0.625 0.89"/>
        <v p="-0.005 0.625 0.89"/>
        <v p="0.1175 0.625 0.89"/>
        <v p="0.24 -0.3075 0.9"/>
        <v p="0.24 0 0.9"/>
        <v p="0.24 0.3075 0.9"/>
        <v p="0.1175 0.615 0.9"/>
        <v p="-0.005 0.615 0.9"/>
        <v p="-0.1275 0.615 0.9"/>
        <v p="-0.25 0.3075 0.9"/>
        <v p="-0.25 0 0.9"/>
        <v p="-0.25 -0.3075 0.9"/>
        <v p="-0.1275 -0.615 0.9"/>
        <v p="-0.005 -0.615 0.9"/>
        <v p="0.1175 -0.615 0.9"/>
        <v p="0.25 -0.615 0.67"/>
        <v p="0.25 -0.615 0.45"/>
        <v p="0.25 -0.615 0.23"/>
        <v p="0.25 -0.3075 0.01"/>
        <v p="0.25 0 0.01"/>
        <v p="0.25 0.3075 0.01"/>
        <v p="0.25 0.615 0.23"/>
        <v p="0.25 0.615 0.45"/>
        <v p="0.25 0.615 0.67"/>
        <v p="0.25 0.3075 0.89"/>
        <v p="0.25 0 0.89"/>
        <v p="0.25 -0.3075 0.89"/>
        <v p="-0.25 0.624751163355748 0.0077830621998985"/>
        <v p="-0.25 0.622795133633825 0.00373614402857032"/>
        <v p="-0.25 0.619162294420817 0.000907403827594864"/>
        <v p="-0.25 -0.617216937800102 0.000248836644252072"/>
        <v p="-0.25 -0.62126385597143 0.00220486636617532"/>
        <v p="-0.25 -0.624092596172405 0.0058377055791831"/>
        <v p="-0.25 -0.624751163355748 0.892216937800101"/>
        <v p="-0.25 -0.622795133633825 0.89626385597143"/>
        <v p="-0.25 -0.619162294420817 0.899092596172405"/>
        <v p="-0.25 0.617216937800102 0.899751163355748"/>
        <v p="-0.25 0.62126385597143 0.897795133633825"/>
        <v p="-0.25 0.624092596172405 0.894162294420817"/>
        <v p="0.24 -0.619162294420817 0.899092596172405"/>
        <v p="0.24 -0.622795133633825 0.89626385597143"/>
        <v p="0.24 -0.624751163355748 0.892216937800101"/>
        <v p="0.242216937800102 -0.615 0.899751163355748"/>
        <v p="0.24626385597143 -0.615 0.897795133633825"/>
        <v p="0.249092596172405 -0.615 0.894162294420817"/>
        <v p="0.249751163355748 -0.617216937800101 0.89"/>
        <v p="0.247795133633825 -0.62126385597143 0.89"/>
        <v p="0.244162294420817 -0.624092596172405 0.89"/>
        <v p="0.24 -0.624092596172405 0.0058377055791831"/>
        <v p="0.24 -0.62126385597143 0.00220486636617532"/>
        <v p="0.24 -0.617216937800102 0.000248836644252072"/>
        <v p="0.249092596172405 -0.619162294420817 0.01"/>
        <v p="0.24626385597143 -0.622795133633825 0.01"/>
        <v p="0.242216937800102 -0.624751163355748 0.01"/>
        <v p="0.244162294420817 0.615 0.899092596172405"/>
        <v p="0.247795133633825 0.615 0.89626385597143"/>
        <v p="0.249751163355748 0.615 0.892216937800101"/>
        <v p="0.24 0.624092596172405 0.894162294420817"/>
        <v p="0.24 0.62126385597143 0.897795133633825"/>
        <v p="0.24 0.617216937800102 0.899751163355748"/>
        <v p="0.249751163355748 -0.615 0.0077830621998985"/>
        <v p="0.247795133633825 -0.615 0.00373614402857032"/>
        <v p="0.244162294420817 -0.615 0.000907403827594864"/>
        <v p="0.242216937800102 0.624751163355748 0.89"/>
        <v p="0.24626385597143 0.622795133633825 0.89"/>
        <v p="0.249092596172405 0.619162294420817 0.89"/>
        <v p="0.249092596172405 0.615 0.0058377055791831"/>
        <v p="0.24626385597143 0.615 0.00220486636617532"/>
        <v p="0.242216937800102 0.615 0.000248836644252072"/>
        <v p="0.244162294420817 0.624092596172405 0.01"/>
        <v p="0.247795133633825 0.62126385597143 0.01"/>
        <v p="0.249751163355748 0.617216937800102 0.01"/>
        <v p="0.24 0.624751163355748 0.0077830621998985"/>
        <v p="0.24 0.622795133633825 0.00373614402857032"/>
        <v p="0.24 0.619162294420817 0.000907403827594864"/>
    </verts>
    <facets color="d1d1d1">
        <f v="20 30 31" fn="0 -1 0">
            <n d="-0 -1 -0"/>
            <n d="-0 -1 -0"/>
            <n d="-0 -1 -0"/>
        </f>
        <f v="28 29 30" fn="-0 -1 -0">
            <n d="-0 -1 -0"/>
            <n d="-0 -1 -0"/>
            <n d="-0 -1 -0"/>
        </f>
        <f v="28 3 29" fn="-0 -1 0">
            <n d="-0 -1 -0"/>
            <n d="-0 -1 -0"/>
            <n d="-0 -1 -0"/>
        </f>
        <f v="27 28 30" fn="-0 -1 0">
            <n d="-0 -1 -0"/>
            <n d="-0 -1 -0"/>
            <n d="-0 -1 -0"/>
        </f>
        <f v="24 27 30" fn="0 -1 0">
            <n d="-0 -1 -0"/>
            <n d="-0 -1 -0"/>
            <n d="-0 -1 -0"/>
        </f>
        <f v="25 26 27" fn="-0 -1 -0">
            <n d="-0 -1 -0"/>
            <n d="-0 -1 -0"/>
            <n d="-0 -1 -0"/>
        </f>
        <f v="25 2 26" fn="-0 -1 -0">
            <n d="-0 -1 -0"/>
            <n d="-0 -1 -0"/>
            <n d="-0 -1 -0"/>
        </f>
        <f v="24 25 27" fn="-0 -1 -0">
            <n d="-0 -1 -0"/>
            <n d="-0 -1 -0"/>
            <n d="-0 -1 -0"/>
        </f>
        <f v="21 24 30" fn="0 -1 0">
            <n d="-0 -1 -0"/>
            <n d="-0 -1 -0"/>
            <n d="-0 -1 -0"/>
        </f>
        <f v="20 21 30" fn="0 -1 -0">
            <n d="-0 -1 -0"/>
            <n d="-0 -1 -0"/>
            <n d="-0 -1 -0"/>
        </f>
        <f v="22 1 23" fn="0 -1 0">
            <n d="-0 -1 -0"/>
            <n d="-0 -1 -0"/>
            <n d="-0 -1 -0"/>
        </f>
        <f v="22 23 24" fn="-0 -1 -0">
            <n d="-0 -1 -0"/>
            <n d="-0 -1 -0"/>
            <n d="-0 -1 -0"/>
        </f>
        <f v="21 22 24" fn="-0 -1 -0">
            <n d="-0 -1 -0"/>
            <n d="-0 -1 -0"/>
            <n d="-0 -1 -0"/>
        </f>
        <f v="20 31 0" fn="0 -1 0">
            <n d="-0 -1 -0"/>
            <n d="-0 -1 -0"/>
            <n d="-0 -1 -0"/>
        </f>
    </facets>
    <facets color="d1d1d1">
        <f v="33 42 43" fn="0 0 -1">
            <n d="-0 -0 -1"/>
            <n d="-0 -0 -1"/>
            <n d="-0 -0 -1"/>
        </f>
        <f v="40 41 42" fn="-0 -0 -1">
            <n d="-0 -0 -1"/>
            <n d="-0 -0 -1"/>
            <n d="-0 -0 -1"/>
        </f>
        <f v="40 7 41" fn="-0 -0 -1">
            <n d="-0 -0 -1"/>
            <n d="-0 -0 -1"/>
            <n d="-0 -0 -1"/>
        </f>
        <f v="39 40 42" fn="-0 -0 -1">
            <n d="-0 -0 -1"/>
            <n d="-0 -0 -1"/>
            <n d="-0 -0 -1"/>
        </f>
        <f v="36 39 42" fn="0 0 -1">
            <n d="-0 -0 -1"/>
            <n d="-0 -0 -1"/>
            <n d="-0 -0 -1"/>
        </f>
        <f v="37 38 39" fn="-0 -0 -1">
            <n d="-0 -0 -1"/>
            <n d="-0 -0 -1"/>
            <n d="-0 -0 -1"/>
        </f>
        <f v="37 6 38" fn="0 -0 -1">
            <n d="-0 -0 -1"/>
            <n d="-0 -0 -1"/>
            <n d="-0 -0 -1"/>
        </f>
        <f v="36 37 39" fn="0 -0 -1">
            <n d="-0 -0 -1"/>
            <n d="-0 -0 -1"/>
            <n d="-0 -0 -1"/>
        </f>
        <f v="33 36 42" fn="0 0 -1">
            <n d="-0 -0 -1"/>
            <n d="-0 -0 -1"/>
            <n d="-0 -0 -1"/>
        </f>
        <f v="34 35 36" fn="-0 -0 -1">
            <n d="-0 -0 -1"/>
            <n d="-0 -0 -1"/>
            <n d="-0 -0 -1"/>
        </f>
        <f v="34 5 35" fn="-0 -0 -1">
            <n d="-0 -0 -1"/>
            <n d="-0 -0 -1"/>
            <n d="-0 -0 -1"/>
        </f>
        <f v="32 33 43" fn="0 -0 -1">
            <n d="-0 -0 -1"/>
            <n d="-0 -0 -1"/>
            <n d="-0 -0 -1"/>
        </f>
        <f v="33 34 36" fn="-0 -0 -1">
            <n d="-0 -0 -1"/>
            <n d="-0 -0 -1"/>
            <n d="-0 -0 -1"/>
        </f>
        <f v="32 43 4" fn="0 0 -1">
            <n d="-0 -0 -1"/>
            <n d="-0 -0 -1"/>
            <n d="-0 -0 -1"/>
        </f>
    </facets>
    <facets color="d1d1d1">
        <f v="44 54 55" fn="0 1 0">
            <n d="-0 1 -0"/>
            <n d="-0 1 -0"/>
            <n d="-0 1 -0"/>
        </f>
        <f v="52 11 53" fn="0 1 0">
            <n d="-0 1 -0"/>
            <n d="-0 1 -0"/>
            <n d="-0 1 -0"/>
        </f>
        <f v="52 53 54" fn="-0 1 -0">
            <n d="-0 1 -0"/>
            <n d="-0 1 -0"/>
            <n d="-0 1 -0"/>
        </f>
        <f v="51 52 54" fn="-0 1 -0">
            <n d="-0 1 -0"/>
            <n d="-0 1 -0"/>
            <n d="-0 1 -0"/>
        </f>
        <f v="48 51 54" fn="0 1 -0">
            <n d="-0 1 -0"/>
            <n d="-0 1 -0"/>
            <n d="-0 1 -0"/>
        </f>
        <f v="49 50 51" fn="-0 1 -0">
            <n d="-0 1 -0"/>
            <n d="-0 1 -0"/>
            <n d="-0 1 -0"/>
        </f>
        <f v="49 10 50" fn="-0 1 -0">
            <n d="-0 1 -0"/>
            <n d="-0 1 -0"/>
            <n d="-0 1 -0"/>
        </f>
        <f v="48 49 51" fn="-0 1 -0">
            <n d="-0 1 -0"/>
            <n d="-0 1 -0"/>
            <n d="-0 1 -0"/>
        </f>
        <f v="45 48 54" fn="0 1 0">
            <n d="-0 1 -0"/>
            <n d="-0 1 -0"/>
            <n d="-0 1 -0"/>
        </f>
        <f v="46 47 48" fn="-0 1 -0">
            <n d="-0 1 -0"/>
            <n d="-0 1 -0"/>
            <n d="-0 1 -0"/>
        </f>
        <f v="46 9 47" fn="-0 1 0">
            <n d="-0 1 -0"/>
            <n d="-0 1 -0"/>
            <n d="-0 1 -0"/>
        </f>
        <f v="44 45 54" fn="0 1 0">
            <n d="-0 1 -0"/>
            <n d="-0 1 -0"/>
            <n d="-0 1 -0"/>
        </f>
        <f v="45 46 48" fn="-0 1 0">
            <n d="-0 1 -0"/>
            <n d="-0 1 -0"/>
            <n d="-0 1 -0"/>
        </f>
        <f v="44 55 8" fn="0 1 -0">
            <n d="-0 1 -0"/>
            <n d="-0 1 -0"/>
            <n d="-0 1 -0"/>
        </f>
    </facets>
    <facets color="d1d1d1">
        <f v="57 66 67" fn="0 0 1">
            <n d="-0 -0 1"/>
            <n d="-0 -0 1"/>
            <n d="-0 -0 1"/>
        </f>
        <f v="64 65 66" fn="-0 -0 1">
            <n d="-0 -0 1"/>
            <n d="-0 -0 1"/>
            <n d="-0 -0 1"/>
        </f>
        <f v="64 15 65" fn="-0 -0 1">
            <n d="-0 -0 1"/>
            <n d="-0 -0 1"/>
            <n d="-0 -0 1"/>
        </f>
        <f v="63 64 66" fn="-0 -0 1">
            <n d="-0 -0 1"/>
            <n d="-0 -0 1"/>
            <n d="-0 -0 1"/>
        </f>
        <f v="60 63 66" fn="0 0 1">
            <n d="-0 -0 1"/>
            <n d="-0 -0 1"/>
            <n d="-0 -0 1"/>
        </f>
        <f v="61 62 63" fn="-0 -0 1">
            <n d="-0 -0 1"/>
            <n d="-0 -0 1"/>
            <n d="-0 -0 1"/>
        </f>
        <f v="61 14 62" fn="0 -0 1">
            <n d="-0 -0 1"/>
            <n d="-0 -0 1"/>
            <n d="-0 -0 1"/>
        </f>
        <f v="60 61 63" fn="0 -0 1">
            <n d="-0 -0 1"/>
            <n d="-0 -0 1"/>
            <n d="-0 -0 1"/>
        </f>
        <f v="57 60 66" fn="0 0 1">
            <n d="-0 -0 1"/>
            <n d="-0 -0 1"/>
            <n d="-0 -0 1"/>
        </f>
        <f v="58 59 60" fn="-0 -0 1">
            <n d="-0 -0 1"/>
            <n d="-0 -0 1"/>
            <n d="-0 -0 1"/>
        </f>
        <f v="58 13 59" fn="-0 -0 1">
            <n d="-0 -0 1"/>
            <n d="-0 -0 1"/>
            <n d="-0 -0 1"/>
        </f>
        <f v="56 57 67" fn="0 -0 1">
            <n d="-0 -0 1"/>
            <n d="-0 -0 1"/>
            <n d="-0 -0 1"/>
        </f>
        <f v="57 58 60" fn="-0 -0 1">
            <n d="-0 -0 1"/>
            <n d="-0 -0 1"/>
            <n d="-0 -0 1"/>
        </f>
        <f v="56 67 12" fn="0 0 1">
            <n d="-0 -0 1"/>
            <n d="-0 -0 1"/>
            <n d="-0 -0 1"/>
        </f>
    </facets>
    <facets color="d1d1d1">
        <f v="78 68 69" fn="1 -0 -0">
            <n d="1 0 0"/>
            <n d="1 0 0"/>
            <n d="1 0 0"/>
        </f>
        <f v="71 69 70" fn="1 0 0">
            <n d="1 0 0"/>
            <n d="1 0 0"/>
            <n d="1 0 0"/>
        </f>
        <f v="71 70 17" fn="1 0 0">
            <n d="1 0 0"/>
            <n d="1 0 0"/>
            <n d="1 0 0"/>
        </f>
        <f v="72 69 71" fn="1 0 0">
            <n d="1 0 0"/>
            <n d="1 0 0"/>
            <n d="1 0 0"/>
        </f>
        <f v="75 69 72" fn="1 0 -0">
            <n d="1 0 0"/>
            <n d="1 0 0"/>
            <n d="1 0 0"/>
        </f>
        <f v="74 72 73" fn="1 0 0">
            <n d="1 0 0"/>
            <n d="1 0 0"/>
            <n d="1 0 0"/>
        </f>
        <f v="74 73 18" fn="1 0 0">
            <n d="1 0 0"/>
            <n d="1 0 0"/>
            <n d="1 0 0"/>
        </f>
        <f v="75 72 74" fn="1 0 0">
            <n d="1 0 0"/>
            <n d="1 0 0"/>
            <n d="1 0 0"/>
        </f>
        <f v="78 69 75" fn="1 -0 0">
            <n d="1 0 0"/>
            <n d="1 0 0"/>
            <n d="1 0 0"/>
        </f>
        <f v="78 75 76" fn="1 -0 -0">
            <n d="1 0 0"/>
            <n d="1 0 0"/>
            <n d="1 0 0"/>
        </f>
        <f v="77 76 19" fn="1 -0 0">
            <n d="1 0 0"/>
            <n d="1 0 0"/>
            <n d="1 0 0"/>
        </f>
        <f v="79 68 78" fn="1 -0 0">
            <n d="1 0 0"/>
            <n d="1 0 0"/>
            <n d="1 0 0"/>
        </f>
        <f v="78 76 77" fn="1 -0 0">
            <n d="1 0 0"/>
            <n d="1 0 0"/>
            <n d="1 0 0"/>
        </f>
        <f v="79 16 68" fn="1 0 -0">
            <n d="1 0 0"/>
            <n d="1 0 0"/>
            <n d="1 0 0"/>
        </f>
    </facets>
    <facets color="d1d1d1">
        <f v="14 91 11" fn="-1 0 0">
            <n d="-1 -0 -0"/>
            <n d="-1 -0 -0"/>
            <n d="-1 -0 -0"/>
        </f>
        <f v="14 90 91" fn="-1 0 0">
            <n d="-1 -0 -0"/>
            <n d="-1 -0 -0"/>
            <n d="-1 -0 -0"/>
        </f>
        <f v="14 89 90" fn="-1 -0 -0">
            <n d="-1 -0 -0"/>
            <n d="-1 -0 -0"/>
            <n d="-1 -0 -0"/>
        </f>
        <f v="62 14 11" fn="-1 0 0">
            <n d="-1 -0 -0"/>
            <n d="-1 -0 -0"/>
            <n d="-1 -0 -0"/>
        </f>
        <f v="52 63 62" fn="-1 0 0">
            <n d="-1 -0 -0"/>
            <n d="-1 -0 -0"/>
            <n d="-1 -0 -0"/>
        </f>
        <f v="0 15 64" fn="-1 0 0">
            <n d="-1 -0 -0"/>
            <n d="-1 -0 -0"/>
            <n d="-1 -0 -0"/>
        </f>
        <f v="87 88 15" fn="-1 -0 -0">
            <n d="-1 -0 -0"/>
            <n d="-1 -0 -0"/>
            <n d="-1 -0 -0"/>
        </f>
        <f v="86 87 15" fn="-1 -0 -0">
            <n d="-1 -0 -0"/>
            <n d="-1 -0 -0"/>
            <n d="-1 -0 -0"/>
        </f>
        <f v="0 86 15" fn="-1 -0 -0">
            <n d="-1 -0 -0"/>
            <n d="-1 -0 -0"/>
            <n d="-1 -0 -0"/>
        </f>
        <f v="20 0 64" fn="-1 0 0">
            <n d="-1 -0 -0"/>
            <n d="-1 -0 -0"/>
            <n d="-1 -0 -0"/>
        </f>
        <f v="20 64 63" fn="-1 -0 -0">
            <n d="-1 -0 -0"/>
            <n d="-1 -0 -0"/>
            <n d="-1 -0 -0"/>
        </f>
        <f v="21 20 63" fn="-1 -0 -0">
            <n d="-1 -0 -0"/>
            <n d="-1 -0 -0"/>
            <n d="-1 -0 -0"/>
        </f>
        <f v="51 21 63" fn="-1 0 0">
            <n d="-1 -0 -0"/>
            <n d="-1 -0 -0"/>
            <n d="-1 -0 -0"/>
        </f>
        <f v="33 22 21" fn="-1 0 0">
            <n d="-1 -0 -0"/>
            <n d="-1 -0 -0"/>
            <n d="-1 -0 -0"/>
        </f>
        <f v="32 1 22" fn="-1 0 0">
            <n d="-1 -0 -0"/>
            <n d="-1 -0 -0"/>
            <n d="-1 -0 -0"/>
        </f>
        <f v="4 85 1" fn="-1 0 0">
            <n d="-1 -0 -0"/>
            <n d="-1 -0 -0"/>
            <n d="-1 -0 -0"/>
        </f>
        <f v="4 84 85" fn="-1 0 0">
            <n d="-1 -0 -0"/>
            <n d="-1 -0 -0"/>
            <n d="-1 -0 -0"/>
        </f>
        <f v="4 83 84" fn="-1 -0 -0">
            <n d="-1 -0 -0"/>
            <n d="-1 -0 -0"/>
            <n d="-1 -0 -0"/>
        </f>
        <f v="32 4 1" fn="-1 -0 -0">
            <n d="-1 -0 -0"/>
            <n d="-1 -0 -0"/>
            <n d="-1 -0 -0"/>
        </f>
        <f v="33 32 22" fn="-1 -0 -0">
            <n d="-1 -0 -0"/>
            <n d="-1 -0 -0"/>
            <n d="-1 -0 -0"/>
        </f>
        <f v="51 33 21" fn="-1 -0 -0">
            <n d="-1 -0 -0"/>
            <n d="-1 -0 -0"/>
            <n d="-1 -0 -0"/>
        </f>
        <f v="10 5 34" fn="-1 0 0">
            <n d="-1 -0 -0"/>
            <n d="-1 -0 -0"/>
            <n d="-1 -0 -0"/>
        </f>
        <f v="81 82 5" fn="-1 -0 -0">
            <n d="-1 -0 -0"/>
            <n d="-1 -0 -0"/>
            <n d="-1 -0 -0"/>
        </f>
        <f v="80 81 5" fn="-1 -0 -0">
            <n d="-1 -0 -0"/>
            <n d="-1 -0 -0"/>
            <n d="-1 -0 -0"/>
        </f>
        <f v="10 80 5" fn="-1 -0 -0">
            <n d="-1 -0 -0"/>
            <n d="-1 -0 -0"/>
            <n d="-1 -0 -0"/>
        </f>
        <f v="52 51 63" fn="-1 -0 -0">
            <n d="-1 -0 -0"/>
            <n d="-1 -0 -0"/>
            <n d="-1 -0 -0"/>
        </f>
        <f v="50 10 34" fn="-1 0 -0">
            <n d="-1 -0 -0"/>
            <n d="-1 -0 -0"/>
            <n d="-1 -0 -0"/>
        </f>
        <f v="50 34 33" fn="-1 -0 -0">
            <n d="-1 -0 -0"/>
            <n d="-1 -0 -0"/>
            <n d="-1 -0 -0"/>
        </f>
        <f v="51 50 33" fn="-1 -0 -0">
            <n d="-1 -0 -0"/>
            <n d="-1 -0 -0"/>
            <n d="-1 -0 -0"/>
        </f>
        <f v="52 62 11" fn="-1 0 0">
            <n d="-1 -0 -0"/>
            <n d="-1 -0 -0"/>
            <n d="-1 -0 -0"/>
        </f>
    </facets>
    <facets color="d1d1d1">
        <f v="29 94 93" fn="-0.00604650305288635 -0.900330814317778 0.435164181189949">
            <n d="-0 -1 -1.83690953073357e-016"/>
            <n d="0 -0.975116335574793 0.221693780010147"/>
            <n d="0 -0.779513363382468 0.626385597142968"/>
        </f>
        <f v="66 93 92" fn="-0.00751508262791744 -0.614356024396067 0.788993155116921">
            <n d="0 -2.44921270764475e-016 1"/>
            <n d="0 -0.779513363382468 0.626385597142968"/>
            <n d="0 -0.416229442081683 0.909259617240517"/>
        </f>
        <f v="67 92 12" fn="0 -0.213002796647693 0.977051589538782">
            <n d="0 -2.44921270764475e-016 1"/>
            <n d="0 -0.416229442081683 0.909259617240517"/>
            <n d="0 -2.44921270764475e-016 1"/>
        </f>
        <f v="66 92 67" fn="0 -0.213002796647693 0.977051589538782">
            <n d="0 -2.44921270764475e-016 1"/>
            <n d="0 -0.416229442081683 0.909259617240517"/>
            <n d="0 -2.44921270764475e-016 1"/>
        </f>
        <f v="30 93 66" fn="-0.0117140495883235 -0.707058265294397 0.707058265294397">
            <n d="-0 -1 -1.83690953073357e-016"/>
            <n d="0 -0.779513363382468 0.626385597142968"/>
            <n d="0 -2.44921270764475e-016 1"/>
        </f>
        <f v="88 66 65" fn="0 -0.213002796647712 0.977051589538778">
            <n d="0 -0.416229442081695 0.909259617240511"/>
            <n d="0 -2.44921270764475e-016 1"/>
            <n d="0 -2.44921270764475e-016 1"/>
        </f>
        <f v="88 65 15" fn="0 -0.213002796647712 0.977051589538778">
            <n d="0 -0.416229442081695 0.909259617240511"/>
            <n d="0 -2.44921270764475e-016 1"/>
            <n d="0 -2.44921270764475e-016 1"/>
        </f>
        <f v="87 66 88" fn="0.00751508262791776 -0.614356024396087 0.788993155116906">
            <n d="0 -0.77951336338246 0.626385597142978"/>
            <n d="0 -2.44921270764475e-016 1"/>
            <n d="0 -0.416229442081695 0.909259617240511"/>
        </f>
        <f v="30 66 87" fn="0.0117140495883228 -0.707058265294397 0.707058265294397">
            <n d="-0 -1 -1.83690953073357e-016"/>
            <n d="0 -2.44921270764475e-016 1"/>
            <n d="0 -0.77951336338246 0.626385597142978"/>
        </f>
        <f v="31 87 86" fn="0.00604650305288712 -0.900330814317758 0.435164181189989">
            <n d="-0 -1 -1.83690953073357e-016"/>
            <n d="0 -0.77951336338246 0.626385597142978"/>
            <n d="0 -0.975116335574793 0.221693780010147"/>
        </f>
        <f v="31 86 0" fn="0 -0.993759612676723 0.111542961286713">
            <n d="-0 -1 -1.83690953073357e-016"/>
            <n d="0 -0.975116335574793 0.221693780010147"/>
            <n d="-0 -1 -1.83690953073357e-016"/>
        </f>
        <f v="29 93 30" fn="0 -0.9432691459447 0.332029092563823">
            <n d="-0 -1 -1.83690953073357e-016"/>
            <n d="0 -0.779513363382468 0.626385597142968"/>
            <n d="-0 -1 -1.83690953073357e-016"/>
        </f>
        <f v="30 87 31" fn="0 -0.94326914594469 0.332029092563852">
            <n d="-0 -1 -1.83690953073357e-016"/>
            <n d="0 -0.77951336338246 0.626385597142978"/>
            <n d="-0 -1 -1.83690953073357e-016"/>
        </f>
        <f v="29 3 94" fn="-0 -0.993759612676723 0.111542961286713">
            <n d="-0 -1 -1.83690953073357e-016"/>
            <n d="-0 -1 -1.83690953073357e-016"/>
            <n d="0 -0.975116335574793 0.221693780010147"/>
        </f>
    </facets>
    <facets color="d1d1d1"/>
    <facets color="d1d1d1">
        <f v="43 83 4" fn="-0 -0.111542961286684 -0.993759612676726">
            <n d="0 1.22460635382238e-016 -1"/>
            <n d="-0 -0.221693780010156 -0.975116335574791"/>
            <n d="0 1.22460635382238e-016 -1"/>
        </f>
        <f v="43 84 83" fn="0.00604650305288802 -0.435164181189995 -0.900330814317755">
            <n d="0 1.22460635382238e-016 -1"/>
            <n d="-0 -0.626385597142966 -0.77951336338247"/>
            <n d="-0 -0.221693780010156 -0.975116335574791"/>
        </f>
        <f v="24 85 84" fn="0.00751508262791757 -0.788993155116908 -0.614356024396084">
            <n d="-0 -1 -1.83690953073357e-016"/>
            <n d="-0 -0.909259617240513 -0.416229442081691"/>
            <n d="-0 -0.626385597142966 -0.77951336338247"/>
        </f>
        <f v="42 84 43" fn="-0 -0.33202909256384 -0.943269145944694">
            <n d="0 1.22460635382238e-016 -1"/>
            <n d="-0 -0.626385597142966 -0.77951336338247"/>
            <n d="0 1.22460635382238e-016 -1"/>
        </f>
        <f v="24 84 42" fn="0.0117140495883229 -0.707058265294396 -0.707058265294397">
            <n d="-0 -1 -1.83690953073357e-016"/>
            <n d="-0 -0.626385597142966 -0.77951336338247"/>
            <n d="0 1.22460635382238e-016 -1"/>
        </f>
        <f v="102 42 41" fn="-0 -0.332029092563835 -0.943269145944696">
            <n d="-0 -0.626385597142972 -0.779513363382464"/>
            <n d="0 1.22460635382238e-016 -1"/>
            <n d="0 1.22460635382238e-016 -1"/>
        </f>
        <f v="103 41 7" fn="0 -0.111542961286684 -0.993759612676726">
            <n d="-0 -0.221693780010156 -0.975116335574791"/>
            <n d="0 1.22460635382238e-016 -1"/>
            <n d="0 1.22460635382238e-016 -1"/>
        </f>
        <f v="102 41 103" fn="-0.00604650305288784 -0.435164181189985 -0.90033081431776">
            <n d="-0 -0.626385597142972 -0.779513363382464"/>
            <n d="0 1.22460635382238e-016 -1"/>
            <n d="-0 -0.221693780010156 -0.975116335574791"/>
        </f>
        <f v="24 42 102" fn="-0.0117140495883232 -0.707058265294396 -0.707058265294397">
            <n d="-0 -1 -1.83690953073357e-016"/>
            <n d="0 1.22460635382238e-016 -1"/>
            <n d="-0 -0.626385597142972 -0.779513363382464"/>
        </f>
        <f v="23 85 24" fn="0 -0.977051589538778 -0.213002796647715">
            <n d="-0 -1 -1.83690953073357e-016"/>
            <n d="-0 -0.909259617240513 -0.416229442081691"/>
            <n d="-0 -1 -1.83690953073357e-016"/>
        </f>
        <f v="25 101 2" fn="0 -0.977051589538778 -0.213002796647714">
            <n d="-0 -1 -1.83690953073357e-016"/>
            <n d="-0 -0.909259617240513 -0.416229442081691"/>
            <n d="-0 -1 -1.83690953073357e-016"/>
        </f>
        <f v="24 102 101" fn="-0.00751508262791727 -0.78899315511692 -0.614356024396069">
            <n d="-0 -1 -1.83690953073357e-016"/>
            <n d="-0 -0.626385597142972 -0.779513363382464"/>
            <n d="-0 -0.909259617240513 -0.416229442081691"/>
        </f>
        <f v="24 101 25" fn="0 -0.977051589538778 -0.213002796647714">
            <n d="-0 -1 -1.83690953073357e-016"/>
            <n d="-0 -0.909259617240513 -0.416229442081691"/>
            <n d="-0 -1 -1.83690953073357e-016"/>
        </f>
        <f v="23 1 85" fn="-0 -0.977051589538778 -0.213002796647715">
            <n d="-0 -1 -1.83690953073357e-016"/>
            <n d="-0 -1 -1.83690953073357e-016"/>
            <n d="-0 -0.909259617240513 -0.416229442081691"/>
        </f>
    </facets>
    <facets color="d1d1d1">
        <f v="68 98 99" fn="0.900342169881983 -0.435169669766775 -0.00336684530059806">
            <n d="1 -2.44921270764475e-016 0"/>
            <n d="0.975116335574793 -0.221693780010146 0"/>
            <n d="0.779513363382469 -0.626385597142967 0"/>
        </f>
        <f v="28 100 3" fn="0.213002796647689 -0.977051589538783 -0">
            <n d="-1.83690953073357e-016 -1 -0"/>
            <n d="0.416229442081689 -0.909259617240514 0"/>
            <n d="-1.83690953073357e-016 -1 -0"/>
        </f>
        <f v="27 99 100" fn="0.614367994286336 -0.789008527573721 -0.00418461617504811">
            <n d="-1.83690953073357e-016 -1 -0"/>
            <n d="0.779513363382469 -0.626385597142967 0"/>
            <n d="0.416229442081689 -0.909259617240514 0"/>
        </f>
        <f v="27 100 28" fn="0.213002796647689 -0.977051589538783 0">
            <n d="-1.83690953073357e-016 -1 -0"/>
            <n d="0.416229442081689 -0.909259617240514 0"/>
            <n d="-1.83690953073357e-016 -1 -0"/>
        </f>
        <f v="69 99 27" fn="0.707091737936411 -0.707091737936411 -0.00652290457782976">
            <n d="1 -2.44921270764475e-016 0"/>
            <n d="0.779513363382469 -0.626385597142967 0"/>
            <n d="-1.83690953073357e-016 -1 -0"/>
        </f>
        <f v="105 27 26" fn="0.332029092563827 -0.943269145944699 -0">
            <n d="0.626385597142962 -0.779513363382473 0"/>
            <n d="-1.83690953073357e-016 -1 -0"/>
            <n d="-1.83690953073357e-016 -1 -0"/>
        </f>
        <f v="106 26 2" fn="0.111542961286711 -0.993759612676723 0">
            <n d="0.221693780010152 -0.975116335574792 0"/>
            <n d="-1.83690953073357e-016 -1 -0"/>
            <n d="-1.83690953073357e-016 -1 -0"/>
        </f>
        <f v="105 26 106" fn="0.435169669766748 -0.900342169881996 0.00336684530059765">
            <n d="0.626385597142962 -0.779513363382473 0"/>
            <n d="-1.83690953073357e-016 -1 -0"/>
            <n d="0.221693780010152 -0.975116335574792 0"/>
        </f>
        <f v="69 27 105" fn="0.707091737936411 -0.707091737936411 0.00652290457782998">
            <n d="1 -2.44921270764475e-016 0"/>
            <n d="-1.83690953073357e-016 -1 -0"/>
            <n d="0.626385597142962 -0.779513363382473 0"/>
        </f>
        <f v="69 105 104" fn="0.789008527573749 -0.614367994286301 0.00418461617504745">
            <n d="1 -2.44921270764475e-016 0"/>
            <n d="0.626385597142962 -0.779513363382473 0"/>
            <n d="0.909259617240516 -0.416229442081685 0"/>
        </f>
        <f v="69 104 70" fn="0.977051589538779 -0.213002796647711 0">
            <n d="1 -2.44921270764475e-016 0"/>
            <n d="0.909259617240516 -0.416229442081685 0"/>
            <n d="1 -2.44921270764475e-016 0"/>
        </f>
        <f v="70 104 17" fn="0.977051589538779 -0.213002796647711 0">
            <n d="1 -2.44921270764475e-016 0"/>
            <n d="0.909259617240516 -0.416229442081685 0"/>
            <n d="1 -2.44921270764475e-016 0"/>
        </f>
        <f v="68 99 69" fn="0.943269145944693 -0.332029092563843 0">
            <n d="1 -2.44921270764475e-016 0"/>
            <n d="0.779513363382469 -0.626385597142967 0"/>
            <n d="1 -2.44921270764475e-016 0"/>
        </f>
        <f v="68 16 98" fn="0.993759612676726 -0.111542961286689 -0">
            <n d="1 -2.44921270764475e-016 0"/>
            <n d="1 -2.44921270764475e-016 0"/>
            <n d="0.975116335574793 -0.221693780010146 0"/>
        </f>
    </facets>
    <facets color="d1d1d1">
        <f v="56 95 96" fn="0.435170873740579 0.00240880655422975 0.90034466083764">
            <n d="0 0 1"/>
            <n d="0.221693780010153 0 0.975116335574792"/>
            <n d="0.626385597142975 0 0.779513363382462"/>
        </f>
        <f v="78 96 97" fn="0.789011899717017 0.00299388453050118 0.614370620033512">
            <n d="1 0 6.12303176911189e-017"/>
            <n d="0.626385597142975 0 0.779513363382462"/>
            <n d="0.909259617240512 0 0.416229442081693"/>
        </f>
        <f v="79 97 16" fn="0.977051589538781 0 0.2130027966477">
            <n d="1 0 6.12303176911189e-017"/>
            <n d="0.909259617240512 0 0.416229442081693"/>
            <n d="1 0 6.12303176911189e-017"/>
        </f>
        <f v="78 97 79" fn="0.977051589538781 0 0.2130027966477">
            <n d="1 0 6.12303176911189e-017"/>
            <n d="0.909259617240512 0 0.416229442081693"/>
            <n d="1 0 6.12303176911189e-017"/>
        </f>
        <f v="57 96 78" fn="0.707099080958923 0.00466684198292211 0.707099080958923">
            <n d="0 0 1"/>
            <n d="0.626385597142975 0 0.779513363382462"/>
            <n d="1 0 6.12303176911189e-017"/>
        </f>
        <f v="108 78 77" fn="0.943269145944697 -0 0.332029092563834">
            <n d="0.779513363382465 0 0.626385597142972"/>
            <n d="1 0 6.12303176911189e-017"/>
            <n d="1 0 6.12303176911189e-017"/>
        </f>
        <f v="109 77 19" fn="0.993759612676726 0 0.111542961286689">
            <n d="0.975116335574793 0 0.221693780010146"/>
            <n d="1 0 6.12303176911189e-017"/>
            <n d="1 0 6.12303176911189e-017"/>
        </f>
        <f v="108 77 109" fn="0.900344660837663 -0.00240880655422911 0.435170873740532">
            <n d="0.779513363382465 0 0.626385597142972"/>
            <n d="1 0 6.12303176911189e-017"/>
            <n d="0.975116335574793 0 0.221693780010146"/>
        </f>
        <f v="57 78 108" fn="0.707099080958923 -0.00466684198292234 0.707099080958923">
            <n d="0 0 1"/>
            <n d="1 0 6.12303176911189e-017"/>
            <n d="0.779513363382465 0 0.626385597142972"/>
        </f>
        <f v="57 107 58" fn="0.21300279664769 -0 0.977051589538783">
            <n d="0 0 1"/>
            <n d="0.416229442081687 0 0.909259617240515"/>
            <n d="0 0 1"/>
        </f>
        <f v="57 108 107" fn="0.614370620033491 -0.00299388453050103 0.789011899717033">
            <n d="0 0 1"/>
            <n d="0.779513363382465 0 0.626385597142972"/>
            <n d="0.416229442081687 0 0.909259617240515"/>
        </f>
        <f v="58 107 13" fn="0.21300279664769 -0 0.977051589538783">
            <n d="0 0 1"/>
            <n d="0.416229442081687 0 0.909259617240515"/>
            <n d="0 0 1"/>
        </f>
        <f v="56 96 57" fn="0.332029092563855 -0 0.943269145944689">
            <n d="0 0 1"/>
            <n d="0.626385597142975 0 0.779513363382462"/>
            <n d="0 0 1"/>
        </f>
        <f v="56 12 95" fn="0.11154296128666 0 0.993759612676729">
            <n d="0 0 1"/>
            <n d="0 0 1"/>
            <n d="0.221693780010153 0 0.975116335574792"/>
        </f>
    </facets>
    <facets color="d1d1d1">
        <f v="61 89 14" fn="0 0.111542961286659 0.993759612676729">
            <n d="0 0 1"/>
            <n d="0 0.221693780010155 0.975116335574791"/>
            <n d="0 0 1"/>
        </f>
        <f v="61 90 89" fn="0.00604650305288908 0.435164181190028 0.900330814317739">
            <n d="0 0 1"/>
            <n d="0 0.626385597142972 0.779513363382465"/>
            <n d="0 0.221693780010155 0.975116335574791"/>
        </f>
        <f v="54 91 90" fn="0.00751508262791871 0.788993155116882 0.614356024396117">
            <n d="0 1 6.12303176911189e-017"/>
            <n d="0 0.909259617240513 0.416229442081691"/>
            <n d="0 0.626385597142972 0.779513363382465"/>
        </f>
        <f v="60 90 61" fn="0 0.332029092563858 0.943269145944688">
            <n d="0 0 1"/>
            <n d="0 0.626385597142972 0.779513363382465"/>
            <n d="0 0 1"/>
        </f>
        <f v="54 90 60" fn="0.0117140495883225 0.707058265294397 0.707058265294397">
            <n d="0 1 6.12303176911189e-017"/>
            <n d="0 0.626385597142972 0.779513363382465"/>
            <n d="0 0 1"/>
        </f>
        <f v="111 60 59" fn="-0 0.332029092563843 0.943269145944693">
            <n d="0 0.626385597142966 0.779513363382469"/>
            <n d="0 0 1"/>
            <n d="0 0 1"/>
        </f>
        <f v="112 59 13" fn="0 0.111542961286708 0.993759612676724">
            <n d="0 0.221693780010158 0.975116335574791"/>
            <n d="0 0 1"/>
            <n d="0 0 1"/>
        </f>
        <f v="111 59 112" fn="-0.0060465030528875 0.435164181189988 0.900330814317759">
            <n d="0 0.626385597142966 0.779513363382469"/>
            <n d="0 0 1"/>
            <n d="0 0.221693780010158 0.975116335574791"/>
        </f>
        <f v="54 60 111" fn="-0.0117140495883228 0.707058265294396 0.707058265294396">
            <n d="0 1 6.12303176911189e-017"/>
            <n d="0 0 1"/>
            <n d="0 0.626385597142966 0.779513363382469"/>
        </f>
        <f v="53 91 54" fn="-0 0.977051589538784 0.213002796647687">
            <n d="0 1 6.12303176911189e-017"/>
            <n d="0 0.909259617240513 0.416229442081691"/>
            <n d="0 1 6.12303176911189e-017"/>
        </f>
        <f v="55 110 8" fn="-0 0.977051589538784 0.213002796647687">
            <n d="0 1 6.12303176911189e-017"/>
            <n d="0 0.909259617240513 0.416229442081691"/>
            <n d="0 1 6.12303176911189e-017"/>
        </f>
        <f v="54 111 110" fn="-0.00751508262791848 0.788993155116891 0.614356024396106">
            <n d="0 1 6.12303176911189e-017"/>
            <n d="0 0.626385597142966 0.779513363382469"/>
            <n d="0 0.909259617240513 0.416229442081691"/>
        </f>
        <f v="54 110 55" fn="-0 0.977051589538784 0.213002796647687">
            <n d="0 1 6.12303176911189e-017"/>
            <n d="0 0.909259617240513 0.416229442081691"/>
            <n d="0 1 6.12303176911189e-017"/>
        </f>
        <f v="53 11 91" fn="0 0.977051589538784 0.213002796647687">
            <n d="0 1 6.12303176911189e-017"/>
            <n d="0 1 6.12303176911189e-017"/>
            <n d="0 0.909259617240513 0.416229442081691"/>
        </f>
    </facets>
    <facets color="d1d1d1"/>
    <facets color="d1d1d1"/>
    <facets color="d1d1d1">
        <f v="71 113 114" fn="0.900344660837656 0.00240880655422929 -0.435170873740547">
            <n d="1 0 -6.12303176911189e-017"/>
            <n d="0.975116335574792 0 -0.22169378001015"/>
            <n d="0.779513363382467 0 -0.626385597142968"/>
        </f>
        <f v="40 115 7" fn="0.213002796647703 -0 -0.97705158953878">
            <n d="0 0 -1"/>
            <n d="0.416229442081692 0 -0.909259617240513"/>
            <n d="0 0 -1"/>
        </f>
        <f v="39 114 115" fn="0.614370620033497 0.00299388453050103 -0.789011899717028">
            <n d="0 0 -1"/>
            <n d="0.779513363382467 0 -0.626385597142968"/>
            <n d="0.416229442081692 0 -0.909259617240513"/>
        </f>
        <f v="39 115 40" fn="0.213002796647703 0 -0.97705158953878">
            <n d="0 0 -1"/>
            <n d="0.416229442081692 0 -0.909259617240513"/>
            <n d="0 0 -1"/>
        </f>
        <f v="72 114 39" fn="0.707099080958922 0.00466684198292222 -0.707099080958923">
            <n d="1 0 -6.12303176911189e-017"/>
            <n d="0.779513363382467 0 -0.626385597142968"/>
            <n d="0 0 -1"/>
        </f>
        <f v="120 39 38" fn="0.332029092563839 -0 -0.943269145944695">
            <n d="0.626385597142967 0 -0.779513363382468"/>
            <n d="0 0 -1"/>
            <n d="0 0 -1"/>
        </f>
        <f v="121 38 6" fn="0.111542961286685 0 -0.993759612676726">
            <n d="0.221693780010154 0 -0.975116335574791"/>
            <n d="0 0 -1"/>
            <n d="0 0 -1"/>
        </f>
        <f v="120 38 121" fn="0.435170873740548 -0.00240880655422934 -0.900344660837655">
            <n d="0.626385597142967 0 -0.779513363382468"/>
            <n d="0 0 -1"/>
            <n d="0.221693780010154 0 -0.975116335574791"/>
        </f>
        <f v="72 39 120" fn="0.707099080958922 -0.00466684198292223 -0.707099080958923">
            <n d="1 0 -6.12303176911189e-017"/>
            <n d="0 0 -1"/>
            <n d="0.626385597142967 0 -0.779513363382468"/>
        </f>
        <f v="72 120 119" fn="0.789011899717031 -0.00299388453050095 -0.614370620033494">
            <n d="1 0 -6.12303176911189e-017"/>
            <n d="0.626385597142967 0 -0.779513363382468"/>
            <n d="0.909259617240514 0 -0.41622944208169"/>
        </f>
        <f v="72 119 73" fn="0.977051589538779 0 -0.213002796647708">
            <n d="1 0 -6.12303176911189e-017"/>
            <n d="0.909259617240514 0 -0.41622944208169"/>
            <n d="1 0 -6.12303176911189e-017"/>
        </f>
        <f v="73 119 18" fn="0.977051589538779 0 -0.213002796647708">
            <n d="1 0 -6.12303176911189e-017"/>
            <n d="0.909259617240514 0 -0.41622944208169"/>
            <n d="1 0 -6.12303176911189e-017"/>
        </f>
        <f v="71 114 72" fn="0.943269145944694 0 -0.332029092563841">
            <n d="1 0 -6.12303176911189e-017"/>
            <n d="0.779513363382467 0 -0.626385597142968"/>
            <n d="1 0 -6.12303176911189e-017"/>
        </f>
        <f v="71 17 113" fn="0.993759612676726 -0 -0.111542961286686">
            <n d="1 0 -6.12303176911189e-017"/>
            <n d="1 0 -6.12303176911189e-017"/>
            <n d="0.975116335574792 0 -0.22169378001015"/>
        </f>
    </facets>
    <facets color="d1d1d1">
        <f v="44 116 117" fn="0.435169669766788 0.900342169881977 -0.00336684530059807">
            <n d="-6.12303176911189e-017 1 0"/>
            <n d="0.221693780010152 0.975116335574792 0"/>
            <n d="0.626385597142973 0.779513363382464 0"/>
        </f>
        <f v="75 117 118" fn="0.789008527573721 0.614367994286336 -0.004184616175048">
            <n d="1 1.22460635382238e-016 0"/>
            <n d="0.626385597142973 0.779513363382464 0"/>
            <n d="0.909259617240512 0.416229442081694 0"/>
        </f>
        <f v="76 118 19" fn="0.97705158953878 0.213002796647706 -0">
            <n d="1 1.22460635382238e-016 0"/>
            <n d="0.909259617240512 0.416229442081694 0"/>
            <n d="1 1.22460635382238e-016 0"/>
        </f>
        <f v="75 118 76" fn="0.97705158953878 0.213002796647706 -0">
            <n d="1 1.22460635382238e-016 0"/>
            <n d="0.909259617240512 0.416229442081694 0"/>
            <n d="1 1.22460635382238e-016 0"/>
        </f>
        <f v="45 117 75" fn="0.707091737936411 0.707091737936411 -0.00652290457782962">
            <n d="-6.12303176911189e-017 1 0"/>
            <n d="0.626385597142973 0.779513363382464 0"/>
            <n d="1 1.22460635382238e-016 0"/>
        </f>
        <f v="123 75 74" fn="0.943269145944696 0.332029092563834 -0">
            <n d="0.779513363382465 0.626385597142972 0"/>
            <n d="1 1.22460635382238e-016 0"/>
            <n d="1 1.22460635382238e-016 0"/>
        </f>
        <f v="124 74 18" fn="0.993759612676726 0.111542961286683 0">
            <n d="0.975116335574791 0.221693780010156 0"/>
            <n d="1 1.22460635382238e-016 0"/>
            <n d="1 1.22460635382238e-016 0"/>
        </f>
        <f v="123 74 124" fn="0.900342169881985 0.43516966976677 0.00336684530059823">
            <n d="0.779513363382465 0.626385597142972 0"/>
            <n d="1 1.22460635382238e-016 0"/>
            <n d="0.975116335574791 0.221693780010156 0"/>
        </f>
        <f v="45 75 123" fn="0.707091737936411 0.707091737936411 0.00652290457782998">
            <n d="-6.12303176911189e-017 1 0"/>
            <n d="1 1.22460635382238e-016 0"/>
            <n d="0.779513363382465 0.626385597142972 0"/>
        </f>
        <f v="45 122 46" fn="0.21300279664769 0.977051589538783 0">
            <n d="-6.12303176911189e-017 1 0"/>
            <n d="0.416229442081687 0.909259617240515 0"/>
            <n d="-6.12303176911189e-017 1 0"/>
        </f>
        <f v="45 123 122" fn="0.614367994286316 0.789008527573738 0.00418461617504784">
            <n d="-6.12303176911189e-017 1 0"/>
            <n d="0.779513363382465 0.626385597142972 0"/>
            <n d="0.416229442081687 0.909259617240515 0"/>
        </f>
        <f v="46 122 9" fn="0.21300279664769 0.977051589538783 0">
            <n d="-6.12303176911189e-017 1 0"/>
            <n d="0.416229442081687 0.909259617240515 0"/>
            <n d="-6.12303176911189e-017 1 0"/>
        </f>
        <f v="44 117 45" fn="0.332029092563856 0.943269145944688 0">
            <n d="-6.12303176911189e-017 1 0"/>
            <n d="0.626385597142973 0.779513363382464 0"/>
            <n d="-6.12303176911189e-017 1 0"/>
        </f>
        <f v="44 8 116" fn="0.111542961286711 0.993759612676723 -0">
            <n d="-6.12303176911189e-017 1 0"/>
            <n d="-6.12303176911189e-017 1 0"/>
            <n d="0.221693780010152 0.975116335574792 0"/>
        </f>
    </facets>
    <facets color="d1d1d1"/>
    <facets color="d1d1d1">
        <f v="47 125 126" fn="-0.00604650305288748 0.900330814317753 -0.43516418119">
            <n d="0 1 6.12303176911189e-017"/>
            <n d="0 0.975116335574792 -0.221693780010151"/>
            <n d="0 0.779513363382463 -0.626385597142974"/>
        </f>
        <f v="36 126 127" fn="-0.00751508262791821 0.614356024396103 -0.788993155116894">
            <n d="0 1.22460635382238e-016 -1"/>
            <n d="0 0.779513363382463 -0.626385597142974"/>
            <n d="0 0.416229442081694 -0.909259617240512"/>
        </f>
        <f v="37 127 6" fn="0 0.213002796647702 -0.977051589538781">
            <n d="0 1.22460635382238e-016 -1"/>
            <n d="0 0.416229442081694 -0.909259617240512"/>
            <n d="0 1.22460635382238e-016 -1"/>
        </f>
        <f v="36 127 37" fn="0 0.213002796647702 -0.977051589538781">
            <n d="0 1.22460635382238e-016 -1"/>
            <n d="0 0.416229442081694 -0.909259617240512"/>
            <n d="0 1.22460635382238e-016 -1"/>
        </f>
        <f v="48 126 36" fn="-0.0117140495883226 0.707058265294396 -0.707058265294397">
            <n d="0 1 6.12303176911189e-017"/>
            <n d="0 0.779513363382463 -0.626385597142974"/>
            <n d="0 1.22460635382238e-016 -1"/>
        </f>
        <f v="82 36 35" fn="0 0.213002796647702 -0.977051589538781">
            <n d="0 0.416229442081694 -0.909259617240512"/>
            <n d="0 1.22460635382238e-016 -1"/>
            <n d="0 1.22460635382238e-016 -1"/>
        </f>
        <f v="82 35 5" fn="0 0.213002796647702 -0.977051589538781">
            <n d="0 0.416229442081694 -0.909259617240512"/>
            <n d="0 1.22460635382238e-016 -1"/>
            <n d="0 1.22460635382238e-016 -1"/>
        </f>
        <f v="81 36 82" fn="0.00751508262791821 0.614356024396103 -0.788993155116894">
            <n d="0 0.779513363382463 -0.626385597142974"/>
            <n d="0 1.22460635382238e-016 -1"/>
            <n d="0 0.416229442081694 -0.909259617240512"/>
        </f>
        <f v="48 36 81" fn="0.0117140495883226 0.707058265294396 -0.707058265294397">
            <n d="0 1 6.12303176911189e-017"/>
            <n d="0 1.22460635382238e-016 -1"/>
            <n d="0 0.779513363382463 -0.626385597142974"/>
        </f>
        <f v="48 81 49" fn="0 0.943269145944689 -0.332029092563856">
            <n d="0 1 6.12303176911189e-017"/>
            <n d="0 0.779513363382463 -0.626385597142974"/>
            <n d="0 1 6.12303176911189e-017"/>
        </f>
        <f v="49 81 80" fn="0.00604650305288748 0.900330814317753 -0.43516418119">
            <n d="0 1 6.12303176911189e-017"/>
            <n d="0 0.779513363382463 -0.626385597142974"/>
            <n d="0 0.975116335574792 -0.221693780010151"/>
        </f>
        <f v="49 80 10" fn="0 0.993759612676723 -0.111542961286711">
            <n d="0 1 6.12303176911189e-017"/>
            <n d="0 0.975116335574792 -0.221693780010151"/>
            <n d="0 1 6.12303176911189e-017"/>
        </f>
        <f v="47 126 48" fn="0 0.943269145944689 -0.332029092563856">
            <n d="0 1 6.12303176911189e-017"/>
            <n d="0 0.779513363382463 -0.626385597142974"/>
            <n d="0 1 6.12303176911189e-017"/>
        </f>
        <f v="47 9 125" fn="-0 0.993759612676723 -0.111542961286711">
            <n d="0 1 6.12303176911189e-017"/>
            <n d="0 1 6.12303176911189e-017"/>
            <n d="0 0.975116335574792 -0.221693780010151"/>
        </f>
    </facets>
</shell>
</step-assembly>
