<?xml version="1.0" encoding="UTF-8" ?>
<step-assembly root="id72">
<product id="id72" name="Assem1" shape="id32"/>
<shape id="id32" unit="mm 0.001000">
    <child ref="id37" xform="1 0 0 0 0 1 0 0 0 0 1 0 0 0 0 1"/>
    <child ref="id42" xform="1 0 0 0 0 1 0 0 0 0 1 0 3.46945e-015 -1.1 4.33681e-016 1"/>
    <child ref="id42" xform="-1 -7.25065e-017 -2.22045e-016 0 7.25065e-017 -1 1.88226e-018 0 -2.22045e-016 1.88226e-018 1 0 4.49944e-015 1.1 -8.13152e-017 1"/>
</shape>
<shape id="id37" unit="mm 0.001000" shell="id79"/>
<shape id="id42" unit="mm 0.001000" shell="id82"/>
<shell id="id79">
    <verts>
        <v p="-0.8 -1.1 0.53"/>
        <v p="-0.8 -1.1 -0.53"/>
        <v p="-0.8 1.1 0.53"/>
        <v p="-0.8 1.1 -0.53"/>
        <v p="0.78 1.1 0.55"/>
        <v p="-0.78 1.1 0.55"/>
        <v p="-0.78 -1.1 0.55"/>
        <v p="0.78 -1.1 0.55"/>
        <v p="-0.78 -1.1 -0.55"/>
        <v p="0.78 -1.1 -0.55"/>
        <v p="0.8 -1.1 -0.53"/>
        <v p="0.8 -1.1 0.53"/>
        <v p="0.8 1.1 0.53"/>
        <v p="0.8 1.1 -0.53"/>
        <v p="0.78 1.1 -0.55"/>
        <v p="-0.78 1.1 -0.55"/>
        <v p="-0.8 -1.1 0.265"/>
        <v p="-0.8 -1.1 0"/>
        <v p="-0.8 -1.1 -0.265"/>
        <v p="-0.8 -0.55 0.53"/>
        <v p="-0.8 0 0.53"/>
        <v p="-0.8 0.55 0.53"/>
        <v p="-0.8 1.1 0.265"/>
        <v p="-0.8 1.1 0"/>
        <v p="-0.8 1.1 -0.265"/>
        <v p="-0.8 0.55 -0.53"/>
        <v p="-0.8 0 -0.53"/>
        <v p="-0.8 -0.55 -0.53"/>
        <v p="0.39 1.1 0.55"/>
        <v p="0 1.1 0.55"/>
        <v p="-0.39 1.1 0.55"/>
        <v p="-0.78 0.55 0.55"/>
        <v p="-0.78 0 0.55"/>
        <v p="-0.78 -0.55 0.55"/>
        <v p="-0.39 -1.1 0.55"/>
        <v p="0 -1.1 0.55"/>
        <v p="0.39 -1.1 0.55"/>
        <v p="0.78 -0.55 0.55"/>
        <v p="0.78 0 0.55"/>
        <v p="0.78 0.55 0.55"/>
        <v p="-0.787255498501727 -1.1 0.548637535821332"/>
        <v p="-0.794085797299239 -1.1 0.544198250400834"/>
        <v p="-0.798581696552059 -1.1 0.537397334198697"/>
        <v p="-0.798637535821332 -1.1 -0.537255498501727"/>
        <v p="-0.794198250400833 -1.1 -0.544085797299239"/>
        <v p="-0.787397334198697 -1.1 -0.548581696552059"/>
        <v p="-0.39 -1.1 -0.55"/>
        <v p="0 -1.1 -0.55"/>
        <v p="0.39 -1.1 -0.55"/>
        <v p="0.787255498501727 -1.1 -0.548637535821332"/>
        <v p="0.794085797299239 -1.1 -0.544198250400834"/>
        <v p="0.798581696552059 -1.1 -0.537397334198697"/>
        <v p="0.8 -1.1 0.265"/>
        <v p="0.8 -1.1 0"/>
        <v p="0.8 -1.1 -0.265"/>
        <v p="0.798637535821332 -1.1 0.537255498501727"/>
        <v p="0.794198250400833 -1.1 0.544085797299239"/>
        <v p="0.787397334198697 -1.1 0.548581696552059"/>
        <v p="0.8 0.55 0.53"/>
        <v p="0.8 0 0.53"/>
        <v p="0.8 -0.55 0.53"/>
        <v p="0.787255498501727 1.1 0.548637535821332"/>
        <v p="0.794085797299239 1.1 0.544198250400834"/>
        <v p="0.798581696552059 1.1 0.537397334198697"/>
        <v p="-0.798637535821332 1.1 0.537255498501727"/>
        <v p="-0.794198250400833 1.1 0.544085797299239"/>
        <v p="-0.787397334198697 1.1 0.548581696552059"/>
        <v p="0.8 1.1 0.265"/>
        <v p="0.8 1.1 0"/>
        <v p="0.8 1.1 -0.265"/>
        <v p="0.798637535821332 1.1 -0.537255498501727"/>
        <v p="0.794198250400833 1.1 -0.544085797299239"/>
        <v p="0.787397334198697 1.1 -0.548581696552059"/>
        <v p="0.39 1.1 -0.55"/>
        <v p="0 1.1 -0.55"/>
        <v p="-0.39 1.1 -0.55"/>
        <v p="-0.787255498501727 1.1 -0.548637535821332"/>
        <v p="-0.794085797299239 1.1 -0.544198250400834"/>
        <v p="-0.798581696552059 1.1 -0.537397334198697"/>
        <v p="-0.78 -0.55 -0.55"/>
        <v p="-0.78 0 -0.55"/>
        <v p="-0.78 0.55 -0.55"/>
        <v p="0.8 -0.55 -0.53"/>
        <v p="0.8 0 -0.53"/>
        <v p="0.8 0.55 -0.53"/>
        <v p="0.78 0.55 -0.55"/>
        <v p="0.78 0 -0.55"/>
        <v p="0.78 -0.55 -0.55"/>
    </verts>
    <facets color="333333">
        <f v="17 26 27" fn="-1 0 0">
            <n d="-1 -0 -0"/>
            <n d="-1 -0 -0"/>
            <n d="-1 -0 -0"/>
        </f>
        <f v="23 25 26" fn="-1 0 0">
            <n d="-1 -0 -0"/>
            <n d="-1 -0 -0"/>
            <n d="-1 -0 -0"/>
        </f>
        <f v="24 3 25" fn="-1 -0 -0">
            <n d="-1 -0 -0"/>
            <n d="-1 -0 -0"/>
            <n d="-1 -0 -0"/>
        </f>
        <f v="23 24 25" fn="-1 -0 -0">
            <n d="-1 -0 -0"/>
            <n d="-1 -0 -0"/>
            <n d="-1 -0 -0"/>
        </f>
        <f v="20 23 26" fn="-1 0 0">
            <n d="-1 -0 -0"/>
            <n d="-1 -0 -0"/>
            <n d="-1 -0 -0"/>
        </f>
        <f v="21 22 23" fn="-1 -0 -0">
            <n d="-1 -0 -0"/>
            <n d="-1 -0 -0"/>
            <n d="-1 -0 -0"/>
        </f>
        <f v="21 2 22" fn="-1 0 -0">
            <n d="-1 -0 -0"/>
            <n d="-1 -0 -0"/>
            <n d="-1 -0 -0"/>
        </f>
        <f v="20 21 23" fn="-1 0 -0">
            <n d="-1 -0 -0"/>
            <n d="-1 -0 -0"/>
            <n d="-1 -0 -0"/>
        </f>
        <f v="17 20 26" fn="-1 0 0">
            <n d="-1 -0 -0"/>
            <n d="-1 -0 -0"/>
            <n d="-1 -0 -0"/>
        </f>
        <f v="18 17 27" fn="-1 0 -0">
            <n d="-1 -0 -0"/>
            <n d="-1 -0 -0"/>
            <n d="-1 -0 -0"/>
        </f>
        <f v="16 0 19" fn="-1 0 0">
            <n d="-1 -0 -0"/>
            <n d="-1 -0 -0"/>
            <n d="-1 -0 -0"/>
        </f>
        <f v="17 19 20" fn="-1 0 0">
            <n d="-1 -0 -0"/>
            <n d="-1 -0 -0"/>
            <n d="-1 -0 -0"/>
        </f>
        <f v="17 16 19" fn="-1 -0 -0">
            <n d="-1 -0 -0"/>
            <n d="-1 -0 -0"/>
            <n d="-1 -0 -0"/>
        </f>
        <f v="18 27 1" fn="-1 0 0">
            <n d="-1 -0 -0"/>
            <n d="-1 -0 -0"/>
            <n d="-1 -0 -0"/>
        </f>
    </facets>
    <facets color="333333">
        <f v="38 28 29" fn="-0 -0 1">
            <n d="0 0 1"/>
            <n d="0 0 1"/>
            <n d="0 0 1"/>
        </f>
        <f v="31 30 5" fn="-0 -0 1">
            <n d="0 0 1"/>
            <n d="0 0 1"/>
            <n d="0 0 1"/>
        </f>
        <f v="32 29 30" fn="-0 -0 1">
            <n d="0 0 1"/>
            <n d="0 0 1"/>
            <n d="0 0 1"/>
        </f>
        <f v="32 30 31" fn="0 0 1">
            <n d="0 0 1"/>
            <n d="0 0 1"/>
            <n d="0 0 1"/>
        </f>
        <f v="35 29 32" fn="-0 -0 1">
            <n d="0 0 1"/>
            <n d="0 0 1"/>
            <n d="0 0 1"/>
        </f>
        <f v="34 32 33" fn="0 0 1">
            <n d="0 0 1"/>
            <n d="0 0 1"/>
            <n d="0 0 1"/>
        </f>
        <f v="34 33 6" fn="0 0 1">
            <n d="0 0 1"/>
            <n d="0 0 1"/>
            <n d="0 0 1"/>
        </f>
        <f v="35 32 34" fn="0 0 1">
            <n d="0 0 1"/>
            <n d="0 0 1"/>
            <n d="0 0 1"/>
        </f>
        <f v="38 29 35" fn="0 -0 1">
            <n d="0 0 1"/>
            <n d="0 0 1"/>
            <n d="0 0 1"/>
        </f>
        <f v="39 28 38" fn="0 0 1">
            <n d="0 0 1"/>
            <n d="0 0 1"/>
            <n d="0 0 1"/>
        </f>
        <f v="37 36 7" fn="-0 0 1">
            <n d="0 0 1"/>
            <n d="0 0 1"/>
            <n d="0 0 1"/>
        </f>
        <f v="38 35 36" fn="-0 -0 1">
            <n d="0 0 1"/>
            <n d="0 0 1"/>
            <n d="0 0 1"/>
        </f>
        <f v="38 36 37" fn="0 0 1">
            <n d="0 0 1"/>
            <n d="0 0 1"/>
            <n d="0 0 1"/>
        </f>
        <f v="39 4 28" fn="-0 -0 1">
            <n d="0 0 1"/>
            <n d="0 0 1"/>
            <n d="0 0 1"/>
        </f>
    </facets>
    <facets color="333333">
        <f v="56 57 7" fn="1.33376197352198e-014 -1 6.9563978526439e-014">
            <n d="-0 -1 -0"/>
            <n d="-0 -1 -0"/>
            <n d="-0 -1 -0"/>
        </f>
        <f v="55 56 7" fn="-4.00128592056607e-014 -1 -5.85147325582322e-014">
            <n d="-0 -1 -0"/>
            <n d="-0 -1 -0"/>
            <n d="-0 -1 -0"/>
        </f>
        <f v="11 55 7" fn="-0 -1 -0">
            <n d="-0 -1 -0"/>
            <n d="-0 -1 -0"/>
            <n d="-0 -1 -0"/>
        </f>
        <f v="36 11 7" fn="0 -1 0">
            <n d="-0 -1 -0"/>
            <n d="-0 -1 -0"/>
            <n d="-0 -1 -0"/>
        </f>
        <f v="35 53 52" fn="0 -1 0">
            <n d="-0 -1 -0"/>
            <n d="-0 -1 -0"/>
            <n d="-0 -1 -0"/>
        </f>
        <f v="48 10 54" fn="0 -1 0">
            <n d="-0 -1 -0"/>
            <n d="-0 -1 -0"/>
            <n d="-0 -1 -0"/>
        </f>
        <f v="9 51 10" fn="0 -1 0">
            <n d="-0 -1 -0"/>
            <n d="-0 -1 -0"/>
            <n d="-0 -1 -0"/>
        </f>
        <f v="9 50 51" fn="-4.01414978590865e-014 -1 5.91856631067311e-014">
            <n d="-0 -1 -0"/>
            <n d="-0 -1 -0"/>
            <n d="-0 -1 -0"/>
        </f>
        <f v="9 49 50" fn="1.32089810817948e-014 -1 -7.03414768247327e-014">
            <n d="-0 -1 -0"/>
            <n d="-0 -1 -0"/>
            <n d="-0 -1 -0"/>
        </f>
        <f v="48 9 10" fn="-0 -1 -0">
            <n d="-0 -1 -0"/>
            <n d="-0 -1 -0"/>
            <n d="-0 -1 -0"/>
        </f>
        <f v="47 54 53" fn="0 -1 0">
            <n d="-0 -1 -0"/>
            <n d="-0 -1 -0"/>
            <n d="-0 -1 -0"/>
        </f>
        <f v="47 48 54" fn="-0 -1 -0">
            <n d="-0 -1 -0"/>
            <n d="-0 -1 -0"/>
            <n d="-0 -1 -0"/>
        </f>
        <f v="17 47 53" fn="0 -1 0">
            <n d="-0 -1 -0"/>
            <n d="-0 -1 -0"/>
            <n d="-0 -1 -0"/>
        </f>
        <f v="18 46 47" fn="-0 -1 -0">
            <n d="-0 -1 -0"/>
            <n d="-0 -1 -0"/>
            <n d="-0 -1 -0"/>
        </f>
        <f v="1 8 46" fn="0 -1 0">
            <n d="-0 -1 -0"/>
            <n d="-0 -1 -0"/>
            <n d="-0 -1 -0"/>
        </f>
        <f v="44 45 8" fn="-1.33376197352198e-014 -1 -6.9563978526439e-014">
            <n d="-0 -1 -0"/>
            <n d="-0 -1 -0"/>
            <n d="-0 -1 -0"/>
        </f>
        <f v="43 44 8" fn="4.00128592056607e-014 -1 5.85147325582322e-014">
            <n d="-0 -1 -0"/>
            <n d="-0 -1 -0"/>
            <n d="-0 -1 -0"/>
        </f>
        <f v="1 43 8" fn="-0 -1 -0">
            <n d="-0 -1 -0"/>
            <n d="-0 -1 -0"/>
            <n d="-0 -1 -0"/>
        </f>
        <f v="18 1 46" fn="-0 -1 -0">
            <n d="-0 -1 -0"/>
            <n d="-0 -1 -0"/>
            <n d="-0 -1 -0"/>
        </f>
        <f v="17 18 47" fn="-0 -1 -0">
            <n d="-0 -1 -0"/>
            <n d="-0 -1 -0"/>
            <n d="-0 -1 -0"/>
        </f>
        <f v="35 17 53" fn="0 -1 -0">
            <n d="-0 -1 -0"/>
            <n d="-0 -1 -0"/>
            <n d="-0 -1 -0"/>
        </f>
        <f v="35 16 17" fn="0 -1 0">
            <n d="-0 -1 -0"/>
            <n d="-0 -1 -0"/>
            <n d="-0 -1 -0"/>
        </f>
        <f v="34 0 16" fn="0 -1 0">
            <n d="-0 -1 -0"/>
            <n d="-0 -1 -0"/>
            <n d="-0 -1 -0"/>
        </f>
        <f v="6 42 0" fn="0 -1 0">
            <n d="-0 -1 -0"/>
            <n d="-0 -1 -0"/>
            <n d="-0 -1 -0"/>
        </f>
        <f v="6 41 42" fn="4.01414978590865e-014 -1 -5.91856631067311e-014">
            <n d="-0 -1 -0"/>
            <n d="-0 -1 -0"/>
            <n d="-0 -1 -0"/>
        </f>
        <f v="6 40 41" fn="-1.32089810817948e-014 -1 7.03414768247327e-014">
            <n d="-0 -1 -0"/>
            <n d="-0 -1 -0"/>
            <n d="-0 -1 -0"/>
        </f>
        <f v="35 34 16" fn="-0 -1 -0">
            <n d="-0 -1 -0"/>
            <n d="-0 -1 -0"/>
            <n d="-0 -1 -0"/>
        </f>
        <f v="34 6 0" fn="-0 -1 -0">
            <n d="-0 -1 -0"/>
            <n d="-0 -1 -0"/>
            <n d="-0 -1 -0"/>
        </f>
        <f v="36 35 52" fn="-0 -1 -0">
            <n d="-0 -1 -0"/>
            <n d="-0 -1 -0"/>
            <n d="-0 -1 -0"/>
        </f>
        <f v="36 52 11" fn="-0 -1 -0">
            <n d="-0 -1 -0"/>
            <n d="-0 -1 -0"/>
            <n d="-0 -1 -0"/>
        </f>
    </facets>
    <facets color="333333">
        <f v="37 57 56" fn="0.551457666121503 0.0052657952837701 0.834186258503372">
            <n d="-1.22460635382238e-016 -0 1"/>
            <n d="0.369866709934828 0 0.929084827602941"/>
            <n d="0.70991252004167 0 0.704289864961924"/>
        </f>
        <f v="60 56 55" fn="0.838455591339168 0.00511179787540867 0.544945952250833">
            <n d="1 0 1.83690953073357e-016"/>
            <n d="0.70991252004167 0 0.704289864961924"/>
            <n d="0.931876791066598 0 0.362774925086368"/>
        </f>
        <f v="60 55 11" fn="0.982821649910755 0 0.184557862110236">
            <n d="1 0 1.83690953073357e-016"/>
            <n d="0.931876791066598 0 0.362774925086368"/>
            <n d="1 0 1.83690953073357e-016"/>
        </f>
        <f v="59 56 60" fn="0.92463844827091 0 0.380846084368952">
            <n d="1 0 1.83690953073357e-016"/>
            <n d="0.70991252004167 0 0.704289864961924"/>
            <n d="1 0 1.83690953073357e-016"/>
        </f>
        <f v="38 56 59" fn="0.707096755466215 0.00532511204622567 0.707096755466215">
            <n d="-1.22460635382238e-016 -0 1"/>
            <n d="0.70991252004167 0 0.704289864961924"/>
            <n d="1 0 1.83690953073357e-016"/>
        </f>
        <f v="62 59 58" fn="0.923116965763801 -0 0.38451926807253">
            <n d="0.704289864961921 0 0.709912520041673"/>
            <n d="1 0 1.83690953073357e-016"/>
            <n d="1 0 1.83690953073357e-016"/>
        </f>
        <f v="63 58 12" fn="0.982111202360238 0 0.188301848632792">
            <n d="0.92908482760294 0 0.369866709934828"/>
            <n d="1 0 1.83690953073357e-016"/>
            <n d="1 0 1.83690953073357e-016"/>
        </f>
        <f v="62 58 63" fn="0.834186258503376 -0.00526579528377001 0.551457666121497">
            <n d="0.704289864961921 0 0.709912520041673"/>
            <n d="1 0 1.83690953073357e-016"/>
            <n d="0.92908482760294 0 0.369866709934828"/>
        </f>
        <f v="38 59 62" fn="0.707096755466215 -0.00532511204622574 0.707096755466215">
            <n d="-1.22460635382238e-016 -0 1"/>
            <n d="1 0 1.83690953073357e-016"/>
            <n d="0.704289864961921 0 0.709912520041673"/>
        </f>
        <f v="39 62 61" fn="0.544945952250817 -0.00511179787540832 0.838455591339178">
            <n d="-1.22460635382238e-016 -0 1"/>
            <n d="0.704289864961921 0 0.709912520041673"/>
            <n d="0.362774925086362 0 0.9318767910666"/>
        </f>
        <f v="39 61 4" fn="0.184557862110238 -0 0.982821649910755">
            <n d="-1.22460635382238e-016 -0 1"/>
            <n d="0.362774925086362 0 0.9318767910666"/>
            <n d="-1.22460635382238e-016 -0 1"/>
        </f>
        <f v="37 56 38" fn="0.384519268072532 -0 0.9231169657638">
            <n d="-1.22460635382238e-016 -0 1"/>
            <n d="0.70991252004167 0 0.704289864961924"/>
            <n d="-1.22460635382238e-016 -0 1"/>
        </f>
        <f v="38 62 39" fn="0.380846084368946 -0 0.924638448270913">
            <n d="-1.22460635382238e-016 -0 1"/>
            <n d="0.704289864961921 0 0.709912520041673"/>
            <n d="-1.22460635382238e-016 -0 1"/>
        </f>
        <f v="37 7 57" fn="0.188301848632792 0 0.982111202360238">
            <n d="-1.22460635382238e-016 -0 1"/>
            <n d="-1.22460635382238e-016 -0 1"/>
            <n d="0.369866709934828 0 0.929084827602941"/>
        </f>
    </facets>
    <facets color="333333">
        <f v="15 78 3" fn="0 1 0">
            <n d="-0 1 -0"/>
            <n d="-0 1 -0"/>
            <n d="-0 1 -0"/>
        </f>
        <f v="15 77 78" fn="4.01414978590865e-014 1 5.91856631067311e-014">
            <n d="-0 1 -0"/>
            <n d="-0 1 -0"/>
            <n d="-0 1 -0"/>
        </f>
        <f v="15 76 77" fn="-1.32089810817948e-014 1 -7.03414768247327e-014">
            <n d="-0 1 -0"/>
            <n d="-0 1 -0"/>
            <n d="-0 1 -0"/>
        </f>
        <f v="75 15 3" fn="-0 1 -0">
            <n d="-0 1 -0"/>
            <n d="-0 1 -0"/>
            <n d="-0 1 -0"/>
        </f>
        <f v="24 74 75" fn="0 1 0">
            <n d="-0 1 -0"/>
            <n d="-0 1 -0"/>
            <n d="-0 1 -0"/>
        </f>
        <f v="69 73 74" fn="-0 1 -0">
            <n d="-0 1 -0"/>
            <n d="-0 1 -0"/>
            <n d="-0 1 -0"/>
        </f>
        <f v="13 14 73" fn="0 1 0">
            <n d="-0 1 -0"/>
            <n d="-0 1 -0"/>
            <n d="-0 1 -0"/>
        </f>
        <f v="71 72 14" fn="1.33376197352198e-014 1 -6.9563978526439e-014">
            <n d="-0 1 -0"/>
            <n d="-0 1 -0"/>
            <n d="-0 1 -0"/>
        </f>
        <f v="70 71 14" fn="-4.00128592056607e-014 1 5.85147325582322e-014">
            <n d="-0 1 -0"/>
            <n d="-0 1 -0"/>
            <n d="-0 1 -0"/>
        </f>
        <f v="13 70 14" fn="-0 1 -0">
            <n d="-0 1 -0"/>
            <n d="-0 1 -0"/>
            <n d="-0 1 -0"/>
        </f>
        <f v="69 13 73" fn="-0 1 0">
            <n d="-0 1 -0"/>
            <n d="-0 1 -0"/>
            <n d="-0 1 -0"/>
        </f>
        <f v="68 69 74" fn="-0 1 0">
            <n d="-0 1 -0"/>
            <n d="-0 1 -0"/>
            <n d="-0 1 -0"/>
        </f>
        <f v="29 68 74" fn="0 1 0">
            <n d="-0 1 -0"/>
            <n d="-0 1 -0"/>
            <n d="-0 1 -0"/>
        </f>
        <f v="29 67 68" fn="0 1 0">
            <n d="-0 1 -0"/>
            <n d="-0 1 -0"/>
            <n d="-0 1 -0"/>
        </f>
        <f v="28 12 67" fn="0 1 0">
            <n d="-0 1 -0"/>
            <n d="-0 1 -0"/>
            <n d="-0 1 -0"/>
        </f>
        <f v="4 63 12" fn="0 1 0">
            <n d="-0 1 -0"/>
            <n d="-0 1 -0"/>
            <n d="-0 1 -0"/>
        </f>
        <f v="4 62 63" fn="-4.01414978590865e-014 1 -5.91856631067311e-014">
            <n d="-0 1 -0"/>
            <n d="-0 1 -0"/>
            <n d="-0 1 -0"/>
        </f>
        <f v="4 61 62" fn="1.32089810817948e-014 1 7.03414768247327e-014">
            <n d="-0 1 -0"/>
            <n d="-0 1 -0"/>
            <n d="-0 1 -0"/>
        </f>
        <f v="28 4 12" fn="-0 1 -0">
            <n d="-0 1 -0"/>
            <n d="-0 1 -0"/>
            <n d="-0 1 -0"/>
        </f>
        <f v="29 28 67" fn="-0 1 -0">
            <n d="-0 1 -0"/>
            <n d="-0 1 -0"/>
            <n d="-0 1 -0"/>
        </f>
        <f v="23 29 74" fn="-0 1 0">
            <n d="-0 1 -0"/>
            <n d="-0 1 -0"/>
            <n d="-0 1 -0"/>
        </f>
        <f v="2 5 30" fn="0 1 0">
            <n d="-0 1 -0"/>
            <n d="-0 1 -0"/>
            <n d="-0 1 -0"/>
        </f>
        <f v="65 66 5" fn="-1.33376197352198e-014 1 6.9563978526439e-014">
            <n d="-0 1 -0"/>
            <n d="-0 1 -0"/>
            <n d="-0 1 -0"/>
        </f>
        <f v="64 65 5" fn="4.00128592056607e-014 1 -5.85147325582322e-014">
            <n d="-0 1 -0"/>
            <n d="-0 1 -0"/>
            <n d="-0 1 -0"/>
        </f>
        <f v="2 64 5" fn="-0 1 -0">
            <n d="-0 1 -0"/>
            <n d="-0 1 -0"/>
            <n d="-0 1 -0"/>
        </f>
        <f v="24 23 74" fn="-0 1 -0">
            <n d="-0 1 -0"/>
            <n d="-0 1 -0"/>
            <n d="-0 1 -0"/>
        </f>
        <f v="22 2 30" fn="0 1 0">
            <n d="-0 1 -0"/>
            <n d="-0 1 -0"/>
            <n d="-0 1 -0"/>
        </f>
        <f v="22 30 29" fn="-0 1 -0">
            <n d="-0 1 -0"/>
            <n d="-0 1 -0"/>
            <n d="-0 1 -0"/>
        </f>
        <f v="23 22 29" fn="-0 1 -0">
            <n d="-0 1 -0"/>
            <n d="-0 1 -0"/>
            <n d="-0 1 -0"/>
        </f>
        <f v="24 75 3" fn="0 1 0">
            <n d="-0 1 -0"/>
            <n d="-0 1 -0"/>
            <n d="-0 1 -0"/>
        </f>
    </facets>
    <facets color="333333">
        <f v="25 78 77" fn="-0.834186258503376 -0.00526579528377001 -0.551457666121497">
            <n d="-1 0 -6.12303176911189e-017"/>
            <n d="-0.929084827602941 0 -0.369866709934828"/>
            <n d="-0.704289864961922 0 -0.709912520041673"/>
        </f>
        <f v="81 76 15" fn="-0.184557862110238 0 -0.982821649910755">
            <n d="0 0 -1"/>
            <n d="-0.362774925086363 0 -0.9318767910666"/>
            <n d="0 0 -1"/>
        </f>
        <f v="81 77 76" fn="-0.544945952250817 -0.00511179787540832 -0.838455591339178">
            <n d="0 0 -1"/>
            <n d="-0.704289864961922 0 -0.709912520041673"/>
            <n d="-0.362774925086363 0 -0.9318767910666"/>
        </f>
        <f v="80 77 81" fn="-0.380846084368946 0 -0.924638448270913">
            <n d="0 0 -1"/>
            <n d="-0.704289864961922 0 -0.709912520041673"/>
            <n d="0 0 -1"/>
        </f>
        <f v="26 77 80" fn="-0.707096755466215 -0.00532511204622574 -0.707096755466215">
            <n d="-1 0 -6.12303176911189e-017"/>
            <n d="-0.704289864961922 0 -0.709912520041673"/>
            <n d="0 0 -1"/>
        </f>
        <f v="44 80 79" fn="-0.384519268072532 -0 -0.9231169657638">
            <n d="-0.70991252004167 0 -0.704289864961924"/>
            <n d="0 0 -1"/>
            <n d="0 0 -1"/>
        </f>
        <f v="45 79 8" fn="-0.188301848632792 0 -0.982111202360238">
            <n d="-0.369866709934828 0 -0.929084827602941"/>
            <n d="0 0 -1"/>
            <n d="0 0 -1"/>
        </f>
        <f v="44 79 45" fn="-0.551457666121504 0.0052657952837701 -0.834186258503372">
            <n d="-0.70991252004167 0 -0.704289864961924"/>
            <n d="0 0 -1"/>
            <n d="-0.369866709934828 0 -0.929084827602941"/>
        </f>
        <f v="26 80 44" fn="-0.707096755466215 0.00532511204622567 -0.707096755466215">
            <n d="-1 0 -6.12303176911189e-017"/>
            <n d="0 0 -1"/>
            <n d="-0.70991252004167 0 -0.704289864961924"/>
        </f>
        <f v="25 77 26" fn="-0.923116965763801 -0 -0.384519268072529">
            <n d="-1 0 -6.12303176911189e-017"/>
            <n d="-0.704289864961922 0 -0.709912520041673"/>
            <n d="-1 0 -6.12303176911189e-017"/>
        </f>
        <f v="27 43 1" fn="-0.982821649910755 -0 -0.184557862110236">
            <n d="-1 0 -6.12303176911189e-017"/>
            <n d="-0.931876791066598 0 -0.362774925086367"/>
            <n d="-1 0 -6.12303176911189e-017"/>
        </f>
        <f v="27 44 43" fn="-0.838455591339168 0.00511179787540867 -0.544945952250833">
            <n d="-1 0 -6.12303176911189e-017"/>
            <n d="-0.70991252004167 0 -0.704289864961924"/>
            <n d="-0.931876791066598 0 -0.362774925086367"/>
        </f>
        <f v="26 44 27" fn="-0.92463844827091 -0 -0.380846084368952">
            <n d="-1 0 -6.12303176911189e-017"/>
            <n d="-0.70991252004167 0 -0.704289864961924"/>
            <n d="-1 0 -6.12303176911189e-017"/>
        </f>
        <f v="25 3 78" fn="-0.982111202360238 0 -0.188301848632792">
            <n d="-1 0 -6.12303176911189e-017"/>
            <n d="-1 0 -6.12303176911189e-017"/>
            <n d="-0.929084827602941 0 -0.369866709934828"/>
        </f>
    </facets>
    <facets color="333333">
        <f v="53 59 60" fn="1 0 0">
            <n d="1 -0 -0"/>
            <n d="1 -0 -0"/>
            <n d="1 -0 -0"/>
        </f>
        <f v="68 58 59" fn="1 0 0">
            <n d="1 -0 -0"/>
            <n d="1 -0 -0"/>
            <n d="1 -0 -0"/>
        </f>
        <f v="67 12 58" fn="1 -0 -0">
            <n d="1 -0 -0"/>
            <n d="1 -0 -0"/>
            <n d="1 -0 -0"/>
        </f>
        <f v="68 67 58" fn="1 -0 -0">
            <n d="1 -0 -0"/>
            <n d="1 -0 -0"/>
            <n d="1 -0 -0"/>
        </f>
        <f v="83 68 59" fn="1 0 0">
            <n d="1 -0 -0"/>
            <n d="1 -0 -0"/>
            <n d="1 -0 -0"/>
        </f>
        <f v="84 69 68" fn="1 -0 -0">
            <n d="1 -0 -0"/>
            <n d="1 -0 -0"/>
            <n d="1 -0 -0"/>
        </f>
        <f v="84 13 69" fn="1 -0 -0">
            <n d="1 -0 -0"/>
            <n d="1 -0 -0"/>
            <n d="1 -0 -0"/>
        </f>
        <f v="83 84 68" fn="1 -0 -0">
            <n d="1 -0 -0"/>
            <n d="1 -0 -0"/>
            <n d="1 -0 -0"/>
        </f>
        <f v="53 83 59" fn="1 -0 0">
            <n d="1 -0 -0"/>
            <n d="1 -0 -0"/>
            <n d="1 -0 -0"/>
        </f>
        <f v="52 53 60" fn="1 -0 -0">
            <n d="1 -0 -0"/>
            <n d="1 -0 -0"/>
            <n d="1 -0 -0"/>
        </f>
        <f v="54 10 82" fn="1 0 0">
            <n d="1 -0 -0"/>
            <n d="1 -0 -0"/>
            <n d="1 -0 -0"/>
        </f>
        <f v="53 82 83" fn="1 0 0">
            <n d="1 -0 -0"/>
            <n d="1 -0 -0"/>
            <n d="1 -0 -0"/>
        </f>
        <f v="53 54 82" fn="1 -0 -0">
            <n d="1 -0 -0"/>
            <n d="1 -0 -0"/>
            <n d="1 -0 -0"/>
        </f>
        <f v="52 60 11" fn="1 0 0">
            <n d="1 -0 -0"/>
            <n d="1 -0 -0"/>
            <n d="1 -0 -0"/>
        </f>
    </facets>
    <facets color="333333">
        <f v="82 51 50" fn="0.834186258503376 0.00526579528377001 -0.551457666121497">
            <n d="1 0 -1.83690953073357e-016"/>
            <n d="0.92908482760294 0 -0.369866709934828"/>
            <n d="0.704289864961921 0 -0.709912520041673"/>
        </f>
        <f v="87 49 9" fn="0.184557862110238 -0 -0.982821649910755">
            <n d="-1.22460635382238e-016 0 -1"/>
            <n d="0.362774925086362 0 -0.9318767910666"/>
            <n d="-1.22460635382238e-016 0 -1"/>
        </f>
        <f v="87 50 49" fn="0.544945952250817 0.00511179787540832 -0.838455591339178">
            <n d="-1.22460635382238e-016 0 -1"/>
            <n d="0.704289864961921 0 -0.709912520041673"/>
            <n d="0.362774925086362 0 -0.9318767910666"/>
        </f>
        <f v="86 50 87" fn="0.380846084368946 0 -0.924638448270913">
            <n d="-1.22460635382238e-016 0 -1"/>
            <n d="0.704289864961921 0 -0.709912520041673"/>
            <n d="-1.22460635382238e-016 0 -1"/>
        </f>
        <f v="83 50 86" fn="0.707096755466215 0.00532511204622574 -0.707096755466215">
            <n d="1 0 -1.83690953073357e-016"/>
            <n d="0.704289864961921 0 -0.709912520041673"/>
            <n d="-1.22460635382238e-016 0 -1"/>
        </f>
        <f v="71 86 85" fn="0.384519268072532 -0 -0.9231169657638">
            <n d="0.70991252004167 0 -0.704289864961924"/>
            <n d="-1.22460635382238e-016 0 -1"/>
            <n d="-1.22460635382238e-016 0 -1"/>
        </f>
        <f v="72 85 14" fn="0.188301848632792 0 -0.982111202360238">
            <n d="0.369866709934828 0 -0.929084827602941"/>
            <n d="-1.22460635382238e-016 0 -1"/>
            <n d="-1.22460635382238e-016 0 -1"/>
        </f>
        <f v="71 85 72" fn="0.551457666121504 -0.0052657952837701 -0.834186258503372">
            <n d="0.70991252004167 0 -0.704289864961924"/>
            <n d="-1.22460635382238e-016 0 -1"/>
            <n d="0.369866709934828 0 -0.929084827602941"/>
        </f>
        <f v="83 86 71" fn="0.707096755466215 -0.00532511204622567 -0.707096755466215">
            <n d="1 0 -1.83690953073357e-016"/>
            <n d="-1.22460635382238e-016 0 -1"/>
            <n d="0.70991252004167 0 -0.704289864961924"/>
        </f>
        <f v="82 50 83" fn="0.923116965763801 0 -0.384519268072529">
            <n d="1 0 -1.83690953073357e-016"/>
            <n d="0.704289864961921 0 -0.709912520041673"/>
            <n d="1 0 -1.83690953073357e-016"/>
        </f>
        <f v="84 70 13" fn="0.982821649910755 -0 -0.184557862110236">
            <n d="1 0 -1.83690953073357e-016"/>
            <n d="0.931876791066598 0 -0.362774925086368"/>
            <n d="1 0 -1.83690953073357e-016"/>
        </f>
        <f v="84 71 70" fn="0.838455591339168 -0.00511179787540867 -0.544945952250833">
            <n d="1 0 -1.83690953073357e-016"/>
            <n d="0.70991252004167 0 -0.704289864961924"/>
            <n d="0.931876791066598 0 -0.362774925086368"/>
        </f>
        <f v="83 71 84" fn="0.92463844827091 0 -0.380846084368952">
            <n d="1 0 -1.83690953073357e-016"/>
            <n d="0.70991252004167 0 -0.704289864961924"/>
            <n d="1 0 -1.83690953073357e-016"/>
        </f>
        <f v="82 10 51" fn="0.982111202360238 -0 -0.188301848632792">
            <n d="1 0 -1.83690953073357e-016"/>
            <n d="1 0 -1.83690953073357e-016"/>
            <n d="0.92908482760294 0 -0.369866709934828"/>
        </f>
    </facets>
    <facets color="333333">
        <f v="48 86 87" fn="0 0 -1">
            <n d="-0 -0 -1"/>
            <n d="-0 -0 -1"/>
            <n d="-0 -0 -1"/>
        </f>
        <f v="73 85 86" fn="-0 -0 -1">
            <n d="-0 -0 -1"/>
            <n d="-0 -0 -1"/>
            <n d="-0 -0 -1"/>
        </f>
        <f v="73 14 85" fn="0 -0 -1">
            <n d="-0 -0 -1"/>
            <n d="-0 -0 -1"/>
            <n d="-0 -0 -1"/>
        </f>
        <f v="74 73 86" fn="0 -0 -1">
            <n d="-0 -0 -1"/>
            <n d="-0 -0 -1"/>
            <n d="-0 -0 -1"/>
        </f>
        <f v="80 74 86" fn="0 0 -1">
            <n d="-0 -0 -1"/>
            <n d="-0 -0 -1"/>
            <n d="-0 -0 -1"/>
        </f>
        <f v="80 75 74" fn="0 0 -1">
            <n d="-0 -0 -1"/>
            <n d="-0 -0 -1"/>
            <n d="-0 -0 -1"/>
        </f>
        <f v="81 15 75" fn="-0 -0 -1">
            <n d="-0 -0 -1"/>
            <n d="-0 -0 -1"/>
            <n d="-0 -0 -1"/>
        </f>
        <f v="80 81 75" fn="-0 -0 -1">
            <n d="-0 -0 -1"/>
            <n d="-0 -0 -1"/>
            <n d="-0 -0 -1"/>
        </f>
        <f v="47 80 86" fn="0 0 -1">
            <n d="-0 -0 -1"/>
            <n d="-0 -0 -1"/>
            <n d="-0 -0 -1"/>
        </f>
        <f v="48 47 86" fn="-0 0 -1">
            <n d="-0 -0 -1"/>
            <n d="-0 -0 -1"/>
            <n d="-0 -0 -1"/>
        </f>
        <f v="46 8 79" fn="0 0 -1">
            <n d="-0 -0 -1"/>
            <n d="-0 -0 -1"/>
            <n d="-0 -0 -1"/>
        </f>
        <f v="46 79 80" fn="-0 -0 -1">
            <n d="-0 -0 -1"/>
            <n d="-0 -0 -1"/>
            <n d="-0 -0 -1"/>
        </f>
        <f v="47 46 80" fn="-0 -0 -1">
            <n d="-0 -0 -1"/>
            <n d="-0 -0 -1"/>
            <n d="-0 -0 -1"/>
        </f>
        <f v="48 87 9" fn="0 0 -1">
            <n d="-0 -0 -1"/>
            <n d="-0 -0 -1"/>
            <n d="-0 -0 -1"/>
        </f>
    </facets>
    <facets color="333333">
        <f v="31 66 65" fn="-0.551457666121503 -0.0052657952837701 0.834186258503372">
            <n d="0 0 1"/>
            <n d="-0.369866709934828 0 0.929084827602941"/>
            <n d="-0.70991252004167 0 0.704289864961924"/>
        </f>
        <f v="21 65 64" fn="-0.838455591339168 -0.00511179787540867 0.544945952250833">
            <n d="-1 0 6.12303176911189e-017"/>
            <n d="-0.70991252004167 0 0.704289864961924"/>
            <n d="-0.931876791066598 0 0.362774925086367"/>
        </f>
        <f v="21 64 2" fn="-0.982821649910755 0 0.184557862110236">
            <n d="-1 0 6.12303176911189e-017"/>
            <n d="-0.931876791066598 0 0.362774925086367"/>
            <n d="-1 0 6.12303176911189e-017"/>
        </f>
        <f v="20 65 21" fn="-0.92463844827091 0 0.380846084368952">
            <n d="-1 0 6.12303176911189e-017"/>
            <n d="-0.70991252004167 0 0.704289864961924"/>
            <n d="-1 0 6.12303176911189e-017"/>
        </f>
        <f v="32 65 20" fn="-0.707096755466215 -0.00532511204622567 0.707096755466215">
            <n d="0 0 1"/>
            <n d="-0.70991252004167 0 0.704289864961924"/>
            <n d="-1 0 6.12303176911189e-017"/>
        </f>
        <f v="41 20 19" fn="-0.923116965763801 -0 0.38451926807253">
            <n d="-0.704289864961922 0 0.709912520041673"/>
            <n d="-1 0 6.12303176911189e-017"/>
            <n d="-1 0 6.12303176911189e-017"/>
        </f>
        <f v="42 19 0" fn="-0.982111202360238 0 0.188301848632792">
            <n d="-0.929084827602941 0 0.369866709934828"/>
            <n d="-1 0 6.12303176911189e-017"/>
            <n d="-1 0 6.12303176911189e-017"/>
        </f>
        <f v="41 19 42" fn="-0.834186258503376 0.00526579528377001 0.551457666121497">
            <n d="-0.704289864961922 0 0.709912520041673"/>
            <n d="-1 0 6.12303176911189e-017"/>
            <n d="-0.929084827602941 0 0.369866709934828"/>
        </f>
        <f v="32 20 41" fn="-0.707096755466215 0.00532511204622574 0.707096755466215">
            <n d="0 0 1"/>
            <n d="-1 0 6.12303176911189e-017"/>
            <n d="-0.704289864961922 0 0.709912520041673"/>
        </f>
        <f v="33 41 40" fn="-0.544945952250817 0.00511179787540832 0.838455591339178">
            <n d="0 0 1"/>
            <n d="-0.704289864961922 0 0.709912520041673"/>
            <n d="-0.362774925086363 0 0.9318767910666"/>
        </f>
        <f v="33 40 6" fn="-0.184557862110238 0 0.982821649910755">
            <n d="0 0 1"/>
            <n d="-0.362774925086363 0 0.9318767910666"/>
            <n d="0 0 1"/>
        </f>
        <f v="31 65 32" fn="-0.384519268072532 0 0.9231169657638">
            <n d="0 0 1"/>
            <n d="-0.70991252004167 0 0.704289864961924"/>
            <n d="0 0 1"/>
        </f>
        <f v="32 41 33" fn="-0.380846084368946 0 0.924638448270913">
            <n d="0 0 1"/>
            <n d="-0.704289864961922 0 0.709912520041673"/>
            <n d="0 0 1"/>
        </f>
        <f v="31 5 66" fn="-0.188301848632792 -0 0.982111202360238">
            <n d="0 0 1"/>
            <n d="0 0 1"/>
            <n d="-0.369866709934828 0 0.929084827602941"/>
        </f>
    </facets>
</shell>
<shell id="id82">
    <verts>
        <v p="-0.8 0 0.53"/>
        <v p="-0.8 0 -0.53"/>
        <v p="-0.8 -0.48 -0.53"/>
        <v p="-0.8 -0.48 0.53"/>
        <v p="0.8 -0.48 -0.53"/>
        <v p="0.78 -0.48 -0.55"/>
        <v p="0.78 0 -0.55"/>
        <v p="0.8 0 -0.53"/>
        <v p="0.8 -0.48 0.53"/>
        <v p="0.8 0 0.53"/>
        <v p="-0.78 0 -0.55"/>
        <v p="-0.78 0 0.55"/>
        <v p="0.78 0 0.55"/>
        <v p="-0.78 -0.5 0.53"/>
        <v p="-0.78 -0.5 -0.53"/>
        <v p="0.78 -0.5 -0.53"/>
        <v p="0.78 -0.5 0.53"/>
        <v p="-0.78 -0.48 -0.55"/>
        <v p="-0.78 -0.48 0.55"/>
        <v p="0.78 -0.48 0.55"/>
        <v p="-0.8 0 0.265"/>
        <v p="-0.8 0 0"/>
        <v p="-0.8 0 -0.265"/>
        <v p="-0.8 -0.12 -0.53"/>
        <v p="-0.8 -0.24 -0.53"/>
        <v p="-0.8 -0.36 -0.53"/>
        <v p="-0.8 -0.48 -0.265"/>
        <v p="-0.8 -0.48 0"/>
        <v p="-0.8 -0.48 0.265"/>
        <v p="-0.8 -0.36 0.53"/>
        <v p="-0.8 -0.24 0.53"/>
        <v p="-0.8 -0.12 0.53"/>
        <v p="0.798637535821332 -0.48 -0.537255498501727"/>
        <v p="0.794198250400833 -0.48 -0.544085797299239"/>
        <v p="0.787397334198697 -0.48 -0.548581696552059"/>
        <v p="0.78 -0.12 -0.55"/>
        <v p="0.78 -0.24 -0.55"/>
        <v p="0.78 -0.36 -0.55"/>
        <v p="0.798637535821332 0 -0.537255498501727"/>
        <v p="0.794198250400833 0 -0.544085797299239"/>
        <v p="0.787397334198697 0 -0.548581696552059"/>
        <v p="0.8 -0.36 -0.53"/>
        <v p="0.8 -0.24 -0.53"/>
        <v p="0.8 -0.12 -0.53"/>
        <v p="0.8 -0.48 0.265"/>
        <v p="0.8 -0.48 0"/>
        <v p="0.8 -0.48 -0.265"/>
        <v p="0.8 0 -0.265"/>
        <v p="0.8 0 0"/>
        <v p="0.8 0 0.265"/>
        <v p="0.8 -0.12 0.53"/>
        <v p="0.8 -0.24 0.53"/>
        <v p="0.8 -0.36 0.53"/>
        <v p="-0.39 0 -0.55"/>
        <v p="0 0 -0.55"/>
        <v p="0.39 0 -0.55"/>
        <v p="-0.787255498501727 0 -0.548637535821332"/>
        <v p="-0.794085797299239 0 -0.544198250400834"/>
        <v p="-0.798581696552059 0 -0.537397334198697"/>
        <v p="-0.798637535821332 0 0.537255498501727"/>
        <v p="-0.794198250400833 0 0.544085797299239"/>
        <v p="-0.787397334198697 0 0.548581696552059"/>
        <v p="0.39 0 0.55"/>
        <v p="0 0 0.55"/>
        <v p="-0.39 0 0.55"/>
        <v p="0.787255498501727 0 0.548637535821332"/>
        <v p="0.794085797299239 0 0.544198250400834"/>
        <v p="0.798581696552059 0 0.537397334198697"/>
        <v p="-0.78 -0.5 0.265"/>
        <v p="-0.78 -0.5 0"/>
        <v p="-0.78 -0.5 -0.265"/>
        <v p="-0.39 -0.5 -0.53"/>
        <v p="0 -0.5 -0.53"/>
        <v p="0.39 -0.5 -0.53"/>
        <v p="0.78 -0.5 -0.265"/>
        <v p="0.78 -0.5 0"/>
        <v p="0.78 -0.5 0.265"/>
        <v p="0.39 -0.5 0.53"/>
        <v p="0 -0.5 0.53"/>
        <v p="-0.39 -0.5 0.53"/>
        <v p="-0.78 -0.498637535821332 -0.537255498501727"/>
        <v p="-0.78 -0.494198250400833 -0.544085797299239"/>
        <v p="-0.78 -0.487397334198696 -0.548581696552059"/>
        <v p="0.39 -0.48 -0.55"/>
        <v p="0 -0.48 -0.55"/>
        <v p="-0.39 -0.48 -0.55"/>
        <v p="0.78 -0.498581696552059 -0.537397334198697"/>
        <v p="0.78 -0.494085797299239 -0.544198250400833"/>
        <v p="0.78 -0.487255498501727 -0.548637535821332"/>
        <v p="0.798637535821332 -0.487255498501727 0.53"/>
        <v p="0.794198250400833 -0.494085797299238 0.53"/>
        <v p="0.787397334198697 -0.498581696552059 0.53"/>
        <v p="0.798581696552059 -0.487397334198697 -0.53"/>
        <v p="0.794085797299239 -0.494198250400833 -0.53"/>
        <v p="0.787255498501727 -0.498637535821332 -0.53"/>
        <v p="-0.78 -0.487255498501727 0.548637535821332"/>
        <v p="-0.78 -0.494085797299238 0.544198250400833"/>
        <v p="-0.78 -0.498581696552059 0.537397334198697"/>
        <v p="-0.787397334198696 -0.48 0.548581696552059"/>
        <v p="-0.794198250400833 -0.48 0.544085797299239"/>
        <v p="-0.798637535821332 -0.48 0.537255498501727"/>
        <v p="-0.787255498501727 -0.498637535821332 0.53"/>
        <v p="-0.794085797299239 -0.494198250400833 0.53"/>
        <v p="-0.798581696552059 -0.487397334198697 0.53"/>
        <v p="-0.787397334198697 -0.498581696552059 -0.53"/>
        <v p="-0.794198250400833 -0.494085797299239 -0.53"/>
        <v p="-0.798637535821332 -0.487255498501727 -0.53"/>
        <v p="-0.798581696552059 -0.48 -0.537397334198697"/>
        <v p="-0.794085797299239 -0.48 -0.544198250400834"/>
        <v p="-0.787255498501727 -0.48 -0.548637535821332"/>
        <v p="-0.78 -0.36 -0.55"/>
        <v p="-0.78 -0.24 -0.55"/>
        <v p="-0.78 -0.12 -0.55"/>
        <v p="-0.78 -0.12 0.55"/>
        <v p="-0.78 -0.24 0.55"/>
        <v p="-0.78 -0.36 0.55"/>
        <v p="-0.39 -0.48 0.55"/>
        <v p="0 -0.48 0.55"/>
        <v p="0.39 -0.48 0.55"/>
        <v p="0.78 -0.36 0.55"/>
        <v p="0.78 -0.24 0.55"/>
        <v p="0.78 -0.12 0.55"/>
        <v p="0.798581696552059 -0.48 0.537397334198697"/>
        <v p="0.794085797299239 -0.48 0.544198250400834"/>
        <v p="0.787255498501727 -0.48 0.548637535821332"/>
        <v p="0.78 -0.487397334198696 0.548581696552059"/>
        <v p="0.78 -0.494198250400833 0.544085797299239"/>
        <v p="0.78 -0.498637535821332 0.537255498501727"/>
    </verts>
    <facets>
        <f v="21 30 31" fn="-1 0 0">
            <n d="-1 -0 9.85638338623186e-017"/>
            <n d="-1 -0 9.85638338623186e-017"/>
            <n d="-1 -0 9.85638338623186e-017"/>
        </f>
        <f v="28 3 29" fn="-1 0 0">
            <n d="-1 -0 9.85638338623186e-017"/>
            <n d="-1 -0 9.85638338623186e-017"/>
            <n d="-1 -0 9.85638338623186e-017"/>
        </f>
        <f v="27 29 30" fn="-1 0 0">
            <n d="-1 -0 9.85638338623186e-017"/>
            <n d="-1 -0 9.85638338623186e-017"/>
            <n d="-1 -0 9.85638338623186e-017"/>
        </f>
        <f v="27 28 29" fn="-1 -0 -0">
            <n d="-1 -0 9.85638338623186e-017"/>
            <n d="-1 -0 9.85638338623186e-017"/>
            <n d="-1 -0 9.85638338623186e-017"/>
        </f>
        <f v="24 27 30" fn="-1 0 0">
            <n d="-1 -0 9.85638338623186e-017"/>
            <n d="-1 -0 9.85638338623186e-017"/>
            <n d="-1 -0 9.85638338623186e-017"/>
        </f>
        <f v="25 26 27" fn="-1 -0 -0">
            <n d="-1 -0 9.85638338623186e-017"/>
            <n d="-1 -0 9.85638338623186e-017"/>
            <n d="-1 -0 9.85638338623186e-017"/>
        </f>
        <f v="25 2 26" fn="-1 -0 -0">
            <n d="-1 -0 9.85638338623186e-017"/>
            <n d="-1 -0 9.85638338623186e-017"/>
            <n d="-1 -0 9.85638338623186e-017"/>
        </f>
        <f v="24 25 27" fn="-1 -0 -0">
            <n d="-1 -0 9.85638338623186e-017"/>
            <n d="-1 -0 9.85638338623186e-017"/>
            <n d="-1 -0 9.85638338623186e-017"/>
        </f>
        <f v="21 24 30" fn="-1 -0 0">
            <n d="-1 -0 9.85638338623186e-017"/>
            <n d="-1 -0 9.85638338623186e-017"/>
            <n d="-1 -0 9.85638338623186e-017"/>
        </f>
        <f v="21 23 24" fn="-1 0 0">
            <n d="-1 -0 9.85638338623186e-017"/>
            <n d="-1 -0 9.85638338623186e-017"/>
            <n d="-1 -0 9.85638338623186e-017"/>
        </f>
        <f v="22 1 23" fn="-1 -0 -0">
            <n d="-1 -0 9.85638338623186e-017"/>
            <n d="-1 -0 9.85638338623186e-017"/>
            <n d="-1 -0 9.85638338623186e-017"/>
        </f>
        <f v="20 21 31" fn="-1 -0 -0">
            <n d="-1 -0 9.85638338623186e-017"/>
            <n d="-1 -0 9.85638338623186e-017"/>
            <n d="-1 -0 9.85638338623186e-017"/>
        </f>
        <f v="21 22 23" fn="-1 -0 -0">
            <n d="-1 -0 9.85638338623186e-017"/>
            <n d="-1 -0 9.85638338623186e-017"/>
            <n d="-1 -0 9.85638338623186e-017"/>
        </f>
        <f v="20 31 0" fn="-1 0 0">
            <n d="-1 -0 9.85638338623186e-017"/>
            <n d="-1 -0 9.85638338623186e-017"/>
            <n d="-1 -0 9.85638338623186e-017"/>
        </f>
    </facets>
    <facets>
        <f v="41 32 33" fn="0.838236508712678 0.0234229517413083 -0.544803561655855">
            <n d="1 0 -1.83690953073357e-016"/>
            <n d="0.931876791066598 0 -0.362774925086368"/>
            <n d="0.70991252004167 0 -0.704289864961924"/>
        </f>
        <f v="37 34 5" fn="0.188301848632792 -0 -0.982111202360238">
            <n d="-1.22460635382238e-016 0 -1"/>
            <n d="0.369866709934828 0 -0.929084827602941"/>
            <n d="-1.22460635382238e-016 0 -1"/>
        </f>
        <f v="37 33 34" fn="0.551304765152079 0.0241282032425615 -0.833954966247517">
            <n d="-1.22460635382238e-016 0 -1"/>
            <n d="0.70991252004167 0 -0.704289864961924"/>
            <n d="0.369866709934828 0 -0.929084827602941"/>
        </f>
        <f v="36 33 37" fn="0.384519268072532 0 -0.9231169657638">
            <n d="-1.22460635382238e-016 0 -1"/>
            <n d="0.70991252004167 0 -0.704289864961924"/>
            <n d="-1.22460635382238e-016 0 -1"/>
        </f>
        <f v="42 33 36" fn="0.706896261008803 0.0243998431049977 -0.706896261008803">
            <n d="1 0 -1.83690953073357e-016"/>
            <n d="0.70991252004167 0 -0.704289864961924"/>
            <n d="-1.22460635382238e-016 0 -1"/>
        </f>
        <f v="39 36 35" fn="0.384519268072532 -0 -0.9231169657638">
            <n d="0.70991252004167 0 -0.704289864961924"/>
            <n d="-1.22460635382238e-016 0 -1"/>
            <n d="-1.22460635382238e-016 0 -1"/>
        </f>
        <f v="40 35 6" fn="0.188301848632792 0 -0.982111202360238">
            <n d="0.369866709934828 0 -0.929084827602941"/>
            <n d="-1.22460635382238e-016 0 -1"/>
            <n d="-1.22460635382238e-016 0 -1"/>
        </f>
        <f v="39 35 40" fn="0.551304765152079 -0.0241282032425615 -0.833954966247517">
            <n d="0.70991252004167 0 -0.704289864961924"/>
            <n d="-1.22460635382238e-016 0 -1"/>
            <n d="0.369866709934828 0 -0.929084827602941"/>
        </f>
        <f v="42 36 39" fn="0.706896261008803 -0.0243998431049977 -0.706896261008803">
            <n d="1 0 -1.83690953073357e-016"/>
            <n d="-1.22460635382238e-016 0 -1"/>
            <n d="0.70991252004167 0 -0.704289864961924"/>
        </f>
        <f v="43 39 38" fn="0.838236508712678 -0.0234229517413083 -0.544803561655854">
            <n d="1 0 -1.83690953073357e-016"/>
            <n d="0.70991252004167 0 -0.704289864961924"/>
            <n d="0.931876791066598 0 -0.362774925086368"/>
        </f>
        <f v="42 39 43" fn="0.92463844827091 0 -0.380846084368952">
            <n d="1 0 -1.83690953073357e-016"/>
            <n d="0.70991252004167 0 -0.704289864961924"/>
            <n d="1 0 -1.83690953073357e-016"/>
        </f>
        <f v="43 38 7" fn="0.982821649910755 0 -0.184557862110236">
            <n d="1 0 -1.83690953073357e-016"/>
            <n d="0.931876791066598 0 -0.362774925086368"/>
            <n d="1 0 -1.83690953073357e-016"/>
        </f>
        <f v="41 33 42" fn="0.92463844827091 0 -0.380846084368952">
            <n d="1 0 -1.83690953073357e-016"/>
            <n d="0.70991252004167 0 -0.704289864961924"/>
            <n d="1 0 -1.83690953073357e-016"/>
        </f>
        <f v="41 4 32" fn="0.982821649910755 -0 -0.184557862110236">
            <n d="1 0 -1.83690953073357e-016"/>
            <n d="1 0 -1.83690953073357e-016"/>
            <n d="0.931876791066598 0 -0.362774925086368"/>
        </f>
    </facets>
    <facets>
        <f v="45 51 52" fn="1 0 0">
            <n d="1 -0 -0"/>
            <n d="1 -0 -0"/>
            <n d="1 -0 -0"/>
        </f>
        <f v="48 50 51" fn="1 0 0">
            <n d="1 -0 -0"/>
            <n d="1 -0 -0"/>
            <n d="1 -0 -0"/>
        </f>
        <f v="49 9 50" fn="1 -0 -0">
            <n d="1 -0 -0"/>
            <n d="1 -0 -0"/>
            <n d="1 -0 -0"/>
        </f>
        <f v="48 49 50" fn="1 -0 -0">
            <n d="1 -0 -0"/>
            <n d="1 -0 -0"/>
            <n d="1 -0 -0"/>
        </f>
        <f v="42 48 51" fn="1 0 0">
            <n d="1 -0 -0"/>
            <n d="1 -0 -0"/>
            <n d="1 -0 -0"/>
        </f>
        <f v="43 47 48" fn="1 -0 -0">
            <n d="1 -0 -0"/>
            <n d="1 -0 -0"/>
            <n d="1 -0 -0"/>
        </f>
        <f v="43 7 47" fn="1 -0 -0">
            <n d="1 -0 -0"/>
            <n d="1 -0 -0"/>
            <n d="1 -0 -0"/>
        </f>
        <f v="42 43 48" fn="1 -0 -0">
            <n d="1 -0 -0"/>
            <n d="1 -0 -0"/>
            <n d="1 -0 -0"/>
        </f>
        <f v="45 42 51" fn="1 -0 0">
            <n d="1 -0 -0"/>
            <n d="1 -0 -0"/>
            <n d="1 -0 -0"/>
        </f>
        <f v="44 45 52" fn="1 -0 -0">
            <n d="1 -0 -0"/>
            <n d="1 -0 -0"/>
            <n d="1 -0 -0"/>
        </f>
        <f v="46 4 41" fn="1 0 0">
            <n d="1 -0 -0"/>
            <n d="1 -0 -0"/>
            <n d="1 -0 -0"/>
        </f>
        <f v="45 41 42" fn="1 0 0">
            <n d="1 -0 -0"/>
            <n d="1 -0 -0"/>
            <n d="1 -0 -0"/>
        </f>
        <f v="45 46 41" fn="1 -0 -0">
            <n d="1 -0 -0"/>
            <n d="1 -0 -0"/>
            <n d="1 -0 -0"/>
        </f>
        <f v="44 52 8" fn="1 0 0">
            <n d="1 -0 -0"/>
            <n d="1 -0 -0"/>
            <n d="1 -0 -0"/>
        </f>
    </facets>
    <facets>
        <f v="12 67 9" fn="0 1 0">
            <n d="-0 1 -0"/>
            <n d="-0 1 -0"/>
            <n d="-0 1 -0"/>
        </f>
        <f v="12 66 67" fn="0 1 0">
            <n d="-0 1 -0"/>
            <n d="-0 1 -0"/>
            <n d="-0 1 -0"/>
        </f>
        <f v="12 65 66" fn="-0 1 -0">
            <n d="-0 1 -0"/>
            <n d="-0 1 -0"/>
            <n d="-0 1 -0"/>
        </f>
        <f v="62 12 9" fn="-0 1 0">
            <n d="-0 1 -0"/>
            <n d="-0 1 -0"/>
            <n d="-0 1 -0"/>
        </f>
        <f v="49 63 62" fn="0 1 0">
            <n d="-0 1 -0"/>
            <n d="-0 1 -0"/>
            <n d="-0 1 -0"/>
        </f>
        <f v="0 11 64" fn="0 1 0">
            <n d="-0 1 -0"/>
            <n d="-0 1 -0"/>
            <n d="-0 1 -0"/>
        </f>
        <f v="60 61 11" fn="-0 1 -0">
            <n d="-0 1 -0"/>
            <n d="-0 1 -0"/>
            <n d="-0 1 -0"/>
        </f>
        <f v="59 60 11" fn="-0 1 -0">
            <n d="-0 1 -0"/>
            <n d="-0 1 -0"/>
            <n d="-0 1 -0"/>
        </f>
        <f v="0 59 11" fn="-0 1 -0">
            <n d="-0 1 -0"/>
            <n d="-0 1 -0"/>
            <n d="-0 1 -0"/>
        </f>
        <f v="20 0 64" fn="0 1 0">
            <n d="-0 1 -0"/>
            <n d="-0 1 -0"/>
            <n d="-0 1 -0"/>
        </f>
        <f v="20 64 63" fn="-0 1 -0">
            <n d="-0 1 -0"/>
            <n d="-0 1 -0"/>
            <n d="-0 1 -0"/>
        </f>
        <f v="21 20 63" fn="-0 1 -0">
            <n d="-0 1 -0"/>
            <n d="-0 1 -0"/>
            <n d="-0 1 -0"/>
        </f>
        <f v="54 21 63" fn="0 1 -0">
            <n d="-0 1 -0"/>
            <n d="-0 1 -0"/>
            <n d="-0 1 -0"/>
        </f>
        <f v="54 22 21" fn="0 1 0">
            <n d="-0 1 -0"/>
            <n d="-0 1 -0"/>
            <n d="-0 1 -0"/>
        </f>
        <f v="53 1 22" fn="0 1 0">
            <n d="-0 1 -0"/>
            <n d="-0 1 -0"/>
            <n d="-0 1 -0"/>
        </f>
        <f v="10 58 1" fn="0 1 0">
            <n d="-0 1 -0"/>
            <n d="-0 1 -0"/>
            <n d="-0 1 -0"/>
        </f>
        <f v="10 57 58" fn="0 1 0">
            <n d="-0 1 -0"/>
            <n d="-0 1 -0"/>
            <n d="-0 1 -0"/>
        </f>
        <f v="10 56 57" fn="-0 1 -0">
            <n d="-0 1 -0"/>
            <n d="-0 1 -0"/>
            <n d="-0 1 -0"/>
        </f>
        <f v="53 10 1" fn="-0 1 -0">
            <n d="-0 1 -0"/>
            <n d="-0 1 -0"/>
            <n d="-0 1 -0"/>
        </f>
        <f v="54 53 22" fn="-0 1 -0">
            <n d="-0 1 -0"/>
            <n d="-0 1 -0"/>
            <n d="-0 1 -0"/>
        </f>
        <f v="48 54 63" fn="0 1 0">
            <n d="-0 1 -0"/>
            <n d="-0 1 -0"/>
            <n d="-0 1 -0"/>
        </f>
        <f v="7 6 55" fn="0 1 0">
            <n d="-0 1 -0"/>
            <n d="-0 1 -0"/>
            <n d="-0 1 -0"/>
        </f>
        <f v="39 40 6" fn="-0 1 -0">
            <n d="-0 1 -0"/>
            <n d="-0 1 -0"/>
            <n d="-0 1 -0"/>
        </f>
        <f v="38 39 6" fn="-0 1 -0">
            <n d="-0 1 -0"/>
            <n d="-0 1 -0"/>
            <n d="-0 1 -0"/>
        </f>
        <f v="7 38 6" fn="-0 1 -0">
            <n d="-0 1 -0"/>
            <n d="-0 1 -0"/>
            <n d="-0 1 -0"/>
        </f>
        <f v="49 48 63" fn="0 1 0">
            <n d="-0 1 -0"/>
            <n d="-0 1 -0"/>
            <n d="-0 1 -0"/>
        </f>
        <f v="47 7 55" fn="0 1 0">
            <n d="-0 1 -0"/>
            <n d="-0 1 -0"/>
            <n d="-0 1 -0"/>
        </f>
        <f v="47 55 54" fn="-0 1 -0">
            <n d="-0 1 -0"/>
            <n d="-0 1 -0"/>
            <n d="-0 1 -0"/>
        </f>
        <f v="48 47 54" fn="-0 1 0">
            <n d="-0 1 -0"/>
            <n d="-0 1 -0"/>
            <n d="-0 1 -0"/>
        </f>
        <f v="49 62 9" fn="0 1 -0">
            <n d="-0 1 -0"/>
            <n d="-0 1 -0"/>
            <n d="-0 1 -0"/>
        </f>
    </facets>
    <facets>
        <f v="78 68 69" fn="-0 -1 -0">
            <n d="0 -1 0"/>
            <n d="0 -1 0"/>
            <n d="0 -1 0"/>
        </f>
        <f v="71 69 70" fn="0 -1 0">
            <n d="0 -1 0"/>
            <n d="0 -1 0"/>
            <n d="0 -1 0"/>
        </f>
        <f v="71 70 14" fn="0 -1 0">
            <n d="0 -1 0"/>
            <n d="0 -1 0"/>
            <n d="0 -1 0"/>
        </f>
        <f v="72 69 71" fn="0 -1 0">
            <n d="0 -1 0"/>
            <n d="0 -1 0"/>
            <n d="0 -1 0"/>
        </f>
        <f v="75 69 72" fn="-0 -1 -0">
            <n d="0 -1 0"/>
            <n d="0 -1 0"/>
            <n d="0 -1 0"/>
        </f>
        <f v="75 72 73" fn="-0 -1 -0">
            <n d="0 -1 0"/>
            <n d="0 -1 0"/>
            <n d="0 -1 0"/>
        </f>
        <f v="74 73 15" fn="0 -1 -0">
            <n d="0 -1 0"/>
            <n d="0 -1 0"/>
            <n d="0 -1 0"/>
        </f>
        <f v="75 73 74" fn="0 -1 -0">
            <n d="0 -1 0"/>
            <n d="0 -1 0"/>
            <n d="0 -1 0"/>
        </f>
        <f v="78 69 75" fn="-0 -1 -0">
            <n d="0 -1 0"/>
            <n d="0 -1 0"/>
            <n d="0 -1 0"/>
        </f>
        <f v="77 75 76" fn="0 -1 0">
            <n d="0 -1 0"/>
            <n d="0 -1 0"/>
            <n d="0 -1 0"/>
        </f>
        <f v="77 76 16" fn="0 -1 0">
            <n d="0 -1 0"/>
            <n d="0 -1 0"/>
            <n d="0 -1 0"/>
        </f>
        <f v="79 68 78" fn="0 -1 -0">
            <n d="0 -1 0"/>
            <n d="0 -1 0"/>
            <n d="0 -1 0"/>
        </f>
        <f v="78 75 77" fn="0 -1 0">
            <n d="0 -1 0"/>
            <n d="0 -1 0"/>
            <n d="0 -1 0"/>
        </f>
        <f v="79 13 68" fn="-0 -1 -0">
            <n d="0 -1 0"/>
            <n d="0 -1 0"/>
            <n d="0 -1 0"/>
        </f>
    </facets>
    <facets>
        <f v="71 80 81" fn="0.00720885258964788 -0.838444759364844 -0.544938912115817">
            <n d="0 -1 6.12303176911189e-017"/>
            <n d="0 -0.931876791066596 -0.362774925086374"/>
            <n d="0 -0.709912520041666 -0.704289864961929"/>
        </f>
        <f v="85 81 82" fn="0.00742601974889752 -0.551450106155937 -0.834174822594937">
            <n d="0 -1.22460635382238e-016 -1"/>
            <n d="0 -0.709912520041666 -0.704289864961929"/>
            <n d="0 -0.369866709934823 -0.929084827602942"/>
        </f>
        <f v="85 82 17" fn="-0 -0.188301848632795 -0.982111202360238">
            <n d="0 -1.22460635382238e-016 -1"/>
            <n d="0 -0.369866709934823 -0.929084827602942"/>
            <n d="0 -1.22460635382238e-016 -1"/>
        </f>
        <f v="84 81 85" fn="-0 -0.384519268072527 -0.923116965763802">
            <n d="0 -1.22460635382238e-016 -1"/>
            <n d="0 -0.709912520041666 -0.704289864961929"/>
            <n d="0 -1.22460635382238e-016 -1"/>
        </f>
        <f v="72 81 84" fn="0.00750966811417188 -0.707086842221242 -0.707086842221242">
            <n d="0 -1 6.12303176911189e-017"/>
            <n d="0 -0.709912520041666 -0.704289864961929"/>
            <n d="0 -1.22460635382238e-016 -1"/>
        </f>
        <f v="87 84 83" fn="-0 -0.380846084368958 -0.924638448270908">
            <n d="0 -0.704289864961927 -0.709912520041667"/>
            <n d="0 -1.22460635382238e-016 -1"/>
            <n d="0 -1.22460635382238e-016 -1"/>
        </f>
        <f v="88 83 5" fn="0 -0.184557862110234 -0.982821649910756">
            <n d="0 -0.36277492508637 -0.931876791066597"/>
            <n d="0 -1.22460635382238e-016 -1"/>
            <n d="0 -1.22460635382238e-016 -1"/>
        </f>
        <f v="87 83 88" fn="-0.00720885258964839 -0.544938912115834 -0.838444759364833">
            <n d="0 -0.704289864961927 -0.709912520041667"/>
            <n d="0 -1.22460635382238e-016 -1"/>
            <n d="0 -0.36277492508637 -0.931876791066597"/>
        </f>
        <f v="72 84 87" fn="-0.00750966811417173 -0.707086842221242 -0.707086842221242">
            <n d="0 -1 6.12303176911189e-017"/>
            <n d="0 -1.22460635382238e-016 -1"/>
            <n d="0 -0.704289864961927 -0.709912520041667"/>
        </f>
        <f v="72 87 73" fn="0 -0.923116965763799 -0.384519268072535">
            <n d="0 -1 6.12303176911189e-017"/>
            <n d="0 -0.704289864961927 -0.709912520041667"/>
            <n d="0 -1 6.12303176911189e-017"/>
        </f>
        <f v="73 87 86" fn="-0.00742601974889786 -0.834174822594928 -0.551450106155951">
            <n d="0 -1 6.12303176911189e-017"/>
            <n d="0 -0.704289864961927 -0.709912520041667"/>
            <n d="0 -0.92908482760294 -0.369866709934829"/>
        </f>
        <f v="73 86 15" fn="0 -0.982111202360237 -0.188301848632799">
            <n d="0 -1 6.12303176911189e-017"/>
            <n d="0 -0.92908482760294 -0.369866709934829"/>
            <n d="0 -1 6.12303176911189e-017"/>
        </f>
        <f v="71 81 72" fn="0 -0.92463844827091 -0.380846084368953">
            <n d="0 -1 6.12303176911189e-017"/>
            <n d="0 -0.709912520041666 -0.704289864961929"/>
            <n d="0 -1 6.12303176911189e-017"/>
        </f>
        <f v="71 14 80" fn="-0 -0.982821649910753 -0.184557862110247">
            <n d="0 -1 6.12303176911189e-017"/>
            <n d="0 -1 6.12303176911189e-017"/>
            <n d="0 -0.931876791066596 -0.362774925086374"/>
        </f>
    </facets>
    <facets>
        <f v="44 89 90" fn="0.838419360367104 -0.544922404287434 -0.0106089333685402">
            <n d="1 -1.22460635382238e-016 -0"/>
            <n d="0.931876791066597 -0.362774925086372 -0"/>
            <n d="0.709912520041671 -0.704289864961923 -0"/>
        </f>
        <f v="76 91 16" fn="0.188301848632799 -0.982111202360237 -0">
            <n d="-6.12303176911189e-017 -1 0"/>
            <n d="0.369866709934829 -0.92908482760294 -0"/>
            <n d="-6.12303176911189e-017 -1 0"/>
        </f>
        <f v="76 90 91" fn="0.551432379490335 -0.834148007588495 -0.01092850793893">
            <n d="-6.12303176911189e-017 -1 0"/>
            <n d="0.709912520041671 -0.704289864961923 -0"/>
            <n d="0.369866709934829 -0.92908482760294 -0"/>
        </f>
        <f v="75 90 76" fn="0.384519268072535 -0.923116965763799 0">
            <n d="-6.12303176911189e-017 -1 0"/>
            <n d="0.709912520041671 -0.704289864961923 -0"/>
            <n d="-6.12303176911189e-017 -1 0"/>
        </f>
        <f v="45 90 75" fn="0.707063597604094 -0.707063597604094 -0.0110516010745977">
            <n d="1 -1.22460635382238e-016 -0"/>
            <n d="0.709912520041671 -0.704289864961923 -0"/>
            <n d="-6.12303176911189e-017 -1 0"/>
        </f>
        <f v="93 75 74" fn="0.380846084368949 -0.924638448270912 -0">
            <n d="0.704289864961923 -0.709912520041671 -0"/>
            <n d="-6.12303176911189e-017 -1 0"/>
            <n d="-6.12303176911189e-017 -1 0"/>
        </f>
        <f v="94 74 15" fn="0.184557862110228 -0.982821649910757 0">
            <n d="0.362774925086366 -0.931876791066599 -0"/>
            <n d="-6.12303176911189e-017 -1 0"/>
            <n d="-6.12303176911189e-017 -1 0"/>
        </f>
        <f v="93 74 94" fn="0.544922404287438 -0.838419360367102 0.0106089333685407">
            <n d="0.704289864961923 -0.709912520041671 -0"/>
            <n d="-6.12303176911189e-017 -1 0"/>
            <n d="0.362774925086366 -0.931876791066599 -0"/>
        </f>
        <f v="45 75 93" fn="0.707063597604094 -0.707063597604094 0.0110516010745978">
            <n d="1 -1.22460635382238e-016 -0"/>
            <n d="-6.12303176911189e-017 -1 0"/>
            <n d="0.704289864961923 -0.709912520041671 -0"/>
        </f>
        <f v="46 93 92" fn="0.834148007588495 -0.551432379490335 0.0109285079389303">
            <n d="1 -1.22460635382238e-016 -0"/>
            <n d="0.704289864961923 -0.709912520041671 -0"/>
            <n d="0.929084827602939 -0.369866709934831 -0"/>
        </f>
        <f v="45 93 46" fn="0.9231169657638 -0.384519268072531 0">
            <n d="1 -1.22460635382238e-016 -0"/>
            <n d="0.704289864961923 -0.709912520041671 -0"/>
            <n d="1 -1.22460635382238e-016 -0"/>
        </f>
        <f v="46 92 4" fn="0.982111202360239 -0.188301848632791 0">
            <n d="1 -1.22460635382238e-016 -0"/>
            <n d="0.929084827602939 -0.369866709934831 -0"/>
            <n d="1 -1.22460635382238e-016 -0"/>
        </f>
        <f v="44 90 45" fn="0.92463844827091 -0.380846084368953 0">
            <n d="1 -1.22460635382238e-016 -0"/>
            <n d="0.709912520041671 -0.704289864961923 -0"/>
            <n d="1 -1.22460635382238e-016 -0"/>
        </f>
        <f v="44 8 89" fn="0.982821649910753 -0.184557862110249 -0">
            <n d="1 -1.22460635382238e-016 -0"/>
            <n d="1 -1.22460635382238e-016 -0"/>
            <n d="0.931876791066597 -0.362774925086372 -0"/>
        </f>
    </facets>
    <facets>
        <f v="101 13 97" fn="-0.181365898582192 -0.965823561478113 0.185178991587082">
            <n d="-0.362774925086368 -0.931876791066598 -5.55111512312578e-015"/>
            <n d="-1.83690953073357e-016 -1 0"/>
            <n d="5.60568718016582e-015 -0.92908482760294 0.369866709934829"/>
        </f>
        <f v="102 97 96" fn="-0.48138577970657 -0.731181759801606 0.483364215917691">
            <n d="-0.704289864961924 -0.70991252004167 -5.55111512312576e-015"/>
            <n d="5.60568718016582e-015 -0.92908482760294 0.369866709934829"/>
            <n d="-5.75918720998902e-015 -0.704289864961923 0.709912520041671"/>
        </f>
        <f v="98 96 95" fn="-0.475716387692234 -0.479340027978646 0.737514105667466">
            <n d="-0.369866709934819 2.83760896670689e-015 0.929084827602944"/>
            <n d="-5.75918720998902e-015 -0.704289864961923 0.709912520041671"/>
            <n d="-6.66384717402311e-017 -0.362774925086371 0.931876791066597"/>
        </f>
        <f v="98 95 18" fn="-0.185178991587079 -0.181365898582203 0.965823561478111">
            <n d="-0.369866709934819 2.83760896670689e-015 0.929084827602944"/>
            <n d="-6.66384717402311e-017 -0.362774925086371 0.931876791066597"/>
            <n d="-0.000265203753549495 -0.000265203753549493 0.999999929666967"/>
        </f>
        <f v="99 96 98" fn="-0.483364215917688 -0.481385779706563 0.731181759801613">
            <n d="-0.70991252004167 -2.75044407252164e-015 0.704289864961924"/>
            <n d="-5.75918720998902e-015 -0.704289864961923 0.709912520041671"/>
            <n d="-0.369866709934819 2.83760896670689e-015 0.929084827602944"/>
        </f>
        <f v="102 96 99" fn="-0.577350269189628 -0.577350269189628 0.577350269189621">
            <n d="-0.704289864961924 -0.70991252004167 -5.55111512312576e-015"/>
            <n d="-5.75918720998902e-015 -0.704289864961923 0.709912520041671"/>
            <n d="-0.70991252004167 -2.75044407252164e-015 0.704289864961924"/>
        </f>
        <f v="103 99 100" fn="-0.737514105667457 -0.475716387692247 0.479340027978648">
            <n d="-0.929084827602941 -0.369866709934828 -5.5511151231258e-015"/>
            <n d="-0.70991252004167 -2.75044407252164e-015 0.704289864961924"/>
            <n d="-0.931876791066598 1.14118223931976e-016 0.362774925086367"/>
        </f>
        <f v="103 100 3" fn="-0.965823561478111 -0.18517899158709 0.181365898582189">
            <n d="-0.929084827602941 -0.369866709934828 -5.5511151231258e-015"/>
            <n d="-0.931876791066598 1.14118223931976e-016 0.362774925086367"/>
            <n d="-1 1.22460635382238e-016 0"/>
        </f>
        <f v="102 99 103" fn="-0.73118175980161 -0.483364215917693 0.481385779706562">
            <n d="-0.704289864961924 -0.70991252004167 -5.55111512312576e-015"/>
            <n d="-0.70991252004167 -2.75044407252164e-015 0.704289864961924"/>
            <n d="-0.929084827602941 -0.369866709934828 -5.5511151231258e-015"/>
        </f>
        <f v="101 97 102" fn="-0.479340027978654 -0.73751410566746 0.475716387692237">
            <n d="-0.362774925086368 -0.931876791066598 -5.55111512312578e-015"/>
            <n d="5.60568718016582e-015 -0.92908482760294 0.369866709934829"/>
            <n d="-0.704289864961924 -0.70991252004167 -5.55111512312576e-015"/>
        </f>
    </facets>
    <facets>
        <f v="68 101 102" fn="-0.544922404287438 -0.838419360367102 -0.0106089333685405">
            <n d="6.12303176911189e-017 -1 -6.03509486024443e-033"/>
            <n d="-0.362774925086367 -0.931876791066598 3.57564874456278e-017"/>
            <n d="-0.704289864961924 -0.70991252004167 6.94175092410219e-017"/>
        </f>
        <f v="28 102 103" fn="-0.834148007588503 -0.551432379490322 -0.0109285079389293">
            <n d="-1 -1.22460635382238e-016 9.85638338623186e-017"/>
            <n d="-0.704289864961924 -0.70991252004167 6.94175092410219e-017"/>
            <n d="-0.929084827602941 -0.369866709934828 9.15741625918572e-017"/>
        </f>
        <f v="28 103 3" fn="-0.982111202360235 -0.188301848632808 0">
            <n d="-1 -1.22460635382238e-016 9.85638338623186e-017"/>
            <n d="-0.929084827602941 -0.369866709934828 9.15741625918572e-017"/>
            <n d="-1 -1.22460635382238e-016 9.85638338623186e-017"/>
        </f>
        <f v="27 102 28" fn="-0.9231169657638 -0.384519268072532 0">
            <n d="-1 -1.22460635382238e-016 9.85638338623186e-017"/>
            <n d="-0.704289864961924 -0.70991252004167 6.94175092410219e-017"/>
            <n d="-1 -1.22460635382238e-016 9.85638338623186e-017"/>
        </f>
        <f v="69 102 27" fn="-0.707063597604094 -0.707063597604094 -0.0110516010745977">
            <n d="6.12303176911189e-017 -1 -6.03509486024443e-033"/>
            <n d="-0.704289864961924 -0.70991252004167 6.94175092410219e-017"/>
            <n d="-1 -1.22460635382238e-016 9.85638338623186e-017"/>
        </f>
        <f v="105 27 26" fn="-0.92463844827091 -0.380846084368952 -0">
            <n d="-0.70991252004167 -0.704289864961924 6.99716996821671e-017"/>
            <n d="-1 -1.22460635382238e-016 9.85638338623186e-017"/>
            <n d="-1 -1.22460635382238e-016 9.85638338623186e-017"/>
        </f>
        <f v="106 26 2" fn="-0.982821649910753 -0.184557862110249 0">
            <n d="-0.931876791066597 -0.362774925086372 9.18493492148386e-017"/>
            <n d="-1 -1.22460635382238e-016 9.85638338623186e-017"/>
            <n d="-1 -1.22460635382238e-016 9.85638338623186e-017"/>
        </f>
        <f v="105 26 106" fn="-0.838419360367106 -0.544922404287431 0.0106089333685401">
            <n d="-0.70991252004167 -0.704289864961924 6.99716996821671e-017"/>
            <n d="-1 -1.22460635382238e-016 9.85638338623186e-017"/>
            <n d="-0.931876791066597 -0.362774925086372 9.18493492148386e-017"/>
        </f>
        <f v="69 27 105" fn="-0.707063597604094 -0.707063597604094 0.0110516010745977">
            <n d="6.12303176911189e-017 -1 -6.03509486024443e-033"/>
            <n d="-1 -1.22460635382238e-016 9.85638338623186e-017"/>
            <n d="-0.70991252004167 -0.704289864961924 6.99716996821671e-017"/>
        </f>
        <f v="69 105 70" fn="-0.384519268072532 -0.9231169657638 -0">
            <n d="6.12303176911189e-017 -1 -6.03509486024443e-033"/>
            <n d="-0.70991252004167 -0.704289864961924 6.99716996821671e-017"/>
            <n d="6.12303176911189e-017 -1 -6.03509486024443e-033"/>
        </f>
        <f v="70 105 104" fn="-0.55143237949033 -0.834148007588498 0.0109285079389299">
            <n d="6.12303176911189e-017 -1 -6.03509486024443e-033"/>
            <n d="-0.70991252004167 -0.704289864961924 6.99716996821671e-017"/>
            <n d="-0.369866709934829 -0.92908482760294 3.64554809492189e-017"/>
        </f>
        <f v="70 104 14" fn="-0.188301848632799 -0.982111202360237 -0">
            <n d="6.12303176911189e-017 -1 -6.03509486024443e-033"/>
            <n d="-0.369866709934829 -0.92908482760294 3.64554809492189e-017"/>
            <n d="6.12303176911189e-017 -1 -6.03509486024443e-033"/>
        </f>
        <f v="68 102 69" fn="-0.380846084368952 -0.92463844827091 -0">
            <n d="6.12303176911189e-017 -1 -6.03509486024443e-033"/>
            <n d="-0.704289864961924 -0.70991252004167 6.94175092410219e-017"/>
            <n d="6.12303176911189e-017 -1 -6.03509486024443e-033"/>
        </f>
        <f v="68 13 101" fn="-0.184557862110236 -0.982821649910755 0">
            <n d="6.12303176911189e-017 -1 -6.03509486024443e-033"/>
            <n d="6.12303176911189e-017 -1 -6.03509486024443e-033"/>
            <n d="-0.362774925086367 -0.931876791066598 3.57564874456278e-017"/>
        </f>
    </facets>
    <facets>
        <f v="81 104 105" fn="-0.483364215917693 -0.731181759801607 -0.481385779706567">
            <n d="-5.80516532898862e-015 -0.709912520041666 -0.704289864961929"/>
            <n d="-0.369866709934829 -0.92908482760294 0"/>
            <n d="-0.70991252004167 -0.704289864961924 -5.55111512312576e-015"/>
        </f>
        <f v="107 106 2" fn="-0.965823561478115 -0.181365898582203 -0.185178991587057">
            <n d="-0.929084827602941 -2.36180296353098e-015 -0.369866709934826"/>
            <n d="-0.931876791066597 -0.362774925086372 0"/>
            <n d="-1 1.22460635382238e-016 0"/>
        </f>
        <f v="107 105 106" fn="-0.737514105667481 -0.479340027978651 -0.475716387692207">
            <n d="-0.929084827602941 -2.36180296353098e-015 -0.369866709934826"/>
            <n d="-0.70991252004167 -0.704289864961924 -5.55111512312576e-015"/>
            <n d="-0.931876791066597 -0.362774925086372 0"/>
        </f>
        <f v="108 105 107" fn="-0.731181759801593 -0.481385779706579 -0.483364215917702">
            <n d="-0.704289864961922 -2.72865998237062e-015 -0.709912520041673"/>
            <n d="-0.70991252004167 -0.704289864961924 -5.55111512312576e-015"/>
            <n d="-0.929084827602941 -2.36180296353098e-015 -0.369866709934826"/>
        </f>
        <f v="81 105 108" fn="-0.577350269189627 -0.577350269189627 -0.577350269189624">
            <n d="-5.80516532898862e-015 -0.709912520041666 -0.704289864961929"/>
            <n d="-0.70991252004167 -0.704289864961924 -5.55111512312576e-015"/>
            <n d="-0.704289864961922 -2.72865998237062e-015 -0.709912520041673"/>
        </f>
        <f v="82 108 109" fn="-0.479340027978646 -0.475716387692234 -0.737514105667466">
            <n d="-6.79411684580345e-017 -0.369866709934824 -0.929084827602942"/>
            <n d="-0.704289864961922 -2.72865998237062e-015 -0.709912520041673"/>
            <n d="-0.362774925086368 -2.69434965936853e-015 -0.931876791066598"/>
        </f>
        <f v="80 104 81" fn="-0.475716387692217 -0.737514105667479 -0.479340027978644">
            <n d="5.62253265361531e-015 -0.931876791066596 -0.362774925086374"/>
            <n d="-0.369866709934829 -0.92908482760294 0"/>
            <n d="-5.80516532898862e-015 -0.709912520041666 -0.704289864961929"/>
        </f>
        <f v="82 109 17" fn="-0.181365898582188 -0.185178991587075 -0.965823561478115">
            <n d="-6.79411684580345e-017 -0.369866709934824 -0.929084827602942"/>
            <n d="-0.362774925086368 -2.69434965936853e-015 -0.931876791066598"/>
            <n d="-0.000265203753549493 -0.000265203753549495 -0.999999929666967"/>
        </f>
        <f v="81 108 82" fn="-0.481385779706562 -0.483364215917687 -0.731181759801613">
            <n d="-5.80516532898862e-015 -0.709912520041666 -0.704289864961929"/>
            <n d="-0.704289864961922 -2.72865998237062e-015 -0.709912520041673"/>
            <n d="-6.79411684580345e-017 -0.369866709934824 -0.929084827602942"/>
        </f>
        <f v="80 14 104" fn="-0.185178991587079 -0.965823561478111 -0.181365898582204">
            <n d="5.62253265361531e-015 -0.931876791066596 -0.362774925086374"/>
            <n d="-1.83690953073357e-016 -1 0"/>
            <n d="-0.369866709934829 -0.92908482760294 0"/>
        </f>
    </facets>
    <facets>
        <f v="23 58 57" fn="-0.833954966247521 -0.0241282032425611 -0.551304765152073">
            <n d="-1 0 6.12303176911189e-017"/>
            <n d="-0.92908482760294 0 -0.369866709934828"/>
            <n d="-0.704289864961921 0 -0.709912520041673"/>
        </f>
        <f v="112 57 56" fn="-0.544803561655839 -0.0234229517413068 -0.838236508712689">
            <n d="-1.22460635382238e-016 0 -1"/>
            <n d="-0.704289864961921 0 -0.709912520041673"/>
            <n d="-0.362774925086363 0 -0.9318767910666"/>
        </f>
        <f v="112 56 10" fn="-0.184557862110238 0 -0.982821649910755">
            <n d="-1.22460635382238e-016 0 -1"/>
            <n d="-0.362774925086363 0 -0.9318767910666"/>
            <n d="-1.22460635382238e-016 0 -1"/>
        </f>
        <f v="111 57 112" fn="-0.380846084368946 0 -0.924638448270913">
            <n d="-1.22460635382238e-016 0 -1"/>
            <n d="-0.704289864961921 0 -0.709912520041673"/>
            <n d="-1.22460635382238e-016 0 -1"/>
        </f>
        <f v="24 57 111" fn="-0.706896261008803 -0.024399843104998 -0.706896261008803">
            <n d="-1 0 6.12303176911189e-017"/>
            <n d="-0.704289864961921 0 -0.709912520041673"/>
            <n d="-1.22460635382238e-016 0 -1"/>
        </f>
        <f v="108 111 110" fn="-0.380846084368946 -0 -0.924638448270913">
            <n d="-0.704289864961921 0 -0.709912520041673"/>
            <n d="-1.22460635382238e-016 0 -1"/>
            <n d="-1.22460635382238e-016 0 -1"/>
        </f>
        <f v="109 110 17" fn="-0.184557862110236 0 -0.982821649910755">
            <n d="-0.362774925086367 0 -0.931876791066598"/>
            <n d="-1.22460635382238e-016 0 -1"/>
            <n d="-1.22460635382238e-016 0 -1"/>
        </f>
        <f v="108 110 109" fn="-0.544803561655845 0.0234229517413077 -0.838236508712685">
            <n d="-0.704289864961921 0 -0.709912520041673"/>
            <n d="-1.22460635382238e-016 0 -1"/>
            <n d="-0.362774925086367 0 -0.931876791066598"/>
        </f>
        <f v="24 111 108" fn="-0.706896261008803 0.024399843104998 -0.706896261008803">
            <n d="-1 0 6.12303176911189e-017"/>
            <n d="-1.22460635382238e-016 0 -1"/>
            <n d="-0.704289864961921 0 -0.709912520041673"/>
        </f>
        <f v="25 108 107" fn="-0.833954966247515 0.0241282032425625 -0.551304765152082">
            <n d="-1 0 6.12303176911189e-017"/>
            <n d="-0.704289864961921 0 -0.709912520041673"/>
            <n d="-0.929084827602941 0 -0.369866709934826"/>
        </f>
        <f v="25 107 2" fn="-0.982111202360241 -0 -0.188301848632778">
            <n d="-1 0 6.12303176911189e-017"/>
            <n d="-0.929084827602941 0 -0.369866709934826"/>
            <n d="-1 0 6.12303176911189e-017"/>
        </f>
        <f v="23 57 24" fn="-0.923116965763801 -0 -0.384519268072529">
            <n d="-1 0 6.12303176911189e-017"/>
            <n d="-0.704289864961921 0 -0.709912520041673"/>
            <n d="-1 0 6.12303176911189e-017"/>
        </f>
        <f v="24 108 25" fn="-0.923116965763801 -0 -0.384519268072529">
            <n d="-1 0 6.12303176911189e-017"/>
            <n d="-0.704289864961921 0 -0.709912520041673"/>
            <n d="-1 0 6.12303176911189e-017"/>
        </f>
        <f v="23 1 58" fn="-0.982111202360238 0 -0.188301848632792">
            <n d="-1 0 6.12303176911189e-017"/>
            <n d="-1 0 6.12303176911189e-017"/>
            <n d="-0.92908482760294 0 -0.369866709934828"/>
        </f>
    </facets>
    <facets>
        <f v="54 111 112" fn="0 0 -1">
            <n d="-0 -0 -1"/>
            <n d="-0 -0 -1"/>
            <n d="-0 -0 -1"/>
        </f>
        <f v="85 17 110" fn="0 0 -1">
            <n d="-0 -0 -1"/>
            <n d="-0 -0 -1"/>
            <n d="-0 -0 -1"/>
        </f>
        <f v="84 110 111" fn="0 0 -1">
            <n d="-0 -0 -1"/>
            <n d="-0 -0 -1"/>
            <n d="-0 -0 -1"/>
        </f>
        <f v="84 85 110" fn="-0 -0 -1">
            <n d="-0 -0 -1"/>
            <n d="-0 -0 -1"/>
            <n d="-0 -0 -1"/>
        </f>
        <f v="36 84 111" fn="-0 0 -1">
            <n d="-0 -0 -1"/>
            <n d="-0 -0 -1"/>
            <n d="-0 -0 -1"/>
        </f>
        <f v="37 83 84" fn="-0 -0 -1">
            <n d="-0 -0 -1"/>
            <n d="-0 -0 -1"/>
            <n d="-0 -0 -1"/>
        </f>
        <f v="37 5 83" fn="-0 -0 -1">
            <n d="-0 -0 -1"/>
            <n d="-0 -0 -1"/>
            <n d="-0 -0 -1"/>
        </f>
        <f v="36 37 84" fn="-0 -0 -1">
            <n d="-0 -0 -1"/>
            <n d="-0 -0 -1"/>
            <n d="-0 -0 -1"/>
        </f>
        <f v="54 36 111" fn="0 -0 -1">
            <n d="-0 -0 -1"/>
            <n d="-0 -0 -1"/>
            <n d="-0 -0 -1"/>
        </f>
        <f v="55 35 36" fn="-0 -0 -1">
            <n d="-0 -0 -1"/>
            <n d="-0 -0 -1"/>
            <n d="-0 -0 -1"/>
        </f>
        <f v="55 6 35" fn="0 -0 -1">
            <n d="-0 -0 -1"/>
            <n d="-0 -0 -1"/>
            <n d="-0 -0 -1"/>
        </f>
        <f v="53 54 112" fn="0 -0 -1">
            <n d="-0 -0 -1"/>
            <n d="-0 -0 -1"/>
            <n d="-0 -0 -1"/>
        </f>
        <f v="54 55 36" fn="0 -0 -1">
            <n d="-0 -0 -1"/>
            <n d="-0 -0 -1"/>
            <n d="-0 -0 -1"/>
        </f>
        <f v="53 112 10" fn="-0 0 -1">
            <n d="-0 -0 -1"/>
            <n d="-0 -0 -1"/>
            <n d="-0 -0 -1"/>
        </f>
    </facets>
    <facets>
        <f v="29 100 99" fn="-0.838236508712678 0.0234229517413083 0.544803561655854">
            <n d="-1 0 6.12303176911189e-017"/>
            <n d="-0.931876791066598 0 0.362774925086367"/>
            <n d="-0.70991252004167 0 0.704289864961924"/>
        </f>
        <f v="115 98 18" fn="-0.188301848632798 -0 0.982111202360237">
            <n d="0 0 1"/>
            <n d="-0.369866709934819 0 0.929084827602944"/>
            <n d="0 0 1"/>
        </f>
        <f v="115 99 98" fn="-0.551304765152067 0.0241282032425596 0.833954966247525">
            <n d="0 0 1"/>
            <n d="-0.70991252004167 0 0.704289864961924"/>
            <n d="-0.369866709934819 0 0.929084827602944"/>
        </f>
        <f v="114 99 115" fn="-0.384519268072532 0 0.9231169657638">
            <n d="0 0 1"/>
            <n d="-0.70991252004167 0 0.704289864961924"/>
            <n d="0 0 1"/>
        </f>
        <f v="30 99 114" fn="-0.706896261008803 0.0243998431049977 0.706896261008803">
            <n d="-1 0 6.12303176911189e-017"/>
            <n d="-0.70991252004167 0 0.704289864961924"/>
            <n d="0 0 1"/>
        </f>
        <f v="60 114 113" fn="-0.384519268072532 -0 0.9231169657638">
            <n d="-0.70991252004167 0 0.704289864961924"/>
            <n d="0 0 1"/>
            <n d="0 0 1"/>
        </f>
        <f v="61 113 11" fn="-0.188301848632792 0 0.982111202360238">
            <n d="-0.369866709934828 0 0.929084827602941"/>
            <n d="0 0 1"/>
            <n d="0 0 1"/>
        </f>
        <f v="60 113 61" fn="-0.551304765152079 -0.0241282032425615 0.833954966247517">
            <n d="-0.70991252004167 0 0.704289864961924"/>
            <n d="0 0 1"/>
            <n d="-0.369866709934828 0 0.929084827602941"/>
        </f>
        <f v="30 114 60" fn="-0.706896261008803 -0.0243998431049977 0.706896261008803">
            <n d="-1 0 6.12303176911189e-017"/>
            <n d="0 0 1"/>
            <n d="-0.70991252004167 0 0.704289864961924"/>
        </f>
        <f v="29 99 30" fn="-0.92463844827091 0 0.380846084368952">
            <n d="-1 0 6.12303176911189e-017"/>
            <n d="-0.70991252004167 0 0.704289864961924"/>
            <n d="-1 0 6.12303176911189e-017"/>
        </f>
        <f v="31 59 0" fn="-0.982821649910755 -0 0.184557862110236">
            <n d="-1 0 6.12303176911189e-017"/>
            <n d="-0.931876791066598 0 0.362774925086367"/>
            <n d="-1 0 6.12303176911189e-017"/>
        </f>
        <f v="31 60 59" fn="-0.838236508712678 -0.0234229517413083 0.544803561655854">
            <n d="-1 0 6.12303176911189e-017"/>
            <n d="-0.70991252004167 0 0.704289864961924"/>
            <n d="-0.931876791066598 0 0.362774925086367"/>
        </f>
        <f v="30 60 31" fn="-0.92463844827091 0 0.380846084368952">
            <n d="-1 0 6.12303176911189e-017"/>
            <n d="-0.70991252004167 0 0.704289864961924"/>
            <n d="-1 0 6.12303176911189e-017"/>
        </f>
        <f v="29 3 100" fn="-0.982821649910755 -0 0.184557862110236">
            <n d="-1 0 6.12303176911189e-017"/>
            <n d="-1 0 6.12303176911189e-017"/>
            <n d="-0.931876791066598 0 0.362774925086367"/>
        </f>
    </facets>
    <facets>
        <f v="117 114 115" fn="0 0 1">
            <n d="-0 -0 1"/>
            <n d="-0 -0 1"/>
            <n d="-0 -0 1"/>
        </f>
        <f v="64 113 114" fn="-0 -0 1">
            <n d="-0 -0 1"/>
            <n d="-0 -0 1"/>
            <n d="-0 -0 1"/>
        </f>
        <f v="64 11 113" fn="0 -0 1">
            <n d="-0 -0 1"/>
            <n d="-0 -0 1"/>
            <n d="-0 -0 1"/>
        </f>
        <f v="63 64 114" fn="0 -0 1">
            <n d="-0 -0 1"/>
            <n d="-0 -0 1"/>
            <n d="-0 -0 1"/>
        </f>
        <f v="120 63 114" fn="0 0 1">
            <n d="-0 -0 1"/>
            <n d="-0 -0 1"/>
            <n d="-0 -0 1"/>
        </f>
        <f v="121 62 63" fn="-0 -0 1">
            <n d="-0 -0 1"/>
            <n d="-0 -0 1"/>
            <n d="-0 -0 1"/>
        </f>
        <f v="121 12 62" fn="-0 -0 1">
            <n d="-0 -0 1"/>
            <n d="-0 -0 1"/>
            <n d="-0 -0 1"/>
        </f>
        <f v="120 121 63" fn="-0 -0 1">
            <n d="-0 -0 1"/>
            <n d="-0 -0 1"/>
            <n d="-0 -0 1"/>
        </f>
        <f v="117 120 114" fn="0 -0 1">
            <n d="-0 -0 1"/>
            <n d="-0 -0 1"/>
            <n d="-0 -0 1"/>
        </f>
        <f v="116 117 115" fn="-0 -0 1">
            <n d="-0 -0 1"/>
            <n d="-0 -0 1"/>
            <n d="-0 -0 1"/>
        </f>
        <f v="118 19 119" fn="0 0 1">
            <n d="-0 -0 1"/>
            <n d="-0 -0 1"/>
            <n d="-0 -0 1"/>
        </f>
        <f v="117 119 120" fn="0 0 1">
            <n d="-0 -0 1"/>
            <n d="-0 -0 1"/>
            <n d="-0 -0 1"/>
        </f>
        <f v="117 118 119" fn="-0 -0 1">
            <n d="-0 -0 1"/>
            <n d="-0 -0 1"/>
            <n d="-0 -0 1"/>
        </f>
        <f v="116 115 18" fn="0 0 1">
            <n d="-0 -0 1"/>
            <n d="-0 -0 1"/>
            <n d="-0 -0 1"/>
        </f>
    </facets>
    <facets>
        <f v="50 67 66" fn="0.833954966247521 -0.0241282032425611 0.551304765152073">
            <n d="1 0 -1.83690953073357e-016"/>
            <n d="0.929084827602941 -0 0.369866709934828"/>
            <n d="0.704289864961922 -0 0.709912520041672"/>
        </f>
        <f v="121 66 65" fn="0.544803561655839 -0.0234229517413068 0.838236508712689">
            <n d="2.44921270764475e-016 -0 1"/>
            <n d="0.704289864961922 -0 0.709912520041672"/>
            <n d="0.362774925086363 -0 0.9318767910666"/>
        </f>
        <f v="121 65 12" fn="0.184557862110238 -0 0.982821649910755">
            <n d="2.44921270764475e-016 -0 1"/>
            <n d="0.362774925086363 -0 0.9318767910666"/>
            <n d="2.44921270764475e-016 -0 1"/>
        </f>
        <f v="120 66 121" fn="0.380846084368946 -0 0.924638448270913">
            <n d="2.44921270764475e-016 -0 1"/>
            <n d="0.704289864961922 -0 0.709912520041672"/>
            <n d="2.44921270764475e-016 -0 1"/>
        </f>
        <f v="51 66 120" fn="0.706896261008803 -0.024399843104998 0.706896261008803">
            <n d="1 0 -1.83690953073357e-016"/>
            <n d="0.704289864961922 -0 0.709912520041672"/>
            <n d="2.44921270764475e-016 -0 1"/>
        </f>
        <f v="123 120 119" fn="0.380846084368946 -0 0.924638448270913">
            <n d="0.704289864961922 -0 0.709912520041672"/>
            <n d="2.44921270764475e-016 -0 1"/>
            <n d="2.44921270764475e-016 -0 1"/>
        </f>
        <f v="124 119 19" fn="0.184557862110236 0 0.982821649910755">
            <n d="0.362774925086368 -0 0.931876791066598"/>
            <n d="2.44921270764475e-016 -0 1"/>
            <n d="2.44921270764475e-016 -0 1"/>
        </f>
        <f v="123 119 124" fn="0.544803561655845 0.0234229517413077 0.838236508712685">
            <n d="0.704289864961922 -0 0.709912520041672"/>
            <n d="2.44921270764475e-016 -0 1"/>
            <n d="0.362774925086368 -0 0.931876791066598"/>
        </f>
        <f v="51 120 123" fn="0.706896261008803 0.024399843104998 0.706896261008803">
            <n d="1 0 -1.83690953073357e-016"/>
            <n d="2.44921270764475e-016 -0 1"/>
            <n d="0.704289864961922 -0 0.709912520041672"/>
        </f>
        <f v="52 123 122" fn="0.833954966247515 0.0241282032425625 0.551304765152082">
            <n d="1 0 -1.83690953073357e-016"/>
            <n d="0.704289864961922 -0 0.709912520041672"/>
            <n d="0.929084827602941 -0 0.369866709934826"/>
        </f>
        <f v="52 122 8" fn="0.982111202360241 0 0.188301848632778">
            <n d="1 0 -1.83690953073357e-016"/>
            <n d="0.929084827602941 -0 0.369866709934826"/>
            <n d="1 0 -1.83690953073357e-016"/>
        </f>
        <f v="50 66 51" fn="0.923116965763801 0 0.384519268072529">
            <n d="1 0 -1.83690953073357e-016"/>
            <n d="0.704289864961922 -0 0.709912520041672"/>
            <n d="1 0 -1.83690953073357e-016"/>
        </f>
        <f v="51 123 52" fn="0.923116965763801 0 0.384519268072529">
            <n d="1 0 -1.83690953073357e-016"/>
            <n d="0.704289864961922 -0 0.709912520041672"/>
            <n d="1 0 -1.83690953073357e-016"/>
        </f>
        <f v="50 9 67" fn="0.982111202360238 -0 0.188301848632792">
            <n d="1 0 -1.83690953073357e-016"/>
            <n d="1 0 -1.83690953073357e-016"/>
            <n d="0.929084827602941 -0 0.369866709934828"/>
        </f>
    </facets>
    <facets>
        <f v="116 95 96" fn="0.00720885258964783 -0.544938912115818 0.838444759364843">
            <n d="0 -1.22460635382238e-016 1"/>
            <n d="0 -0.362774925086372 0.931876791066597"/>
            <n d="0 -0.704289864961923 0.709912520041671"/>
        </f>
        <f v="79 97 13" fn="-0 -0.982111202360237 0.188301848632799">
            <n d="0 -1 -6.12303176911189e-017"/>
            <n d="0 -0.92908482760294 0.369866709934829"/>
            <n d="0 -1 -6.12303176911189e-017"/>
        </f>
        <f v="79 96 97" fn="0.00742601974889783 -0.834174822594929 0.55145010615595">
            <n d="0 -1 -6.12303176911189e-017"/>
            <n d="0 -0.704289864961923 0.709912520041671"/>
            <n d="0 -0.92908482760294 0.369866709934829"/>
        </f>
        <f v="78 96 79" fn="0 -0.923116965763798 0.384519268072535">
            <n d="0 -1 -6.12303176911189e-017"/>
            <n d="0 -0.704289864961923 0.709912520041671"/>
            <n d="0 -1 -6.12303176911189e-017"/>
        </f>
        <f v="117 96 78" fn="0.00750966811417178 -0.707086842221242 0.707086842221242">
            <n d="0 -1.22460635382238e-016 1"/>
            <n d="0 -0.704289864961923 0.709912520041671"/>
            <n d="0 -1 -6.12303176911189e-017"/>
        </f>
        <f v="126 78 77" fn="-0 -0.924638448270908 0.380846084368958">
            <n d="0 -0.709912520041667 0.704289864961927"/>
            <n d="0 -1 -6.12303176911189e-017"/>
            <n d="0 -1 -6.12303176911189e-017"/>
        </f>
        <f v="127 77 16" fn="0 -0.982821649910753 0.184557862110247">
            <n d="0 -0.931876791066596 0.362774925086374"/>
            <n d="0 -1 -6.12303176911189e-017"/>
            <n d="0 -1 -6.12303176911189e-017"/>
        </f>
        <f v="126 77 127" fn="-0.0072088525896481 -0.838444759364837 0.544938912115827">
            <n d="0 -0.709912520041667 0.704289864961927"/>
            <n d="0 -1 -6.12303176911189e-017"/>
            <n d="0 -0.931876791066596 0.362774925086374"/>
        </f>
        <f v="117 78 126" fn="-0.00750966811417173 -0.707086842221242 0.707086842221242">
            <n d="0 -1.22460635382238e-016 1"/>
            <n d="0 -1 -6.12303176911189e-017"/>
            <n d="0 -0.709912520041667 0.704289864961927"/>
        </f>
        <f v="118 126 125" fn="-0.00742601974889778 -0.551450106155949 0.834174822594929">
            <n d="0 -1.22460635382238e-016 1"/>
            <n d="0 -0.709912520041667 0.704289864961927"/>
            <n d="0 -0.369866709934823 0.929084827602942"/>
        </f>
        <f v="117 126 118" fn="0 -0.384519268072535 0.923116965763799">
            <n d="0 -1.22460635382238e-016 1"/>
            <n d="0 -0.709912520041667 0.704289864961927"/>
            <n d="0 -1.22460635382238e-016 1"/>
        </f>
        <f v="118 125 19" fn="0 -0.188301848632795 0.982111202360238">
            <n d="0 -1.22460635382238e-016 1"/>
            <n d="0 -0.369866709934823 0.929084827602942"/>
            <n d="0 -1.22460635382238e-016 1"/>
        </f>
        <f v="116 96 117" fn="0 -0.380846084368953 0.92463844827091">
            <n d="0 -1.22460635382238e-016 1"/>
            <n d="0 -0.704289864961923 0.709912520041671"/>
            <n d="0 -1.22460635382238e-016 1"/>
        </f>
        <f v="116 18 95" fn="-0 -0.184557862110249 0.982821649910753">
            <n d="0 -1.22460635382238e-016 1"/>
            <n d="0 -1.22460635382238e-016 1"/>
            <n d="0 -0.362774925086372 0.931876791066597"/>
        </f>
    </facets>
    <facets>
        <f v="90 122 123" fn="0.731181759801592 -0.48138577970658 0.483364215917701">
            <n d="0.709912520041671 -0.704289864961923 5.55111512312577e-015"/>
            <n d="0.929084827602941 -2.70313191846774e-015 0.369866709934826"/>
            <n d="0.704289864961922 -2.67463580580379e-015 0.709912520041673"/>
        </f>
        <f v="125 123 124" fn="0.479340027978646 -0.475716387692234 0.737514105667466">
            <n d="-6.79411684580345e-017 -0.369866709934824 0.929084827602942"/>
            <n d="0.704289864961922 -2.67463580580379e-015 0.709912520041673"/>
            <n d="0.362774925086368 -2.98873103268401e-015 0.931876791066598"/>
        </f>
        <f v="125 124 19" fn="0.181365898582188 -0.185178991587075 0.965823561478115">
            <n d="-6.79411684580345e-017 -0.369866709934824 0.929084827602942"/>
            <n d="0.362774925086368 -2.98873103268401e-015 0.931876791066598"/>
            <n d="0.000265203753549493 -0.000265203753549495 0.999999929666967"/>
        </f>
        <f v="126 123 125" fn="0.481385779706569 -0.483364215917713 0.731181759801592">
            <n d="-1.14799261505721e-014 -0.709912520041667 0.704289864961927"/>
            <n d="0.704289864961922 -2.67463580580379e-015 0.709912520041673"/>
            <n d="-6.79411684580345e-017 -0.369866709934824 0.929084827602942"/>
        </f>
        <f v="90 123 126" fn="0.577350269189614 -0.577350269189634 0.577350269189629">
            <n d="0.709912520041671 -0.704289864961923 5.55111512312577e-015"/>
            <n d="0.704289864961922 -2.67463580580379e-015 0.709912520041673"/>
            <n d="-1.14799261505721e-014 -0.709912520041667 0.704289864961927"/>
        </f>
        <f v="89 122 90" fn="0.737514105667478 -0.479340027978653 0.475716387692209">
            <n d="0.931876791066597 -0.362774925086372 0"/>
            <n d="0.929084827602941 -2.70313191846774e-015 0.369866709934826"/>
            <n d="0.709912520041671 -0.704289864961923 5.55111512312577e-015"/>
        </f>
        <f v="91 127 16" fn="0.185178991587079 -0.96582356147811 0.181365898582207">
            <n d="0.369866709934829 -0.92908482760294 0"/>
            <n d="-1.09309244592798e-014 -0.931876791066596 0.362774925086374"/>
            <n d="-1.83690953073357e-016 -1 0"/>
        </f>
        <f v="91 126 127" fn="0.475716387692227 -0.737514105667461 0.479340027978662">
            <n d="0.369866709934829 -0.92908482760294 0"/>
            <n d="-1.14799261505721e-014 -0.709912520041667 0.704289864961927"/>
            <n d="-1.09309244592798e-014 -0.931876791066596 0.362774925086374"/>
        </f>
        <f v="90 126 91" fn="0.483364215917693 -0.731181759801597 0.481385779706582">
            <n d="0.709912520041671 -0.704289864961923 5.55111512312577e-015"/>
            <n d="-1.14799261505721e-014 -0.709912520041667 0.704289864961927"/>
            <n d="0.369866709934829 -0.92908482760294 0"/>
        </f>
        <f v="89 8 122" fn="0.965823561478115 -0.181365898582203 0.185178991587057">
            <n d="0.931876791066597 -0.362774925086372 0"/>
            <n d="1 -2.44921270764475e-016 0"/>
            <n d="0.929084827602941 -2.70313191846774e-015 0.369866709934826"/>
        </f>
    </facets>
    <facets>
        <f v="33 92 93" fn="0.731181759801597 -0.4833642159177 -0.481385779706575">
            <n d="0.70991252004167 -2.86986127378421e-015 -0.704289864961924"/>
            <n d="0.929084827602939 -0.369866709934831 0"/>
            <n d="0.704289864961922 -0.709912520041672 0"/>
        </f>
        <f v="86 94 15" fn="0.181365898582182 -0.965823561478115 -0.18517899158708">
            <n d="-3.98217114092885e-016 -0.92908482760294 -0.369866709934829"/>
            <n d="0.362774925086366 -0.931876791066599 0"/>
            <n d="-4.28612223837832e-016 -1 0"/>
        </f>
        <f v="86 93 94" fn="0.479340027978652 -0.737514105667458 -0.475716387692241">
            <n d="-3.98217114092885e-016 -0.92908482760294 -0.369866709934829"/>
            <n d="0.704289864961922 -0.709912520041672 0"/>
            <n d="0.362774925086366 -0.931876791066599 0"/>
        </f>
        <f v="87 93 86" fn="0.48138577970657 -0.731181759801602 -0.483364215917698">
            <n d="5.95348334747921e-015 -0.704289864961927 -0.709912520041667"/>
            <n d="0.704289864961922 -0.709912520041672 0"/>
            <n d="-3.98217114092885e-016 -0.92908482760294 -0.369866709934829"/>
        </f>
        <f v="33 93 87" fn="0.577350269189624 -0.577350269189626 -0.577350269189627">
            <n d="0.70991252004167 -2.86986127378421e-015 -0.704289864961924"/>
            <n d="0.704289864961922 -0.709912520041672 0"/>
            <n d="5.95348334747921e-015 -0.704289864961927 -0.709912520041667"/>
        </f>
        <f v="34 87 88" fn="0.475716387692242 -0.479340027978658 -0.737514105667453">
            <n d="0.369866709934828 2.44688459021538e-015 -0.92908482760294"/>
            <n d="5.95348334747921e-015 -0.704289864961927 -0.709912520041667"/>
            <n d="-1.55489767393872e-016 -0.362774925086369 -0.931876791066597"/>
        </f>
        <f v="34 88 5" fn="0.185178991587074 -0.181365898582188 -0.965823561478115">
            <n d="0.369866709934828 2.44688459021538e-015 -0.92908482760294"/>
            <n d="-1.55489767393872e-016 -0.362774925086369 -0.931876791066597"/>
            <n d="0.000265203753549494 -0.000265203753549493 -0.999999929666967"/>
        </f>
        <f v="32 92 33" fn="0.73751410566747 -0.475716387692223 -0.479340027978652">
            <n d="0.931876791066598 2.85421852685111e-015 -0.362774925086367"/>
            <n d="0.929084827602939 -0.369866709934831 0"/>
            <n d="0.70991252004167 -2.86986127378421e-015 -0.704289864961924"/>
        </f>
        <f v="33 87 34" fn="0.483364215917695 -0.481385779706574 -0.731181759801601">
            <n d="0.70991252004167 -2.86986127378421e-015 -0.704289864961924"/>
            <n d="5.95348334747921e-015 -0.704289864961927 -0.709912520041667"/>
            <n d="0.369866709934828 2.44688459021538e-015 -0.92908482760294"/>
        </f>
        <f v="32 4 92" fn="0.965823561478115 -0.185178991587071 -0.181365898582191">
            <n d="0.931876791066598 2.85421852685111e-015 -0.362774925086367"/>
            <n d="1 -4.89842541528951e-016 0"/>
            <n d="0.929084827602939 -0.369866709934831 0"/>
        </f>
    </facets>
</shell>
</step-assembly>
