<?xml version="1.0" encoding="UTF-8" ?>
<step-assembly root="id72">
<product id="id72" name="1" shape="id30"/>
<shape id="id30" unit="mm 0.001000" shell="id73"/>
<shell id="id73">
    <verts>
        <v p="-0.775 1.1 -0.725"/>
        <v p="-0.775 1.1 0.725"/>
        <v p="-0.775 -1.1 -0.725"/>
        <v p="-0.775 -1.1 0.725"/>
        <v p="-0.8 1.6 -0.75"/>
        <v p="-0.8 1.6 0.75"/>
        <v p="-0.8 1.1 -0.75"/>
        <v p="-0.8 1.1 0.75"/>
        <v p="0.8 1.1 -0.75"/>
        <v p="0.8 1.1 0.75"/>
        <v p="0.775 1.1 -0.725"/>
        <v p="0.775 1.1 0.725"/>
        <v p="0.8 1.6 -0.75"/>
        <v p="-0.8 -1.1 0.75"/>
        <v p="-0.8 -1.1 -0.75"/>
        <v p="0.8 -1.1 0.75"/>
        <v p="0.8 -1.1 -0.75"/>
        <v p="0.775 -1.1 0.725"/>
        <v p="0.775 -1.1 -0.725"/>
        <v p="0.8 1.6 0.75"/>
        <v p="-0.8 -1.6 0.75"/>
        <v p="-0.8 -1.6 -0.75"/>
        <v p="0.8 -1.6 -0.75"/>
        <v p="0.8 -1.6 0.75"/>
        <v p="-0.775 1.1 -0.3625"/>
        <v p="-0.775 1.1 0"/>
        <v p="-0.775 1.1 0.3625"/>
        <v p="-0.775 -0.55 -0.725"/>
        <v p="-0.775 0 -0.725"/>
        <v p="-0.775 0.55 -0.725"/>
        <v p="-0.775 -1.1 0.3625"/>
        <v p="-0.775 -1.1 0"/>
        <v p="-0.775 -1.1 -0.3625"/>
        <v p="-0.775 -0.55 0.725"/>
        <v p="-0.775 0 0.725"/>
        <v p="-0.775 0.55 0.725"/>
        <v p="-0.8 1.6 -0.375"/>
        <v p="-0.8 1.6 0"/>
        <v p="-0.8 1.6 0.375"/>
        <v p="-0.8 1.225 -0.75"/>
        <v p="-0.8 1.35 -0.75"/>
        <v p="-0.8 1.475 -0.75"/>
        <v p="-0.8 1.1 -0.375"/>
        <v p="-0.8 1.1 0"/>
        <v p="-0.8 1.1 0.375"/>
        <v p="-0.8 1.225 0.75"/>
        <v p="-0.8 1.35 0.75"/>
        <v p="-0.8 1.475 0.75"/>
        <v p="0.4 1.1 -0.75"/>
        <v p="0 1.1 -0.75"/>
        <v p="-0.4 1.1 -0.75"/>
        <v p="0.8 1.1 0.375"/>
        <v p="0.8 1.1 0"/>
        <v p="0.8 1.1 -0.375"/>
        <v p="-0.4 1.1 0.75"/>
        <v p="0 1.1 0.75"/>
        <v p="0.4 1.1 0.75"/>
        <v p="0.3875 1.1 -0.725"/>
        <v p="0 1.1 -0.725"/>
        <v p="-0.3875 1.1 -0.725"/>
        <v p="-0.3875 1.1 0.725"/>
        <v p="0 1.1 0.725"/>
        <v p="0.3875 1.1 0.725"/>
        <v p="0.775 1.1 0.3625"/>
        <v p="0.775 1.1 0"/>
        <v p="0.775 1.1 -0.3625"/>
        <v p="0.4 1.6 -0.75"/>
        <v p="0 1.6 -0.75"/>
        <v p="-0.4 1.6 -0.75"/>
        <v p="0.8 1.225 -0.75"/>
        <v p="0.8 1.35 -0.75"/>
        <v p="0.8 1.475 -0.75"/>
        <v p="-0.8 -1.1 0.375"/>
        <v p="-0.8 -1.1 0"/>
        <v p="-0.8 -1.1 -0.375"/>
        <v p="0.4 -1.1 0.75"/>
        <v p="0 -1.1 0.75"/>
        <v p="-0.4 -1.1 0.75"/>
        <v p="0.8 -1.1 -0.375"/>
        <v p="0.8 -1.1 0"/>
        <v p="0.8 -1.1 0.375"/>
        <v p="-0.4 -1.1 -0.75"/>
        <v p="0 -1.1 -0.75"/>
        <v p="0.4 -1.1 -0.75"/>
        <v p="0.3875 -1.1 0.725"/>
        <v p="0 -1.1 0.725"/>
        <v p="-0.3875 -1.1 0.725"/>
        <v p="-0.3875 -1.1 -0.725"/>
        <v p="0 -1.1 -0.725"/>
        <v p="0.3875 -1.1 -0.725"/>
        <v p="0.775 -1.1 -0.3625"/>
        <v p="0.775 -1.1 0"/>
        <v p="0.775 -1.1 0.3625"/>
        <v p="0.775 -0.55 0.725"/>
        <v p="0.775 0 0.725"/>
        <v p="0.775 0.55 0.725"/>
        <v p="0.775 -0.55 -0.725"/>
        <v p="0.775 0 -0.725"/>
        <v p="0.775 0.55 -0.725"/>
        <v p="-0.4 1.6 0.75"/>
        <v p="0 1.6 0.75"/>
        <v p="0.4 1.6 0.75"/>
        <v p="0.8 1.6 0.375"/>
        <v p="0.8 1.6 0"/>
        <v p="0.8 1.6 -0.375"/>
        <v p="0.8 1.225 0.75"/>
        <v p="0.8 1.35 0.75"/>
        <v p="0.8 1.475 0.75"/>
        <v p="-0.8 -1.6 0.375"/>
        <v p="-0.8 -1.6 0"/>
        <v p="-0.8 -1.6 -0.375"/>
        <v p="-0.4 -1.6 -0.75"/>
        <v p="0 -1.6 -0.75"/>
        <v p="0.4 -1.6 -0.75"/>
        <v p="0.8 -1.6 -0.375"/>
        <v p="0.8 -1.6 0"/>
        <v p="0.8 -1.6 0.375"/>
        <v p="0.4 -1.6 0.75"/>
        <v p="0 -1.6 0.75"/>
        <v p="-0.4 -1.6 0.75"/>
        <v p="0.8 -1.225 0.75"/>
        <v p="0.8 -1.35 0.75"/>
        <v p="0.8 -1.475 0.75"/>
        <v p="-0.8 -1.225 0.75"/>
        <v p="-0.8 -1.35 0.75"/>
        <v p="-0.8 -1.475 0.75"/>
        <v p="-0.8 -1.225 -0.75"/>
        <v p="-0.8 -1.35 -0.75"/>
        <v p="-0.8 -1.475 -0.75"/>
        <v p="0.8 -1.225 -0.75"/>
        <v p="0.8 -1.35 -0.75"/>
        <v p="0.8 -1.475 -0.75"/>
    </verts>
    <facets color="333333">
        <f v="26 34 35" fn="-1 0 0">
            <n d="-1 -0 -0"/>
            <n d="-1 -0 -0"/>
            <n d="-1 -0 -0"/>
        </f>
        <f v="30 3 33" fn="-1 0 0">
            <n d="-1 -0 -0"/>
            <n d="-1 -0 -0"/>
            <n d="-1 -0 -0"/>
        </f>
        <f v="30 33 34" fn="-1 -0 -0">
            <n d="-1 -0 -0"/>
            <n d="-1 -0 -0"/>
            <n d="-1 -0 -0"/>
        </f>
        <f v="31 30 34" fn="-1 -0 -0">
            <n d="-1 -0 -0"/>
            <n d="-1 -0 -0"/>
            <n d="-1 -0 -0"/>
        </f>
        <f v="25 31 34" fn="-1 0 0">
            <n d="-1 -0 -0"/>
            <n d="-1 -0 -0"/>
            <n d="-1 -0 -0"/>
        </f>
        <f v="28 32 31" fn="-1 0 0">
            <n d="-1 -0 -0"/>
            <n d="-1 -0 -0"/>
            <n d="-1 -0 -0"/>
        </f>
        <f v="27 2 32" fn="-1 -0 -0">
            <n d="-1 -0 -0"/>
            <n d="-1 -0 -0"/>
            <n d="-1 -0 -0"/>
        </f>
        <f v="28 27 32" fn="-1 -0 -0">
            <n d="-1 -0 -0"/>
            <n d="-1 -0 -0"/>
            <n d="-1 -0 -0"/>
        </f>
        <f v="25 28 31" fn="-1 -0 -0">
            <n d="-1 -0 -0"/>
            <n d="-1 -0 -0"/>
            <n d="-1 -0 -0"/>
        </f>
        <f v="24 29 28" fn="-1 -0 -0">
            <n d="-1 -0 -0"/>
            <n d="-1 -0 -0"/>
            <n d="-1 -0 -0"/>
        </f>
        <f v="24 0 29" fn="-1 -0 -0">
            <n d="-1 -0 -0"/>
            <n d="-1 -0 -0"/>
            <n d="-1 -0 -0"/>
        </f>
        <f v="26 25 34" fn="-1 -0 -0">
            <n d="-1 -0 -0"/>
            <n d="-1 -0 -0"/>
            <n d="-1 -0 -0"/>
        </f>
        <f v="25 24 28" fn="-1 -0 -0">
            <n d="-1 -0 -0"/>
            <n d="-1 -0 -0"/>
            <n d="-1 -0 -0"/>
        </f>
        <f v="26 35 1" fn="-1 0 0">
            <n d="-1 -0 -0"/>
            <n d="-1 -0 -0"/>
            <n d="-1 -0 -0"/>
        </f>
    </facets>
    <facets color="f9f9f9">
        <f v="46 38 37" fn="-1 -0 -0">
            <n d="-1 0 0"/>
            <n d="-1 0 0"/>
            <n d="-1 0 0"/>
        </f>
        <f v="41 36 4" fn="-1 -0 -0">
            <n d="-1 0 0"/>
            <n d="-1 0 0"/>
            <n d="-1 0 0"/>
        </f>
        <f v="41 37 36" fn="-1 0 0">
            <n d="-1 0 0"/>
            <n d="-1 0 0"/>
            <n d="-1 0 0"/>
        </f>
        <f v="40 37 41" fn="-1 0 0">
            <n d="-1 0 0"/>
            <n d="-1 0 0"/>
            <n d="-1 0 0"/>
        </f>
        <f v="43 37 40" fn="-1 0 -0">
            <n d="-1 0 0"/>
            <n d="-1 0 0"/>
            <n d="-1 0 0"/>
        </f>
        <f v="42 40 39" fn="-1 0 0">
            <n d="-1 0 0"/>
            <n d="-1 0 0"/>
            <n d="-1 0 0"/>
        </f>
        <f v="42 39 6" fn="-1 0 0">
            <n d="-1 0 0"/>
            <n d="-1 0 0"/>
            <n d="-1 0 0"/>
        </f>
        <f v="43 40 42" fn="-1 0 0">
            <n d="-1 0 0"/>
            <n d="-1 0 0"/>
            <n d="-1 0 0"/>
        </f>
        <f v="46 37 43" fn="-1 -0 -0">
            <n d="-1 0 0"/>
            <n d="-1 0 0"/>
            <n d="-1 0 0"/>
        </f>
        <f v="47 38 46" fn="-1 -0 -0">
            <n d="-1 0 0"/>
            <n d="-1 0 0"/>
            <n d="-1 0 0"/>
        </f>
        <f v="45 44 7" fn="-1 -0 -0">
            <n d="-1 0 0"/>
            <n d="-1 0 0"/>
            <n d="-1 0 0"/>
        </f>
        <f v="45 43 44" fn="-1 0 0">
            <n d="-1 0 0"/>
            <n d="-1 0 0"/>
            <n d="-1 0 0"/>
        </f>
        <f v="46 43 45" fn="-1 -0 0">
            <n d="-1 0 0"/>
            <n d="-1 0 0"/>
            <n d="-1 0 0"/>
        </f>
        <f v="47 5 38" fn="-1 0 -0">
            <n d="-1 0 0"/>
            <n d="-1 0 0"/>
            <n d="-1 0 0"/>
        </f>
    </facets>
    <facets color="f9f9f9">
        <f v="24 43 42" fn="-0 -1 0">
            <n d="-0 -1 -0"/>
            <n d="-0 -1 -0"/>
            <n d="-0 -1 -0"/>
        </f>
        <f v="26 1 44" fn="0 -1 0">
            <n d="-0 -1 -0"/>
            <n d="-0 -1 -0"/>
            <n d="-0 -1 -0"/>
        </f>
        <f v="25 26 43" fn="0 -1 0">
            <n d="-0 -1 -0"/>
            <n d="-0 -1 -0"/>
            <n d="-0 -1 -0"/>
        </f>
        <f v="62 11 56" fn="0 -1 0">
            <n d="-0 -1 -0"/>
            <n d="-0 -1 -0"/>
            <n d="-0 -1 -0"/>
        </f>
        <f v="63 64 52" fn="-0 -1 -0">
            <n d="-0 -1 -0"/>
            <n d="-0 -1 -0"/>
            <n d="-0 -1 -0"/>
        </f>
        <f v="64 65 52" fn="0 -1 0">
            <n d="-0 -1 -0"/>
            <n d="-0 -1 -0"/>
            <n d="-0 -1 -0"/>
        </f>
        <f v="10 48 8" fn="0 -1 -0">
            <n d="-0 -1 -0"/>
            <n d="-0 -1 -0"/>
            <n d="-0 -1 -0"/>
        </f>
        <f v="24 25 43" fn="-0 -1 0">
            <n d="-0 -1 -0"/>
            <n d="-0 -1 -0"/>
            <n d="-0 -1 -0"/>
        </f>
        <f v="57 48 10" fn="0 -1 -0">
            <n d="-0 -1 -0"/>
            <n d="-0 -1 -0"/>
            <n d="-0 -1 -0"/>
        </f>
        <f v="0 42 6" fn="-0 -1 0">
            <n d="-0 -1 -0"/>
            <n d="-0 -1 -0"/>
            <n d="-0 -1 -0"/>
        </f>
        <f v="65 10 53" fn="0 -1 0">
            <n d="-0 -1 -0"/>
            <n d="-0 -1 -0"/>
            <n d="-0 -1 -0"/>
        </f>
        <f v="10 8 53" fn="0 -1 -0">
            <n d="-0 -1 -0"/>
            <n d="-0 -1 -0"/>
            <n d="-0 -1 -0"/>
        </f>
        <f v="57 49 48" fn="0 -1 -0">
            <n d="-0 -1 -0"/>
            <n d="-0 -1 -0"/>
            <n d="-0 -1 -0"/>
        </f>
        <f v="65 53 52" fn="0 -1 0">
            <n d="-0 -1 -0"/>
            <n d="-0 -1 -0"/>
            <n d="-0 -1 -0"/>
        </f>
        <f v="63 52 51" fn="0 -1 0">
            <n d="-0 -1 -0"/>
            <n d="-0 -1 -0"/>
            <n d="-0 -1 -0"/>
        </f>
        <f v="61 62 55" fn="0 -1 0">
            <n d="-0 -1 -0"/>
            <n d="-0 -1 -0"/>
            <n d="-0 -1 -0"/>
        </f>
        <f v="11 51 9" fn="0 -1 0">
            <n d="-0 -1 -0"/>
            <n d="-0 -1 -0"/>
            <n d="-0 -1 -0"/>
        </f>
        <f v="11 63 51" fn="-0 -1 -0">
            <n d="-0 -1 -0"/>
            <n d="-0 -1 -0"/>
            <n d="-0 -1 -0"/>
        </f>
        <f v="11 9 56" fn="0 -1 0">
            <n d="-0 -1 -0"/>
            <n d="-0 -1 -0"/>
            <n d="-0 -1 -0"/>
        </f>
        <f v="62 56 55" fn="-0 -1 0">
            <n d="-0 -1 -0"/>
            <n d="-0 -1 -0"/>
            <n d="-0 -1 -0"/>
        </f>
        <f v="60 55 54" fn="0 -1 0">
            <n d="-0 -1 -0"/>
            <n d="-0 -1 -0"/>
            <n d="-0 -1 -0"/>
        </f>
        <f v="60 61 55" fn="-0 -1 -0">
            <n d="-0 -1 -0"/>
            <n d="-0 -1 -0"/>
            <n d="-0 -1 -0"/>
        </f>
        <f v="1 54 7" fn="0 -1 0">
            <n d="-0 -1 -0"/>
            <n d="-0 -1 -0"/>
            <n d="-0 -1 -0"/>
        </f>
        <f v="1 60 54" fn="-0 -1 -0">
            <n d="-0 -1 -0"/>
            <n d="-0 -1 -0"/>
            <n d="-0 -1 -0"/>
        </f>
        <f v="1 7 44" fn="-0 -1 0">
            <n d="-0 -1 -0"/>
            <n d="-0 -1 -0"/>
            <n d="-0 -1 -0"/>
        </f>
        <f v="26 44 43" fn="-0 -1 -0">
            <n d="-0 -1 -0"/>
            <n d="-0 -1 -0"/>
            <n d="-0 -1 -0"/>
        </f>
        <f v="58 59 49" fn="-0 -1 -0">
            <n d="-0 -1 -0"/>
            <n d="-0 -1 -0"/>
            <n d="-0 -1 -0"/>
        </f>
        <f v="59 0 50" fn="-0 -1 0">
            <n d="-0 -1 -0"/>
            <n d="-0 -1 -0"/>
            <n d="-0 -1 -0"/>
        </f>
        <f v="0 24 42" fn="-0 -1 0">
            <n d="-0 -1 -0"/>
            <n d="-0 -1 -0"/>
            <n d="-0 -1 -0"/>
        </f>
        <f v="0 6 50" fn="0 -1 -0">
            <n d="-0 -1 -0"/>
            <n d="-0 -1 -0"/>
            <n d="-0 -1 -0"/>
        </f>
        <f v="59 50 49" fn="-0 -1 -0">
            <n d="-0 -1 -0"/>
            <n d="-0 -1 -0"/>
            <n d="-0 -1 -0"/>
        </f>
        <f v="57 58 49" fn="-0 -1 -0">
            <n d="-0 -1 -0"/>
            <n d="-0 -1 -0"/>
            <n d="-0 -1 -0"/>
        </f>
    </facets>
    <facets color="f9f9f9">
        <f v="40 68 67" fn="-0 -0 -1">
            <n d="0 0 -1"/>
            <n d="0 0 -1"/>
            <n d="0 0 -1"/>
        </f>
        <f v="71 66 12" fn="-0 0 -1">
            <n d="0 0 -1"/>
            <n d="0 0 -1"/>
            <n d="0 0 -1"/>
        </f>
        <f v="70 67 66" fn="-0 -0 -1">
            <n d="0 0 -1"/>
            <n d="0 0 -1"/>
            <n d="0 0 -1"/>
        </f>
        <f v="70 66 71" fn="0 0 -1">
            <n d="0 0 -1"/>
            <n d="0 0 -1"/>
            <n d="0 0 -1"/>
        </f>
        <f v="49 67 70" fn="-0 -0 -1">
            <n d="0 0 -1"/>
            <n d="0 0 -1"/>
            <n d="0 0 -1"/>
        </f>
        <f v="49 70 69" fn="-0 -0 -1">
            <n d="0 0 -1"/>
            <n d="0 0 -1"/>
            <n d="0 0 -1"/>
        </f>
        <f v="48 69 8" fn="0 0 -1">
            <n d="0 0 -1"/>
            <n d="0 0 -1"/>
            <n d="0 0 -1"/>
        </f>
        <f v="49 69 48" fn="0 0 -1">
            <n d="0 0 -1"/>
            <n d="0 0 -1"/>
            <n d="0 0 -1"/>
        </f>
        <f v="40 67 49" fn="0 -0 -1">
            <n d="0 0 -1"/>
            <n d="0 0 -1"/>
            <n d="0 0 -1"/>
        </f>
        <f v="41 68 40" fn="0 0 -1">
            <n d="0 0 -1"/>
            <n d="0 0 -1"/>
            <n d="0 0 -1"/>
        </f>
        <f v="39 50 6" fn="-0 -0 -1">
            <n d="0 0 -1"/>
            <n d="0 0 -1"/>
            <n d="0 0 -1"/>
        </f>
        <f v="39 49 50" fn="0 0 -1">
            <n d="0 0 -1"/>
            <n d="0 0 -1"/>
            <n d="0 0 -1"/>
        </f>
        <f v="40 49 39" fn="0 0 -1">
            <n d="0 0 -1"/>
            <n d="0 0 -1"/>
            <n d="0 0 -1"/>
        </f>
        <f v="41 4 68" fn="-0 -0 -1">
            <n d="0 0 -1"/>
            <n d="0 0 -1"/>
            <n d="0 0 -1"/>
        </f>
    </facets>
    <facets color="f9f9f9">
        <f v="87 82 81" fn="0 1 0">
            <n d="-0 1 -0"/>
            <n d="-0 1 -0"/>
            <n d="-0 1 -0"/>
        </f>
        <f v="89 18 83" fn="-0 1 0">
            <n d="-0 1 -0"/>
            <n d="-0 1 -0"/>
            <n d="-0 1 -0"/>
        </f>
        <f v="90 91 79" fn="-0 1 -0">
            <n d="-0 1 -0"/>
            <n d="-0 1 -0"/>
            <n d="-0 1 -0"/>
        </f>
        <f v="91 92 79" fn="0 1 0">
            <n d="-0 1 -0"/>
            <n d="-0 1 -0"/>
            <n d="-0 1 -0"/>
        </f>
        <f v="17 75 15" fn="0 1 -0">
            <n d="-0 1 -0"/>
            <n d="-0 1 -0"/>
            <n d="-0 1 -0"/>
        </f>
        <f v="84 75 17" fn="-0 1 -0">
            <n d="-0 1 -0"/>
            <n d="-0 1 -0"/>
            <n d="-0 1 -0"/>
        </f>
        <f v="31 32 73" fn="0 1 0">
            <n d="-0 1 -0"/>
            <n d="-0 1 -0"/>
            <n d="-0 1 -0"/>
        </f>
        <f v="86 3 77" fn="0 1 0">
            <n d="-0 1 -0"/>
            <n d="-0 1 -0"/>
            <n d="-0 1 -0"/>
        </f>
        <f v="30 31 73" fn="-0 1 0">
            <n d="-0 1 -0"/>
            <n d="-0 1 -0"/>
            <n d="-0 1 -0"/>
        </f>
        <f v="2 81 14" fn="0 1 0">
            <n d="-0 1 -0"/>
            <n d="-0 1 -0"/>
            <n d="-0 1 -0"/>
        </f>
        <f v="92 17 80" fn="0 1 0">
            <n d="-0 1 -0"/>
            <n d="-0 1 -0"/>
            <n d="-0 1 -0"/>
        </f>
        <f v="17 15 80" fn="-0 1 -0">
            <n d="-0 1 -0"/>
            <n d="-0 1 -0"/>
            <n d="-0 1 -0"/>
        </f>
        <f v="84 76 75" fn="0 1 -0">
            <n d="-0 1 -0"/>
            <n d="-0 1 -0"/>
            <n d="-0 1 -0"/>
        </f>
        <f v="92 80 79" fn="-0 1 0">
            <n d="-0 1 -0"/>
            <n d="-0 1 -0"/>
            <n d="-0 1 -0"/>
        </f>
        <f v="90 79 78" fn="-0 1 0">
            <n d="-0 1 -0"/>
            <n d="-0 1 -0"/>
            <n d="-0 1 -0"/>
        </f>
        <f v="88 89 82" fn="-0 1 0">
            <n d="-0 1 -0"/>
            <n d="-0 1 -0"/>
            <n d="-0 1 -0"/>
        </f>
        <f v="18 78 16" fn="-0 1 0">
            <n d="-0 1 -0"/>
            <n d="-0 1 -0"/>
            <n d="-0 1 -0"/>
        </f>
        <f v="18 90 78" fn="-0 1 -0">
            <n d="-0 1 -0"/>
            <n d="-0 1 -0"/>
            <n d="-0 1 -0"/>
        </f>
        <f v="18 16 83" fn="0 1 0">
            <n d="-0 1 -0"/>
            <n d="-0 1 -0"/>
            <n d="-0 1 -0"/>
        </f>
        <f v="89 83 82" fn="-0 1 0">
            <n d="-0 1 -0"/>
            <n d="-0 1 -0"/>
            <n d="-0 1 -0"/>
        </f>
        <f v="87 88 82" fn="-0 1 -0">
            <n d="-0 1 -0"/>
            <n d="-0 1 -0"/>
            <n d="-0 1 -0"/>
        </f>
        <f v="32 2 74" fn="0 1 0">
            <n d="-0 1 -0"/>
            <n d="-0 1 -0"/>
            <n d="-0 1 -0"/>
        </f>
        <f v="2 87 81" fn="-0 1 -0">
            <n d="-0 1 -0"/>
            <n d="-0 1 -0"/>
            <n d="-0 1 -0"/>
        </f>
        <f v="2 14 74" fn="0 1 0">
            <n d="-0 1 -0"/>
            <n d="-0 1 -0"/>
            <n d="-0 1 -0"/>
        </f>
        <f v="32 74 73" fn="0 1 -0">
            <n d="-0 1 -0"/>
            <n d="-0 1 -0"/>
            <n d="-0 1 -0"/>
        </f>
        <f v="30 73 72" fn="0 1 0">
            <n d="-0 1 -0"/>
            <n d="-0 1 -0"/>
            <n d="-0 1 -0"/>
        </f>
        <f v="85 86 76" fn="0 1 -0">
            <n d="-0 1 -0"/>
            <n d="-0 1 -0"/>
            <n d="-0 1 -0"/>
        </f>
        <f v="3 72 13" fn="0 1 0">
            <n d="-0 1 -0"/>
            <n d="-0 1 -0"/>
            <n d="-0 1 -0"/>
        </f>
        <f v="3 30 72" fn="-0 1 0">
            <n d="-0 1 -0"/>
            <n d="-0 1 -0"/>
            <n d="-0 1 -0"/>
        </f>
        <f v="3 13 77" fn="0 1 -0">
            <n d="-0 1 -0"/>
            <n d="-0 1 -0"/>
            <n d="-0 1 -0"/>
        </f>
        <f v="86 77 76" fn="-0 1 -0">
            <n d="-0 1 -0"/>
            <n d="-0 1 -0"/>
            <n d="-0 1 -0"/>
        </f>
        <f v="84 85 76" fn="-0 1 -0">
            <n d="-0 1 -0"/>
            <n d="-0 1 -0"/>
            <n d="-0 1 -0"/>
        </f>
    </facets>
    <facets color="333333">
        <f v="61 94 95" fn="0 0 1">
            <n d="-0 -0 1"/>
            <n d="-0 -0 1"/>
            <n d="-0 -0 1"/>
        </f>
        <f v="84 17 93" fn="0 0 1">
            <n d="-0 -0 1"/>
            <n d="-0 -0 1"/>
            <n d="-0 -0 1"/>
        </f>
        <f v="85 93 94" fn="0 0 1">
            <n d="-0 -0 1"/>
            <n d="-0 -0 1"/>
            <n d="-0 -0 1"/>
        </f>
        <f v="85 84 93" fn="-0 -0 1">
            <n d="-0 -0 1"/>
            <n d="-0 -0 1"/>
            <n d="-0 -0 1"/>
        </f>
        <f v="34 85 94" fn="-0 0 1">
            <n d="-0 -0 1"/>
            <n d="-0 -0 1"/>
            <n d="-0 -0 1"/>
        </f>
        <f v="33 86 85" fn="-0 -0 1">
            <n d="-0 -0 1"/>
            <n d="-0 -0 1"/>
            <n d="-0 -0 1"/>
        </f>
        <f v="33 3 86" fn="-0 -0 1">
            <n d="-0 -0 1"/>
            <n d="-0 -0 1"/>
            <n d="-0 -0 1"/>
        </f>
        <f v="34 33 85" fn="-0 -0 1">
            <n d="-0 -0 1"/>
            <n d="-0 -0 1"/>
            <n d="-0 -0 1"/>
        </f>
        <f v="61 34 94" fn="0 0 1">
            <n d="-0 -0 1"/>
            <n d="-0 -0 1"/>
            <n d="-0 -0 1"/>
        </f>
        <f v="61 35 34" fn="0 0 1">
            <n d="-0 -0 1"/>
            <n d="-0 -0 1"/>
            <n d="-0 -0 1"/>
        </f>
        <f v="60 1 35" fn="0 -0 1">
            <n d="-0 -0 1"/>
            <n d="-0 -0 1"/>
            <n d="-0 -0 1"/>
        </f>
        <f v="62 61 95" fn="0 0 1">
            <n d="-0 -0 1"/>
            <n d="-0 -0 1"/>
            <n d="-0 -0 1"/>
        </f>
        <f v="61 60 35" fn="0 -0 1">
            <n d="-0 -0 1"/>
            <n d="-0 -0 1"/>
            <n d="-0 -0 1"/>
        </f>
        <f v="62 95 11" fn="-0 0 1">
            <n d="-0 -0 1"/>
            <n d="-0 -0 1"/>
            <n d="-0 -0 1"/>
        </f>
    </facets>
    <facets color="333333">
        <f v="65 97 98" fn="1 0 0">
            <n d="1 -0 -7.477256361969e-017"/>
            <n d="1 -0 -7.477256361969e-017"/>
            <n d="1 -0 -7.477256361969e-017"/>
        </f>
        <f v="90 18 96" fn="1 0 0">
            <n d="1 -0 -7.477256361969e-017"/>
            <n d="1 -0 -7.477256361969e-017"/>
            <n d="1 -0 -7.477256361969e-017"/>
        </f>
        <f v="90 96 97" fn="1 -0 -0">
            <n d="1 -0 -7.477256361969e-017"/>
            <n d="1 -0 -7.477256361969e-017"/>
            <n d="1 -0 -7.477256361969e-017"/>
        </f>
        <f v="91 90 97" fn="1 -0 -0">
            <n d="1 -0 -7.477256361969e-017"/>
            <n d="1 -0 -7.477256361969e-017"/>
            <n d="1 -0 -7.477256361969e-017"/>
        </f>
        <f v="64 91 97" fn="1 0 0">
            <n d="1 -0 -7.477256361969e-017"/>
            <n d="1 -0 -7.477256361969e-017"/>
            <n d="1 -0 -7.477256361969e-017"/>
        </f>
        <f v="94 92 91" fn="1 0 0">
            <n d="1 -0 -7.477256361969e-017"/>
            <n d="1 -0 -7.477256361969e-017"/>
            <n d="1 -0 -7.477256361969e-017"/>
        </f>
        <f v="93 17 92" fn="1 0 -0">
            <n d="1 -0 -7.477256361969e-017"/>
            <n d="1 -0 -7.477256361969e-017"/>
            <n d="1 -0 -7.477256361969e-017"/>
        </f>
        <f v="94 93 92" fn="1 0 -0">
            <n d="1 -0 -7.477256361969e-017"/>
            <n d="1 -0 -7.477256361969e-017"/>
            <n d="1 -0 -7.477256361969e-017"/>
        </f>
        <f v="64 94 91" fn="1 -0 -0">
            <n d="1 -0 -7.477256361969e-017"/>
            <n d="1 -0 -7.477256361969e-017"/>
            <n d="1 -0 -7.477256361969e-017"/>
        </f>
        <f v="63 95 94" fn="1 -0 -0">
            <n d="1 -0 -7.477256361969e-017"/>
            <n d="1 -0 -7.477256361969e-017"/>
            <n d="1 -0 -7.477256361969e-017"/>
        </f>
        <f v="63 11 95" fn="1 -0 -0">
            <n d="1 -0 -7.477256361969e-017"/>
            <n d="1 -0 -7.477256361969e-017"/>
            <n d="1 -0 -7.477256361969e-017"/>
        </f>
        <f v="65 64 97" fn="1 0 -0">
            <n d="1 -0 -7.477256361969e-017"/>
            <n d="1 -0 -7.477256361969e-017"/>
            <n d="1 -0 -7.477256361969e-017"/>
        </f>
        <f v="64 63 94" fn="1 -0 -0">
            <n d="1 -0 -7.477256361969e-017"/>
            <n d="1 -0 -7.477256361969e-017"/>
            <n d="1 -0 -7.477256361969e-017"/>
        </f>
        <f v="65 98 10" fn="1 0 0">
            <n d="1 -0 -7.477256361969e-017"/>
            <n d="1 -0 -7.477256361969e-017"/>
            <n d="1 -0 -7.477256361969e-017"/>
        </f>
    </facets>
    <facets color="333333">
        <f v="58 28 29" fn="0 0 -1">
            <n d="-0 -0 -1"/>
            <n d="-0 -0 -1"/>
            <n d="-0 -0 -1"/>
        </f>
        <f v="87 2 27" fn="0 0 -1">
            <n d="-0 -0 -1"/>
            <n d="-0 -0 -1"/>
            <n d="-0 -0 -1"/>
        </f>
        <f v="88 27 28" fn="0 0 -1">
            <n d="-0 -0 -1"/>
            <n d="-0 -0 -1"/>
            <n d="-0 -0 -1"/>
        </f>
        <f v="88 87 27" fn="-0 -0 -1">
            <n d="-0 -0 -1"/>
            <n d="-0 -0 -1"/>
            <n d="-0 -0 -1"/>
        </f>
        <f v="97 88 28" fn="-0 0 -1">
            <n d="-0 -0 -1"/>
            <n d="-0 -0 -1"/>
            <n d="-0 -0 -1"/>
        </f>
        <f v="96 89 88" fn="-0 -0 -1">
            <n d="-0 -0 -1"/>
            <n d="-0 -0 -1"/>
            <n d="-0 -0 -1"/>
        </f>
        <f v="96 18 89" fn="-0 -0 -1">
            <n d="-0 -0 -1"/>
            <n d="-0 -0 -1"/>
            <n d="-0 -0 -1"/>
        </f>
        <f v="97 96 88" fn="-0 -0 -1">
            <n d="-0 -0 -1"/>
            <n d="-0 -0 -1"/>
            <n d="-0 -0 -1"/>
        </f>
        <f v="58 97 28" fn="0 -0 -1">
            <n d="-0 -0 -1"/>
            <n d="-0 -0 -1"/>
            <n d="-0 -0 -1"/>
        </f>
        <f v="58 98 97" fn="0 0 -1">
            <n d="-0 -0 -1"/>
            <n d="-0 -0 -1"/>
            <n d="-0 -0 -1"/>
        </f>
        <f v="57 10 98" fn="0 -0 -1">
            <n d="-0 -0 -1"/>
            <n d="-0 -0 -1"/>
            <n d="-0 -0 -1"/>
        </f>
        <f v="59 58 29" fn="0 -0 -1">
            <n d="-0 -0 -1"/>
            <n d="-0 -0 -1"/>
            <n d="-0 -0 -1"/>
        </f>
        <f v="58 57 98" fn="0 -0 -1">
            <n d="-0 -0 -1"/>
            <n d="-0 -0 -1"/>
            <n d="-0 -0 -1"/>
        </f>
        <f v="59 29 0" fn="-0 0 -1">
            <n d="-0 -0 -1"/>
            <n d="-0 -0 -1"/>
            <n d="-0 -0 -1"/>
        </f>
    </facets>
    <facets color="f9f9f9">
        <f v="66 103 104" fn="0 1 0">
            <n d="-0 1 -0"/>
            <n d="-0 1 -0"/>
            <n d="-0 1 -0"/>
        </f>
        <f v="101 19 102" fn="-0 1 0">
            <n d="-0 1 -0"/>
            <n d="-0 1 -0"/>
            <n d="-0 1 -0"/>
        </f>
        <f v="101 102 103" fn="-0 1 -0">
            <n d="-0 1 -0"/>
            <n d="-0 1 -0"/>
            <n d="-0 1 -0"/>
        </f>
        <f v="100 101 103" fn="-0 1 -0">
            <n d="-0 1 -0"/>
            <n d="-0 1 -0"/>
            <n d="-0 1 -0"/>
        </f>
        <f v="67 100 103" fn="0 1 0">
            <n d="-0 1 -0"/>
            <n d="-0 1 -0"/>
            <n d="-0 1 -0"/>
        </f>
        <f v="38 99 100" fn="-0 1 -0">
            <n d="-0 1 -0"/>
            <n d="-0 1 -0"/>
            <n d="-0 1 -0"/>
        </f>
        <f v="38 5 99" fn="-0 1 -0">
            <n d="-0 1 -0"/>
            <n d="-0 1 -0"/>
            <n d="-0 1 -0"/>
        </f>
        <f v="37 38 100" fn="-0 1 -0">
            <n d="-0 1 -0"/>
            <n d="-0 1 -0"/>
            <n d="-0 1 -0"/>
        </f>
        <f v="67 37 100" fn="-0 1 -0">
            <n d="-0 1 -0"/>
            <n d="-0 1 -0"/>
            <n d="-0 1 -0"/>
        </f>
        <f v="66 67 103" fn="-0 1 -0">
            <n d="-0 1 -0"/>
            <n d="-0 1 -0"/>
            <n d="-0 1 -0"/>
        </f>
        <f v="68 4 36" fn="0 1 0">
            <n d="-0 1 -0"/>
            <n d="-0 1 -0"/>
            <n d="-0 1 -0"/>
        </f>
        <f v="67 36 37" fn="0 1 0">
            <n d="-0 1 -0"/>
            <n d="-0 1 -0"/>
            <n d="-0 1 -0"/>
        </f>
        <f v="67 68 36" fn="-0 1 -0">
            <n d="-0 1 -0"/>
            <n d="-0 1 -0"/>
            <n d="-0 1 -0"/>
        </f>
        <f v="66 104 12" fn="0 1 0">
            <n d="-0 1 -0"/>
            <n d="-0 1 -0"/>
            <n d="-0 1 -0"/>
        </f>
    </facets>
    <facets color="f9f9f9">
        <f v="70 104 103" fn="1 -0 -0">
            <n d="1 0 0"/>
            <n d="1 0 0"/>
            <n d="1 0 0"/>
        </f>
        <f v="107 102 19" fn="1 -0 -0">
            <n d="1 0 0"/>
            <n d="1 0 0"/>
            <n d="1 0 0"/>
        </f>
        <f v="107 103 102" fn="1 0 0">
            <n d="1 0 0"/>
            <n d="1 0 0"/>
            <n d="1 0 0"/>
        </f>
        <f v="106 103 107" fn="1 -0 0">
            <n d="1 0 0"/>
            <n d="1 0 0"/>
            <n d="1 0 0"/>
        </f>
        <f v="52 103 106" fn="1 -0 -0">
            <n d="1 0 0"/>
            <n d="1 0 0"/>
            <n d="1 0 0"/>
        </f>
        <f v="51 106 105" fn="1 0 0">
            <n d="1 0 0"/>
            <n d="1 0 0"/>
            <n d="1 0 0"/>
        </f>
        <f v="51 105 9" fn="1 0 0">
            <n d="1 0 0"/>
            <n d="1 0 0"/>
            <n d="1 0 0"/>
        </f>
        <f v="52 106 51" fn="1 0 0">
            <n d="1 0 0"/>
            <n d="1 0 0"/>
            <n d="1 0 0"/>
        </f>
        <f v="70 103 52" fn="1 -0 -0">
            <n d="1 0 0"/>
            <n d="1 0 0"/>
            <n d="1 0 0"/>
        </f>
        <f v="71 104 70" fn="1 0 -0">
            <n d="1 0 0"/>
            <n d="1 0 0"/>
            <n d="1 0 0"/>
        </f>
        <f v="69 53 8" fn="1 -0 -0">
            <n d="1 0 0"/>
            <n d="1 0 0"/>
            <n d="1 0 0"/>
        </f>
        <f v="69 52 53" fn="1 0 0">
            <n d="1 0 0"/>
            <n d="1 0 0"/>
            <n d="1 0 0"/>
        </f>
        <f v="70 52 69" fn="1 0 0">
            <n d="1 0 0"/>
            <n d="1 0 0"/>
            <n d="1 0 0"/>
        </f>
        <f v="71 12 104" fn="1 -0 -0">
            <n d="1 0 0"/>
            <n d="1 0 0"/>
            <n d="1 0 0"/>
        </f>
    </facets>
    <facets color="f9f9f9">
        <f v="118 108 109" fn="-0 -1 -0">
            <n d="0 -1 0"/>
            <n d="0 -1 0"/>
            <n d="0 -1 0"/>
        </f>
        <f v="112 109 110" fn="-0 -1 -0">
            <n d="0 -1 0"/>
            <n d="0 -1 0"/>
            <n d="0 -1 0"/>
        </f>
        <f v="111 110 21" fn="0 -1 0">
            <n d="0 -1 0"/>
            <n d="0 -1 0"/>
            <n d="0 -1 0"/>
        </f>
        <f v="112 110 111" fn="0 -1 0">
            <n d="0 -1 0"/>
            <n d="0 -1 0"/>
            <n d="0 -1 0"/>
        </f>
        <f v="118 109 112" fn="-0 -1 -0">
            <n d="0 -1 0"/>
            <n d="0 -1 0"/>
            <n d="0 -1 0"/>
        </f>
        <f v="115 112 113" fn="-0 -1 -0">
            <n d="0 -1 0"/>
            <n d="0 -1 0"/>
            <n d="0 -1 0"/>
        </f>
        <f v="114 113 22" fn="0 -1 -0">
            <n d="0 -1 0"/>
            <n d="0 -1 0"/>
            <n d="0 -1 0"/>
        </f>
        <f v="115 113 114" fn="0 -1 -0">
            <n d="0 -1 0"/>
            <n d="0 -1 0"/>
            <n d="0 -1 0"/>
        </f>
        <f v="118 112 115" fn="0 -1 0">
            <n d="0 -1 0"/>
            <n d="0 -1 0"/>
            <n d="0 -1 0"/>
        </f>
        <f v="117 115 116" fn="0 -1 0">
            <n d="0 -1 0"/>
            <n d="0 -1 0"/>
            <n d="0 -1 0"/>
        </f>
        <f v="117 116 23" fn="0 -1 0">
            <n d="0 -1 0"/>
            <n d="0 -1 0"/>
            <n d="0 -1 0"/>
        </f>
        <f v="119 108 118" fn="0 -1 -0">
            <n d="0 -1 0"/>
            <n d="0 -1 0"/>
            <n d="0 -1 0"/>
        </f>
        <f v="118 115 117" fn="0 -1 0">
            <n d="0 -1 0"/>
            <n d="0 -1 0"/>
            <n d="0 -1 0"/>
        </f>
        <f v="119 20 108" fn="-0 -1 -0">
            <n d="0 -1 0"/>
            <n d="0 -1 0"/>
            <n d="0 -1 0"/>
        </f>
    </facets>
    <facets color="f9f9f9">
        <f v="124 119 118" fn="-0 -0 1">
            <n d="0 0 1"/>
            <n d="0 0 1"/>
            <n d="0 0 1"/>
        </f>
        <f v="121 118 117" fn="-0 -0 1">
            <n d="0 0 1"/>
            <n d="0 0 1"/>
            <n d="0 0 1"/>
        </f>
        <f v="122 117 23" fn="0 0 1">
            <n d="0 0 1"/>
            <n d="0 0 1"/>
            <n d="0 0 1"/>
        </f>
        <f v="121 117 122" fn="0 0 1">
            <n d="0 0 1"/>
            <n d="0 0 1"/>
            <n d="0 0 1"/>
        </f>
        <f v="76 118 121" fn="-0 -0 1">
            <n d="0 0 1"/>
            <n d="0 0 1"/>
            <n d="0 0 1"/>
        </f>
        <f v="76 121 120" fn="-0 -0 1">
            <n d="0 0 1"/>
            <n d="0 0 1"/>
            <n d="0 0 1"/>
        </f>
        <f v="75 120 15" fn="-0 0 1">
            <n d="0 0 1"/>
            <n d="0 0 1"/>
            <n d="0 0 1"/>
        </f>
        <f v="76 120 75" fn="-0 0 1">
            <n d="0 0 1"/>
            <n d="0 0 1"/>
            <n d="0 0 1"/>
        </f>
        <f v="124 118 76" fn="-0 -0 1">
            <n d="0 0 1"/>
            <n d="0 0 1"/>
            <n d="0 0 1"/>
        </f>
        <f v="123 76 77" fn="0 0 1">
            <n d="0 0 1"/>
            <n d="0 0 1"/>
            <n d="0 0 1"/>
        </f>
        <f v="123 77 13" fn="0 0 1">
            <n d="0 0 1"/>
            <n d="0 0 1"/>
            <n d="0 0 1"/>
        </f>
        <f v="125 119 124" fn="-0 0 1">
            <n d="0 0 1"/>
            <n d="0 0 1"/>
            <n d="0 0 1"/>
        </f>
        <f v="124 76 123" fn="0 0 1">
            <n d="0 0 1"/>
            <n d="0 0 1"/>
            <n d="0 0 1"/>
        </f>
        <f v="125 20 119" fn="-0 -0 1">
            <n d="0 0 1"/>
            <n d="0 0 1"/>
            <n d="0 0 1"/>
        </f>
    </facets>
    <facets color="f9f9f9">
        <f v="127 110 109" fn="-1 -0 -0">
            <n d="-1 0 0"/>
            <n d="-1 0 0"/>
            <n d="-1 0 0"/>
        </f>
        <f v="125 109 108" fn="-1 0 0">
            <n d="-1 0 0"/>
            <n d="-1 0 0"/>
            <n d="-1 0 0"/>
        </f>
        <f v="125 108 20" fn="-1 -0 0">
            <n d="-1 0 0"/>
            <n d="-1 0 0"/>
            <n d="-1 0 0"/>
        </f>
        <f v="124 109 125" fn="-1 -0 0">
            <n d="-1 0 0"/>
            <n d="-1 0 0"/>
            <n d="-1 0 0"/>
        </f>
        <f v="73 109 124" fn="-1 -0 -0">
            <n d="-1 0 0"/>
            <n d="-1 0 0"/>
            <n d="-1 0 0"/>
        </f>
        <f v="72 124 123" fn="-1 0 0">
            <n d="-1 0 0"/>
            <n d="-1 0 0"/>
            <n d="-1 0 0"/>
        </f>
        <f v="72 123 13" fn="-1 0 0">
            <n d="-1 0 0"/>
            <n d="-1 0 0"/>
            <n d="-1 0 0"/>
        </f>
        <f v="73 124 72" fn="-1 0 0">
            <n d="-1 0 0"/>
            <n d="-1 0 0"/>
            <n d="-1 0 0"/>
        </f>
        <f v="127 109 73" fn="-1 -0 0">
            <n d="-1 0 0"/>
            <n d="-1 0 0"/>
            <n d="-1 0 0"/>
        </f>
        <f v="126 73 74" fn="-1 0 0">
            <n d="-1 0 0"/>
            <n d="-1 0 0"/>
            <n d="-1 0 0"/>
        </f>
        <f v="126 74 14" fn="-1 0 0">
            <n d="-1 0 0"/>
            <n d="-1 0 0"/>
            <n d="-1 0 0"/>
        </f>
        <f v="128 110 127" fn="-1 0 0">
            <n d="-1 0 0"/>
            <n d="-1 0 0"/>
            <n d="-1 0 0"/>
        </f>
        <f v="127 73 126" fn="-1 0 0">
            <n d="-1 0 0"/>
            <n d="-1 0 0"/>
            <n d="-1 0 0"/>
        </f>
        <f v="128 21 110" fn="-1 -0 -0">
            <n d="-1 0 0"/>
            <n d="-1 0 0"/>
            <n d="-1 0 0"/>
        </f>
    </facets>
    <facets color="f9f9f9">
        <f v="130 113 112" fn="-0 -0 -1">
            <n d="0 0 -1"/>
            <n d="0 0 -1"/>
            <n d="0 0 -1"/>
        </f>
        <f v="127 112 111" fn="-0 -0 -1">
            <n d="0 0 -1"/>
            <n d="0 0 -1"/>
            <n d="0 0 -1"/>
        </f>
        <f v="128 111 21" fn="0 0 -1">
            <n d="0 0 -1"/>
            <n d="0 0 -1"/>
            <n d="0 0 -1"/>
        </f>
        <f v="127 111 128" fn="0 0 -1">
            <n d="0 0 -1"/>
            <n d="0 0 -1"/>
            <n d="0 0 -1"/>
        </f>
        <f v="82 112 127" fn="-0 -0 -1">
            <n d="0 0 -1"/>
            <n d="0 0 -1"/>
            <n d="0 0 -1"/>
        </f>
        <f v="82 127 126" fn="-0 -0 -1">
            <n d="0 0 -1"/>
            <n d="0 0 -1"/>
            <n d="0 0 -1"/>
        </f>
        <f v="81 126 14" fn="-0 0 -1">
            <n d="0 0 -1"/>
            <n d="0 0 -1"/>
            <n d="0 0 -1"/>
        </f>
        <f v="82 126 81" fn="-0 0 -1">
            <n d="0 0 -1"/>
            <n d="0 0 -1"/>
            <n d="0 0 -1"/>
        </f>
        <f v="130 112 82" fn="-0 -0 -1">
            <n d="0 0 -1"/>
            <n d="0 0 -1"/>
            <n d="0 0 -1"/>
        </f>
        <f v="129 82 83" fn="0 0 -1">
            <n d="0 0 -1"/>
            <n d="0 0 -1"/>
            <n d="0 0 -1"/>
        </f>
        <f v="129 83 16" fn="0 0 -1">
            <n d="0 0 -1"/>
            <n d="0 0 -1"/>
            <n d="0 0 -1"/>
        </f>
        <f v="131 113 130" fn="-0 0 -1">
            <n d="0 0 -1"/>
            <n d="0 0 -1"/>
            <n d="0 0 -1"/>
        </f>
        <f v="130 82 129" fn="0 0 -1">
            <n d="0 0 -1"/>
            <n d="0 0 -1"/>
            <n d="0 0 -1"/>
        </f>
        <f v="131 22 113" fn="-0 -0 -1">
            <n d="0 0 -1"/>
            <n d="0 0 -1"/>
            <n d="0 0 -1"/>
        </f>
    </facets>
    <facets color="f9f9f9">
        <f v="121 116 115" fn="1 -0 -0">
            <n d="1 0 0"/>
            <n d="1 0 0"/>
            <n d="1 0 0"/>
        </f>
        <f v="131 115 114" fn="1 0 0">
            <n d="1 0 0"/>
            <n d="1 0 0"/>
            <n d="1 0 0"/>
        </f>
        <f v="131 114 22" fn="1 0 0">
            <n d="1 0 0"/>
            <n d="1 0 0"/>
            <n d="1 0 0"/>
        </f>
        <f v="130 115 131" fn="1 0 0">
            <n d="1 0 0"/>
            <n d="1 0 0"/>
            <n d="1 0 0"/>
        </f>
        <f v="79 115 130" fn="1 0 -0">
            <n d="1 0 0"/>
            <n d="1 0 0"/>
            <n d="1 0 0"/>
        </f>
        <f v="78 130 129" fn="1 0 0">
            <n d="1 0 0"/>
            <n d="1 0 0"/>
            <n d="1 0 0"/>
        </f>
        <f v="78 129 16" fn="1 0 0">
            <n d="1 0 0"/>
            <n d="1 0 0"/>
            <n d="1 0 0"/>
        </f>
        <f v="79 130 78" fn="1 0 0">
            <n d="1 0 0"/>
            <n d="1 0 0"/>
            <n d="1 0 0"/>
        </f>
        <f v="121 115 79" fn="1 -0 0">
            <n d="1 0 0"/>
            <n d="1 0 0"/>
            <n d="1 0 0"/>
        </f>
        <f v="120 79 80" fn="1 0 0">
            <n d="1 0 0"/>
            <n d="1 0 0"/>
            <n d="1 0 0"/>
        </f>
        <f v="120 80 15" fn="1 -0 0">
            <n d="1 0 0"/>
            <n d="1 0 0"/>
            <n d="1 0 0"/>
        </f>
        <f v="122 116 121" fn="1 -0 0">
            <n d="1 0 0"/>
            <n d="1 0 0"/>
            <n d="1 0 0"/>
        </f>
        <f v="121 79 120" fn="1 -0 0">
            <n d="1 0 0"/>
            <n d="1 0 0"/>
            <n d="1 0 0"/>
        </f>
        <f v="122 23 116" fn="1 0 -0">
            <n d="1 0 0"/>
            <n d="1 0 0"/>
            <n d="1 0 0"/>
        </f>
    </facets>
    <facets color="f9f9f9">
        <f v="106 101 100" fn="-0 -0 1">
            <n d="0 0 1"/>
            <n d="0 0 1"/>
            <n d="0 0 1"/>
        </f>
        <f v="47 99 5" fn="-0 -0 1">
            <n d="0 0 1"/>
            <n d="0 0 1"/>
            <n d="0 0 1"/>
        </f>
        <f v="46 100 99" fn="-0 -0 1">
            <n d="0 0 1"/>
            <n d="0 0 1"/>
            <n d="0 0 1"/>
        </f>
        <f v="46 99 47" fn="0 0 1">
            <n d="0 0 1"/>
            <n d="0 0 1"/>
            <n d="0 0 1"/>
        </f>
        <f v="55 100 46" fn="-0 -0 1">
            <n d="0 0 1"/>
            <n d="0 0 1"/>
            <n d="0 0 1"/>
        </f>
        <f v="55 46 45" fn="-0 -0 1">
            <n d="0 0 1"/>
            <n d="0 0 1"/>
            <n d="0 0 1"/>
        </f>
        <f v="54 45 7" fn="0 0 1">
            <n d="0 0 1"/>
            <n d="0 0 1"/>
            <n d="0 0 1"/>
        </f>
        <f v="55 45 54" fn="0 0 1">
            <n d="0 0 1"/>
            <n d="0 0 1"/>
            <n d="0 0 1"/>
        </f>
        <f v="106 100 55" fn="0 -0 1">
            <n d="0 0 1"/>
            <n d="0 0 1"/>
            <n d="0 0 1"/>
        </f>
        <f v="107 101 106" fn="0 0 1">
            <n d="0 0 1"/>
            <n d="0 0 1"/>
            <n d="0 0 1"/>
        </f>
        <f v="105 56 9" fn="-0 0 1">
            <n d="0 0 1"/>
            <n d="0 0 1"/>
            <n d="0 0 1"/>
        </f>
        <f v="105 55 56" fn="0 0 1">
            <n d="0 0 1"/>
            <n d="0 0 1"/>
            <n d="0 0 1"/>
        </f>
        <f v="106 55 105" fn="0 0 1">
            <n d="0 0 1"/>
            <n d="0 0 1"/>
            <n d="0 0 1"/>
        </f>
        <f v="107 19 101" fn="-0 -0 1">
            <n d="0 0 1"/>
            <n d="0 0 1"/>
            <n d="0 0 1"/>
        </f>
    </facets>
</shell>
</step-assembly>
