<?xml version="1.0" encoding="UTF-8" ?>
<step-assembly root="id114">
<product id="id114" name="Assem1" shape="id48"/>
<shape id="id48" unit="mm 0.001000">
    <child ref="id53" xform="1 0 0 0 0 1 0 0 0 0 1 0 0 0 0 1"/>
    <child ref="id58" xform="1 0 0 0 0 1 0 0 0 0 1 0 0 0 0 1"/>
    <child ref="id63" xform="1 0 0 0 0 1 0 0 0 0 1 0 0 0 0 1"/>
    <child ref="id68" xform="1 0 0 0 0 1 0 0 0 0 1 0 0 0 0 1"/>
</shape>
<shape id="id53" unit="mm 0.001000" shell="id122"/>
<shape id="id58" unit="mm 0.001000" shell="id125"/>
<shape id="id63" unit="mm 0.001000" shell="id128"/>
<shape id="id68" unit="mm 0.001000" shell="id131"/>
<shell id="id122">
    <verts>
        <v p="-1.1 0.8 0.65"/>
        <v p="-1.1 -0.8 0.65"/>
        <v p="1.1 -0.8 0.65"/>
        <v p="1.1 0.8 0.65"/>
        <v p="0.85 -0.125 0.65"/>
        <v p="0 -0.125 0.65"/>
        <v p="0 0.125 0.65"/>
        <v p="0.85 0.125 0.65"/>
        <v p="-1.1 0.8 -0.65"/>
        <v p="-1.1 -0.8 -0.65"/>
        <v p="0 -0.125 0"/>
        <v p="0 0.125 0"/>
        <v p="0.85 -0.125 0"/>
        <v p="0.85 0.125 0"/>
        <v p="1.1 -0.8 -0.65"/>
        <v p="1.1 0.8 -0.65"/>
        <v p="-1.1 0.4 0.65"/>
        <v p="-1.1 0 0.65"/>
        <v p="-1.1 -0.4 0.65"/>
        <v p="-0.55 -0.8 0.65"/>
        <v p="0 -0.8 0.65"/>
        <v p="0.55 -0.8 0.65"/>
        <v p="1.1 -0.4 0.65"/>
        <v p="1.1 0 0.65"/>
        <v p="1.1 0.4 0.65"/>
        <v p="0.55 0.8 0.65"/>
        <v p="0 0.8 0.65"/>
        <v p="-0.55 0.8 0.65"/>
        <v p="0.6375 -0.125 0.65"/>
        <v p="0.425 -0.125 0.65"/>
        <v p="0.2125 -0.125 0.65"/>
        <v p="0 -0.0625 0.65"/>
        <v p="0 0 0.65"/>
        <v p="0 0.0625 0.65"/>
        <v p="0.2125 0.125 0.65"/>
        <v p="0.425 0.125 0.65"/>
        <v p="0.6375 0.125 0.65"/>
        <v p="0.85 0.0625 0.65"/>
        <v p="0.85 0 0.65"/>
        <v p="0.85 -0.0625 0.65"/>
        <v p="-1.1 0.4 -0.65"/>
        <v p="-1.1 0 -0.65"/>
        <v p="-1.1 -0.4 -0.65"/>
        <v p="-1.1 -0.8 0.325"/>
        <v p="-1.1 -0.8 0"/>
        <v p="-1.1 -0.8 -0.325"/>
        <v p="-1.1 0.8 0.325"/>
        <v p="-1.1 0.8 0"/>
        <v p="-1.1 0.8 -0.325"/>
        <v p="0 -0.125 0.4875"/>
        <v p="0 -0.125 0.325"/>
        <v p="0 -0.125 0.1625"/>
        <v p="0 0.0625 0"/>
        <v p="0 0 0"/>
        <v p="0 -0.0625 0"/>
        <v p="0 0.125 0.4875"/>
        <v p="0 0.125 0.325"/>
        <v p="0 0.125 0.1625"/>
        <v p="0.85 -0.125 0.4875"/>
        <v p="0.85 -0.125 0.325"/>
        <v p="0.85 -0.125 0.1625"/>
        <v p="0.2125 -0.125 0"/>
        <v p="0.425 -0.125 0"/>
        <v p="0.6375 -0.125 0"/>
        <v p="0.85 -0.0625 0"/>
        <v p="0.85 0 0"/>
        <v p="0.85 0.0625 0"/>
        <v p="0.6375 0.125 0"/>
        <v p="0.425 0.125 0"/>
        <v p="0.2125 0.125 0"/>
        <v p="0.85 0.125 0.4875"/>
        <v p="0.85 0.125 0.325"/>
        <v p="0.85 0.125 0.1625"/>
        <v p="-0.55 -0.8 -0.65"/>
        <v p="0 -0.8 -0.65"/>
        <v p="0.55 -0.8 -0.65"/>
        <v p="1.1 -0.8 0.325"/>
        <v p="1.1 -0.8 0"/>
        <v p="1.1 -0.8 -0.325"/>
        <v p="0.55 0.8 -0.65"/>
        <v p="0 0.8 -0.65"/>
        <v p="-0.55 0.8 -0.65"/>
        <v p="1.1 -0.4 -0.65"/>
        <v p="1.1 0 -0.65"/>
        <v p="1.1 0.4 -0.65"/>
        <v p="1.1 0.8 0.325"/>
        <v p="1.1 0.8 0"/>
        <v p="1.1 0.8 -0.325"/>
    </verts>
    <facets>
        <f v="6 16 17" fn="0 -0 1">
            <n d="0 0 1"/>
            <n d="0 0 1"/>
            <n d="0 0 1"/>
        </f>
        <f v="19 18 1" fn="-0 -0 1">
            <n d="0 0 1"/>
            <n d="0 0 1"/>
            <n d="0 0 1"/>
        </f>
        <f v="5 18 19" fn="-0 -0 1">
            <n d="0 0 1"/>
            <n d="0 0 1"/>
            <n d="0 0 1"/>
        </f>
        <f v="32 17 31" fn="0 0 1">
            <n d="0 0 1"/>
            <n d="0 0 1"/>
            <n d="0 0 1"/>
        </f>
        <f v="30 20 21" fn="-0 0 1">
            <n d="0 0 1"/>
            <n d="0 0 1"/>
            <n d="0 0 1"/>
        </f>
        <f v="22 21 2" fn="0 0 1">
            <n d="0 0 1"/>
            <n d="0 0 1"/>
            <n d="0 0 1"/>
        </f>
        <f v="28 21 22" fn="-0 0 1">
            <n d="0 0 1"/>
            <n d="0 0 1"/>
            <n d="0 0 1"/>
        </f>
        <f v="31 17 5" fn="0 0 1">
            <n d="0 0 1"/>
            <n d="0 0 1"/>
            <n d="0 0 1"/>
        </f>
        <f v="36 25 35" fn="0 0 1">
            <n d="0 0 1"/>
            <n d="0 0 1"/>
            <n d="0 0 1"/>
        </f>
        <f v="25 24 3" fn="-0 0 1">
            <n d="0 0 1"/>
            <n d="0 0 1"/>
            <n d="0 0 1"/>
        </f>
        <f v="6 27 16" fn="-0 -0 1">
            <n d="0 0 1"/>
            <n d="0 0 1"/>
            <n d="0 0 1"/>
        </f>
        <f v="36 24 25" fn="-0 -0 1">
            <n d="0 0 1"/>
            <n d="0 0 1"/>
            <n d="0 0 1"/>
        </f>
        <f v="27 0 16" fn="0 -0 1">
            <n d="0 0 1"/>
            <n d="0 0 1"/>
            <n d="0 0 1"/>
        </f>
        <f v="4 22 23" fn="-0 0 1">
            <n d="0 0 1"/>
            <n d="0 0 1"/>
            <n d="0 0 1"/>
        </f>
        <f v="37 23 7" fn="-0 -0 1">
            <n d="0 0 1"/>
            <n d="0 0 1"/>
            <n d="0 0 1"/>
        </f>
        <f v="28 22 4" fn="-0 0 1">
            <n d="0 0 1"/>
            <n d="0 0 1"/>
            <n d="0 0 1"/>
        </f>
        <f v="34 26 6" fn="0 0 1">
            <n d="0 0 1"/>
            <n d="0 0 1"/>
            <n d="0 0 1"/>
        </f>
        <f v="29 21 28" fn="-0 0 1">
            <n d="0 0 1"/>
            <n d="0 0 1"/>
            <n d="0 0 1"/>
        </f>
        <f v="5 19 20" fn="-0 0 1">
            <n d="0 0 1"/>
            <n d="0 0 1"/>
            <n d="0 0 1"/>
        </f>
        <f v="30 21 29" fn="-0 0 1">
            <n d="0 0 1"/>
            <n d="0 0 1"/>
            <n d="0 0 1"/>
        </f>
        <f v="5 20 30" fn="-0 0 1">
            <n d="0 0 1"/>
            <n d="0 0 1"/>
            <n d="0 0 1"/>
        </f>
        <f v="5 17 18" fn="0 -0 1">
            <n d="0 0 1"/>
            <n d="0 0 1"/>
            <n d="0 0 1"/>
        </f>
        <f v="6 17 33" fn="0 0 1">
            <n d="0 0 1"/>
            <n d="0 0 1"/>
            <n d="0 0 1"/>
        </f>
        <f v="33 17 32" fn="0 0 1">
            <n d="0 0 1"/>
            <n d="0 0 1"/>
            <n d="0 0 1"/>
        </f>
        <f v="6 26 27" fn="-0 -0 1">
            <n d="0 0 1"/>
            <n d="0 0 1"/>
            <n d="0 0 1"/>
        </f>
        <f v="34 25 26" fn="-0 -0 1">
            <n d="0 0 1"/>
            <n d="0 0 1"/>
            <n d="0 0 1"/>
        </f>
        <f v="35 25 34" fn="0 -0 1">
            <n d="0 0 1"/>
            <n d="0 0 1"/>
            <n d="0 0 1"/>
        </f>
        <f v="38 23 37" fn="0 0 1">
            <n d="0 0 1"/>
            <n d="0 0 1"/>
            <n d="0 0 1"/>
        </f>
        <f v="7 24 36" fn="-0 -0 1">
            <n d="0 0 1"/>
            <n d="0 0 1"/>
            <n d="0 0 1"/>
        </f>
        <f v="7 23 24" fn="-0 0 1">
            <n d="0 0 1"/>
            <n d="0 0 1"/>
            <n d="0 0 1"/>
        </f>
        <f v="39 23 38" fn="-0 -0 1">
            <n d="0 0 1"/>
            <n d="0 0 1"/>
            <n d="0 0 1"/>
        </f>
        <f v="39 4 23" fn="-0 -0 1">
            <n d="0 0 1"/>
            <n d="0 0 1"/>
            <n d="0 0 1"/>
        </f>
    </facets>
    <facets>
        <f v="40 47 48" fn="-1 0 0">
            <n d="-1 -0 -0"/>
            <n d="-1 -0 -0"/>
            <n d="-1 -0 -0"/>
        </f>
        <f v="16 0 46" fn="-1 0 0">
            <n d="-1 -0 -0"/>
            <n d="-1 -0 -0"/>
            <n d="-1 -0 -0"/>
        </f>
        <f v="16 46 47" fn="-1 -0 -0">
            <n d="-1 -0 -0"/>
            <n d="-1 -0 -0"/>
            <n d="-1 -0 -0"/>
        </f>
        <f v="17 16 47" fn="-1 0 -0">
            <n d="-1 -0 -0"/>
            <n d="-1 -0 -0"/>
            <n d="-1 -0 -0"/>
        </f>
        <f v="41 17 47" fn="-1 0 0">
            <n d="-1 -0 -0"/>
            <n d="-1 -0 -0"/>
            <n d="-1 -0 -0"/>
        </f>
        <f v="44 18 17" fn="-1 0 0">
            <n d="-1 -0 -0"/>
            <n d="-1 -0 -0"/>
            <n d="-1 -0 -0"/>
        </f>
        <f v="43 1 18" fn="-1 -0 -0">
            <n d="-1 -0 -0"/>
            <n d="-1 -0 -0"/>
            <n d="-1 -0 -0"/>
        </f>
        <f v="44 43 18" fn="-1 -0 -0">
            <n d="-1 -0 -0"/>
            <n d="-1 -0 -0"/>
            <n d="-1 -0 -0"/>
        </f>
        <f v="41 44 17" fn="-1 -0 0">
            <n d="-1 -0 -0"/>
            <n d="-1 -0 -0"/>
            <n d="-1 -0 -0"/>
        </f>
        <f v="40 41 47" fn="-1 -0 0">
            <n d="-1 -0 -0"/>
            <n d="-1 -0 -0"/>
            <n d="-1 -0 -0"/>
        </f>
        <f v="42 9 45" fn="-1 0 0">
            <n d="-1 -0 -0"/>
            <n d="-1 -0 -0"/>
            <n d="-1 -0 -0"/>
        </f>
        <f v="42 45 44" fn="-1 -0 -0">
            <n d="-1 -0 -0"/>
            <n d="-1 -0 -0"/>
            <n d="-1 -0 -0"/>
        </f>
        <f v="41 42 44" fn="-1 -0 -0">
            <n d="-1 -0 -0"/>
            <n d="-1 -0 -0"/>
            <n d="-1 -0 -0"/>
        </f>
        <f v="40 48 8" fn="-1 0 0">
            <n d="-1 -0 -0"/>
            <n d="-1 -0 -0"/>
            <n d="-1 -0 -0"/>
        </f>
    </facets>
    <facets>
        <f v="32 49 50" fn="1 -0 -0">
            <n d="1 0 0"/>
            <n d="1 0 0"/>
            <n d="1 0 0"/>
        </f>
        <f v="53 50 51" fn="1 -0 -0">
            <n d="1 0 0"/>
            <n d="1 0 0"/>
            <n d="1 0 0"/>
        </f>
        <f v="54 51 10" fn="1 0 0">
            <n d="1 0 0"/>
            <n d="1 0 0"/>
            <n d="1 0 0"/>
        </f>
        <f v="53 51 54" fn="1 0 0">
            <n d="1 0 0"/>
            <n d="1 0 0"/>
            <n d="1 0 0"/>
        </f>
        <f v="56 50 53" fn="1 0 -0">
            <n d="1 0 0"/>
            <n d="1 0 0"/>
            <n d="1 0 0"/>
        </f>
        <f v="57 53 52" fn="1 0 0">
            <n d="1 0 0"/>
            <n d="1 0 0"/>
            <n d="1 0 0"/>
        </f>
        <f v="57 52 11" fn="1 0 0">
            <n d="1 0 0"/>
            <n d="1 0 0"/>
            <n d="1 0 0"/>
        </f>
        <f v="56 53 57" fn="1 0 0">
            <n d="1 0 0"/>
            <n d="1 0 0"/>
            <n d="1 0 0"/>
        </f>
        <f v="32 50 56" fn="1 -0 0">
            <n d="1 0 0"/>
            <n d="1 0 0"/>
            <n d="1 0 0"/>
        </f>
        <f v="32 56 55" fn="1 -0 -0">
            <n d="1 0 0"/>
            <n d="1 0 0"/>
            <n d="1 0 0"/>
        </f>
        <f v="33 55 6" fn="1 -0 0">
            <n d="1 0 0"/>
            <n d="1 0 0"/>
            <n d="1 0 0"/>
        </f>
        <f v="31 49 32" fn="1 -0 0">
            <n d="1 0 0"/>
            <n d="1 0 0"/>
            <n d="1 0 0"/>
        </f>
        <f v="32 55 33" fn="1 -0 0">
            <n d="1 0 0"/>
            <n d="1 0 0"/>
            <n d="1 0 0"/>
        </f>
        <f v="31 5 49" fn="1 0 -0">
            <n d="1 0 0"/>
            <n d="1 0 0"/>
            <n d="1 0 0"/>
        </f>
    </facets>
    <facets>
        <f v="29 58 59" fn="-0 1 -0">
            <n d="0 1 0"/>
            <n d="0 1 0"/>
            <n d="0 1 0"/>
        </f>
        <f v="63 60 12" fn="-0 1 -0">
            <n d="0 1 0"/>
            <n d="0 1 0"/>
            <n d="0 1 0"/>
        </f>
        <f v="62 59 60" fn="-0 1 -0">
            <n d="0 1 0"/>
            <n d="0 1 0"/>
            <n d="0 1 0"/>
        </f>
        <f v="62 60 63" fn="0 1 0">
            <n d="0 1 0"/>
            <n d="0 1 0"/>
            <n d="0 1 0"/>
        </f>
        <f v="50 59 62" fn="-0 1 -0">
            <n d="0 1 0"/>
            <n d="0 1 0"/>
            <n d="0 1 0"/>
        </f>
        <f v="51 62 61" fn="0 1 0">
            <n d="0 1 0"/>
            <n d="0 1 0"/>
            <n d="0 1 0"/>
        </f>
        <f v="51 61 10" fn="0 1 0">
            <n d="0 1 0"/>
            <n d="0 1 0"/>
            <n d="0 1 0"/>
        </f>
        <f v="50 62 51" fn="0 1 0">
            <n d="0 1 0"/>
            <n d="0 1 0"/>
            <n d="0 1 0"/>
        </f>
        <f v="29 59 50" fn="-0 1 0">
            <n d="0 1 0"/>
            <n d="0 1 0"/>
            <n d="0 1 0"/>
        </f>
        <f v="28 58 29" fn="0 1 0">
            <n d="0 1 0"/>
            <n d="0 1 0"/>
            <n d="0 1 0"/>
        </f>
        <f v="30 49 5" fn="0 1 -0">
            <n d="0 1 0"/>
            <n d="0 1 0"/>
            <n d="0 1 0"/>
        </f>
        <f v="29 50 49" fn="-0 1 -0">
            <n d="0 1 0"/>
            <n d="0 1 0"/>
            <n d="0 1 0"/>
        </f>
        <f v="29 49 30" fn="0 1 0">
            <n d="0 1 0"/>
            <n d="0 1 0"/>
            <n d="0 1 0"/>
        </f>
        <f v="28 4 58" fn="-0 1 -0">
            <n d="0 1 0"/>
            <n d="0 1 0"/>
            <n d="0 1 0"/>
        </f>
    </facets>
    <facets>
        <f v="68 52 53" fn="-0 -0 1">
            <n d="0 0 1"/>
            <n d="0 0 1"/>
            <n d="0 0 1"/>
        </f>
        <f v="61 54 10" fn="-0 -0 1">
            <n d="0 0 1"/>
            <n d="0 0 1"/>
            <n d="0 0 1"/>
        </f>
        <f v="61 53 54" fn="0 0 1">
            <n d="0 0 1"/>
            <n d="0 0 1"/>
            <n d="0 0 1"/>
        </f>
        <f v="62 53 61" fn="0 0 1">
            <n d="0 0 1"/>
            <n d="0 0 1"/>
            <n d="0 0 1"/>
        </f>
        <f v="65 53 62" fn="0 -0 1">
            <n d="0 0 1"/>
            <n d="0 0 1"/>
            <n d="0 0 1"/>
        </f>
        <f v="65 62 63" fn="-0 -0 1">
            <n d="0 0 1"/>
            <n d="0 0 1"/>
            <n d="0 0 1"/>
        </f>
        <f v="64 63 12" fn="0 0 1">
            <n d="0 0 1"/>
            <n d="0 0 1"/>
            <n d="0 0 1"/>
        </f>
        <f v="65 63 64" fn="0 0 1">
            <n d="0 0 1"/>
            <n d="0 0 1"/>
            <n d="0 0 1"/>
        </f>
        <f v="68 53 65" fn="-0 0 1">
            <n d="0 0 1"/>
            <n d="0 0 1"/>
            <n d="0 0 1"/>
        </f>
        <f v="67 65 66" fn="0 0 1">
            <n d="0 0 1"/>
            <n d="0 0 1"/>
            <n d="0 0 1"/>
        </f>
        <f v="67 66 13" fn="-0 0 1">
            <n d="0 0 1"/>
            <n d="0 0 1"/>
            <n d="0 0 1"/>
        </f>
        <f v="69 52 68" fn="-0 0 1">
            <n d="0 0 1"/>
            <n d="0 0 1"/>
            <n d="0 0 1"/>
        </f>
        <f v="68 65 67" fn="-0 0 1">
            <n d="0 0 1"/>
            <n d="0 0 1"/>
            <n d="0 0 1"/>
        </f>
        <f v="69 11 52" fn="0 -0 1">
            <n d="0 0 1"/>
            <n d="0 0 1"/>
            <n d="0 0 1"/>
        </f>
    </facets>
    <facets>
        <f v="38 70 71" fn="-1 -0 -0">
            <n d="-1 0 0"/>
            <n d="-1 0 0"/>
            <n d="-1 0 0"/>
        </f>
        <f v="66 72 13" fn="-1 -0 -0">
            <n d="-1 0 0"/>
            <n d="-1 0 0"/>
            <n d="-1 0 0"/>
        </f>
        <f v="65 71 72" fn="-1 -0 -0">
            <n d="-1 0 0"/>
            <n d="-1 0 0"/>
            <n d="-1 0 0"/>
        </f>
        <f v="65 72 66" fn="-1 0 0">
            <n d="-1 0 0"/>
            <n d="-1 0 0"/>
            <n d="-1 0 0"/>
        </f>
        <f v="59 71 65" fn="-1 0 -0">
            <n d="-1 0 0"/>
            <n d="-1 0 0"/>
            <n d="-1 0 0"/>
        </f>
        <f v="60 65 64" fn="-1 0 0">
            <n d="-1 0 0"/>
            <n d="-1 0 0"/>
            <n d="-1 0 0"/>
        </f>
        <f v="60 64 12" fn="-1 0 0">
            <n d="-1 0 0"/>
            <n d="-1 0 0"/>
            <n d="-1 0 0"/>
        </f>
        <f v="59 65 60" fn="-1 0 0">
            <n d="-1 0 0"/>
            <n d="-1 0 0"/>
            <n d="-1 0 0"/>
        </f>
        <f v="38 71 59" fn="-1 -0 -0">
            <n d="-1 0 0"/>
            <n d="-1 0 0"/>
            <n d="-1 0 0"/>
        </f>
        <f v="37 70 38" fn="-1 -0 -0">
            <n d="-1 0 0"/>
            <n d="-1 0 0"/>
            <n d="-1 0 0"/>
        </f>
        <f v="39 58 4" fn="-1 -0 -0">
            <n d="-1 0 0"/>
            <n d="-1 0 0"/>
            <n d="-1 0 0"/>
        </f>
        <f v="38 59 58" fn="-1 -0 -0">
            <n d="-1 0 0"/>
            <n d="-1 0 0"/>
            <n d="-1 0 0"/>
        </f>
        <f v="38 58 39" fn="-1 -0 0">
            <n d="-1 0 0"/>
            <n d="-1 0 0"/>
            <n d="-1 0 0"/>
        </f>
        <f v="37 7 70" fn="-1 0 -0">
            <n d="-1 0 0"/>
            <n d="-1 0 0"/>
            <n d="-1 0 0"/>
        </f>
    </facets>
    <facets>
        <f v="35 55 56" fn="-0 -1 -0">
            <n d="0 -1 0"/>
            <n d="0 -1 0"/>
            <n d="0 -1 0"/>
        </f>
        <f v="68 56 57" fn="-0 -1 -0">
            <n d="0 -1 0"/>
            <n d="0 -1 0"/>
            <n d="0 -1 0"/>
        </f>
        <f v="69 57 11" fn="0 -1 0">
            <n d="0 -1 0"/>
            <n d="0 -1 0"/>
            <n d="0 -1 0"/>
        </f>
        <f v="68 57 69" fn="0 -1 0">
            <n d="0 -1 0"/>
            <n d="0 -1 0"/>
            <n d="0 -1 0"/>
        </f>
        <f v="71 56 68" fn="-0 -1 -0">
            <n d="0 -1 0"/>
            <n d="0 -1 0"/>
            <n d="0 -1 0"/>
        </f>
        <f v="72 68 67" fn="0 -1 0">
            <n d="0 -1 0"/>
            <n d="0 -1 0"/>
            <n d="0 -1 0"/>
        </f>
        <f v="72 67 13" fn="0 -1 -0">
            <n d="0 -1 0"/>
            <n d="0 -1 0"/>
            <n d="0 -1 0"/>
        </f>
        <f v="71 68 72" fn="0 -1 -0">
            <n d="0 -1 0"/>
            <n d="0 -1 0"/>
            <n d="0 -1 0"/>
        </f>
        <f v="35 56 71" fn="-0 -1 -0">
            <n d="0 -1 0"/>
            <n d="0 -1 0"/>
            <n d="0 -1 0"/>
        </f>
        <f v="35 71 70" fn="-0 -1 -0">
            <n d="0 -1 0"/>
            <n d="0 -1 0"/>
            <n d="0 -1 0"/>
        </f>
        <f v="36 70 7" fn="0 -1 0">
            <n d="0 -1 0"/>
            <n d="0 -1 0"/>
            <n d="0 -1 0"/>
        </f>
        <f v="34 55 35" fn="0 -1 -0">
            <n d="0 -1 0"/>
            <n d="0 -1 0"/>
            <n d="0 -1 0"/>
        </f>
        <f v="35 70 36" fn="0 -1 0">
            <n d="0 -1 0"/>
            <n d="0 -1 0"/>
            <n d="0 -1 0"/>
        </f>
        <f v="34 6 55" fn="-0 -1 -0">
            <n d="0 -1 0"/>
            <n d="0 -1 0"/>
            <n d="0 -1 0"/>
        </f>
    </facets>
    <facets>
        <f v="74 44 45" fn="0 -1 0">
            <n d="4.92819169311593e-017 -1 -0"/>
            <n d="4.92819169311593e-017 -1 -0"/>
            <n d="4.92819169311593e-017 -1 -0"/>
        </f>
        <f v="19 43 44" fn="-0 -1 -0">
            <n d="4.92819169311593e-017 -1 -0"/>
            <n d="4.92819169311593e-017 -1 -0"/>
            <n d="4.92819169311593e-017 -1 -0"/>
        </f>
        <f v="19 1 43" fn="-0 -1 -0">
            <n d="4.92819169311593e-017 -1 -0"/>
            <n d="4.92819169311593e-017 -1 -0"/>
            <n d="4.92819169311593e-017 -1 -0"/>
        </f>
        <f v="20 19 44" fn="-0 -1 -0">
            <n d="4.92819169311593e-017 -1 -0"/>
            <n d="4.92819169311593e-017 -1 -0"/>
            <n d="4.92819169311593e-017 -1 -0"/>
        </f>
        <f v="77 20 44" fn="0 -1 0">
            <n d="4.92819169311593e-017 -1 -0"/>
            <n d="4.92819169311593e-017 -1 -0"/>
            <n d="4.92819169311593e-017 -1 -0"/>
        </f>
        <f v="77 21 20" fn="0 -1 0">
            <n d="4.92819169311593e-017 -1 -0"/>
            <n d="4.92819169311593e-017 -1 -0"/>
            <n d="4.92819169311593e-017 -1 -0"/>
        </f>
        <f v="76 2 21" fn="-0 -1 0">
            <n d="4.92819169311593e-017 -1 -0"/>
            <n d="4.92819169311593e-017 -1 -0"/>
            <n d="4.92819169311593e-017 -1 -0"/>
        </f>
        <f v="77 76 21" fn="-0 -1 0">
            <n d="4.92819169311593e-017 -1 -0"/>
            <n d="4.92819169311593e-017 -1 -0"/>
            <n d="4.92819169311593e-017 -1 -0"/>
        </f>
        <f v="74 77 44" fn="0 -1 0">
            <n d="4.92819169311593e-017 -1 -0"/>
            <n d="4.92819169311593e-017 -1 -0"/>
            <n d="4.92819169311593e-017 -1 -0"/>
        </f>
        <f v="73 74 45" fn="-0 -1 0">
            <n d="4.92819169311593e-017 -1 -0"/>
            <n d="4.92819169311593e-017 -1 -0"/>
            <n d="4.92819169311593e-017 -1 -0"/>
        </f>
        <f v="75 14 78" fn="0 -1 0">
            <n d="4.92819169311593e-017 -1 -0"/>
            <n d="4.92819169311593e-017 -1 -0"/>
            <n d="4.92819169311593e-017 -1 -0"/>
        </f>
        <f v="75 78 77" fn="-0 -1 -0">
            <n d="4.92819169311593e-017 -1 -0"/>
            <n d="4.92819169311593e-017 -1 -0"/>
            <n d="4.92819169311593e-017 -1 -0"/>
        </f>
        <f v="74 75 77" fn="-0 -1 -0">
            <n d="4.92819169311593e-017 -1 -0"/>
            <n d="4.92819169311593e-017 -1 -0"/>
            <n d="4.92819169311593e-017 -1 -0"/>
        </f>
        <f v="73 45 9" fn="0 -1 0">
            <n d="4.92819169311593e-017 -1 -0"/>
            <n d="4.92819169311593e-017 -1 -0"/>
            <n d="4.92819169311593e-017 -1 -0"/>
        </f>
    </facets>
    <facets>
        <f v="41 74 73" fn="0 0 -1">
            <n d="-0 -0 -1"/>
            <n d="-0 -0 -1"/>
            <n d="-0 -0 -1"/>
        </f>
        <f v="83 75 74" fn="0 0 -1">
            <n d="-0 -0 -1"/>
            <n d="-0 -0 -1"/>
            <n d="-0 -0 -1"/>
        </f>
        <f v="82 14 75" fn="-0 -0 -1">
            <n d="-0 -0 -1"/>
            <n d="-0 -0 -1"/>
            <n d="-0 -0 -1"/>
        </f>
        <f v="83 82 75" fn="-0 -0 -1">
            <n d="-0 -0 -1"/>
            <n d="-0 -0 -1"/>
            <n d="-0 -0 -1"/>
        </f>
        <f v="80 83 74" fn="0 0 -1">
            <n d="-0 -0 -1"/>
            <n d="-0 -0 -1"/>
            <n d="-0 -0 -1"/>
        </f>
        <f v="79 84 83" fn="-0 -0 -1">
            <n d="-0 -0 -1"/>
            <n d="-0 -0 -1"/>
            <n d="-0 -0 -1"/>
        </f>
        <f v="79 15 84" fn="0 -0 -1">
            <n d="-0 -0 -1"/>
            <n d="-0 -0 -1"/>
            <n d="-0 -0 -1"/>
        </f>
        <f v="80 79 83" fn="0 -0 -1">
            <n d="-0 -0 -1"/>
            <n d="-0 -0 -1"/>
            <n d="-0 -0 -1"/>
        </f>
        <f v="41 80 74" fn="0 0 -1">
            <n d="-0 -0 -1"/>
            <n d="-0 -0 -1"/>
            <n d="-0 -0 -1"/>
        </f>
        <f v="41 81 80" fn="0 0 -1">
            <n d="-0 -0 -1"/>
            <n d="-0 -0 -1"/>
            <n d="-0 -0 -1"/>
        </f>
        <f v="40 8 81" fn="-0 -0 -1">
            <n d="-0 -0 -1"/>
            <n d="-0 -0 -1"/>
            <n d="-0 -0 -1"/>
        </f>
        <f v="42 41 73" fn="0 -0 -1">
            <n d="-0 -0 -1"/>
            <n d="-0 -0 -1"/>
            <n d="-0 -0 -1"/>
        </f>
        <f v="41 40 81" fn="-0 -0 -1">
            <n d="-0 -0 -1"/>
            <n d="-0 -0 -1"/>
            <n d="-0 -0 -1"/>
        </f>
        <f v="42 73 9" fn="0 0 -1">
            <n d="-0 -0 -1"/>
            <n d="-0 -0 -1"/>
            <n d="-0 -0 -1"/>
        </f>
    </facets>
    <facets>
        <f v="80 86 87" fn="0 1 0">
            <n d="4.92819169311593e-017 1 -0"/>
            <n d="4.92819169311593e-017 1 -0"/>
            <n d="4.92819169311593e-017 1 -0"/>
        </f>
        <f v="25 85 86" fn="-0 1 -0">
            <n d="4.92819169311593e-017 1 -0"/>
            <n d="4.92819169311593e-017 1 -0"/>
            <n d="4.92819169311593e-017 1 -0"/>
        </f>
        <f v="25 3 85" fn="-0 1 -0">
            <n d="4.92819169311593e-017 1 -0"/>
            <n d="4.92819169311593e-017 1 -0"/>
            <n d="4.92819169311593e-017 1 -0"/>
        </f>
        <f v="26 25 86" fn="-0 1 -0">
            <n d="4.92819169311593e-017 1 -0"/>
            <n d="4.92819169311593e-017 1 -0"/>
            <n d="4.92819169311593e-017 1 -0"/>
        </f>
        <f v="47 26 86" fn="0 1 0">
            <n d="4.92819169311593e-017 1 -0"/>
            <n d="4.92819169311593e-017 1 -0"/>
            <n d="4.92819169311593e-017 1 -0"/>
        </f>
        <f v="47 27 26" fn="0 1 0">
            <n d="4.92819169311593e-017 1 -0"/>
            <n d="4.92819169311593e-017 1 -0"/>
            <n d="4.92819169311593e-017 1 -0"/>
        </f>
        <f v="46 0 27" fn="-0 1 -0">
            <n d="4.92819169311593e-017 1 -0"/>
            <n d="4.92819169311593e-017 1 -0"/>
            <n d="4.92819169311593e-017 1 -0"/>
        </f>
        <f v="47 46 27" fn="-0 1 -0">
            <n d="4.92819169311593e-017 1 -0"/>
            <n d="4.92819169311593e-017 1 -0"/>
            <n d="4.92819169311593e-017 1 -0"/>
        </f>
        <f v="80 47 86" fn="0 1 -0">
            <n d="4.92819169311593e-017 1 -0"/>
            <n d="4.92819169311593e-017 1 -0"/>
            <n d="4.92819169311593e-017 1 -0"/>
        </f>
        <f v="79 80 87" fn="-0 1 -0">
            <n d="4.92819169311593e-017 1 -0"/>
            <n d="4.92819169311593e-017 1 -0"/>
            <n d="4.92819169311593e-017 1 -0"/>
        </f>
        <f v="81 8 48" fn="0 1 0">
            <n d="4.92819169311593e-017 1 -0"/>
            <n d="4.92819169311593e-017 1 -0"/>
            <n d="4.92819169311593e-017 1 -0"/>
        </f>
        <f v="81 48 47" fn="-0 1 -0">
            <n d="4.92819169311593e-017 1 -0"/>
            <n d="4.92819169311593e-017 1 -0"/>
            <n d="4.92819169311593e-017 1 -0"/>
        </f>
        <f v="80 81 47" fn="-0 1 -0">
            <n d="4.92819169311593e-017 1 -0"/>
            <n d="4.92819169311593e-017 1 -0"/>
            <n d="4.92819169311593e-017 1 -0"/>
        </f>
        <f v="79 87 15" fn="0 1 0">
            <n d="4.92819169311593e-017 1 -0"/>
            <n d="4.92819169311593e-017 1 -0"/>
            <n d="4.92819169311593e-017 1 -0"/>
        </f>
    </facets>
    <facets>
        <f v="82 77 78" fn="1 0 0">
            <n d="1 -0 -0"/>
            <n d="1 -0 -0"/>
            <n d="1 -0 -0"/>
        </f>
        <f v="22 76 77" fn="1 -0 -0">
            <n d="1 -0 -0"/>
            <n d="1 -0 -0"/>
            <n d="1 -0 -0"/>
        </f>
        <f v="22 2 76" fn="1 0 -0">
            <n d="1 -0 -0"/>
            <n d="1 -0 -0"/>
            <n d="1 -0 -0"/>
        </f>
        <f v="23 22 77" fn="1 0 -0">
            <n d="1 -0 -0"/>
            <n d="1 -0 -0"/>
            <n d="1 -0 -0"/>
        </f>
        <f v="83 23 77" fn="1 0 -0">
            <n d="1 -0 -0"/>
            <n d="1 -0 -0"/>
            <n d="1 -0 -0"/>
        </f>
        <f v="86 24 23" fn="1 0 0">
            <n d="1 -0 -0"/>
            <n d="1 -0 -0"/>
            <n d="1 -0 -0"/>
        </f>
        <f v="85 3 24" fn="1 -0 -0">
            <n d="1 -0 -0"/>
            <n d="1 -0 -0"/>
            <n d="1 -0 -0"/>
        </f>
        <f v="86 85 24" fn="1 -0 -0">
            <n d="1 -0 -0"/>
            <n d="1 -0 -0"/>
            <n d="1 -0 -0"/>
        </f>
        <f v="83 86 23" fn="1 -0 -0">
            <n d="1 -0 -0"/>
            <n d="1 -0 -0"/>
            <n d="1 -0 -0"/>
        </f>
        <f v="84 87 86" fn="1 -0 -0">
            <n d="1 -0 -0"/>
            <n d="1 -0 -0"/>
            <n d="1 -0 -0"/>
        </f>
        <f v="84 15 87" fn="1 -0 -0">
            <n d="1 -0 -0"/>
            <n d="1 -0 -0"/>
            <n d="1 -0 -0"/>
        </f>
        <f v="82 83 77" fn="1 -0 -0">
            <n d="1 -0 -0"/>
            <n d="1 -0 -0"/>
            <n d="1 -0 -0"/>
        </f>
        <f v="83 84 86" fn="1 -0 -0">
            <n d="1 -0 -0"/>
            <n d="1 -0 -0"/>
            <n d="1 -0 -0"/>
        </f>
        <f v="82 78 14" fn="1 0 0">
            <n d="1 -0 -0"/>
            <n d="1 -0 -0"/>
            <n d="1 -0 -0"/>
        </f>
    </facets>
</shell>
<shell id="id125">
    <verts>
        <v p="0 0.125 0"/>
        <v p="0 -0.125 0"/>
        <v p="0 -0.125 0.65"/>
        <v p="0 0.125 0.65"/>
        <v p="0.85 0.125 0"/>
        <v p="0.85 -0.125 0"/>
        <v p="0.85 -0.125 0.65"/>
        <v p="0.85 0.125 0.65"/>
        <v p="0 0.0625 0"/>
        <v p="0 0 0"/>
        <v p="0 -0.0625 0"/>
        <v p="0 -0.125 0.4875"/>
        <v p="0 -0.125 0.325"/>
        <v p="0 -0.125 0.1625"/>
        <v p="0 0.0625 0.65"/>
        <v p="0 0 0.65"/>
        <v p="0 -0.0625 0.65"/>
        <v p="0 0.125 0.4875"/>
        <v p="0 0.125 0.325"/>
        <v p="0 0.125 0.1625"/>
        <v p="0.6375 0.125 0"/>
        <v p="0.425 0.125 0"/>
        <v p="0.2125 0.125 0"/>
        <v p="0.85 -0.0625 0"/>
        <v p="0.85 0 0"/>
        <v p="0.85 0.0625 0"/>
        <v p="0.2125 -0.125 0"/>
        <v p="0.425 -0.125 0"/>
        <v p="0.6375 -0.125 0"/>
        <v p="0.85 -0.125 0.4875"/>
        <v p="0.85 -0.125 0.325"/>
        <v p="0.85 -0.125 0.1625"/>
        <v p="0.2125 -0.125 0.65"/>
        <v p="0.425 -0.125 0.65"/>
        <v p="0.6375 -0.125 0.65"/>
        <v p="0.85 0.125 0.4875"/>
        <v p="0.85 0.125 0.325"/>
        <v p="0.85 0.125 0.1625"/>
        <v p="0.85 -0.0625 0.65"/>
        <v p="0.85 0 0.65"/>
        <v p="0.85 0.0625 0.65"/>
        <v p="0.6375 0.125 0.65"/>
        <v p="0.425 0.125 0.65"/>
        <v p="0.2125 0.125 0.65"/>
    </verts>
    <facets color="ddb358">
        <f v="8 18 19" fn="-1 0 0">
            <n d="-1 -0 -0"/>
            <n d="-1 -0 -0"/>
            <n d="-1 -0 -0"/>
        </f>
        <f v="14 3 17" fn="-1 0 0">
            <n d="-1 -0 -0"/>
            <n d="-1 -0 -0"/>
            <n d="-1 -0 -0"/>
        </f>
        <f v="14 17 18" fn="-1 -0 -0">
            <n d="-1 -0 -0"/>
            <n d="-1 -0 -0"/>
            <n d="-1 -0 -0"/>
        </f>
        <f v="15 14 18" fn="-1 0 -0">
            <n d="-1 -0 -0"/>
            <n d="-1 -0 -0"/>
            <n d="-1 -0 -0"/>
        </f>
        <f v="12 15 18" fn="-1 0 0">
            <n d="-1 -0 -0"/>
            <n d="-1 -0 -0"/>
            <n d="-1 -0 -0"/>
        </f>
        <f v="11 16 15" fn="-1 -0 -0">
            <n d="-1 -0 -0"/>
            <n d="-1 -0 -0"/>
            <n d="-1 -0 -0"/>
        </f>
        <f v="11 2 16" fn="-1 -0 -0">
            <n d="-1 -0 -0"/>
            <n d="-1 -0 -0"/>
            <n d="-1 -0 -0"/>
        </f>
        <f v="12 11 15" fn="-1 -0 -0">
            <n d="-1 -0 -0"/>
            <n d="-1 -0 -0"/>
            <n d="-1 -0 -0"/>
        </f>
        <f v="9 12 18" fn="-1 0 0">
            <n d="-1 -0 -0"/>
            <n d="-1 -0 -0"/>
            <n d="-1 -0 -0"/>
        </f>
        <f v="8 9 18" fn="-1 -0 0">
            <n d="-1 -0 -0"/>
            <n d="-1 -0 -0"/>
            <n d="-1 -0 -0"/>
        </f>
        <f v="10 1 13" fn="-1 0 0">
            <n d="-1 -0 -0"/>
            <n d="-1 -0 -0"/>
            <n d="-1 -0 -0"/>
        </f>
        <f v="10 13 12" fn="-1 -0 -0">
            <n d="-1 -0 -0"/>
            <n d="-1 -0 -0"/>
            <n d="-1 -0 -0"/>
        </f>
        <f v="9 10 12" fn="-1 -0 -0">
            <n d="-1 -0 -0"/>
            <n d="-1 -0 -0"/>
            <n d="-1 -0 -0"/>
        </f>
        <f v="8 19 0" fn="-1 0 0">
            <n d="-1 -0 -0"/>
            <n d="-1 -0 -0"/>
            <n d="-1 -0 -0"/>
        </f>
    </facets>
    <facets color="ddb358">
        <f v="9 27 26" fn="0 0 -1">
            <n d="-0 -0 -1"/>
            <n d="-0 -0 -1"/>
            <n d="-0 -0 -1"/>
        </f>
        <f v="24 28 27" fn="0 0 -1">
            <n d="-0 -0 -1"/>
            <n d="-0 -0 -1"/>
            <n d="-0 -0 -1"/>
        </f>
        <f v="23 5 28" fn="-0 -0 -1">
            <n d="-0 -0 -1"/>
            <n d="-0 -0 -1"/>
            <n d="-0 -0 -1"/>
        </f>
        <f v="24 23 28" fn="-0 -0 -1">
            <n d="-0 -0 -1"/>
            <n d="-0 -0 -1"/>
            <n d="-0 -0 -1"/>
        </f>
        <f v="21 24 27" fn="0 0 -1">
            <n d="-0 -0 -1"/>
            <n d="-0 -0 -1"/>
            <n d="-0 -0 -1"/>
        </f>
        <f v="20 25 24" fn="-0 -0 -1">
            <n d="-0 -0 -1"/>
            <n d="-0 -0 -1"/>
            <n d="-0 -0 -1"/>
        </f>
        <f v="20 4 25" fn="0 -0 -1">
            <n d="-0 -0 -1"/>
            <n d="-0 -0 -1"/>
            <n d="-0 -0 -1"/>
        </f>
        <f v="21 20 24" fn="0 -0 -1">
            <n d="-0 -0 -1"/>
            <n d="-0 -0 -1"/>
            <n d="-0 -0 -1"/>
        </f>
        <f v="9 21 27" fn="0 0 -1">
            <n d="-0 -0 -1"/>
            <n d="-0 -0 -1"/>
            <n d="-0 -0 -1"/>
        </f>
        <f v="8 22 21" fn="-0 -0 -1">
            <n d="-0 -0 -1"/>
            <n d="-0 -0 -1"/>
            <n d="-0 -0 -1"/>
        </f>
        <f v="8 0 22" fn="-0 -0 -1">
            <n d="-0 -0 -1"/>
            <n d="-0 -0 -1"/>
            <n d="-0 -0 -1"/>
        </f>
        <f v="10 9 26" fn="0 -0 -1">
            <n d="-0 -0 -1"/>
            <n d="-0 -0 -1"/>
            <n d="-0 -0 -1"/>
        </f>
        <f v="9 8 21" fn="-0 -0 -1">
            <n d="-0 -0 -1"/>
            <n d="-0 -0 -1"/>
            <n d="-0 -0 -1"/>
        </f>
        <f v="10 26 1" fn="0 0 -1">
            <n d="-0 -0 -1"/>
            <n d="-0 -0 -1"/>
            <n d="-0 -0 -1"/>
        </f>
    </facets>
    <facets color="ddb358">
        <f v="26 12 13" fn="0 -1 0">
            <n d="-0 -1 -0"/>
            <n d="-0 -1 -0"/>
            <n d="-0 -1 -0"/>
        </f>
        <f v="32 11 12" fn="-0 -1 -0">
            <n d="-0 -1 -0"/>
            <n d="-0 -1 -0"/>
            <n d="-0 -1 -0"/>
        </f>
        <f v="32 2 11" fn="-0 -1 -0">
            <n d="-0 -1 -0"/>
            <n d="-0 -1 -0"/>
            <n d="-0 -1 -0"/>
        </f>
        <f v="33 32 12" fn="-0 -1 -0">
            <n d="-0 -1 -0"/>
            <n d="-0 -1 -0"/>
            <n d="-0 -1 -0"/>
        </f>
        <f v="30 33 12" fn="0 -1 0">
            <n d="-0 -1 -0"/>
            <n d="-0 -1 -0"/>
            <n d="-0 -1 -0"/>
        </f>
        <f v="30 34 33" fn="0 -1 0">
            <n d="-0 -1 -0"/>
            <n d="-0 -1 -0"/>
            <n d="-0 -1 -0"/>
        </f>
        <f v="29 6 34" fn="-0 -1 0">
            <n d="-0 -1 -0"/>
            <n d="-0 -1 -0"/>
            <n d="-0 -1 -0"/>
        </f>
        <f v="30 29 34" fn="-0 -1 0">
            <n d="-0 -1 -0"/>
            <n d="-0 -1 -0"/>
            <n d="-0 -1 -0"/>
        </f>
        <f v="27 30 12" fn="0 -1 0">
            <n d="-0 -1 -0"/>
            <n d="-0 -1 -0"/>
            <n d="-0 -1 -0"/>
        </f>
        <f v="28 31 30" fn="-0 -1 -0">
            <n d="-0 -1 -0"/>
            <n d="-0 -1 -0"/>
            <n d="-0 -1 -0"/>
        </f>
        <f v="28 5 31" fn="-0 -1 -0">
            <n d="-0 -1 -0"/>
            <n d="-0 -1 -0"/>
            <n d="-0 -1 -0"/>
        </f>
        <f v="26 27 12" fn="-0 -1 0">
            <n d="-0 -1 -0"/>
            <n d="-0 -1 -0"/>
            <n d="-0 -1 -0"/>
        </f>
        <f v="27 28 30" fn="-0 -1 -0">
            <n d="-0 -1 -0"/>
            <n d="-0 -1 -0"/>
            <n d="-0 -1 -0"/>
        </f>
        <f v="26 13 1" fn="0 -1 0">
            <n d="-0 -1 -0"/>
            <n d="-0 -1 -0"/>
            <n d="-0 -1 -0"/>
        </f>
    </facets>
    <facets color="ddb358">
        <f v="23 30 31" fn="1 0 0">
            <n d="1 -0 -0"/>
            <n d="1 -0 -0"/>
            <n d="1 -0 -0"/>
        </f>
        <f v="38 29 30" fn="1 -0 -0">
            <n d="1 -0 -0"/>
            <n d="1 -0 -0"/>
            <n d="1 -0 -0"/>
        </f>
        <f v="38 6 29" fn="1 0 -0">
            <n d="1 -0 -0"/>
            <n d="1 -0 -0"/>
            <n d="1 -0 -0"/>
        </f>
        <f v="39 38 30" fn="1 0 -0">
            <n d="1 -0 -0"/>
            <n d="1 -0 -0"/>
            <n d="1 -0 -0"/>
        </f>
        <f v="36 39 30" fn="1 0 0">
            <n d="1 -0 -0"/>
            <n d="1 -0 -0"/>
            <n d="1 -0 -0"/>
        </f>
        <f v="35 40 39" fn="1 -0 -0">
            <n d="1 -0 -0"/>
            <n d="1 -0 -0"/>
            <n d="1 -0 -0"/>
        </f>
        <f v="35 7 40" fn="1 -0 -0">
            <n d="1 -0 -0"/>
            <n d="1 -0 -0"/>
            <n d="1 -0 -0"/>
        </f>
        <f v="36 35 39" fn="1 -0 -0">
            <n d="1 -0 -0"/>
            <n d="1 -0 -0"/>
            <n d="1 -0 -0"/>
        </f>
        <f v="24 36 30" fn="1 0 -0">
            <n d="1 -0 -0"/>
            <n d="1 -0 -0"/>
            <n d="1 -0 -0"/>
        </f>
        <f v="25 37 36" fn="1 -0 -0">
            <n d="1 -0 -0"/>
            <n d="1 -0 -0"/>
            <n d="1 -0 -0"/>
        </f>
        <f v="25 4 37" fn="1 -0 -0">
            <n d="1 -0 -0"/>
            <n d="1 -0 -0"/>
            <n d="1 -0 -0"/>
        </f>
        <f v="23 24 30" fn="1 -0 -0">
            <n d="1 -0 -0"/>
            <n d="1 -0 -0"/>
            <n d="1 -0 -0"/>
        </f>
        <f v="24 25 36" fn="1 -0 -0">
            <n d="1 -0 -0"/>
            <n d="1 -0 -0"/>
            <n d="1 -0 -0"/>
        </f>
        <f v="23 31 5" fn="1 0 0">
            <n d="1 -0 -0"/>
            <n d="1 -0 -0"/>
            <n d="1 -0 -0"/>
        </f>
    </facets>
    <facets color="ddb358">
        <f v="20 36 37" fn="0 1 0">
            <n d="-0 1 -0"/>
            <n d="-0 1 -0"/>
            <n d="-0 1 -0"/>
        </f>
        <f v="41 7 35" fn="-0 1 0">
            <n d="-0 1 -0"/>
            <n d="-0 1 -0"/>
            <n d="-0 1 -0"/>
        </f>
        <f v="41 35 36" fn="-0 1 -0">
            <n d="-0 1 -0"/>
            <n d="-0 1 -0"/>
            <n d="-0 1 -0"/>
        </f>
        <f v="42 41 36" fn="-0 1 -0">
            <n d="-0 1 -0"/>
            <n d="-0 1 -0"/>
            <n d="-0 1 -0"/>
        </f>
        <f v="18 42 36" fn="0 1 0">
            <n d="-0 1 -0"/>
            <n d="-0 1 -0"/>
            <n d="-0 1 -0"/>
        </f>
        <f v="18 43 42" fn="0 1 0">
            <n d="-0 1 -0"/>
            <n d="-0 1 -0"/>
            <n d="-0 1 -0"/>
        </f>
        <f v="17 3 43" fn="-0 1 -0">
            <n d="-0 1 -0"/>
            <n d="-0 1 -0"/>
            <n d="-0 1 -0"/>
        </f>
        <f v="18 17 43" fn="-0 1 -0">
            <n d="-0 1 -0"/>
            <n d="-0 1 -0"/>
            <n d="-0 1 -0"/>
        </f>
        <f v="21 18 36" fn="0 1 -0">
            <n d="-0 1 -0"/>
            <n d="-0 1 -0"/>
            <n d="-0 1 -0"/>
        </f>
        <f v="20 21 36" fn="-0 1 -0">
            <n d="-0 1 -0"/>
            <n d="-0 1 -0"/>
            <n d="-0 1 -0"/>
        </f>
        <f v="22 0 19" fn="0 1 0">
            <n d="-0 1 -0"/>
            <n d="-0 1 -0"/>
            <n d="-0 1 -0"/>
        </f>
        <f v="22 19 18" fn="-0 1 -0">
            <n d="-0 1 -0"/>
            <n d="-0 1 -0"/>
            <n d="-0 1 -0"/>
        </f>
        <f v="21 22 18" fn="-0 1 -0">
            <n d="-0 1 -0"/>
            <n d="-0 1 -0"/>
            <n d="-0 1 -0"/>
        </f>
        <f v="20 37 4" fn="0 1 0">
            <n d="-0 1 -0"/>
            <n d="-0 1 -0"/>
            <n d="-0 1 -0"/>
        </f>
    </facets>
    <facets color="ddb358">
        <f v="42 14 15" fn="-0 -0 1">
            <n d="0 0 1"/>
            <n d="0 0 1"/>
            <n d="0 0 1"/>
        </f>
        <f v="32 16 2" fn="-0 -0 1">
            <n d="0 0 1"/>
            <n d="0 0 1"/>
            <n d="0 0 1"/>
        </f>
        <f v="32 15 16" fn="0 0 1">
            <n d="0 0 1"/>
            <n d="0 0 1"/>
            <n d="0 0 1"/>
        </f>
        <f v="33 15 32" fn="0 0 1">
            <n d="0 0 1"/>
            <n d="0 0 1"/>
            <n d="0 0 1"/>
        </f>
        <f v="39 15 33" fn="0 -0 1">
            <n d="0 0 1"/>
            <n d="0 0 1"/>
            <n d="0 0 1"/>
        </f>
        <f v="39 33 34" fn="-0 -0 1">
            <n d="0 0 1"/>
            <n d="0 0 1"/>
            <n d="0 0 1"/>
        </f>
        <f v="38 34 6" fn="0 0 1">
            <n d="0 0 1"/>
            <n d="0 0 1"/>
            <n d="0 0 1"/>
        </f>
        <f v="39 34 38" fn="0 0 1">
            <n d="0 0 1"/>
            <n d="0 0 1"/>
            <n d="0 0 1"/>
        </f>
        <f v="42 15 39" fn="-0 0 1">
            <n d="0 0 1"/>
            <n d="0 0 1"/>
            <n d="0 0 1"/>
        </f>
        <f v="41 39 40" fn="0 0 1">
            <n d="0 0 1"/>
            <n d="0 0 1"/>
            <n d="0 0 1"/>
        </f>
        <f v="41 40 7" fn="-0 0 1">
            <n d="0 0 1"/>
            <n d="0 0 1"/>
            <n d="0 0 1"/>
        </f>
        <f v="43 14 42" fn="-0 0 1">
            <n d="0 0 1"/>
            <n d="0 0 1"/>
            <n d="0 0 1"/>
        </f>
        <f v="42 39 41" fn="-0 0 1">
            <n d="0 0 1"/>
            <n d="0 0 1"/>
            <n d="0 0 1"/>
        </f>
        <f v="43 3 14" fn="0 -0 1">
            <n d="0 0 1"/>
            <n d="0 0 1"/>
            <n d="0 0 1"/>
        </f>
    </facets>
</shell>
<shell id="id128">
    <verts>
        <v p="-1.6 0.8 -0.65"/>
        <v p="-1.6 -0.8 -0.65"/>
        <v p="-1.6 -0.8 0.65"/>
        <v p="-1.6 0.8 0.65"/>
        <v p="-1.1 0.8 -0.65"/>
        <v p="-1.1 0.8 0.65"/>
        <v p="-1.1 -0.8 -0.65"/>
        <v p="-1.1 -0.8 0.65"/>
        <v p="-1.6 0.4 -0.65"/>
        <v p="-1.6 0 -0.65"/>
        <v p="-1.6 -0.4 -0.65"/>
        <v p="-1.6 -0.8 0.325"/>
        <v p="-1.6 -0.8 0"/>
        <v p="-1.6 -0.8 -0.325"/>
        <v p="-1.6 0.4 0.65"/>
        <v p="-1.6 0 0.65"/>
        <v p="-1.6 -0.4 0.65"/>
        <v p="-1.6 0.8 0.325"/>
        <v p="-1.6 0.8 0"/>
        <v p="-1.6 0.8 -0.325"/>
        <v p="-1.225 0.8 -0.65"/>
        <v p="-1.35 0.8 -0.65"/>
        <v p="-1.475 0.8 -0.65"/>
        <v p="-1.225 0.8 0.65"/>
        <v p="-1.35 0.8 0.65"/>
        <v p="-1.475 0.8 0.65"/>
        <v p="-1.1 0.8 0.325"/>
        <v p="-1.1 0.8 0"/>
        <v p="-1.1 0.8 -0.325"/>
        <v p="-1.1 -0.4 -0.65"/>
        <v p="-1.1 0 -0.65"/>
        <v p="-1.1 0.4 -0.65"/>
        <v p="-1.475 -0.8 -0.65"/>
        <v p="-1.35 -0.8 -0.65"/>
        <v p="-1.225 -0.8 -0.65"/>
        <v p="-1.475 -0.8 0.65"/>
        <v p="-1.35 -0.8 0.65"/>
        <v p="-1.225 -0.8 0.65"/>
        <v p="-1.1 -0.4 0.65"/>
        <v p="-1.1 0 0.65"/>
        <v p="-1.1 0.4 0.65"/>
        <v p="-1.1 -0.8 0.325"/>
        <v p="-1.1 -0.8 0"/>
        <v p="-1.1 -0.8 -0.325"/>
    </verts>
    <facets color="f9f9f9">
        <f v="8 18 19" fn="-1 0 0">
            <n d="-1 -1.35525271560688e-016 -0"/>
            <n d="-1 -1.35525271560688e-016 -0"/>
            <n d="-1 -1.35525271560688e-016 -0"/>
        </f>
        <f v="14 17 18" fn="-1 -0 -0">
            <n d="-1 -1.35525271560688e-016 -0"/>
            <n d="-1 -1.35525271560688e-016 -0"/>
            <n d="-1 -1.35525271560688e-016 -0"/>
        </f>
        <f v="14 3 17" fn="-1 0 -0">
            <n d="-1 -1.35525271560688e-016 -0"/>
            <n d="-1 -1.35525271560688e-016 -0"/>
            <n d="-1 -1.35525271560688e-016 -0"/>
        </f>
        <f v="15 14 18" fn="-1 0 -0">
            <n d="-1 -1.35525271560688e-016 -0"/>
            <n d="-1 -1.35525271560688e-016 -0"/>
            <n d="-1 -1.35525271560688e-016 -0"/>
        </f>
        <f v="9 15 18" fn="-1 0 0">
            <n d="-1 -1.35525271560688e-016 -0"/>
            <n d="-1 -1.35525271560688e-016 -0"/>
            <n d="-1 -1.35525271560688e-016 -0"/>
        </f>
        <f v="12 16 15" fn="-1 0 0">
            <n d="-1 -1.35525271560688e-016 -0"/>
            <n d="-1 -1.35525271560688e-016 -0"/>
            <n d="-1 -1.35525271560688e-016 -0"/>
        </f>
        <f v="11 2 16" fn="-1 -0 -0">
            <n d="-1 -1.35525271560688e-016 -0"/>
            <n d="-1 -1.35525271560688e-016 -0"/>
            <n d="-1 -1.35525271560688e-016 -0"/>
        </f>
        <f v="12 11 16" fn="-1 -0 -0">
            <n d="-1 -1.35525271560688e-016 -0"/>
            <n d="-1 -1.35525271560688e-016 -0"/>
            <n d="-1 -1.35525271560688e-016 -0"/>
        </f>
        <f v="9 12 15" fn="-1 -0 0">
            <n d="-1 -1.35525271560688e-016 -0"/>
            <n d="-1 -1.35525271560688e-016 -0"/>
            <n d="-1 -1.35525271560688e-016 -0"/>
        </f>
        <f v="8 9 18" fn="-1 -0 0">
            <n d="-1 -1.35525271560688e-016 -0"/>
            <n d="-1 -1.35525271560688e-016 -0"/>
            <n d="-1 -1.35525271560688e-016 -0"/>
        </f>
        <f v="10 1 13" fn="-1 0 0">
            <n d="-1 -1.35525271560688e-016 -0"/>
            <n d="-1 -1.35525271560688e-016 -0"/>
            <n d="-1 -1.35525271560688e-016 -0"/>
        </f>
        <f v="10 13 12" fn="-1 -0 -0">
            <n d="-1 -1.35525271560688e-016 -0"/>
            <n d="-1 -1.35525271560688e-016 -0"/>
            <n d="-1 -1.35525271560688e-016 -0"/>
        </f>
        <f v="9 10 12" fn="-1 -0 -0">
            <n d="-1 -1.35525271560688e-016 -0"/>
            <n d="-1 -1.35525271560688e-016 -0"/>
            <n d="-1 -1.35525271560688e-016 -0"/>
        </f>
        <f v="8 19 0" fn="-1 0 0">
            <n d="-1 -1.35525271560688e-016 -0"/>
            <n d="-1 -1.35525271560688e-016 -0"/>
            <n d="-1 -1.35525271560688e-016 -0"/>
        </f>
    </facets>
    <facets color="f9f9f9">
        <f v="21 27 28" fn="0 1 0">
            <n d="1.51788304147971e-015 1 -0"/>
            <n d="1.51788304147971e-015 1 -0"/>
            <n d="1.51788304147971e-015 1 -0"/>
        </f>
        <f v="23 26 27" fn="-0 1 -0">
            <n d="1.51788304147971e-015 1 -0"/>
            <n d="1.51788304147971e-015 1 -0"/>
            <n d="1.51788304147971e-015 1 -0"/>
        </f>
        <f v="23 5 26" fn="-0 1 -0">
            <n d="1.51788304147971e-015 1 -0"/>
            <n d="1.51788304147971e-015 1 -0"/>
            <n d="1.51788304147971e-015 1 -0"/>
        </f>
        <f v="24 23 27" fn="-0 1 -0">
            <n d="1.51788304147971e-015 1 -0"/>
            <n d="1.51788304147971e-015 1 -0"/>
            <n d="1.51788304147971e-015 1 -0"/>
        </f>
        <f v="18 24 27" fn="0 1 0">
            <n d="1.51788304147971e-015 1 -0"/>
            <n d="1.51788304147971e-015 1 -0"/>
            <n d="1.51788304147971e-015 1 -0"/>
        </f>
        <f v="18 25 24" fn="0 1 0">
            <n d="1.51788304147971e-015 1 -0"/>
            <n d="1.51788304147971e-015 1 -0"/>
            <n d="1.51788304147971e-015 1 -0"/>
        </f>
        <f v="17 3 25" fn="-0 1 -0">
            <n d="1.51788304147971e-015 1 -0"/>
            <n d="1.51788304147971e-015 1 -0"/>
            <n d="1.51788304147971e-015 1 -0"/>
        </f>
        <f v="18 17 25" fn="-0 1 -0">
            <n d="1.51788304147971e-015 1 -0"/>
            <n d="1.51788304147971e-015 1 -0"/>
            <n d="1.51788304147971e-015 1 -0"/>
        </f>
        <f v="21 18 27" fn="0 1 -0">
            <n d="1.51788304147971e-015 1 -0"/>
            <n d="1.51788304147971e-015 1 -0"/>
            <n d="1.51788304147971e-015 1 -0"/>
        </f>
        <f v="20 21 28" fn="-0 1 -0">
            <n d="1.51788304147971e-015 1 -0"/>
            <n d="1.51788304147971e-015 1 -0"/>
            <n d="1.51788304147971e-015 1 -0"/>
        </f>
        <f v="22 0 19" fn="0 1 0">
            <n d="1.51788304147971e-015 1 -0"/>
            <n d="1.51788304147971e-015 1 -0"/>
            <n d="1.51788304147971e-015 1 -0"/>
        </f>
        <f v="22 19 18" fn="-0 1 -0">
            <n d="1.51788304147971e-015 1 -0"/>
            <n d="1.51788304147971e-015 1 -0"/>
            <n d="1.51788304147971e-015 1 -0"/>
        </f>
        <f v="21 22 18" fn="-0 1 -0">
            <n d="1.51788304147971e-015 1 -0"/>
            <n d="1.51788304147971e-015 1 -0"/>
            <n d="1.51788304147971e-015 1 -0"/>
        </f>
        <f v="20 28 4" fn="0 1 0">
            <n d="1.51788304147971e-015 1 -0"/>
            <n d="1.51788304147971e-015 1 -0"/>
            <n d="1.51788304147971e-015 1 -0"/>
        </f>
    </facets>
    <facets color="f9f9f9">
        <f v="9 33 32" fn="0 0 -1">
            <n d="-0 -0 -1"/>
            <n d="-0 -0 -1"/>
            <n d="-0 -0 -1"/>
        </f>
        <f v="30 34 33" fn="0 0 -1">
            <n d="-0 -0 -1"/>
            <n d="-0 -0 -1"/>
            <n d="-0 -0 -1"/>
        </f>
        <f v="29 6 34" fn="-0 -0 -1">
            <n d="-0 -0 -1"/>
            <n d="-0 -0 -1"/>
            <n d="-0 -0 -1"/>
        </f>
        <f v="30 29 34" fn="-0 -0 -1">
            <n d="-0 -0 -1"/>
            <n d="-0 -0 -1"/>
            <n d="-0 -0 -1"/>
        </f>
        <f v="21 30 33" fn="0 0 -1">
            <n d="-0 -0 -1"/>
            <n d="-0 -0 -1"/>
            <n d="-0 -0 -1"/>
        </f>
        <f v="20 31 30" fn="-0 -0 -1">
            <n d="-0 -0 -1"/>
            <n d="-0 -0 -1"/>
            <n d="-0 -0 -1"/>
        </f>
        <f v="20 4 31" fn="0 -0 -1">
            <n d="-0 -0 -1"/>
            <n d="-0 -0 -1"/>
            <n d="-0 -0 -1"/>
        </f>
        <f v="21 20 30" fn="0 -0 -1">
            <n d="-0 -0 -1"/>
            <n d="-0 -0 -1"/>
            <n d="-0 -0 -1"/>
        </f>
        <f v="9 21 33" fn="0 0 -1">
            <n d="-0 -0 -1"/>
            <n d="-0 -0 -1"/>
            <n d="-0 -0 -1"/>
        </f>
        <f v="9 22 21" fn="0 0 -1">
            <n d="-0 -0 -1"/>
            <n d="-0 -0 -1"/>
            <n d="-0 -0 -1"/>
        </f>
        <f v="8 0 22" fn="-0 -0 -1">
            <n d="-0 -0 -1"/>
            <n d="-0 -0 -1"/>
            <n d="-0 -0 -1"/>
        </f>
        <f v="10 9 32" fn="0 -0 -1">
            <n d="-0 -0 -1"/>
            <n d="-0 -0 -1"/>
            <n d="-0 -0 -1"/>
        </f>
        <f v="9 8 22" fn="-0 -0 -1">
            <n d="-0 -0 -1"/>
            <n d="-0 -0 -1"/>
            <n d="-0 -0 -1"/>
        </f>
        <f v="10 32 1" fn="0 0 -1">
            <n d="-0 -0 -1"/>
            <n d="-0 -0 -1"/>
            <n d="-0 -0 -1"/>
        </f>
    </facets>
    <facets color="f9f9f9">
        <f v="25 14 15" fn="-0 -0 1">
            <n d="0 0 1"/>
            <n d="0 0 1"/>
            <n d="0 0 1"/>
        </f>
        <f v="35 16 2" fn="-0 -0 1">
            <n d="0 0 1"/>
            <n d="0 0 1"/>
            <n d="0 0 1"/>
        </f>
        <f v="35 15 16" fn="0 0 1">
            <n d="0 0 1"/>
            <n d="0 0 1"/>
            <n d="0 0 1"/>
        </f>
        <f v="36 15 35" fn="0 0 1">
            <n d="0 0 1"/>
            <n d="0 0 1"/>
            <n d="0 0 1"/>
        </f>
        <f v="39 15 36" fn="0 -0 1">
            <n d="0 0 1"/>
            <n d="0 0 1"/>
            <n d="0 0 1"/>
        </f>
        <f v="39 36 37" fn="-0 -0 1">
            <n d="0 0 1"/>
            <n d="0 0 1"/>
            <n d="0 0 1"/>
        </f>
        <f v="38 37 7" fn="0 0 1">
            <n d="0 0 1"/>
            <n d="0 0 1"/>
            <n d="0 0 1"/>
        </f>
        <f v="39 37 38" fn="0 0 1">
            <n d="0 0 1"/>
            <n d="0 0 1"/>
            <n d="0 0 1"/>
        </f>
        <f v="24 15 39" fn="-0 0 1">
            <n d="0 0 1"/>
            <n d="0 0 1"/>
            <n d="0 0 1"/>
        </f>
        <f v="23 39 40" fn="0 0 1">
            <n d="0 0 1"/>
            <n d="0 0 1"/>
            <n d="0 0 1"/>
        </f>
        <f v="23 40 5" fn="-0 0 1">
            <n d="0 0 1"/>
            <n d="0 0 1"/>
            <n d="0 0 1"/>
        </f>
        <f v="25 15 24" fn="-0 0 1">
            <n d="0 0 1"/>
            <n d="0 0 1"/>
            <n d="0 0 1"/>
        </f>
        <f v="24 39 23" fn="-0 0 1">
            <n d="0 0 1"/>
            <n d="0 0 1"/>
            <n d="0 0 1"/>
        </f>
        <f v="25 3 14" fn="0 -0 1">
            <n d="0 0 1"/>
            <n d="0 0 1"/>
            <n d="0 0 1"/>
        </f>
    </facets>
    <facets color="f9f9f9">
        <f v="29 42 43" fn="1 0 0">
            <n d="1 -1.35525271560688e-016 -0"/>
            <n d="1 -1.35525271560688e-016 -0"/>
            <n d="1 -1.35525271560688e-016 -0"/>
        </f>
        <f v="38 41 42" fn="1 -0 -0">
            <n d="1 -1.35525271560688e-016 -0"/>
            <n d="1 -1.35525271560688e-016 -0"/>
            <n d="1 -1.35525271560688e-016 -0"/>
        </f>
        <f v="38 7 41" fn="1 0 -0">
            <n d="1 -1.35525271560688e-016 -0"/>
            <n d="1 -1.35525271560688e-016 -0"/>
            <n d="1 -1.35525271560688e-016 -0"/>
        </f>
        <f v="39 38 42" fn="1 0 -0">
            <n d="1 -1.35525271560688e-016 -0"/>
            <n d="1 -1.35525271560688e-016 -0"/>
            <n d="1 -1.35525271560688e-016 -0"/>
        </f>
        <f v="30 39 42" fn="1 0 -0">
            <n d="1 -1.35525271560688e-016 -0"/>
            <n d="1 -1.35525271560688e-016 -0"/>
            <n d="1 -1.35525271560688e-016 -0"/>
        </f>
        <f v="27 40 39" fn="1 0 0">
            <n d="1 -1.35525271560688e-016 -0"/>
            <n d="1 -1.35525271560688e-016 -0"/>
            <n d="1 -1.35525271560688e-016 -0"/>
        </f>
        <f v="26 5 40" fn="1 -0 -0">
            <n d="1 -1.35525271560688e-016 -0"/>
            <n d="1 -1.35525271560688e-016 -0"/>
            <n d="1 -1.35525271560688e-016 -0"/>
        </f>
        <f v="27 26 40" fn="1 -0 -0">
            <n d="1 -1.35525271560688e-016 -0"/>
            <n d="1 -1.35525271560688e-016 -0"/>
            <n d="1 -1.35525271560688e-016 -0"/>
        </f>
        <f v="30 27 39" fn="1 -0 -0">
            <n d="1 -1.35525271560688e-016 -0"/>
            <n d="1 -1.35525271560688e-016 -0"/>
            <n d="1 -1.35525271560688e-016 -0"/>
        </f>
        <f v="29 30 42" fn="1 -0 -0">
            <n d="1 -1.35525271560688e-016 -0"/>
            <n d="1 -1.35525271560688e-016 -0"/>
            <n d="1 -1.35525271560688e-016 -0"/>
        </f>
        <f v="31 4 28" fn="1 0 0">
            <n d="1 -1.35525271560688e-016 -0"/>
            <n d="1 -1.35525271560688e-016 -0"/>
            <n d="1 -1.35525271560688e-016 -0"/>
        </f>
        <f v="31 28 27" fn="1 -0 -0">
            <n d="1 -1.35525271560688e-016 -0"/>
            <n d="1 -1.35525271560688e-016 -0"/>
            <n d="1 -1.35525271560688e-016 -0"/>
        </f>
        <f v="30 31 27" fn="1 -0 -0">
            <n d="1 -1.35525271560688e-016 -0"/>
            <n d="1 -1.35525271560688e-016 -0"/>
            <n d="1 -1.35525271560688e-016 -0"/>
        </f>
        <f v="29 43 6" fn="1 0 0">
            <n d="1 -1.35525271560688e-016 -0"/>
            <n d="1 -1.35525271560688e-016 -0"/>
            <n d="1 -1.35525271560688e-016 -0"/>
        </f>
    </facets>
    <facets color="f9f9f9">
        <f v="33 12 13" fn="0 -1 0">
            <n d="-2.60208521396522e-015 -1 -0"/>
            <n d="-2.60208521396522e-015 -1 -0"/>
            <n d="-2.60208521396522e-015 -1 -0"/>
        </f>
        <f v="35 11 12" fn="-0 -1 -0">
            <n d="-2.60208521396522e-015 -1 -0"/>
            <n d="-2.60208521396522e-015 -1 -0"/>
            <n d="-2.60208521396522e-015 -1 -0"/>
        </f>
        <f v="35 2 11" fn="-0 -1 -0">
            <n d="-2.60208521396522e-015 -1 -0"/>
            <n d="-2.60208521396522e-015 -1 -0"/>
            <n d="-2.60208521396522e-015 -1 -0"/>
        </f>
        <f v="36 35 12" fn="-0 -1 -0">
            <n d="-2.60208521396522e-015 -1 -0"/>
            <n d="-2.60208521396522e-015 -1 -0"/>
            <n d="-2.60208521396522e-015 -1 -0"/>
        </f>
        <f v="42 36 12" fn="0 -1 0">
            <n d="-2.60208521396522e-015 -1 -0"/>
            <n d="-2.60208521396522e-015 -1 -0"/>
            <n d="-2.60208521396522e-015 -1 -0"/>
        </f>
        <f v="42 37 36" fn="0 -1 0">
            <n d="-2.60208521396522e-015 -1 -0"/>
            <n d="-2.60208521396522e-015 -1 -0"/>
            <n d="-2.60208521396522e-015 -1 -0"/>
        </f>
        <f v="41 7 37" fn="-0 -1 0">
            <n d="-2.60208521396522e-015 -1 -0"/>
            <n d="-2.60208521396522e-015 -1 -0"/>
            <n d="-2.60208521396522e-015 -1 -0"/>
        </f>
        <f v="42 41 37" fn="-0 -1 0">
            <n d="-2.60208521396522e-015 -1 -0"/>
            <n d="-2.60208521396522e-015 -1 -0"/>
            <n d="-2.60208521396522e-015 -1 -0"/>
        </f>
        <f v="33 42 12" fn="0 -1 0">
            <n d="-2.60208521396522e-015 -1 -0"/>
            <n d="-2.60208521396522e-015 -1 -0"/>
            <n d="-2.60208521396522e-015 -1 -0"/>
        </f>
        <f v="32 33 13" fn="-0 -1 0">
            <n d="-2.60208521396522e-015 -1 -0"/>
            <n d="-2.60208521396522e-015 -1 -0"/>
            <n d="-2.60208521396522e-015 -1 -0"/>
        </f>
        <f v="34 6 43" fn="0 -1 0">
            <n d="-2.60208521396522e-015 -1 -0"/>
            <n d="-2.60208521396522e-015 -1 -0"/>
            <n d="-2.60208521396522e-015 -1 -0"/>
        </f>
        <f v="34 43 42" fn="-0 -1 -0">
            <n d="-2.60208521396522e-015 -1 -0"/>
            <n d="-2.60208521396522e-015 -1 -0"/>
            <n d="-2.60208521396522e-015 -1 -0"/>
        </f>
        <f v="33 34 42" fn="-0 -1 -0">
            <n d="-2.60208521396522e-015 -1 -0"/>
            <n d="-2.60208521396522e-015 -1 -0"/>
            <n d="-2.60208521396522e-015 -1 -0"/>
        </f>
        <f v="32 13 1" fn="0 -1 0">
            <n d="-2.60208521396522e-015 -1 -0"/>
            <n d="-2.60208521396522e-015 -1 -0"/>
            <n d="-2.60208521396522e-015 -1 -0"/>
        </f>
    </facets>
</shell>
<shell id="id131">
    <verts>
        <v p="1.6 0.8 -0.65"/>
        <v p="1.6 -0.8 -0.65"/>
        <v p="1.6 0.8 0.65"/>
        <v p="1.6 -0.8 0.65"/>
        <v p="1.1 -0.8 -0.65"/>
        <v p="1.1 -0.8 0.65"/>
        <v p="1.1 0.8 -0.65"/>
        <v p="1.1 0.8 0.65"/>
        <v p="1.6 0.4 -0.65"/>
        <v p="1.6 0 -0.65"/>
        <v p="1.6 -0.4 -0.65"/>
        <v p="1.6 0.8 0.325"/>
        <v p="1.6 0.8 0"/>
        <v p="1.6 0.8 -0.325"/>
        <v p="1.6 0.4 0.65"/>
        <v p="1.6 0 0.65"/>
        <v p="1.6 -0.4 0.65"/>
        <v p="1.6 -0.8 0.325"/>
        <v p="1.6 -0.8 0"/>
        <v p="1.6 -0.8 -0.325"/>
        <v p="1.475 -0.8 -0.65"/>
        <v p="1.35 -0.8 -0.65"/>
        <v p="1.225 -0.8 -0.65"/>
        <v p="1.475 -0.8 0.65"/>
        <v p="1.35 -0.8 0.65"/>
        <v p="1.225 -0.8 0.65"/>
        <v p="1.1 -0.8 0.325"/>
        <v p="1.1 -0.8 0"/>
        <v p="1.1 -0.8 -0.325"/>
        <v p="1.1 -0.4 -0.65"/>
        <v p="1.1 0 -0.65"/>
        <v p="1.1 0.4 -0.65"/>
        <v p="1.1 -0.4 0.65"/>
        <v p="1.1 0 0.65"/>
        <v p="1.1 0.4 0.65"/>
        <v p="1.1 0.8 0.325"/>
        <v p="1.1 0.8 0"/>
        <v p="1.1 0.8 -0.325"/>
        <v p="1.225 0.8 -0.65"/>
        <v p="1.35 0.8 -0.65"/>
        <v p="1.475 0.8 -0.65"/>
        <v p="1.225 0.8 0.65"/>
        <v p="1.35 0.8 0.65"/>
        <v p="1.475 0.8 0.65"/>
    </verts>
    <facets color="f9f9f9">
        <f v="18 10 9" fn="1 -0 -0">
            <n d="1 0 0"/>
            <n d="1 0 0"/>
            <n d="1 0 0"/>
        </f>
        <f v="12 9 8" fn="1 -0 -0">
            <n d="1 0 0"/>
            <n d="1 0 0"/>
            <n d="1 0 0"/>
        </f>
        <f v="13 8 0" fn="1 0 0">
            <n d="1 0 0"/>
            <n d="1 0 0"/>
            <n d="1 0 0"/>
        </f>
        <f v="12 8 13" fn="1 0 0">
            <n d="1 0 0"/>
            <n d="1 0 0"/>
            <n d="1 0 0"/>
        </f>
        <f v="15 9 12" fn="1 -0 -0">
            <n d="1 0 0"/>
            <n d="1 0 0"/>
            <n d="1 0 0"/>
        </f>
        <f v="14 12 11" fn="1 0 0">
            <n d="1 0 0"/>
            <n d="1 0 0"/>
            <n d="1 0 0"/>
        </f>
        <f v="14 11 2" fn="1 -0 0">
            <n d="1 0 0"/>
            <n d="1 0 0"/>
            <n d="1 0 0"/>
        </f>
        <f v="15 12 14" fn="1 -0 0">
            <n d="1 0 0"/>
            <n d="1 0 0"/>
            <n d="1 0 0"/>
        </f>
        <f v="18 9 15" fn="1 -0 -0">
            <n d="1 0 0"/>
            <n d="1 0 0"/>
            <n d="1 0 0"/>
        </f>
        <f v="19 10 18" fn="1 -0 0">
            <n d="1 0 0"/>
            <n d="1 0 0"/>
            <n d="1 0 0"/>
        </f>
        <f v="17 16 3" fn="1 -0 -0">
            <n d="1 0 0"/>
            <n d="1 0 0"/>
            <n d="1 0 0"/>
        </f>
        <f v="18 15 16" fn="1 -0 -0">
            <n d="1 0 0"/>
            <n d="1 0 0"/>
            <n d="1 0 0"/>
        </f>
        <f v="18 16 17" fn="1 0 0">
            <n d="1 0 0"/>
            <n d="1 0 0"/>
            <n d="1 0 0"/>
        </f>
        <f v="19 1 10" fn="1 -0 -0">
            <n d="1 0 0"/>
            <n d="1 0 0"/>
            <n d="1 0 0"/>
        </f>
    </facets>
    <facets color="f9f9f9">
        <f v="27 22 21" fn="-0 -1 -0">
            <n d="2.38524477946811e-015 -1 0"/>
            <n d="2.38524477946811e-015 -1 0"/>
            <n d="2.38524477946811e-015 -1 0"/>
        </f>
        <f v="19 21 20" fn="0 -1 0">
            <n d="2.38524477946811e-015 -1 0"/>
            <n d="2.38524477946811e-015 -1 0"/>
            <n d="2.38524477946811e-015 -1 0"/>
        </f>
        <f v="19 20 1" fn="0 -1 -0">
            <n d="2.38524477946811e-015 -1 0"/>
            <n d="2.38524477946811e-015 -1 0"/>
            <n d="2.38524477946811e-015 -1 0"/>
        </f>
        <f v="18 21 19" fn="0 -1 -0">
            <n d="2.38524477946811e-015 -1 0"/>
            <n d="2.38524477946811e-015 -1 0"/>
            <n d="2.38524477946811e-015 -1 0"/>
        </f>
        <f v="24 21 18" fn="-0 -1 -0">
            <n d="2.38524477946811e-015 -1 0"/>
            <n d="2.38524477946811e-015 -1 0"/>
            <n d="2.38524477946811e-015 -1 0"/>
        </f>
        <f v="23 18 17" fn="0 -1 0">
            <n d="2.38524477946811e-015 -1 0"/>
            <n d="2.38524477946811e-015 -1 0"/>
            <n d="2.38524477946811e-015 -1 0"/>
        </f>
        <f v="23 17 3" fn="0 -1 0">
            <n d="2.38524477946811e-015 -1 0"/>
            <n d="2.38524477946811e-015 -1 0"/>
            <n d="2.38524477946811e-015 -1 0"/>
        </f>
        <f v="24 18 23" fn="0 -1 0">
            <n d="2.38524477946811e-015 -1 0"/>
            <n d="2.38524477946811e-015 -1 0"/>
            <n d="2.38524477946811e-015 -1 0"/>
        </f>
        <f v="27 21 24" fn="0 -1 -0">
            <n d="2.38524477946811e-015 -1 0"/>
            <n d="2.38524477946811e-015 -1 0"/>
            <n d="2.38524477946811e-015 -1 0"/>
        </f>
        <f v="27 24 25" fn="-0 -1 -0">
            <n d="2.38524477946811e-015 -1 0"/>
            <n d="2.38524477946811e-015 -1 0"/>
            <n d="2.38524477946811e-015 -1 0"/>
        </f>
        <f v="26 25 5" fn="0 -1 0">
            <n d="2.38524477946811e-015 -1 0"/>
            <n d="2.38524477946811e-015 -1 0"/>
            <n d="2.38524477946811e-015 -1 0"/>
        </f>
        <f v="28 22 27" fn="0 -1 0">
            <n d="2.38524477946811e-015 -1 0"/>
            <n d="2.38524477946811e-015 -1 0"/>
            <n d="2.38524477946811e-015 -1 0"/>
        </f>
        <f v="27 25 26" fn="0 -1 0">
            <n d="2.38524477946811e-015 -1 0"/>
            <n d="2.38524477946811e-015 -1 0"/>
            <n d="2.38524477946811e-015 -1 0"/>
        </f>
        <f v="28 4 22" fn="-0 -1 -0">
            <n d="2.38524477946811e-015 -1 0"/>
            <n d="2.38524477946811e-015 -1 0"/>
            <n d="2.38524477946811e-015 -1 0"/>
        </f>
    </facets>
    <facets color="f9f9f9">
        <f v="36 31 30" fn="-1 -0 -0">
            <n d="-1 0 0"/>
            <n d="-1 0 0"/>
            <n d="-1 0 0"/>
        </f>
        <f v="28 29 4" fn="-1 -0 -0">
            <n d="-1 0 0"/>
            <n d="-1 0 0"/>
            <n d="-1 0 0"/>
        </f>
        <f v="27 30 29" fn="-1 -0 -0">
            <n d="-1 0 0"/>
            <n d="-1 0 0"/>
            <n d="-1 0 0"/>
        </f>
        <f v="27 29 28" fn="-1 0 0">
            <n d="-1 0 0"/>
            <n d="-1 0 0"/>
            <n d="-1 0 0"/>
        </f>
        <f v="33 30 27" fn="-1 -0 -0">
            <n d="-1 0 0"/>
            <n d="-1 0 0"/>
            <n d="-1 0 0"/>
        </f>
        <f v="32 27 26" fn="-1 0 0">
            <n d="-1 0 0"/>
            <n d="-1 0 0"/>
            <n d="-1 0 0"/>
        </f>
        <f v="32 26 5" fn="-1 -0 0">
            <n d="-1 0 0"/>
            <n d="-1 0 0"/>
            <n d="-1 0 0"/>
        </f>
        <f v="33 27 32" fn="-1 -0 0">
            <n d="-1 0 0"/>
            <n d="-1 0 0"/>
            <n d="-1 0 0"/>
        </f>
        <f v="36 30 33" fn="-1 -0 -0">
            <n d="-1 0 0"/>
            <n d="-1 0 0"/>
            <n d="-1 0 0"/>
        </f>
        <f v="36 33 34" fn="-1 -0 -0">
            <n d="-1 0 0"/>
            <n d="-1 0 0"/>
            <n d="-1 0 0"/>
        </f>
        <f v="35 34 7" fn="-1 0 0">
            <n d="-1 0 0"/>
            <n d="-1 0 0"/>
            <n d="-1 0 0"/>
        </f>
        <f v="37 31 36" fn="-1 -0 0">
            <n d="-1 0 0"/>
            <n d="-1 0 0"/>
            <n d="-1 0 0"/>
        </f>
        <f v="36 34 35" fn="-1 0 0">
            <n d="-1 0 0"/>
            <n d="-1 0 0"/>
            <n d="-1 0 0"/>
        </f>
        <f v="37 6 31" fn="-1 -0 -0">
            <n d="-1 0 0"/>
            <n d="-1 0 0"/>
            <n d="-1 0 0"/>
        </f>
    </facets>
    <facets color="f9f9f9">
        <f v="12 40 39" fn="-0 1 -0">
            <n d="2.38524477946811e-015 1 0"/>
            <n d="2.38524477946811e-015 1 0"/>
            <n d="2.38524477946811e-015 1 0"/>
        </f>
        <f v="37 39 38" fn="0 1 0">
            <n d="2.38524477946811e-015 1 0"/>
            <n d="2.38524477946811e-015 1 0"/>
            <n d="2.38524477946811e-015 1 0"/>
        </f>
        <f v="37 38 6" fn="0 1 0">
            <n d="2.38524477946811e-015 1 0"/>
            <n d="2.38524477946811e-015 1 0"/>
            <n d="2.38524477946811e-015 1 0"/>
        </f>
        <f v="36 39 37" fn="0 1 0">
            <n d="2.38524477946811e-015 1 0"/>
            <n d="2.38524477946811e-015 1 0"/>
            <n d="2.38524477946811e-015 1 0"/>
        </f>
        <f v="42 39 36" fn="-0 1 0">
            <n d="2.38524477946811e-015 1 0"/>
            <n d="2.38524477946811e-015 1 0"/>
            <n d="2.38524477946811e-015 1 0"/>
        </f>
        <f v="41 36 35" fn="0 1 0">
            <n d="2.38524477946811e-015 1 0"/>
            <n d="2.38524477946811e-015 1 0"/>
            <n d="2.38524477946811e-015 1 0"/>
        </f>
        <f v="41 35 7" fn="0 1 0">
            <n d="2.38524477946811e-015 1 0"/>
            <n d="2.38524477946811e-015 1 0"/>
            <n d="2.38524477946811e-015 1 0"/>
        </f>
        <f v="42 36 41" fn="0 1 0">
            <n d="2.38524477946811e-015 1 0"/>
            <n d="2.38524477946811e-015 1 0"/>
            <n d="2.38524477946811e-015 1 0"/>
        </f>
        <f v="12 39 42" fn="0 1 -0">
            <n d="2.38524477946811e-015 1 0"/>
            <n d="2.38524477946811e-015 1 0"/>
            <n d="2.38524477946811e-015 1 0"/>
        </f>
        <f v="12 42 43" fn="-0 1 -0">
            <n d="2.38524477946811e-015 1 0"/>
            <n d="2.38524477946811e-015 1 0"/>
            <n d="2.38524477946811e-015 1 0"/>
        </f>
        <f v="11 43 2" fn="0 1 -0">
            <n d="2.38524477946811e-015 1 0"/>
            <n d="2.38524477946811e-015 1 0"/>
            <n d="2.38524477946811e-015 1 0"/>
        </f>
        <f v="13 40 12" fn="0 1 -0">
            <n d="2.38524477946811e-015 1 0"/>
            <n d="2.38524477946811e-015 1 0"/>
            <n d="2.38524477946811e-015 1 0"/>
        </f>
        <f v="12 43 11" fn="0 1 -0">
            <n d="2.38524477946811e-015 1 0"/>
            <n d="2.38524477946811e-015 1 0"/>
            <n d="2.38524477946811e-015 1 0"/>
        </f>
        <f v="13 0 40" fn="-0 1 0">
            <n d="2.38524477946811e-015 1 0"/>
            <n d="2.38524477946811e-015 1 0"/>
            <n d="2.38524477946811e-015 1 0"/>
        </f>
    </facets>
    <facets color="f9f9f9">
        <f v="15 24 23" fn="0 0 1">
            <n d="-0 -0 1"/>
            <n d="-0 -0 1"/>
            <n d="-0 -0 1"/>
        </f>
        <f v="33 25 24" fn="0 0 1">
            <n d="-0 -0 1"/>
            <n d="-0 -0 1"/>
            <n d="-0 -0 1"/>
        </f>
        <f v="32 5 25" fn="-0 -0 1">
            <n d="-0 -0 1"/>
            <n d="-0 -0 1"/>
            <n d="-0 -0 1"/>
        </f>
        <f v="33 32 25" fn="-0 -0 1">
            <n d="-0 -0 1"/>
            <n d="-0 -0 1"/>
            <n d="-0 -0 1"/>
        </f>
        <f v="42 33 24" fn="0 0 1">
            <n d="-0 -0 1"/>
            <n d="-0 -0 1"/>
            <n d="-0 -0 1"/>
        </f>
        <f v="41 34 33" fn="-0 -0 1">
            <n d="-0 -0 1"/>
            <n d="-0 -0 1"/>
            <n d="-0 -0 1"/>
        </f>
        <f v="41 7 34" fn="0 -0 1">
            <n d="-0 -0 1"/>
            <n d="-0 -0 1"/>
            <n d="-0 -0 1"/>
        </f>
        <f v="42 41 33" fn="0 -0 1">
            <n d="-0 -0 1"/>
            <n d="-0 -0 1"/>
            <n d="-0 -0 1"/>
        </f>
        <f v="15 42 24" fn="0 0 1">
            <n d="-0 -0 1"/>
            <n d="-0 -0 1"/>
            <n d="-0 -0 1"/>
        </f>
        <f v="15 43 42" fn="0 0 1">
            <n d="-0 -0 1"/>
            <n d="-0 -0 1"/>
            <n d="-0 -0 1"/>
        </f>
        <f v="14 2 43" fn="-0 -0 1">
            <n d="-0 -0 1"/>
            <n d="-0 -0 1"/>
            <n d="-0 -0 1"/>
        </f>
        <f v="16 15 23" fn="0 -0 1">
            <n d="-0 -0 1"/>
            <n d="-0 -0 1"/>
            <n d="-0 -0 1"/>
        </f>
        <f v="15 14 43" fn="-0 -0 1">
            <n d="-0 -0 1"/>
            <n d="-0 -0 1"/>
            <n d="-0 -0 1"/>
        </f>
        <f v="16 23 3" fn="0 0 1">
            <n d="-0 -0 1"/>
            <n d="-0 -0 1"/>
            <n d="-0 -0 1"/>
        </f>
    </facets>
    <facets color="f9f9f9">
        <f v="40 8 9" fn="-0 -0 -1">
            <n d="0 0 -1"/>
            <n d="0 0 -1"/>
            <n d="0 0 -1"/>
        </f>
        <f v="20 10 1" fn="-0 -0 -1">
            <n d="0 0 -1"/>
            <n d="0 0 -1"/>
            <n d="0 0 -1"/>
        </f>
        <f v="20 9 10" fn="0 0 -1">
            <n d="0 0 -1"/>
            <n d="0 0 -1"/>
            <n d="0 0 -1"/>
        </f>
        <f v="21 9 20" fn="0 0 -1">
            <n d="0 0 -1"/>
            <n d="0 0 -1"/>
            <n d="0 0 -1"/>
        </f>
        <f v="30 9 21" fn="0 -0 -1">
            <n d="0 0 -1"/>
            <n d="0 0 -1"/>
            <n d="0 0 -1"/>
        </f>
        <f v="30 21 22" fn="-0 -0 -1">
            <n d="0 0 -1"/>
            <n d="0 0 -1"/>
            <n d="0 0 -1"/>
        </f>
        <f v="29 22 4" fn="0 0 -1">
            <n d="0 0 -1"/>
            <n d="0 0 -1"/>
            <n d="0 0 -1"/>
        </f>
        <f v="30 22 29" fn="0 0 -1">
            <n d="0 0 -1"/>
            <n d="0 0 -1"/>
            <n d="0 0 -1"/>
        </f>
        <f v="39 9 30" fn="-0 -0 -1">
            <n d="0 0 -1"/>
            <n d="0 0 -1"/>
            <n d="0 0 -1"/>
        </f>
        <f v="38 30 31" fn="0 0 -1">
            <n d="0 0 -1"/>
            <n d="0 0 -1"/>
            <n d="0 0 -1"/>
        </f>
        <f v="38 31 6" fn="-0 0 -1">
            <n d="0 0 -1"/>
            <n d="0 0 -1"/>
            <n d="0 0 -1"/>
        </f>
        <f v="40 9 39" fn="-0 -0 -1">
            <n d="0 0 -1"/>
            <n d="0 0 -1"/>
            <n d="0 0 -1"/>
        </f>
        <f v="39 30 38" fn="-0 0 -1">
            <n d="0 0 -1"/>
            <n d="0 0 -1"/>
            <n d="0 0 -1"/>
        </f>
        <f v="40 0 8" fn="0 -0 -1">
            <n d="0 0 -1"/>
            <n d="0 0 -1"/>
            <n d="0 0 -1"/>
        </f>
    </facets>
</shell>
</step-assembly>
