<?xml version="1.0" encoding="UTF-8" ?>
<step-assembly root="id742">
<product id="id742" name="7488915724" shape="id522"/>
<shape id="id522" unit="mm 0.001000">
    <child ref="id19" xform="1 0 0 0 0 1 0 0 0 0 1 0 0 0 0 1"/>
</shape>
<shape id="id19" unit="mm 0.001000" shell="id520"/>
<shell id="id520">
    <verts>
        <v p="0.235 0.2495 -0.85"/>
        <v p="-0.235 0.2495 -0.85"/>
        <v p="0.235 0.2495 -0.85"/>
        <v p="0.235 0.2495 -0.15"/>
        <v p="-0.235 0.2495 -0.15"/>
        <v p="-0.235 0.2495 -0.85"/>
        <v p="0.235 0.2495 -0.15"/>
        <v p="-0.235 0.2495 -0.15"/>
        <v p="1.3 0.25 -0.85"/>
        <v p="1.3 -0.25 -0.85"/>
        <v p="-1.3 -0.25 -0.85"/>
        <v p="-1.3 0.25 -0.85"/>
        <v p="-1.3 -0.25 0.85"/>
        <v p="1.3 -0.25 0.85"/>
        <v p="1.3 0.25 0.85"/>
        <v p="-1.3 0.25 0.85"/>
        <v p="-1.6 0.249 -0.849"/>
        <v p="-1.6 0.249 0.849"/>
        <v p="-1.3 0.249 0.849"/>
        <v p="-1.3 0.249 -0.849"/>
        <v p="-1.6 -0.249 -0.849"/>
        <v p="-1.3 -0.249 -0.849"/>
        <v p="-1.6 -0.249 0.849"/>
        <v p="-1.3 -0.249 0.849"/>
        <v p="1.6 -0.249 0.849"/>
        <v p="1.6 0.249 0.849"/>
        <v p="1.3 0.249 0.849"/>
        <v p="1.3 -0.249 0.849"/>
        <v p="1.6 -0.249 -0.849"/>
        <v p="1.3 -0.249 -0.849"/>
        <v p="1.6 0.249 -0.849"/>
        <v p="1.3 0.249 -0.849"/>
        <v p="0.1175 0.249 -0.85"/>
        <v p="0 0.249 -0.85"/>
        <v p="-0.1175 0.249 -0.85"/>
        <v p="1.03375 0.25 -0.85"/>
        <v p="0.7675 0.25 -0.85"/>
        <v p="0.50125 0.25 -0.85"/>
        <v p="1.3 0.125 -0.85"/>
        <v p="1.3 0 -0.85"/>
        <v p="1.3 -0.125 -0.85"/>
        <v p="0.65 -0.25 -0.85"/>
        <v p="0 -0.25 -0.85"/>
        <v p="-0.65 -0.25 -0.85"/>
        <v p="-1.3 -0.125 -0.85"/>
        <v p="-1.3 0 -0.85"/>
        <v p="-1.3 0.125 -0.85"/>
        <v p="-0.50125 0.25 -0.85"/>
        <v p="-0.7675 0.25 -0.85"/>
        <v p="-1.03375 0.25 -0.85"/>
        <v p="-0.65 -0.25 0.85"/>
        <v p="0 -0.25 0.85"/>
        <v p="0.65 -0.25 0.85"/>
        <v p="1.3 -0.125 0.85"/>
        <v p="1.3 0 0.85"/>
        <v p="1.3 0.125 0.85"/>
        <v p="-0.65 0.25 0.85"/>
        <v p="0 0.25 0.85"/>
        <v p="0.65 0.25 0.85"/>
        <v p="-1.3 0.125 0.85"/>
        <v p="-1.3 0 0.85"/>
        <v p="-1.3 -0.125 0.85"/>
        <v p="0.235 0.25 -0.325"/>
        <v p="0.235 0.25 -0.5"/>
        <v p="0.235 0.25 -0.675"/>
        <v p="-0.1175 0.25 -0.15"/>
        <v p="0 0.25 -0.15"/>
        <v p="0.1175 0.25 -0.15"/>
        <v p="-0.235 0.25 -0.675"/>
        <v p="-0.235 0.25 -0.5"/>
        <v p="-0.235 0.25 -0.325"/>
        <v p="-1.3 0.25 -0.425"/>
        <v p="-1.3 0.25 0"/>
        <v p="-1.3 0.25 0.425"/>
        <v p="1.3 0.25 0.425"/>
        <v p="1.3 0.25 0"/>
        <v p="1.3 0.25 -0.425"/>
        <v p="1.3 -0.25 -0.425"/>
        <v p="1.3 -0.25 0"/>
        <v p="1.3 -0.25 0.425"/>
        <v p="-1.3 -0.25 0.425"/>
        <v p="-1.3 -0.25 0"/>
        <v p="-1.3 -0.25 -0.425"/>
        <v p="-1.6 0.249 -0.4245"/>
        <v p="-1.6 0.249 0"/>
        <v p="-1.6 0.249 0.4245"/>
        <v p="-1.375 0.249 0.849"/>
        <v p="-1.45 0.249 0.849"/>
        <v p="-1.525 0.249 0.849"/>
        <v p="-1.3 0.249 -0.4245"/>
        <v p="-1.3 0.249 0"/>
        <v p="-1.3 0.249 0.4245"/>
        <v p="-1.375 0.249 -0.849"/>
        <v p="-1.45 0.249 -0.849"/>
        <v p="-1.525 0.249 -0.849"/>
        <v p="-1.6 -0.1245 -0.849"/>
        <v p="-1.6 0 -0.849"/>
        <v p="-1.6 0.1245 -0.849"/>
        <v p="-1.3 -0.1245 -0.849"/>
        <v p="-1.3 0 -0.849"/>
        <v p="-1.3 0.1245 -0.849"/>
        <v p="-1.375 -0.249 -0.849"/>
        <v p="-1.45 -0.249 -0.849"/>
        <v p="-1.525 -0.249 -0.849"/>
        <v p="-1.6 -0.249 0.4245"/>
        <v p="-1.6 -0.249 0"/>
        <v p="-1.6 -0.249 -0.4245"/>
        <v p="-1.3 -0.249 0.4245"/>
        <v p="-1.3 -0.249 0"/>
        <v p="-1.3 -0.249 -0.4245"/>
        <v p="-1.375 -0.249 0.849"/>
        <v p="-1.45 -0.249 0.849"/>
        <v p="-1.525 -0.249 0.849"/>
        <v p="-1.6 0.1245 0.849"/>
        <v p="-1.6 0 0.849"/>
        <v p="-1.6 -0.1245 0.849"/>
        <v p="-1.3 0.1245 0.849"/>
        <v p="-1.3 0 0.849"/>
        <v p="-1.3 -0.1245 0.849"/>
        <v p="1.6 -0.1245 0.849"/>
        <v p="1.6 0 0.849"/>
        <v p="1.6 0.1245 0.849"/>
        <v p="1.375 0.249 0.849"/>
        <v p="1.45 0.249 0.849"/>
        <v p="1.525 0.249 0.849"/>
        <v p="1.3 -0.1245 0.849"/>
        <v p="1.3 0 0.849"/>
        <v p="1.3 0.1245 0.849"/>
        <v p="1.375 -0.249 0.849"/>
        <v p="1.45 -0.249 0.849"/>
        <v p="1.525 -0.249 0.849"/>
        <v p="1.6 -0.249 -0.4245"/>
        <v p="1.6 -0.249 0"/>
        <v p="1.6 -0.249 0.4245"/>
        <v p="1.3 -0.249 -0.4245"/>
        <v p="1.3 -0.249 0"/>
        <v p="1.3 -0.249 0.4245"/>
        <v p="1.375 -0.249 -0.849"/>
        <v p="1.45 -0.249 -0.849"/>
        <v p="1.525 -0.249 -0.849"/>
        <v p="1.6 0.1245 -0.849"/>
        <v p="1.6 0 -0.849"/>
        <v p="1.6 -0.1245 -0.849"/>
        <v p="1.3 0.1245 -0.849"/>
        <v p="1.3 0 -0.849"/>
        <v p="1.3 -0.1245 -0.849"/>
        <v p="1.375 0.249 -0.849"/>
        <v p="1.45 0.249 -0.849"/>
        <v p="1.525 0.249 -0.849"/>
        <v p="1.6 0.249 0.4245"/>
        <v p="1.6 0.249 0"/>
        <v p="1.6 0.249 -0.4245"/>
        <v p="1.3 0.249 0.4245"/>
        <v p="1.3 0.249 0"/>
        <v p="1.3 0.249 -0.4245"/>
        <v p="0.235 0.249 -0.325"/>
        <v p="0.235 0.249 -0.5"/>
        <v p="0.235 0.249 -0.675"/>
        <v p="-0.235 0.249 -0.675"/>
        <v p="-0.235 0.249 -0.5"/>
        <v p="-0.235 0.249 -0.325"/>
        <v p="-0.1175 0.249 -0.15"/>
        <v p="0 0.249 -0.15"/>
        <v p="0.1175 0.249 -0.15"/>
    </verts>
    <facets color="333333">
        <f v="45 1 34" fn="-0 -0 -1">
            <n d="0 0 -1"/>
            <n d="0 0 -1"/>
            <n d="0 0 -1"/>
        </f>
        <f v="45 34 33" fn="-0 -0 -1">
            <n d="0 0 -1"/>
            <n d="0 0 -1"/>
            <n d="0 0 -1"/>
        </f>
        <f v="39 33 32" fn="-0 -0 -1">
            <n d="0 0 -1"/>
            <n d="0 0 -1"/>
            <n d="0 0 -1"/>
        </f>
        <f v="39 32 0" fn="-0 -0 -1">
            <n d="0 0 -1"/>
            <n d="0 0 -1"/>
            <n d="0 0 -1"/>
        </f>
        <f v="38 0 37" fn="0 0 -1">
            <n d="0 0 -1"/>
            <n d="0 0 -1"/>
            <n d="0 0 -1"/>
        </f>
        <f v="38 35 8" fn="-0 0 -1">
            <n d="0 0 -1"/>
            <n d="0 0 -1"/>
            <n d="0 0 -1"/>
        </f>
        <f v="38 36 35" fn="-0 -0 -1">
            <n d="0 0 -1"/>
            <n d="0 0 -1"/>
            <n d="0 0 -1"/>
        </f>
        <f v="38 37 36" fn="0 0 -1">
            <n d="0 0 -1"/>
            <n d="0 0 -1"/>
            <n d="0 0 -1"/>
        </f>
        <f v="39 0 38" fn="0 0 -1">
            <n d="0 0 -1"/>
            <n d="0 0 -1"/>
            <n d="0 0 -1"/>
        </f>
        <f v="42 33 39" fn="0 0 -1">
            <n d="0 0 -1"/>
            <n d="0 0 -1"/>
            <n d="0 0 -1"/>
        </f>
        <f v="42 39 40" fn="-0 -0 -1">
            <n d="0 0 -1"/>
            <n d="0 0 -1"/>
            <n d="0 0 -1"/>
        </f>
        <f v="41 40 9" fn="0 0 -1">
            <n d="0 0 -1"/>
            <n d="0 0 -1"/>
            <n d="0 0 -1"/>
        </f>
        <f v="42 40 41" fn="0 0 -1">
            <n d="0 0 -1"/>
            <n d="0 0 -1"/>
            <n d="0 0 -1"/>
        </f>
        <f v="45 33 42" fn="0 0 -1">
            <n d="0 0 -1"/>
            <n d="0 0 -1"/>
            <n d="0 0 -1"/>
        </f>
        <f v="45 42 43" fn="-0 -0 -1">
            <n d="0 0 -1"/>
            <n d="0 0 -1"/>
            <n d="0 0 -1"/>
        </f>
        <f v="44 43 10" fn="0 0 -1">
            <n d="0 0 -1"/>
            <n d="0 0 -1"/>
            <n d="0 0 -1"/>
        </f>
        <f v="45 43 44" fn="0 0 -1">
            <n d="0 0 -1"/>
            <n d="0 0 -1"/>
            <n d="0 0 -1"/>
        </f>
        <f v="46 1 45" fn="0 -0 -1">
            <n d="0 0 -1"/>
            <n d="0 0 -1"/>
            <n d="0 0 -1"/>
        </f>
        <f v="47 1 46" fn="-0 -0 -1">
            <n d="0 0 -1"/>
            <n d="0 0 -1"/>
            <n d="0 0 -1"/>
        </f>
        <f v="49 46 11" fn="-0 0 -1">
            <n d="0 0 -1"/>
            <n d="0 0 -1"/>
            <n d="0 0 -1"/>
        </f>
        <f v="48 46 49" fn="-0 0 -1">
            <n d="0 0 -1"/>
            <n d="0 0 -1"/>
            <n d="0 0 -1"/>
        </f>
        <f v="47 46 48" fn="-0 0 -1">
            <n d="0 0 -1"/>
            <n d="0 0 -1"/>
            <n d="0 0 -1"/>
        </f>
    </facets>
    <facets color="333333">
        <f v="61 50 51" fn="-0 -0 1">
            <n d="0 0 1"/>
            <n d="0 0 1"/>
            <n d="0 0 1"/>
        </f>
        <f v="54 51 52" fn="-0 -0 1">
            <n d="0 0 1"/>
            <n d="0 0 1"/>
            <n d="0 0 1"/>
        </f>
        <f v="53 52 13" fn="0 0 1">
            <n d="0 0 1"/>
            <n d="0 0 1"/>
            <n d="0 0 1"/>
        </f>
        <f v="54 52 53" fn="0 0 1">
            <n d="0 0 1"/>
            <n d="0 0 1"/>
            <n d="0 0 1"/>
        </f>
        <f v="60 51 54" fn="-0 -0 1">
            <n d="0 0 1"/>
            <n d="0 0 1"/>
            <n d="0 0 1"/>
        </f>
        <f v="58 54 55" fn="0 0 1">
            <n d="0 0 1"/>
            <n d="0 0 1"/>
            <n d="0 0 1"/>
        </f>
        <f v="58 55 14" fn="-0 0 1">
            <n d="0 0 1"/>
            <n d="0 0 1"/>
            <n d="0 0 1"/>
        </f>
        <f v="57 54 58" fn="-0 0 1">
            <n d="0 0 1"/>
            <n d="0 0 1"/>
            <n d="0 0 1"/>
        </f>
        <f v="60 54 57" fn="0 0 1">
            <n d="0 0 1"/>
            <n d="0 0 1"/>
            <n d="0 0 1"/>
        </f>
        <f v="59 57 56" fn="0 0 1">
            <n d="0 0 1"/>
            <n d="0 0 1"/>
            <n d="0 0 1"/>
        </f>
        <f v="59 56 15" fn="0 0 1">
            <n d="0 0 1"/>
            <n d="0 0 1"/>
            <n d="0 0 1"/>
        </f>
        <f v="61 51 60" fn="-0 0 1">
            <n d="0 0 1"/>
            <n d="0 0 1"/>
            <n d="0 0 1"/>
        </f>
        <f v="60 57 59" fn="0 0 1">
            <n d="0 0 1"/>
            <n d="0 0 1"/>
            <n d="0 0 1"/>
        </f>
        <f v="61 12 50" fn="-0 -0 1">
            <n d="0 0 1"/>
            <n d="0 0 1"/>
            <n d="0 0 1"/>
        </f>
    </facets>
    <facets color="333333">
        <f v="36 64 63" fn="-0 1 -0">
            <n d="0 1 0"/>
            <n d="0 1 0"/>
            <n d="0 1 0"/>
        </f>
        <f v="76 63 62" fn="0 1 -0">
            <n d="0 1 0"/>
            <n d="0 1 0"/>
            <n d="0 1 0"/>
        </f>
        <f v="57 3 67" fn="0.00425528009045041 0.999990821255846 0.000499995410627923">
            <n d="0 1 0"/>
            <n d="0 1 0"/>
            <n d="0 1 0"/>
        </f>
        <f v="57 67 66" fn="-0 1 -0">
            <n d="0 1 0"/>
            <n d="0 1 0"/>
            <n d="0 1 0"/>
        </f>
        <f v="57 66 65" fn="-0 1 0">
            <n d="0 1 0"/>
            <n d="0 1 0"/>
            <n d="0 1 0"/>
        </f>
        <f v="71 4 70" fn="-0.000268275219961553 0.999995882406686 0.00285713109259053">
            <n d="0 1 0"/>
            <n d="0 1 0"/>
            <n d="0 1 0"/>
        </f>
        <f v="71 70 69" fn="-0 1 -0">
            <n d="0 1 0"/>
            <n d="0 1 0"/>
            <n d="0 1 0"/>
        </f>
        <f v="47 68 1" fn="0.00187792329596249 0.999994155100026 -0.00285712615742865">
            <n d="0 1 0"/>
            <n d="0 1 0"/>
            <n d="0 1 0"/>
        </f>
        <f v="48 69 68" fn="-0 1 -0">
            <n d="0 1 0"/>
            <n d="0 1 0"/>
            <n d="0 1 0"/>
        </f>
        <f v="48 68 47" fn="0 1 0">
            <n d="0 1 0"/>
            <n d="0 1 0"/>
            <n d="0 1 0"/>
        </f>
        <f v="71 69 48" fn="-0 1 -0">
            <n d="0 1 0"/>
            <n d="0 1 0"/>
            <n d="0 1 0"/>
        </f>
        <f v="71 48 49" fn="0 1 0">
            <n d="0 1 0"/>
            <n d="0 1 0"/>
            <n d="0 1 0"/>
        </f>
        <f v="71 49 11" fn="0 1 0">
            <n d="0 1 0"/>
            <n d="0 1 0"/>
            <n d="0 1 0"/>
        </f>
        <f v="72 4 71" fn="0.000469483516334558 0.999999889792608 0">
            <n d="0 1 0"/>
            <n d="0 1 0"/>
            <n d="0 1 0"/>
        </f>
        <f v="57 65 4" fn="-0.00425528009045041 0.999990821255846 0.000499995410627923">
            <n d="0 1 0"/>
            <n d="0 1 0"/>
            <n d="0 1 0"/>
        </f>
        <f v="73 4 72" fn="0.000469483516334558 0.999999889792608 0">
            <n d="0 1 0"/>
            <n d="0 1 0"/>
            <n d="0 1 0"/>
        </f>
        <f v="56 4 73" fn="0.000257147150555537 0.999999889601561 -0.000393283877320233">
            <n d="0 1 0"/>
            <n d="0 1 0"/>
            <n d="0 1 0"/>
        </f>
        <f v="56 73 15" fn="0 1 0">
            <n d="0 1 0"/>
            <n d="0 1 0"/>
            <n d="0 1 0"/>
        </f>
        <f v="76 62 3" fn="0.000268275219961553 0.999995882406686 0.00285713109259053">
            <n d="0 1 0"/>
            <n d="0 1 0"/>
            <n d="0 1 0"/>
        </f>
        <f v="57 4 56" fn="0 0.999999875000023 -0.000499999937500012">
            <n d="0 1 0"/>
            <n d="0 1 0"/>
            <n d="0 1 0"/>
        </f>
        <f v="58 3 57" fn="0 0.999999875000023 -0.000499999937500012">
            <n d="0 1 0"/>
            <n d="0 1 0"/>
            <n d="0 1 0"/>
        </f>
        <f v="74 3 58" fn="-0.000257147150555537 0.999999889601561 -0.000393283877320233">
            <n d="0 1 0"/>
            <n d="0 1 0"/>
            <n d="0 1 0"/>
        </f>
        <f v="74 58 14" fn="0 1 -0">
            <n d="0 1 0"/>
            <n d="0 1 0"/>
            <n d="0 1 0"/>
        </f>
        <f v="75 3 74" fn="-0.000469483516334558 0.999999889792608 0">
            <n d="0 1 0"/>
            <n d="0 1 0"/>
            <n d="0 1 0"/>
        </f>
        <f v="76 3 75" fn="-0.000469483516334558 0.999999889792608 0">
            <n d="0 1 0"/>
            <n d="0 1 0"/>
            <n d="0 1 0"/>
        </f>
        <f v="36 63 76" fn="-0 1 -0">
            <n d="0 1 0"/>
            <n d="0 1 0"/>
            <n d="0 1 0"/>
        </f>
        <f v="36 76 35" fn="0 1 0">
            <n d="0 1 0"/>
            <n d="0 1 0"/>
            <n d="0 1 0"/>
        </f>
        <f v="35 76 8" fn="0 1 0">
            <n d="0 1 0"/>
            <n d="0 1 0"/>
            <n d="0 1 0"/>
        </f>
        <f v="37 64 36" fn="-0 1 -0">
            <n d="0 1 0"/>
            <n d="0 1 0"/>
            <n d="0 1 0"/>
        </f>
        <f v="37 0 64" fn="-0.00187792329596249 0.999994155100026 -0.00285712615742865">
            <n d="0 1 0"/>
            <n d="0 1 0"/>
            <n d="0 1 0"/>
        </f>
    </facets>
    <facets color="333333">
        <f v="42 81 82" fn="0 -1 0">
            <n d="-0 -1 -0"/>
            <n d="-0 -1 -0"/>
            <n d="-0 -1 -0"/>
        </f>
        <f v="51 80 81" fn="0 -1 0">
            <n d="-0 -1 -0"/>
            <n d="-0 -1 -0"/>
            <n d="-0 -1 -0"/>
        </f>
        <f v="50 12 80" fn="-0 -1 -0">
            <n d="-0 -1 -0"/>
            <n d="-0 -1 -0"/>
            <n d="-0 -1 -0"/>
        </f>
        <f v="51 50 80" fn="-0 -1 -0">
            <n d="-0 -1 -0"/>
            <n d="-0 -1 -0"/>
            <n d="-0 -1 -0"/>
        </f>
        <f v="78 51 81" fn="0 -1 0">
            <n d="-0 -1 -0"/>
            <n d="-0 -1 -0"/>
            <n d="-0 -1 -0"/>
        </f>
        <f v="79 52 51" fn="-0 -1 -0">
            <n d="-0 -1 -0"/>
            <n d="-0 -1 -0"/>
            <n d="-0 -1 -0"/>
        </f>
        <f v="79 13 52" fn="-0 -1 0">
            <n d="-0 -1 -0"/>
            <n d="-0 -1 -0"/>
            <n d="-0 -1 -0"/>
        </f>
        <f v="78 79 51" fn="-0 -1 0">
            <n d="-0 -1 -0"/>
            <n d="-0 -1 -0"/>
            <n d="-0 -1 -0"/>
        </f>
        <f v="42 78 81" fn="0 -1 0">
            <n d="-0 -1 -0"/>
            <n d="-0 -1 -0"/>
            <n d="-0 -1 -0"/>
        </f>
        <f v="42 77 78" fn="0 -1 0">
            <n d="-0 -1 -0"/>
            <n d="-0 -1 -0"/>
            <n d="-0 -1 -0"/>
        </f>
        <f v="41 9 77" fn="-0 -1 -0">
            <n d="-0 -1 -0"/>
            <n d="-0 -1 -0"/>
            <n d="-0 -1 -0"/>
        </f>
        <f v="43 42 82" fn="-0 -1 0">
            <n d="-0 -1 -0"/>
            <n d="-0 -1 -0"/>
            <n d="-0 -1 -0"/>
        </f>
        <f v="42 41 77" fn="-0 -1 -0">
            <n d="-0 -1 -0"/>
            <n d="-0 -1 -0"/>
            <n d="-0 -1 -0"/>
        </f>
        <f v="43 82 10" fn="0 -1 0">
            <n d="-0 -1 -0"/>
            <n d="-0 -1 -0"/>
            <n d="-0 -1 -0"/>
        </f>
    </facets>
    <facets color="b2b2b2">
        <f v="83 93 94" fn="0 1 0">
            <n d="-0 1 -0"/>
            <n d="-0 1 -0"/>
            <n d="-0 1 -0"/>
        </f>
        <f v="90 92 93" fn="0 1 0">
            <n d="-0 1 -0"/>
            <n d="-0 1 -0"/>
            <n d="-0 1 -0"/>
        </f>
        <f v="89 19 92" fn="-0 1 0">
            <n d="-0 1 -0"/>
            <n d="-0 1 -0"/>
            <n d="-0 1 -0"/>
        </f>
        <f v="90 89 92" fn="-0 1 0">
            <n d="-0 1 -0"/>
            <n d="-0 1 -0"/>
            <n d="-0 1 -0"/>
        </f>
        <f v="87 90 93" fn="0 1 0">
            <n d="-0 1 -0"/>
            <n d="-0 1 -0"/>
            <n d="-0 1 -0"/>
        </f>
        <f v="86 91 90" fn="-0 1 -0">
            <n d="-0 1 -0"/>
            <n d="-0 1 -0"/>
            <n d="-0 1 -0"/>
        </f>
        <f v="86 18 91" fn="-0 1 -0">
            <n d="-0 1 -0"/>
            <n d="-0 1 -0"/>
            <n d="-0 1 -0"/>
        </f>
        <f v="87 86 90" fn="-0 1 -0">
            <n d="-0 1 -0"/>
            <n d="-0 1 -0"/>
            <n d="-0 1 -0"/>
        </f>
        <f v="84 87 93" fn="-0 1 0">
            <n d="-0 1 -0"/>
            <n d="-0 1 -0"/>
            <n d="-0 1 -0"/>
        </f>
        <f v="83 84 93" fn="-0 1 -0">
            <n d="-0 1 -0"/>
            <n d="-0 1 -0"/>
            <n d="-0 1 -0"/>
        </f>
        <f v="85 17 88" fn="0 1 0">
            <n d="-0 1 -0"/>
            <n d="-0 1 -0"/>
            <n d="-0 1 -0"/>
        </f>
        <f v="85 88 87" fn="-0 1 -0">
            <n d="-0 1 -0"/>
            <n d="-0 1 -0"/>
            <n d="-0 1 -0"/>
        </f>
        <f v="84 85 87" fn="-0 1 -0">
            <n d="-0 1 -0"/>
            <n d="-0 1 -0"/>
            <n d="-0 1 -0"/>
        </f>
        <f v="83 94 16" fn="0 1 0">
            <n d="-0 1 -0"/>
            <n d="-0 1 -0"/>
            <n d="-0 1 -0"/>
        </f>
    </facets>
    <facets color="b2b2b2">
        <f v="95 102 103" fn="0 0 -1">
            <n d="1.27553196763001e-016 -0 -1"/>
            <n d="1.27553196763001e-016 -0 -1"/>
            <n d="1.27553196763001e-016 -0 -1"/>
        </f>
        <f v="99 101 102" fn="0 0 -1">
            <n d="1.27553196763001e-016 -0 -1"/>
            <n d="1.27553196763001e-016 -0 -1"/>
            <n d="1.27553196763001e-016 -0 -1"/>
        </f>
        <f v="98 21 101" fn="-0 -0 -1">
            <n d="1.27553196763001e-016 -0 -1"/>
            <n d="1.27553196763001e-016 -0 -1"/>
            <n d="1.27553196763001e-016 -0 -1"/>
        </f>
        <f v="99 98 101" fn="-0 -0 -1">
            <n d="1.27553196763001e-016 -0 -1"/>
            <n d="1.27553196763001e-016 -0 -1"/>
            <n d="1.27553196763001e-016 -0 -1"/>
        </f>
        <f v="93 99 102" fn="0 0 -1">
            <n d="1.27553196763001e-016 -0 -1"/>
            <n d="1.27553196763001e-016 -0 -1"/>
            <n d="1.27553196763001e-016 -0 -1"/>
        </f>
        <f v="93 100 99" fn="0 0 -1">
            <n d="1.27553196763001e-016 -0 -1"/>
            <n d="1.27553196763001e-016 -0 -1"/>
            <n d="1.27553196763001e-016 -0 -1"/>
        </f>
        <f v="92 19 100" fn="0 -0 -1">
            <n d="1.27553196763001e-016 -0 -1"/>
            <n d="1.27553196763001e-016 -0 -1"/>
            <n d="1.27553196763001e-016 -0 -1"/>
        </f>
        <f v="93 92 100" fn="0 -0 -1">
            <n d="1.27553196763001e-016 -0 -1"/>
            <n d="1.27553196763001e-016 -0 -1"/>
            <n d="1.27553196763001e-016 -0 -1"/>
        </f>
        <f v="96 93 102" fn="0 0 -1">
            <n d="1.27553196763001e-016 -0 -1"/>
            <n d="1.27553196763001e-016 -0 -1"/>
            <n d="1.27553196763001e-016 -0 -1"/>
        </f>
        <f v="97 94 93" fn="-0 -0 -1">
            <n d="1.27553196763001e-016 -0 -1"/>
            <n d="1.27553196763001e-016 -0 -1"/>
            <n d="1.27553196763001e-016 -0 -1"/>
        </f>
        <f v="97 16 94" fn="-0 -0 -1">
            <n d="1.27553196763001e-016 -0 -1"/>
            <n d="1.27553196763001e-016 -0 -1"/>
            <n d="1.27553196763001e-016 -0 -1"/>
        </f>
        <f v="95 96 102" fn="0 -0 -1">
            <n d="1.27553196763001e-016 -0 -1"/>
            <n d="1.27553196763001e-016 -0 -1"/>
            <n d="1.27553196763001e-016 -0 -1"/>
        </f>
        <f v="96 97 93" fn="-0 -0 -1">
            <n d="1.27553196763001e-016 -0 -1"/>
            <n d="1.27553196763001e-016 -0 -1"/>
            <n d="1.27553196763001e-016 -0 -1"/>
        </f>
        <f v="95 103 20" fn="0 0 -1">
            <n d="1.27553196763001e-016 -0 -1"/>
            <n d="1.27553196763001e-016 -0 -1"/>
            <n d="1.27553196763001e-016 -0 -1"/>
        </f>
    </facets>
    <facets color="b2b2b2">
        <f v="104 111 112" fn="0 -1 0">
            <n d="-0 -1 -0"/>
            <n d="-0 -1 -0"/>
            <n d="-0 -1 -0"/>
        </f>
        <f v="108 110 111" fn="0 -1 0">
            <n d="-0 -1 -0"/>
            <n d="-0 -1 -0"/>
            <n d="-0 -1 -0"/>
        </f>
        <f v="107 23 110" fn="-0 -1 0">
            <n d="-0 -1 -0"/>
            <n d="-0 -1 -0"/>
            <n d="-0 -1 -0"/>
        </f>
        <f v="108 107 110" fn="-0 -1 0">
            <n d="-0 -1 -0"/>
            <n d="-0 -1 -0"/>
            <n d="-0 -1 -0"/>
        </f>
        <f v="102 108 111" fn="0 -1 0">
            <n d="-0 -1 -0"/>
            <n d="-0 -1 -0"/>
            <n d="-0 -1 -0"/>
        </f>
        <f v="101 109 108" fn="-0 -1 -0">
            <n d="-0 -1 -0"/>
            <n d="-0 -1 -0"/>
            <n d="-0 -1 -0"/>
        </f>
        <f v="101 21 109" fn="-0 -1 -0">
            <n d="-0 -1 -0"/>
            <n d="-0 -1 -0"/>
            <n d="-0 -1 -0"/>
        </f>
        <f v="102 101 108" fn="-0 -1 -0">
            <n d="-0 -1 -0"/>
            <n d="-0 -1 -0"/>
            <n d="-0 -1 -0"/>
        </f>
        <f v="105 102 111" fn="0 -1 0">
            <n d="-0 -1 -0"/>
            <n d="-0 -1 -0"/>
            <n d="-0 -1 -0"/>
        </f>
        <f v="104 105 111" fn="0 -1 -0">
            <n d="-0 -1 -0"/>
            <n d="-0 -1 -0"/>
            <n d="-0 -1 -0"/>
        </f>
        <f v="106 20 103" fn="0 -1 0">
            <n d="-0 -1 -0"/>
            <n d="-0 -1 -0"/>
            <n d="-0 -1 -0"/>
        </f>
        <f v="106 103 102" fn="-0 -1 -0">
            <n d="-0 -1 -0"/>
            <n d="-0 -1 -0"/>
            <n d="-0 -1 -0"/>
        </f>
        <f v="105 106 102" fn="-0 -1 -0">
            <n d="-0 -1 -0"/>
            <n d="-0 -1 -0"/>
            <n d="-0 -1 -0"/>
        </f>
        <f v="104 112 22" fn="0 -1 0">
            <n d="-0 -1 -0"/>
            <n d="-0 -1 -0"/>
            <n d="-0 -1 -0"/>
        </f>
    </facets>
    <facets color="b2b2b2">
        <f v="113 87 88" fn="0 0 1">
            <n d="-1.27553196763001e-016 -0 1"/>
            <n d="-1.27553196763001e-016 -0 1"/>
            <n d="-1.27553196763001e-016 -0 1"/>
        </f>
        <f v="116 18 86" fn="0 -0 1">
            <n d="-1.27553196763001e-016 -0 1"/>
            <n d="-1.27553196763001e-016 -0 1"/>
            <n d="-1.27553196763001e-016 -0 1"/>
        </f>
        <f v="117 86 87" fn="0 0 1">
            <n d="-1.27553196763001e-016 -0 1"/>
            <n d="-1.27553196763001e-016 -0 1"/>
            <n d="-1.27553196763001e-016 -0 1"/>
        </f>
        <f v="117 116 86" fn="-0 -0 1">
            <n d="-1.27553196763001e-016 -0 1"/>
            <n d="-1.27553196763001e-016 -0 1"/>
            <n d="-1.27553196763001e-016 -0 1"/>
        </f>
        <f v="111 117 87" fn="0 0 1">
            <n d="-1.27553196763001e-016 -0 1"/>
            <n d="-1.27553196763001e-016 -0 1"/>
            <n d="-1.27553196763001e-016 -0 1"/>
        </f>
        <f v="111 118 117" fn="0 0 1">
            <n d="-1.27553196763001e-016 -0 1"/>
            <n d="-1.27553196763001e-016 -0 1"/>
            <n d="-1.27553196763001e-016 -0 1"/>
        </f>
        <f v="110 23 118" fn="-0 -0 1">
            <n d="-1.27553196763001e-016 -0 1"/>
            <n d="-1.27553196763001e-016 -0 1"/>
            <n d="-1.27553196763001e-016 -0 1"/>
        </f>
        <f v="111 110 118" fn="-0 -0 1">
            <n d="-1.27553196763001e-016 -0 1"/>
            <n d="-1.27553196763001e-016 -0 1"/>
            <n d="-1.27553196763001e-016 -0 1"/>
        </f>
        <f v="114 111 87" fn="-0 0 1">
            <n d="-1.27553196763001e-016 -0 1"/>
            <n d="-1.27553196763001e-016 -0 1"/>
            <n d="-1.27553196763001e-016 -0 1"/>
        </f>
        <f v="113 114 87" fn="-0 -0 1">
            <n d="-1.27553196763001e-016 -0 1"/>
            <n d="-1.27553196763001e-016 -0 1"/>
            <n d="-1.27553196763001e-016 -0 1"/>
        </f>
        <f v="115 22 112" fn="0 0 1">
            <n d="-1.27553196763001e-016 -0 1"/>
            <n d="-1.27553196763001e-016 -0 1"/>
            <n d="-1.27553196763001e-016 -0 1"/>
        </f>
        <f v="115 112 111" fn="-0 -0 1">
            <n d="-1.27553196763001e-016 -0 1"/>
            <n d="-1.27553196763001e-016 -0 1"/>
            <n d="-1.27553196763001e-016 -0 1"/>
        </f>
        <f v="114 115 111" fn="-0 -0 1">
            <n d="-1.27553196763001e-016 -0 1"/>
            <n d="-1.27553196763001e-016 -0 1"/>
            <n d="-1.27553196763001e-016 -0 1"/>
        </f>
        <f v="113 88 17" fn="0 0 1">
            <n d="-1.27553196763001e-016 -0 1"/>
            <n d="-1.27553196763001e-016 -0 1"/>
            <n d="-1.27553196763001e-016 -0 1"/>
        </f>
    </facets>
    <facets color="b2b2b2">
        <f v="80 12 23" fn="-1 -0 -0">
            <n d="-1 -0 -1.27553196763001e-016"/>
            <n d="-1 -0 -1.27553196763001e-016"/>
            <n d="-1 -0 -1.27553196763001e-016"/>
        </f>
        <f v="46 45 100" fn="-1 0 0">
            <n d="-1 -0 -1.27553196763001e-016"/>
            <n d="-1 -0 -1.27553196763001e-016"/>
            <n d="-1 -0 -1.27553196763001e-016"/>
        </f>
        <f v="71 19 89" fn="-1 -0 0">
            <n d="-1 -0 -1.27553196763001e-016"/>
            <n d="-1 -0 -1.27553196763001e-016"/>
            <n d="-1 -0 -1.27553196763001e-016"/>
        </f>
        <f v="81 80 107" fn="-1 -0 -0">
            <n d="-1 -0 -1.27553196763001e-016"/>
            <n d="-1 -0 -1.27553196763001e-016"/>
            <n d="-1 -0 -1.27553196763001e-016"/>
        </f>
        <f v="45 44 98" fn="-1 -0 -0">
            <n d="-1 -0 -1.27553196763001e-016"/>
            <n d="-1 -0 -1.27553196763001e-016"/>
            <n d="-1 -0 -1.27553196763001e-016"/>
        </f>
        <f v="82 81 109" fn="-1 0 0">
            <n d="-1 -0 -1.27553196763001e-016"/>
            <n d="-1 -0 -1.27553196763001e-016"/>
            <n d="-1 -0 -1.27553196763001e-016"/>
        </f>
        <f v="21 98 44" fn="-1 0 0">
            <n d="-1 -0 -1.27553196763001e-016"/>
            <n d="-1 -0 -1.27553196763001e-016"/>
            <n d="-1 -0 -1.27553196763001e-016"/>
        </f>
        <f v="118 23 61" fn="-1 0 0">
            <n d="-1 -0 -1.27553196763001e-016"/>
            <n d="-1 -0 -1.27553196763001e-016"/>
            <n d="-1 -0 -1.27553196763001e-016"/>
        </f>
        <f v="12 61 23" fn="-1 0 0">
            <n d="-1 -0 -1.27553196763001e-016"/>
            <n d="-1 -0 -1.27553196763001e-016"/>
            <n d="-1 -0 -1.27553196763001e-016"/>
        </f>
        <f v="73 91 18" fn="-1 -0 -0">
            <n d="-1 -0 -1.27553196763001e-016"/>
            <n d="-1 -0 -1.27553196763001e-016"/>
            <n d="-1 -0 -1.27553196763001e-016"/>
        </f>
        <f v="18 116 59" fn="-1 0 0">
            <n d="-1 -0 -1.27553196763001e-016"/>
            <n d="-1 -0 -1.27553196763001e-016"/>
            <n d="-1 -0 -1.27553196763001e-016"/>
        </f>
        <f v="59 15 18" fn="-1 0 -0">
            <n d="-1 -0 -1.27553196763001e-016"/>
            <n d="-1 -0 -1.27553196763001e-016"/>
            <n d="-1 -0 -1.27553196763001e-016"/>
        </f>
        <f v="60 116 117" fn="-1 0 0">
            <n d="-1 -0 -1.27553196763001e-016"/>
            <n d="-1 -0 -1.27553196763001e-016"/>
            <n d="-1 -0 -1.27553196763001e-016"/>
        </f>
        <f v="60 59 116" fn="-1 0 -0">
            <n d="-1 -0 -1.27553196763001e-016"/>
            <n d="-1 -0 -1.27553196763001e-016"/>
            <n d="-1 -0 -1.27553196763001e-016"/>
        </f>
        <f v="60 117 118" fn="-1 -0 -0">
            <n d="-1 -0 -1.27553196763001e-016"/>
            <n d="-1 -0 -1.27553196763001e-016"/>
            <n d="-1 -0 -1.27553196763001e-016"/>
        </f>
        <f v="61 60 118" fn="-1 0 0">
            <n d="-1 -0 -1.27553196763001e-016"/>
            <n d="-1 -0 -1.27553196763001e-016"/>
            <n d="-1 -0 -1.27553196763001e-016"/>
        </f>
        <f v="80 23 107" fn="-1 0 0">
            <n d="-1 -0 -1.27553196763001e-016"/>
            <n d="-1 -0 -1.27553196763001e-016"/>
            <n d="-1 -0 -1.27553196763001e-016"/>
        </f>
        <f v="81 107 108" fn="-1 0 0">
            <n d="-1 -0 -1.27553196763001e-016"/>
            <n d="-1 -0 -1.27553196763001e-016"/>
            <n d="-1 -0 -1.27553196763001e-016"/>
        </f>
        <f v="81 108 109" fn="-1 0 0">
            <n d="-1 -0 -1.27553196763001e-016"/>
            <n d="-1 -0 -1.27553196763001e-016"/>
            <n d="-1 -0 -1.27553196763001e-016"/>
        </f>
        <f v="82 109 21" fn="-1 0 0">
            <n d="-1 -0 -1.27553196763001e-016"/>
            <n d="-1 -0 -1.27553196763001e-016"/>
            <n d="-1 -0 -1.27553196763001e-016"/>
        </f>
        <f v="10 82 21" fn="-1 0 0">
            <n d="-1 -0 -1.27553196763001e-016"/>
            <n d="-1 -0 -1.27553196763001e-016"/>
            <n d="-1 -0 -1.27553196763001e-016"/>
        </f>
        <f v="44 10 21" fn="-1 -0 -0">
            <n d="-1 -0 -1.27553196763001e-016"/>
            <n d="-1 -0 -1.27553196763001e-016"/>
            <n d="-1 -0 -1.27553196763001e-016"/>
        </f>
        <f v="45 98 99" fn="-1 0 0">
            <n d="-1 -0 -1.27553196763001e-016"/>
            <n d="-1 -0 -1.27553196763001e-016"/>
            <n d="-1 -0 -1.27553196763001e-016"/>
        </f>
        <f v="45 99 100" fn="-1 0 0">
            <n d="-1 -0 -1.27553196763001e-016"/>
            <n d="-1 -0 -1.27553196763001e-016"/>
            <n d="-1 -0 -1.27553196763001e-016"/>
        </f>
        <f v="100 19 46" fn="-1 0 0">
            <n d="-1 -0 -1.27553196763001e-016"/>
            <n d="-1 -0 -1.27553196763001e-016"/>
            <n d="-1 -0 -1.27553196763001e-016"/>
        </f>
        <f v="11 46 19" fn="-1 0 0">
            <n d="-1 -0 -1.27553196763001e-016"/>
            <n d="-1 -0 -1.27553196763001e-016"/>
            <n d="-1 -0 -1.27553196763001e-016"/>
        </f>
        <f v="71 11 19" fn="-1 -0 -0">
            <n d="-1 -0 -1.27553196763001e-016"/>
            <n d="-1 -0 -1.27553196763001e-016"/>
            <n d="-1 -0 -1.27553196763001e-016"/>
        </f>
        <f v="72 89 90" fn="-1 -0 0">
            <n d="-1 -0 -1.27553196763001e-016"/>
            <n d="-1 -0 -1.27553196763001e-016"/>
            <n d="-1 -0 -1.27553196763001e-016"/>
        </f>
        <f v="72 71 89" fn="-1 -0 -0">
            <n d="-1 -0 -1.27553196763001e-016"/>
            <n d="-1 -0 -1.27553196763001e-016"/>
            <n d="-1 -0 -1.27553196763001e-016"/>
        </f>
        <f v="72 90 91" fn="-1 -0 -0">
            <n d="-1 -0 -1.27553196763001e-016"/>
            <n d="-1 -0 -1.27553196763001e-016"/>
            <n d="-1 -0 -1.27553196763001e-016"/>
        </f>
        <f v="73 72 91" fn="-1 0 -0">
            <n d="-1 -0 -1.27553196763001e-016"/>
            <n d="-1 -0 -1.27553196763001e-016"/>
            <n d="-1 -0 -1.27553196763001e-016"/>
        </f>
        <f v="73 18 15" fn="-1 0 0">
            <n d="-1 -0 -1.27553196763001e-016"/>
            <n d="-1 -0 -1.27553196763001e-016"/>
            <n d="-1 -0 -1.27553196763001e-016"/>
        </f>
    </facets>
    <facets color="7f7f7f">
        <f v="113 85 84" fn="-1 -0 -0">
            <n d="-1 0 -1.27553196763001e-016"/>
            <n d="-1 0 -1.27553196763001e-016"/>
            <n d="-1 0 -1.27553196763001e-016"/>
        </f>
        <f v="97 83 16" fn="-1 -0 -0">
            <n d="-1 0 -1.27553196763001e-016"/>
            <n d="-1 0 -1.27553196763001e-016"/>
            <n d="-1 0 -1.27553196763001e-016"/>
        </f>
        <f v="97 84 83" fn="-1 0 0">
            <n d="-1 0 -1.27553196763001e-016"/>
            <n d="-1 0 -1.27553196763001e-016"/>
            <n d="-1 0 -1.27553196763001e-016"/>
        </f>
        <f v="96 84 97" fn="-1 0 0">
            <n d="-1 0 -1.27553196763001e-016"/>
            <n d="-1 0 -1.27553196763001e-016"/>
            <n d="-1 0 -1.27553196763001e-016"/>
        </f>
        <f v="114 84 96" fn="-1 -0 -0">
            <n d="-1 0 -1.27553196763001e-016"/>
            <n d="-1 0 -1.27553196763001e-016"/>
            <n d="-1 0 -1.27553196763001e-016"/>
        </f>
        <f v="106 96 95" fn="-1 0 0">
            <n d="-1 0 -1.27553196763001e-016"/>
            <n d="-1 0 -1.27553196763001e-016"/>
            <n d="-1 0 -1.27553196763001e-016"/>
        </f>
        <f v="106 95 20" fn="-1 0 0">
            <n d="-1 0 -1.27553196763001e-016"/>
            <n d="-1 0 -1.27553196763001e-016"/>
            <n d="-1 0 -1.27553196763001e-016"/>
        </f>
        <f v="105 96 106" fn="-1 0 0">
            <n d="-1 0 -1.27553196763001e-016"/>
            <n d="-1 0 -1.27553196763001e-016"/>
            <n d="-1 0 -1.27553196763001e-016"/>
        </f>
        <f v="114 96 105" fn="-1 0 -0">
            <n d="-1 0 -1.27553196763001e-016"/>
            <n d="-1 0 -1.27553196763001e-016"/>
            <n d="-1 0 -1.27553196763001e-016"/>
        </f>
        <f v="113 84 114" fn="-1 -0 -0">
            <n d="-1 0 -1.27553196763001e-016"/>
            <n d="-1 0 -1.27553196763001e-016"/>
            <n d="-1 0 -1.27553196763001e-016"/>
        </f>
        <f v="115 104 22" fn="-1 -0 -0">
            <n d="-1 0 -1.27553196763001e-016"/>
            <n d="-1 0 -1.27553196763001e-016"/>
            <n d="-1 0 -1.27553196763001e-016"/>
        </f>
        <f v="115 105 104" fn="-1 0 0">
            <n d="-1 0 -1.27553196763001e-016"/>
            <n d="-1 0 -1.27553196763001e-016"/>
            <n d="-1 0 -1.27553196763001e-016"/>
        </f>
        <f v="114 105 115" fn="-1 -0 0">
            <n d="-1 0 -1.27553196763001e-016"/>
            <n d="-1 0 -1.27553196763001e-016"/>
            <n d="-1 0 -1.27553196763001e-016"/>
        </f>
        <f v="113 17 85" fn="-1 0 -0">
            <n d="-1 0 -1.27553196763001e-016"/>
            <n d="-1 0 -1.27553196763001e-016"/>
            <n d="-1 0 -1.27553196763001e-016"/>
        </f>
    </facets>
    <facets color="b2b2b2">
        <f v="119 129 130" fn="0 0 1">
            <n d="1.27553196763001e-016 -0 1"/>
            <n d="1.27553196763001e-016 -0 1"/>
            <n d="1.27553196763001e-016 -0 1"/>
        </f>
        <f v="126 128 129" fn="0 0 1">
            <n d="1.27553196763001e-016 -0 1"/>
            <n d="1.27553196763001e-016 -0 1"/>
            <n d="1.27553196763001e-016 -0 1"/>
        </f>
        <f v="125 27 128" fn="-0 -0 1">
            <n d="1.27553196763001e-016 -0 1"/>
            <n d="1.27553196763001e-016 -0 1"/>
            <n d="1.27553196763001e-016 -0 1"/>
        </f>
        <f v="126 125 128" fn="-0 -0 1">
            <n d="1.27553196763001e-016 -0 1"/>
            <n d="1.27553196763001e-016 -0 1"/>
            <n d="1.27553196763001e-016 -0 1"/>
        </f>
        <f v="123 126 129" fn="0 0 1">
            <n d="1.27553196763001e-016 -0 1"/>
            <n d="1.27553196763001e-016 -0 1"/>
            <n d="1.27553196763001e-016 -0 1"/>
        </f>
        <f v="123 127 126" fn="0 0 1">
            <n d="1.27553196763001e-016 -0 1"/>
            <n d="1.27553196763001e-016 -0 1"/>
            <n d="1.27553196763001e-016 -0 1"/>
        </f>
        <f v="122 26 127" fn="0 -0 1">
            <n d="1.27553196763001e-016 -0 1"/>
            <n d="1.27553196763001e-016 -0 1"/>
            <n d="1.27553196763001e-016 -0 1"/>
        </f>
        <f v="123 122 127" fn="0 -0 1">
            <n d="1.27553196763001e-016 -0 1"/>
            <n d="1.27553196763001e-016 -0 1"/>
            <n d="1.27553196763001e-016 -0 1"/>
        </f>
        <f v="120 123 129" fn="0 0 1">
            <n d="1.27553196763001e-016 -0 1"/>
            <n d="1.27553196763001e-016 -0 1"/>
            <n d="1.27553196763001e-016 -0 1"/>
        </f>
        <f v="121 124 123" fn="-0 -0 1">
            <n d="1.27553196763001e-016 -0 1"/>
            <n d="1.27553196763001e-016 -0 1"/>
            <n d="1.27553196763001e-016 -0 1"/>
        </f>
        <f v="121 25 124" fn="-0 -0 1">
            <n d="1.27553196763001e-016 -0 1"/>
            <n d="1.27553196763001e-016 -0 1"/>
            <n d="1.27553196763001e-016 -0 1"/>
        </f>
        <f v="119 120 129" fn="0 -0 1">
            <n d="1.27553196763001e-016 -0 1"/>
            <n d="1.27553196763001e-016 -0 1"/>
            <n d="1.27553196763001e-016 -0 1"/>
        </f>
        <f v="120 121 123" fn="-0 -0 1">
            <n d="1.27553196763001e-016 -0 1"/>
            <n d="1.27553196763001e-016 -0 1"/>
            <n d="1.27553196763001e-016 -0 1"/>
        </f>
        <f v="119 130 24" fn="0 0 1">
            <n d="1.27553196763001e-016 -0 1"/>
            <n d="1.27553196763001e-016 -0 1"/>
            <n d="1.27553196763001e-016 -0 1"/>
        </f>
    </facets>
    <facets color="b2b2b2">
        <f v="131 138 139" fn="0 -1 0">
            <n d="-0 -1 -0"/>
            <n d="-0 -1 -0"/>
            <n d="-0 -1 -0"/>
        </f>
        <f v="134 29 137" fn="0 -1 0">
            <n d="-0 -1 -0"/>
            <n d="-0 -1 -0"/>
            <n d="-0 -1 -0"/>
        </f>
        <f v="135 137 138" fn="0 -1 0">
            <n d="-0 -1 -0"/>
            <n d="-0 -1 -0"/>
            <n d="-0 -1 -0"/>
        </f>
        <f v="135 134 137" fn="-0 -1 -0">
            <n d="-0 -1 -0"/>
            <n d="-0 -1 -0"/>
            <n d="-0 -1 -0"/>
        </f>
        <f v="129 135 138" fn="0 -1 -0">
            <n d="-0 -1 -0"/>
            <n d="-0 -1 -0"/>
            <n d="-0 -1 -0"/>
        </f>
        <f v="128 136 135" fn="-0 -1 -0">
            <n d="-0 -1 -0"/>
            <n d="-0 -1 -0"/>
            <n d="-0 -1 -0"/>
        </f>
        <f v="128 27 136" fn="-0 -1 -0">
            <n d="-0 -1 -0"/>
            <n d="-0 -1 -0"/>
            <n d="-0 -1 -0"/>
        </f>
        <f v="129 128 135" fn="-0 -1 -0">
            <n d="-0 -1 -0"/>
            <n d="-0 -1 -0"/>
            <n d="-0 -1 -0"/>
        </f>
        <f v="132 129 138" fn="-0 -1 0">
            <n d="-0 -1 -0"/>
            <n d="-0 -1 -0"/>
            <n d="-0 -1 -0"/>
        </f>
        <f v="133 130 129" fn="-0 -1 -0">
            <n d="-0 -1 -0"/>
            <n d="-0 -1 -0"/>
            <n d="-0 -1 -0"/>
        </f>
        <f v="133 24 130" fn="-0 -1 0">
            <n d="-0 -1 -0"/>
            <n d="-0 -1 -0"/>
            <n d="-0 -1 -0"/>
        </f>
        <f v="131 132 138" fn="-0 -1 0">
            <n d="-0 -1 -0"/>
            <n d="-0 -1 -0"/>
            <n d="-0 -1 -0"/>
        </f>
        <f v="132 133 129" fn="-0 -1 0">
            <n d="-0 -1 -0"/>
            <n d="-0 -1 -0"/>
            <n d="-0 -1 -0"/>
        </f>
        <f v="131 139 28" fn="0 -1 -0">
            <n d="-0 -1 -0"/>
            <n d="-0 -1 -0"/>
            <n d="-0 -1 -0"/>
        </f>
    </facets>
    <facets color="b2b2b2">
        <f v="140 147 148" fn="0 0 -1">
            <n d="-1.27553196763001e-016 -0 -1"/>
            <n d="-1.27553196763001e-016 -0 -1"/>
            <n d="-1.27553196763001e-016 -0 -1"/>
        </f>
        <f v="143 31 146" fn="0 0 -1">
            <n d="-1.27553196763001e-016 -0 -1"/>
            <n d="-1.27553196763001e-016 -0 -1"/>
            <n d="-1.27553196763001e-016 -0 -1"/>
        </f>
        <f v="144 146 147" fn="0 0 -1">
            <n d="-1.27553196763001e-016 -0 -1"/>
            <n d="-1.27553196763001e-016 -0 -1"/>
            <n d="-1.27553196763001e-016 -0 -1"/>
        </f>
        <f v="144 143 146" fn="-0 -0 -1">
            <n d="-1.27553196763001e-016 -0 -1"/>
            <n d="-1.27553196763001e-016 -0 -1"/>
            <n d="-1.27553196763001e-016 -0 -1"/>
        </f>
        <f v="138 144 147" fn="0 0 -1">
            <n d="-1.27553196763001e-016 -0 -1"/>
            <n d="-1.27553196763001e-016 -0 -1"/>
            <n d="-1.27553196763001e-016 -0 -1"/>
        </f>
        <f v="138 145 144" fn="0 0 -1">
            <n d="-1.27553196763001e-016 -0 -1"/>
            <n d="-1.27553196763001e-016 -0 -1"/>
            <n d="-1.27553196763001e-016 -0 -1"/>
        </f>
        <f v="137 29 145" fn="-0 -0 -1">
            <n d="-1.27553196763001e-016 -0 -1"/>
            <n d="-1.27553196763001e-016 -0 -1"/>
            <n d="-1.27553196763001e-016 -0 -1"/>
        </f>
        <f v="138 137 145" fn="-0 -0 -1">
            <n d="-1.27553196763001e-016 -0 -1"/>
            <n d="-1.27553196763001e-016 -0 -1"/>
            <n d="-1.27553196763001e-016 -0 -1"/>
        </f>
        <f v="141 138 147" fn="-0 0 -1">
            <n d="-1.27553196763001e-016 -0 -1"/>
            <n d="-1.27553196763001e-016 -0 -1"/>
            <n d="-1.27553196763001e-016 -0 -1"/>
        </f>
        <f v="140 141 147" fn="-0 -0 -1">
            <n d="-1.27553196763001e-016 -0 -1"/>
            <n d="-1.27553196763001e-016 -0 -1"/>
            <n d="-1.27553196763001e-016 -0 -1"/>
        </f>
        <f v="142 28 139" fn="0 -0 -1">
            <n d="-1.27553196763001e-016 -0 -1"/>
            <n d="-1.27553196763001e-016 -0 -1"/>
            <n d="-1.27553196763001e-016 -0 -1"/>
        </f>
        <f v="142 139 138" fn="-0 -0 -1">
            <n d="-1.27553196763001e-016 -0 -1"/>
            <n d="-1.27553196763001e-016 -0 -1"/>
            <n d="-1.27553196763001e-016 -0 -1"/>
        </f>
        <f v="141 142 138" fn="-0 -0 -1">
            <n d="-1.27553196763001e-016 -0 -1"/>
            <n d="-1.27553196763001e-016 -0 -1"/>
            <n d="-1.27553196763001e-016 -0 -1"/>
        </f>
        <f v="140 148 30" fn="0 0 -1">
            <n d="-1.27553196763001e-016 -0 -1"/>
            <n d="-1.27553196763001e-016 -0 -1"/>
            <n d="-1.27553196763001e-016 -0 -1"/>
        </f>
    </facets>
    <facets color="b2b2b2">
        <f v="149 123 124" fn="0 1 0">
            <n d="-0 1 -0"/>
            <n d="-0 1 -0"/>
            <n d="-0 1 -0"/>
        </f>
        <f v="152 26 122" fn="0 1 0">
            <n d="-0 1 -0"/>
            <n d="-0 1 -0"/>
            <n d="-0 1 -0"/>
        </f>
        <f v="153 122 123" fn="0 1 0">
            <n d="-0 1 -0"/>
            <n d="-0 1 -0"/>
            <n d="-0 1 -0"/>
        </f>
        <f v="153 152 122" fn="-0 1 -0">
            <n d="-0 1 -0"/>
            <n d="-0 1 -0"/>
            <n d="-0 1 -0"/>
        </f>
        <f v="147 153 123" fn="0 1 -0">
            <n d="-0 1 -0"/>
            <n d="-0 1 -0"/>
            <n d="-0 1 -0"/>
        </f>
        <f v="146 154 153" fn="-0 1 -0">
            <n d="-0 1 -0"/>
            <n d="-0 1 -0"/>
            <n d="-0 1 -0"/>
        </f>
        <f v="146 31 154" fn="-0 1 -0">
            <n d="-0 1 -0"/>
            <n d="-0 1 -0"/>
            <n d="-0 1 -0"/>
        </f>
        <f v="147 146 153" fn="-0 1 -0">
            <n d="-0 1 -0"/>
            <n d="-0 1 -0"/>
            <n d="-0 1 -0"/>
        </f>
        <f v="150 147 123" fn="0 1 0">
            <n d="-0 1 -0"/>
            <n d="-0 1 -0"/>
            <n d="-0 1 -0"/>
        </f>
        <f v="151 148 147" fn="-0 1 -0">
            <n d="-0 1 -0"/>
            <n d="-0 1 -0"/>
            <n d="-0 1 -0"/>
        </f>
        <f v="151 30 148" fn="-0 1 0">
            <n d="-0 1 -0"/>
            <n d="-0 1 -0"/>
            <n d="-0 1 -0"/>
        </f>
        <f v="149 150 123" fn="0 1 0">
            <n d="-0 1 -0"/>
            <n d="-0 1 -0"/>
            <n d="-0 1 -0"/>
        </f>
        <f v="150 151 147" fn="-0 1 0">
            <n d="-0 1 -0"/>
            <n d="-0 1 -0"/>
            <n d="-0 1 -0"/>
        </f>
        <f v="149 124 25" fn="0 1 -0">
            <n d="-0 1 -0"/>
            <n d="-0 1 -0"/>
            <n d="-0 1 -0"/>
        </f>
    </facets>
    <facets color="b2b2b2">
        <f v="79 78 136" fn="1 0 0">
            <n d="1 -0 -1.27553196763001e-016"/>
            <n d="1 -0 -1.27553196763001e-016"/>
            <n d="1 -0 -1.27553196763001e-016"/>
        </f>
        <f v="54 126 127" fn="1 0 0">
            <n d="1 -0 -1.27553196763001e-016"/>
            <n d="1 -0 -1.27553196763001e-016"/>
            <n d="1 -0 -1.27553196763001e-016"/>
        </f>
        <f v="78 77 134" fn="1 -0 -0">
            <n d="1 -0 -1.27553196763001e-016"/>
            <n d="1 -0 -1.27553196763001e-016"/>
            <n d="1 -0 -1.27553196763001e-016"/>
        </f>
        <f v="77 9 29" fn="1 -0 -0">
            <n d="1 -0 -1.27553196763001e-016"/>
            <n d="1 -0 -1.27553196763001e-016"/>
            <n d="1 -0 -1.27553196763001e-016"/>
        </f>
        <f v="145 29 40" fn="1 0 0">
            <n d="1 -0 -1.27553196763001e-016"/>
            <n d="1 -0 -1.27553196763001e-016"/>
            <n d="1 -0 -1.27553196763001e-016"/>
        </f>
        <f v="9 40 29" fn="1 0 0">
            <n d="1 -0 -1.27553196763001e-016"/>
            <n d="1 -0 -1.27553196763001e-016"/>
            <n d="1 -0 -1.27553196763001e-016"/>
        </f>
        <f v="74 26 152" fn="1 0 0">
            <n d="1 -0 -1.27553196763001e-016"/>
            <n d="1 -0 -1.27553196763001e-016"/>
            <n d="1 -0 -1.27553196763001e-016"/>
        </f>
        <f v="27 125 53" fn="1 0 0">
            <n d="1 -0 -1.27553196763001e-016"/>
            <n d="1 -0 -1.27553196763001e-016"/>
            <n d="1 -0 -1.27553196763001e-016"/>
        </f>
        <f v="127 26 55" fn="1 0 0">
            <n d="1 -0 -1.27553196763001e-016"/>
            <n d="1 -0 -1.27553196763001e-016"/>
            <n d="1 -0 -1.27553196763001e-016"/>
        </f>
        <f v="74 14 26" fn="1 -0 -0">
            <n d="1 -0 -1.27553196763001e-016"/>
            <n d="1 -0 -1.27553196763001e-016"/>
            <n d="1 -0 -1.27553196763001e-016"/>
        </f>
        <f v="75 152 153" fn="1 0 0">
            <n d="1 -0 -1.27553196763001e-016"/>
            <n d="1 -0 -1.27553196763001e-016"/>
            <n d="1 -0 -1.27553196763001e-016"/>
        </f>
        <f v="75 74 152" fn="1 -0 -0">
            <n d="1 -0 -1.27553196763001e-016"/>
            <n d="1 -0 -1.27553196763001e-016"/>
            <n d="1 -0 -1.27553196763001e-016"/>
        </f>
        <f v="75 153 154" fn="1 0 -0">
            <n d="1 -0 -1.27553196763001e-016"/>
            <n d="1 -0 -1.27553196763001e-016"/>
            <n d="1 -0 -1.27553196763001e-016"/>
        </f>
        <f v="76 75 154" fn="1 0 -0">
            <n d="1 -0 -1.27553196763001e-016"/>
            <n d="1 -0 -1.27553196763001e-016"/>
            <n d="1 -0 -1.27553196763001e-016"/>
        </f>
        <f v="76 154 31" fn="1 0 -0">
            <n d="1 -0 -1.27553196763001e-016"/>
            <n d="1 -0 -1.27553196763001e-016"/>
            <n d="1 -0 -1.27553196763001e-016"/>
        </f>
        <f v="8 76 31" fn="1 0 -0">
            <n d="1 -0 -1.27553196763001e-016"/>
            <n d="1 -0 -1.27553196763001e-016"/>
            <n d="1 -0 -1.27553196763001e-016"/>
        </f>
        <f v="31 143 38" fn="1 0 0">
            <n d="1 -0 -1.27553196763001e-016"/>
            <n d="1 -0 -1.27553196763001e-016"/>
            <n d="1 -0 -1.27553196763001e-016"/>
        </f>
        <f v="38 8 31" fn="1 -0 -0">
            <n d="1 -0 -1.27553196763001e-016"/>
            <n d="1 -0 -1.27553196763001e-016"/>
            <n d="1 -0 -1.27553196763001e-016"/>
        </f>
        <f v="39 143 144" fn="1 0 0">
            <n d="1 -0 -1.27553196763001e-016"/>
            <n d="1 -0 -1.27553196763001e-016"/>
            <n d="1 -0 -1.27553196763001e-016"/>
        </f>
        <f v="39 38 143" fn="1 -0 -0">
            <n d="1 -0 -1.27553196763001e-016"/>
            <n d="1 -0 -1.27553196763001e-016"/>
            <n d="1 -0 -1.27553196763001e-016"/>
        </f>
        <f v="39 144 145" fn="1 -0 -0">
            <n d="1 -0 -1.27553196763001e-016"/>
            <n d="1 -0 -1.27553196763001e-016"/>
            <n d="1 -0 -1.27553196763001e-016"/>
        </f>
        <f v="40 39 145" fn="1 0 0">
            <n d="1 -0 -1.27553196763001e-016"/>
            <n d="1 -0 -1.27553196763001e-016"/>
            <n d="1 -0 -1.27553196763001e-016"/>
        </f>
        <f v="77 29 134" fn="1 -0 0">
            <n d="1 -0 -1.27553196763001e-016"/>
            <n d="1 -0 -1.27553196763001e-016"/>
            <n d="1 -0 -1.27553196763001e-016"/>
        </f>
        <f v="78 134 135" fn="1 -0 0">
            <n d="1 -0 -1.27553196763001e-016"/>
            <n d="1 -0 -1.27553196763001e-016"/>
            <n d="1 -0 -1.27553196763001e-016"/>
        </f>
        <f v="78 135 136" fn="1 0 0">
            <n d="1 -0 -1.27553196763001e-016"/>
            <n d="1 -0 -1.27553196763001e-016"/>
            <n d="1 -0 -1.27553196763001e-016"/>
        </f>
        <f v="79 136 27" fn="1 -0 0">
            <n d="1 -0 -1.27553196763001e-016"/>
            <n d="1 -0 -1.27553196763001e-016"/>
            <n d="1 -0 -1.27553196763001e-016"/>
        </f>
        <f v="13 79 27" fn="1 0 0">
            <n d="1 -0 -1.27553196763001e-016"/>
            <n d="1 -0 -1.27553196763001e-016"/>
            <n d="1 -0 -1.27553196763001e-016"/>
        </f>
        <f v="53 13 27" fn="1 0 -0">
            <n d="1 -0 -1.27553196763001e-016"/>
            <n d="1 -0 -1.27553196763001e-016"/>
            <n d="1 -0 -1.27553196763001e-016"/>
        </f>
        <f v="54 125 126" fn="1 0 0">
            <n d="1 -0 -1.27553196763001e-016"/>
            <n d="1 -0 -1.27553196763001e-016"/>
            <n d="1 -0 -1.27553196763001e-016"/>
        </f>
        <f v="54 53 125" fn="1 0 -0">
            <n d="1 -0 -1.27553196763001e-016"/>
            <n d="1 -0 -1.27553196763001e-016"/>
            <n d="1 -0 -1.27553196763001e-016"/>
        </f>
        <f v="55 26 14" fn="1 -0 0">
            <n d="1 -0 -1.27553196763001e-016"/>
            <n d="1 -0 -1.27553196763001e-016"/>
            <n d="1 -0 -1.27553196763001e-016"/>
        </f>
        <f v="55 54 127" fn="1 0 0">
            <n d="1 -0 -1.27553196763001e-016"/>
            <n d="1 -0 -1.27553196763001e-016"/>
            <n d="1 -0 -1.27553196763001e-016"/>
        </f>
    </facets>
    <facets color="7f7f7f">
        <f v="150 121 120" fn="1 -0 -0">
            <n d="1 0 1.27553196763001e-016"/>
            <n d="1 0 1.27553196763001e-016"/>
            <n d="1 0 1.27553196763001e-016"/>
        </f>
        <f v="133 119 24" fn="1 -0 -0">
            <n d="1 0 1.27553196763001e-016"/>
            <n d="1 0 1.27553196763001e-016"/>
            <n d="1 0 1.27553196763001e-016"/>
        </f>
        <f v="133 120 119" fn="1 0 0">
            <n d="1 0 1.27553196763001e-016"/>
            <n d="1 0 1.27553196763001e-016"/>
            <n d="1 0 1.27553196763001e-016"/>
        </f>
        <f v="132 120 133" fn="1 0 0">
            <n d="1 0 1.27553196763001e-016"/>
            <n d="1 0 1.27553196763001e-016"/>
            <n d="1 0 1.27553196763001e-016"/>
        </f>
        <f v="141 120 132" fn="1 -0 -0">
            <n d="1 0 1.27553196763001e-016"/>
            <n d="1 0 1.27553196763001e-016"/>
            <n d="1 0 1.27553196763001e-016"/>
        </f>
        <f v="142 132 131" fn="1 0 0">
            <n d="1 0 1.27553196763001e-016"/>
            <n d="1 0 1.27553196763001e-016"/>
            <n d="1 0 1.27553196763001e-016"/>
        </f>
        <f v="142 131 28" fn="1 0 0">
            <n d="1 0 1.27553196763001e-016"/>
            <n d="1 0 1.27553196763001e-016"/>
            <n d="1 0 1.27553196763001e-016"/>
        </f>
        <f v="141 132 142" fn="1 0 0">
            <n d="1 0 1.27553196763001e-016"/>
            <n d="1 0 1.27553196763001e-016"/>
            <n d="1 0 1.27553196763001e-016"/>
        </f>
        <f v="150 120 141" fn="1 0 -0">
            <n d="1 0 1.27553196763001e-016"/>
            <n d="1 0 1.27553196763001e-016"/>
            <n d="1 0 1.27553196763001e-016"/>
        </f>
        <f v="150 141 140" fn="1 -0 -0">
            <n d="1 0 1.27553196763001e-016"/>
            <n d="1 0 1.27553196763001e-016"/>
            <n d="1 0 1.27553196763001e-016"/>
        </f>
        <f v="151 140 30" fn="1 0 0">
            <n d="1 0 1.27553196763001e-016"/>
            <n d="1 0 1.27553196763001e-016"/>
            <n d="1 0 1.27553196763001e-016"/>
        </f>
        <f v="149 121 150" fn="1 0 0">
            <n d="1 0 1.27553196763001e-016"/>
            <n d="1 0 1.27553196763001e-016"/>
            <n d="1 0 1.27553196763001e-016"/>
        </f>
        <f v="150 140 151" fn="1 0 0">
            <n d="1 0 1.27553196763001e-016"/>
            <n d="1 0 1.27553196763001e-016"/>
            <n d="1 0 1.27553196763001e-016"/>
        </f>
        <f v="149 25 121" fn="1 -0 -0">
            <n d="1 0 1.27553196763001e-016"/>
            <n d="1 0 1.27553196763001e-016"/>
            <n d="1 0 1.27553196763001e-016"/>
        </f>
    </facets>
    <facets color="b2b2b2">
        <f v="156 155 3" fn="-1 0 0">
            <n d="-1 -0 7.74430123203932e-017"/>
            <n d="-1 -0 7.74430123203932e-017"/>
            <n d="-1 -0 7.74430123203932e-017"/>
        </f>
        <f v="0 156 3" fn="-1 0 0">
            <n d="-1 -0 7.74430123203932e-017"/>
            <n d="-1 -0 7.74430123203932e-017"/>
            <n d="-1 -0 7.74430123203932e-017"/>
        </f>
        <f v="0 157 156" fn="-1 -0 -0">
            <n d="-1 -0 7.74430123203932e-017"/>
            <n d="-1 -0 7.74430123203932e-017"/>
            <n d="-1 -0 7.74430123203932e-017"/>
        </f>
        <f v="63 0 3" fn="-1 -0 0">
            <n d="-1 -0 7.74430123203932e-017"/>
            <n d="-1 -0 7.74430123203932e-017"/>
            <n d="-1 -0 7.74430123203932e-017"/>
        </f>
        <f v="63 64 0" fn="-1 -0 -0">
            <n d="-1 -0 7.74430123203932e-017"/>
            <n d="-1 -0 7.74430123203932e-017"/>
            <n d="-1 -0 7.74430123203932e-017"/>
        </f>
        <f v="62 63 3" fn="-1 -0 -0">
            <n d="-1 -0 7.74430123203932e-017"/>
            <n d="-1 -0 7.74430123203932e-017"/>
            <n d="-1 -0 7.74430123203932e-017"/>
        </f>
    </facets>
    <facets color="b2b2b2">
        <f v="159 158 1" fn="1 0 0">
            <n d="1 -0 7.74430123203932e-017"/>
            <n d="1 -0 7.74430123203932e-017"/>
            <n d="1 -0 7.74430123203932e-017"/>
        </f>
        <f v="4 159 1" fn="1 0 0">
            <n d="1 -0 7.74430123203932e-017"/>
            <n d="1 -0 7.74430123203932e-017"/>
            <n d="1 -0 7.74430123203932e-017"/>
        </f>
        <f v="4 160 159" fn="1 -0 -0">
            <n d="1 -0 7.74430123203932e-017"/>
            <n d="1 -0 7.74430123203932e-017"/>
            <n d="1 -0 7.74430123203932e-017"/>
        </f>
        <f v="69 4 1" fn="1 0 0">
            <n d="1 -0 7.74430123203932e-017"/>
            <n d="1 -0 7.74430123203932e-017"/>
            <n d="1 -0 7.74430123203932e-017"/>
        </f>
        <f v="69 70 4" fn="1 -0 -0">
            <n d="1 -0 7.74430123203932e-017"/>
            <n d="1 -0 7.74430123203932e-017"/>
            <n d="1 -0 7.74430123203932e-017"/>
        </f>
        <f v="68 69 1" fn="1 0 -0">
            <n d="1 -0 7.74430123203932e-017"/>
            <n d="1 -0 7.74430123203932e-017"/>
            <n d="1 -0 7.74430123203932e-017"/>
        </f>
    </facets>
    <facets color="b2b2b2">
        <f v="162 161 4" fn="0 0 -1">
            <n d="-0 -0 -1"/>
            <n d="-0 -0 -1"/>
            <n d="-0 -0 -1"/>
        </f>
        <f v="3 162 4" fn="-0 0 -1">
            <n d="-0 -0 -1"/>
            <n d="-0 -0 -1"/>
            <n d="-0 -0 -1"/>
        </f>
        <f v="3 163 162" fn="-0 -0 -1">
            <n d="-0 -0 -1"/>
            <n d="-0 -0 -1"/>
            <n d="-0 -0 -1"/>
        </f>
        <f v="66 3 4" fn="0 -0 -1">
            <n d="-0 -0 -1"/>
            <n d="-0 -0 -1"/>
            <n d="-0 -0 -1"/>
        </f>
        <f v="66 67 3" fn="0 -0 -1">
            <n d="-0 -0 -1"/>
            <n d="-0 -0 -1"/>
            <n d="-0 -0 -1"/>
        </f>
        <f v="65 66 4" fn="0 -0 -1">
            <n d="-0 -0 -1"/>
            <n d="-0 -0 -1"/>
            <n d="-0 -0 -1"/>
        </f>
    </facets>
    <facets color="b2b2b2">
        <f v="163 155 156" fn="-0 1 -0">
            <n d="0 1 0"/>
            <n d="0 1 0"/>
            <n d="0 1 0"/>
        </f>
        <f v="32 157 0" fn="-0.00425526325427925 0.999986864755624 0.00285710532787321">
            <n d="0 1 0"/>
            <n d="0 1 0"/>
            <n d="0 1 0"/>
        </f>
        <f v="33 156 157" fn="-0 1 -0">
            <n d="0 1 0"/>
            <n d="0 1 0"/>
            <n d="0 1 0"/>
        </f>
        <f v="33 157 32" fn="0 1 0">
            <n d="0 1 0"/>
            <n d="0 1 0"/>
            <n d="0 1 0"/>
        </f>
        <f v="159 156 33" fn="-0 1 -0">
            <n d="0 1 0"/>
            <n d="0 1 0"/>
            <n d="0 1 0"/>
        </f>
        <f v="158 33 34" fn="0 1 0">
            <n d="0 1 0"/>
            <n d="0 1 0"/>
            <n d="0 1 0"/>
        </f>
        <f v="158 34 1" fn="0.00425526325427925 0.999986864755624 0.00285710532787321">
            <n d="0 1 0"/>
            <n d="0 1 0"/>
            <n d="0 1 0"/>
        </f>
        <f v="159 33 158" fn="0 1 0">
            <n d="0 1 0"/>
            <n d="0 1 0"/>
            <n d="0 1 0"/>
        </f>
        <f v="162 156 159" fn="-0 1 0">
            <n d="0 1 0"/>
            <n d="0 1 0"/>
            <n d="0 1 0"/>
        </f>
        <f v="163 156 162" fn="0 1 0">
            <n d="0 1 0"/>
            <n d="0 1 0"/>
            <n d="0 1 0"/>
        </f>
        <f v="161 160 4" fn="0.00425526325427925 0.999986864755624 -0.00285710532787321">
            <n d="0 1 0"/>
            <n d="0 1 0"/>
            <n d="0 1 0"/>
        </f>
        <f v="161 159 160" fn="0 1 0">
            <n d="0 1 0"/>
            <n d="0 1 0"/>
            <n d="0 1 0"/>
        </f>
        <f v="162 159 161" fn="0 1 0">
            <n d="0 1 0"/>
            <n d="0 1 0"/>
            <n d="0 1 0"/>
        </f>
        <f v="163 3 155" fn="-0.00425526325427925 0.999986864755624 -0.00285710532787321">
            <n d="0 1 0"/>
            <n d="0 1 0"/>
            <n d="0 1 0"/>
        </f>
    </facets>
</shell>
</step-assembly>
