<?xml version="1.0" encoding="UTF-8" ?>
<step-assembly root="id707">
<product id="id707" name="WE-GFH 2520" shape="id495"/>
<shape id="id495" unit="mm 0.001000">
    <child ref="id19" xform="1 0 0 0 0 1 0 0 0 0 1 0 0 0 0 1"/>
</shape>
<shape id="id19" unit="mm 0.001000" shell="id493"/>
<shell id="id493">
    <verts>
        <v p="1.15 0.7 -0.875"/>
        <v p="0.85 0.7 -0.875"/>
        <v p="0.85 -0.7 -0.875"/>
        <v p="1.15 -0.7 -0.875"/>
        <v p="1.15 -1 -0.875"/>
        <v p="-1.15 -1 -0.875"/>
        <v p="-1.15 -0.7 -0.875"/>
        <v p="-0.85 -0.7 -0.875"/>
        <v p="-0.85 0.7 -0.875"/>
        <v p="-1.15 0.7 -0.875"/>
        <v p="-1.15 1 -0.875"/>
        <v p="1.15 1 -0.875"/>
        <v p="1.15 0.7 -0.375000000000001"/>
        <v p="1.15 1 0.875"/>
        <v p="1.15 -1 0.875"/>
        <v p="1.15 -0.7 -0.375000000000001"/>
        <v p="-1.15 0.7 -0.375000000000001"/>
        <v p="-1.15 -0.7 -0.375000000000001"/>
        <v p="-1.15 -1 0.875"/>
        <v p="-1.15 1 0.875"/>
        <v p="-1.25 -0.7 -0.375000000000001"/>
        <v p="-1.25 0.7 -0.375000000000001"/>
        <v p="-0.85 -0.7 -0.925000000000001"/>
        <v p="-0.85 0.7 -0.925000000000001"/>
        <v p="-1.25 -0.7 -0.925"/>
        <v p="-1.25 0.7 -0.925"/>
        <v p="1.25 -0.7 -0.375000000000001"/>
        <v p="1.25 0.7 -0.375000000000001"/>
        <v p="0.85 -0.7 -0.925000000000001"/>
        <v p="0.85 0.7 -0.925000000000001"/>
        <v p="1.25 -0.7 -0.925"/>
        <v p="1.25 0.7 -0.925"/>
        <v p="1.075 0.7 -0.875"/>
        <v p="1 0.7 -0.875"/>
        <v p="0.925 0.7 -0.875"/>
        <v p="0.85 0.35 -0.875"/>
        <v p="0.85 0 -0.875"/>
        <v p="0.85 -0.35 -0.875"/>
        <v p="1.075 -0.7 -0.875"/>
        <v p="1 -0.7 -0.875"/>
        <v p="0.925 -0.7 -0.875"/>
        <v p="1.15 -0.925 -0.875"/>
        <v p="1.15 -0.85 -0.875"/>
        <v p="1.15 -0.775 -0.875"/>
        <v p="-0.575 -1 -0.875"/>
        <v p="0 -1 -0.875"/>
        <v p="0.575 -1 -0.875"/>
        <v p="-1.15 -0.925 -0.875"/>
        <v p="-1.15 -0.85 -0.875"/>
        <v p="-1.15 -0.775 -0.875"/>
        <v p="-1.075 -0.7 -0.875"/>
        <v p="-1 -0.7 -0.875"/>
        <v p="-0.925 -0.7 -0.875"/>
        <v p="-0.85 0.35 -0.875"/>
        <v p="-0.85 0 -0.875"/>
        <v p="-0.85 -0.35 -0.875"/>
        <v p="-1.075 0.7 -0.875"/>
        <v p="-1 0.7 -0.875"/>
        <v p="-0.925 0.7 -0.875"/>
        <v p="-1.15 0.775 -0.875"/>
        <v p="-1.15 0.85 -0.875"/>
        <v p="-1.15 0.925 -0.875"/>
        <v p="-0.575 1 -0.875"/>
        <v p="0 1 -0.875"/>
        <v p="0.575 1 -0.875"/>
        <v p="1.15 0.775 -0.875"/>
        <v p="1.15 0.85 -0.875"/>
        <v p="1.15 0.925 -0.875"/>
        <v p="1.15 0.7 -0.500000000000001"/>
        <v p="1.15 0.7 -0.625"/>
        <v p="1.15 0.7 -0.75"/>
        <v p="1.15 1 -0.4375"/>
        <v p="1.15 1 0"/>
        <v p="1.15 1 0.4375"/>
        <v p="1.15 -0.5 0.875"/>
        <v p="1.15 0 0.875"/>
        <v p="1.15 0.5 0.875"/>
        <v p="1.15 -1 -0.4375"/>
        <v p="1.15 -1 0"/>
        <v p="1.15 -1 0.4375"/>
        <v p="1.15 -0.7 -0.500000000000001"/>
        <v p="1.15 -0.7 -0.625"/>
        <v p="1.15 -0.7 -0.75"/>
        <v p="1.15 0.35 -0.375000000000001"/>
        <v p="1.15 0 -0.375000000000001"/>
        <v p="1.15 -0.35 -0.375000000000001"/>
        <v p="-1.15 0.7 -0.500000000000001"/>
        <v p="-1.15 0.7 -0.625"/>
        <v p="-1.15 0.7 -0.75"/>
        <v p="-1.15 0.35 -0.375000000000001"/>
        <v p="-1.15 0 -0.375000000000001"/>
        <v p="-1.15 -0.35 -0.375000000000001"/>
        <v p="-1.15 -0.7 -0.500000000000001"/>
        <v p="-1.15 -0.7 -0.625"/>
        <v p="-1.15 -0.7 -0.75"/>
        <v p="-1.15 -1 0.4375"/>
        <v p="-1.15 -1 0"/>
        <v p="-1.15 -1 -0.4375"/>
        <v p="-1.15 -0.5 0.875"/>
        <v p="-1.15 0 0.875"/>
        <v p="-1.15 0.5 0.875"/>
        <v p="-1.15 1 0.4375"/>
        <v p="-1.15 1 0"/>
        <v p="-1.15 1 -0.4375"/>
        <v p="0.575 1 0.875"/>
        <v p="0 1 0.875"/>
        <v p="-0.575 1 0.875"/>
        <v p="0.575 -1 0.875"/>
        <v p="0 -1 0.875"/>
        <v p="-0.575 -1 0.875"/>
        <v p="-1.225 -0.7 -0.375000000000001"/>
        <v p="-1.2 -0.7 -0.375000000000001"/>
        <v p="-1.175 -0.7 -0.375000000000001"/>
        <v p="-1.225 0.7 -0.375000000000001"/>
        <v p="-1.2 0.7 -0.375000000000001"/>
        <v p="-1.175 0.7 -0.375000000000001"/>
        <v p="-1.25 0.35 -0.375000000000001"/>
        <v p="-1.25 0 -0.375000000000001"/>
        <v p="-1.25 -0.35 -0.375000000000001"/>
        <v p="-0.85 -0.7 -0.8875"/>
        <v p="-0.85 -0.7 -0.900000000000001"/>
        <v p="-0.85 -0.7 -0.912500000000001"/>
        <v p="-0.85 0.35 -0.925000000000001"/>
        <v p="-0.85 0 -0.925000000000001"/>
        <v p="-0.85 -0.35 -0.925000000000001"/>
        <v p="-0.85 0.7 -0.8875"/>
        <v p="-0.85 0.7 -0.900000000000001"/>
        <v p="-0.85 0.7 -0.912500000000001"/>
        <v p="-0.95 -0.7 -0.925000000000001"/>
        <v p="-1.05 -0.7 -0.925"/>
        <v p="-1.15 -0.7 -0.925"/>
        <v p="-1.25 0.35 -0.925"/>
        <v p="-1.25 0 -0.925"/>
        <v p="-1.25 -0.35 -0.925"/>
        <v p="-0.95 0.7 -0.925000000000001"/>
        <v p="-1.05 0.7 -0.925"/>
        <v p="-1.15 0.7 -0.925"/>
        <v p="-1.25 -0.7 -0.7875"/>
        <v p="-1.25 -0.7 -0.650000000000001"/>
        <v p="-1.25 -0.7 -0.512500000000001"/>
        <v p="-1.25 0.7 -0.7875"/>
        <v p="-1.25 0.7 -0.650000000000001"/>
        <v p="-1.25 0.7 -0.512500000000001"/>
        <v p="1.225 -0.7 -0.375000000000001"/>
        <v p="1.2 -0.7 -0.375000000000001"/>
        <v p="1.175 -0.7 -0.375000000000001"/>
        <v p="1.25 0.35 -0.375000000000001"/>
        <v p="1.25 0 -0.375000000000001"/>
        <v p="1.25 -0.35 -0.375000000000001"/>
        <v p="1.225 0.7 -0.375000000000001"/>
        <v p="1.2 0.7 -0.375000000000001"/>
        <v p="1.175 0.7 -0.375000000000001"/>
        <v p="0.85 -0.7 -0.8875"/>
        <v p="0.85 -0.7 -0.900000000000001"/>
        <v p="0.85 -0.7 -0.912500000000001"/>
        <v p="0.85 0.7 -0.8875"/>
        <v p="0.85 0.7 -0.900000000000001"/>
        <v p="0.85 0.7 -0.912500000000001"/>
        <v p="0.85 0.35 -0.925000000000001"/>
        <v p="0.85 0 -0.925000000000001"/>
        <v p="0.85 -0.35 -0.925000000000001"/>
        <v p="0.95 -0.7 -0.925000000000001"/>
        <v p="1.05 -0.7 -0.925"/>
        <v p="1.15 -0.7 -0.925"/>
        <v p="0.95 0.7 -0.925000000000001"/>
        <v p="1.05 0.7 -0.925"/>
        <v p="1.15 0.7 -0.925"/>
        <v p="1.25 0.35 -0.925"/>
        <v p="1.25 0 -0.925"/>
        <v p="1.25 -0.35 -0.925"/>
        <v p="1.25 -0.7 -0.7875"/>
        <v p="1.25 -0.7 -0.650000000000001"/>
        <v p="1.25 -0.7 -0.512500000000001"/>
        <v p="1.25 0.7 -0.7875"/>
        <v p="1.25 0.7 -0.650000000000001"/>
        <v p="1.25 0.7 -0.512500000000001"/>
    </verts>
    <facets color="1e1e1e">
        <f v="33 66 65" fn="0 0 -1">
            <n d="-0 -0 -1"/>
            <n d="-0 -0 -1"/>
            <n d="-0 -0 -1"/>
        </f>
        <f v="34 67 66" fn="0 0 -1">
            <n d="-0 -0 -1"/>
            <n d="-0 -0 -1"/>
            <n d="-0 -0 -1"/>
        </f>
        <f v="64 11 67" fn="0 -0 -1">
            <n d="-0 -0 -1"/>
            <n d="-0 -0 -1"/>
            <n d="-0 -0 -1"/>
        </f>
        <f v="37 2 45" fn="-0 -0 -1">
            <n d="-0 -0 -1"/>
            <n d="-0 -0 -1"/>
            <n d="-0 -0 -1"/>
        </f>
        <f v="47 52 7" fn="0 0 -1">
            <n d="-0 -0 -1"/>
            <n d="-0 -0 -1"/>
            <n d="-0 -0 -1"/>
        </f>
        <f v="61 10 62" fn="0 0 -1">
            <n d="-0 -0 -1"/>
            <n d="-0 -0 -1"/>
            <n d="-0 -0 -1"/>
        </f>
        <f v="8 61 62" fn="0 0 -1">
            <n d="-0 -0 -1"/>
            <n d="-0 -0 -1"/>
            <n d="-0 -0 -1"/>
        </f>
        <f v="8 62 63" fn="0 0 -1">
            <n d="-0 -0 -1"/>
            <n d="-0 -0 -1"/>
            <n d="-0 -0 -1"/>
        </f>
        <f v="58 60 61" fn="0 0 -1">
            <n d="-0 -0 -1"/>
            <n d="-0 -0 -1"/>
            <n d="-0 -0 -1"/>
        </f>
        <f v="57 59 60" fn="0 0 -1">
            <n d="-0 -0 -1"/>
            <n d="-0 -0 -1"/>
            <n d="-0 -0 -1"/>
        </f>
        <f v="57 56 59" fn="-0 -0 -1">
            <n d="-0 -0 -1"/>
            <n d="-0 -0 -1"/>
            <n d="-0 -0 -1"/>
        </f>
        <f v="56 9 59" fn="-0 -0 -1">
            <n d="-0 -0 -1"/>
            <n d="-0 -0 -1"/>
            <n d="-0 -0 -1"/>
        </f>
        <f v="8 58 61" fn="-0 -0 -1">
            <n d="-0 -0 -1"/>
            <n d="-0 -0 -1"/>
            <n d="-0 -0 -1"/>
        </f>
        <f v="58 57 60" fn="-0 -0 -1">
            <n d="-0 -0 -1"/>
            <n d="-0 -0 -1"/>
            <n d="-0 -0 -1"/>
        </f>
        <f v="1 63 64" fn="0 0 -1">
            <n d="-0 -0 -1"/>
            <n d="-0 -0 -1"/>
            <n d="-0 -0 -1"/>
        </f>
        <f v="53 8 63" fn="-0 -0 -1">
            <n d="-0 -0 -1"/>
            <n d="-0 -0 -1"/>
            <n d="-0 -0 -1"/>
        </f>
        <f v="35 53 63" fn="0 0 -1">
            <n d="-0 -0 -1"/>
            <n d="-0 -0 -1"/>
            <n d="-0 -0 -1"/>
        </f>
        <f v="36 54 53" fn="-0 -0 -1">
            <n d="-0 -0 -1"/>
            <n d="-0 -0 -1"/>
            <n d="-0 -0 -1"/>
        </f>
        <f v="37 55 54" fn="0 0 -1">
            <n d="-0 -0 -1"/>
            <n d="-0 -0 -1"/>
            <n d="-0 -0 -1"/>
        </f>
        <f v="49 6 50" fn="0 0 -1">
            <n d="-0 -0 -1"/>
            <n d="-0 -0 -1"/>
            <n d="-0 -0 -1"/>
        </f>
        <f v="49 50 51" fn="0 0 -1">
            <n d="-0 -0 -1"/>
            <n d="-0 -0 -1"/>
            <n d="-0 -0 -1"/>
        </f>
        <f v="48 51 52" fn="0 0 -1">
            <n d="-0 -0 -1"/>
            <n d="-0 -0 -1"/>
            <n d="-0 -0 -1"/>
        </f>
        <f v="48 49 51" fn="-0 -0 -1">
            <n d="-0 -0 -1"/>
            <n d="-0 -0 -1"/>
            <n d="-0 -0 -1"/>
        </f>
        <f v="47 48 52" fn="-0 -0 -1">
            <n d="-0 -0 -1"/>
            <n d="-0 -0 -1"/>
            <n d="-0 -0 -1"/>
        </f>
        <f v="44 47 7" fn="0 0 -1">
            <n d="-0 -0 -1"/>
            <n d="-0 -0 -1"/>
            <n d="-0 -0 -1"/>
        </f>
        <f v="44 5 47" fn="-0 -0 -1">
            <n d="-0 -0 -1"/>
            <n d="-0 -0 -1"/>
            <n d="-0 -0 -1"/>
        </f>
        <f v="45 7 55" fn="0 0 -1">
            <n d="-0 -0 -1"/>
            <n d="-0 -0 -1"/>
            <n d="-0 -0 -1"/>
        </f>
        <f v="45 44 7" fn="-0 -0 -1">
            <n d="-0 -0 -1"/>
            <n d="-0 -0 -1"/>
            <n d="-0 -0 -1"/>
        </f>
        <f v="2 41 46" fn="0 -0 -1">
            <n d="-0 -0 -1"/>
            <n d="-0 -0 -1"/>
            <n d="-0 -0 -1"/>
        </f>
        <f v="41 4 46" fn="0 -0 -1">
            <n d="-0 -0 -1"/>
            <n d="-0 -0 -1"/>
            <n d="-0 -0 -1"/>
        </f>
        <f v="39 43 42" fn="0 0 -1">
            <n d="-0 -0 -1"/>
            <n d="-0 -0 -1"/>
            <n d="-0 -0 -1"/>
        </f>
        <f v="40 42 41" fn="0 0 -1">
            <n d="-0 -0 -1"/>
            <n d="-0 -0 -1"/>
            <n d="-0 -0 -1"/>
        </f>
        <f v="38 3 43" fn="0 -0 -1">
            <n d="-0 -0 -1"/>
            <n d="-0 -0 -1"/>
            <n d="-0 -0 -1"/>
        </f>
        <f v="2 46 45" fn="0 0 -1">
            <n d="-0 -0 -1"/>
            <n d="-0 -0 -1"/>
            <n d="-0 -0 -1"/>
        </f>
        <f v="39 38 43" fn="0 -0 -1">
            <n d="-0 -0 -1"/>
            <n d="-0 -0 -1"/>
            <n d="-0 -0 -1"/>
        </f>
        <f v="40 39 42" fn="0 -0 -1">
            <n d="-0 -0 -1"/>
            <n d="-0 -0 -1"/>
            <n d="-0 -0 -1"/>
        </f>
        <f v="2 40 41" fn="0 -0 -1">
            <n d="-0 -0 -1"/>
            <n d="-0 -0 -1"/>
            <n d="-0 -0 -1"/>
        </f>
        <f v="37 45 55" fn="-0 -0 -1">
            <n d="-0 -0 -1"/>
            <n d="-0 -0 -1"/>
            <n d="-0 -0 -1"/>
        </f>
        <f v="36 37 54" fn="-0 -0 -1">
            <n d="-0 -0 -1"/>
            <n d="-0 -0 -1"/>
            <n d="-0 -0 -1"/>
        </f>
        <f v="35 36 53" fn="-0 -0 -1">
            <n d="-0 -0 -1"/>
            <n d="-0 -0 -1"/>
            <n d="-0 -0 -1"/>
        </f>
        <f v="1 35 63" fn="-0 -0 -1">
            <n d="-0 -0 -1"/>
            <n d="-0 -0 -1"/>
            <n d="-0 -0 -1"/>
        </f>
        <f v="33 34 66" fn="-0 0 -1">
            <n d="-0 -0 -1"/>
            <n d="-0 -0 -1"/>
            <n d="-0 -0 -1"/>
        </f>
        <f v="1 64 67" fn="-0 0 -1">
            <n d="-0 -0 -1"/>
            <n d="-0 -0 -1"/>
            <n d="-0 -0 -1"/>
        </f>
        <f v="34 1 67" fn="-0 0 -1">
            <n d="-0 -0 -1"/>
            <n d="-0 -0 -1"/>
            <n d="-0 -0 -1"/>
        </f>
        <f v="32 33 65" fn="0 0 -1">
            <n d="-0 -0 -1"/>
            <n d="-0 -0 -1"/>
            <n d="-0 -0 -1"/>
        </f>
        <f v="32 65 0" fn="0 0 -1">
            <n d="-0 -0 -1"/>
            <n d="-0 -0 -1"/>
            <n d="-0 -0 -1"/>
        </f>
    </facets>
    <facets color="1e1e1e">
        <f v="77 81 80" fn="1 0 0">
            <n d="1 -0 -0"/>
            <n d="1 -0 -0"/>
            <n d="1 -0 -0"/>
        </f>
        <f v="72 83 12" fn="1 0 0">
            <n d="1 -0 -0"/>
            <n d="1 -0 -0"/>
            <n d="1 -0 -0"/>
        </f>
        <f v="77 80 15" fn="1 -0 0">
            <n d="1 -0 -0"/>
            <n d="1 -0 -0"/>
            <n d="1 -0 -0"/>
        </f>
        <f v="75 84 83" fn="1 0 0">
            <n d="1 -0 -0"/>
            <n d="1 -0 -0"/>
            <n d="1 -0 -0"/>
        </f>
        <f v="75 85 84" fn="1 0 0">
            <n d="1 -0 -0"/>
            <n d="1 -0 -0"/>
            <n d="1 -0 -0"/>
        </f>
        <f v="43 3 82" fn="1 0 0">
            <n d="1 -0 -0"/>
            <n d="1 -0 -0"/>
            <n d="1 -0 -0"/>
        </f>
        <f v="41 82 81" fn="1 0 0">
            <n d="1 -0 -0"/>
            <n d="1 -0 -0"/>
            <n d="1 -0 -0"/>
        </f>
        <f v="42 43 82" fn="1 -0 -0">
            <n d="1 -0 -0"/>
            <n d="1 -0 -0"/>
            <n d="1 -0 -0"/>
        </f>
        <f v="41 42 82" fn="1 -0 -0">
            <n d="1 -0 -0"/>
            <n d="1 -0 -0"/>
            <n d="1 -0 -0"/>
        </f>
        <f v="77 41 81" fn="1 0 0">
            <n d="1 -0 -0"/>
            <n d="1 -0 -0"/>
            <n d="1 -0 -0"/>
        </f>
        <f v="77 4 41" fn="1 -0 -0">
            <n d="1 -0 -0"/>
            <n d="1 -0 -0"/>
            <n d="1 -0 -0"/>
        </f>
        <f v="78 77 15" fn="1 0 0">
            <n d="1 -0 -0"/>
            <n d="1 -0 -0"/>
            <n d="1 -0 -0"/>
        </f>
        <f v="78 15 85" fn="1 -0 -0">
            <n d="1 -0 -0"/>
            <n d="1 -0 -0"/>
            <n d="1 -0 -0"/>
        </f>
        <f v="79 78 85" fn="1 -0 -0">
            <n d="1 -0 -0"/>
            <n d="1 -0 -0"/>
            <n d="1 -0 -0"/>
        </f>
        <f v="74 79 85" fn="1 -0 0">
            <n d="1 -0 -0"/>
            <n d="1 -0 -0"/>
            <n d="1 -0 -0"/>
        </f>
        <f v="74 14 79" fn="1 0 -0">
            <n d="1 -0 -0"/>
            <n d="1 -0 -0"/>
            <n d="1 -0 -0"/>
        </f>
        <f v="75 74 85" fn="1 0 -0">
            <n d="1 -0 -0"/>
            <n d="1 -0 -0"/>
            <n d="1 -0 -0"/>
        </f>
        <f v="76 75 83" fn="1 0 -0">
            <n d="1 -0 -0"/>
            <n d="1 -0 -0"/>
            <n d="1 -0 -0"/>
        </f>
        <f v="73 76 83" fn="1 0 -0">
            <n d="1 -0 -0"/>
            <n d="1 -0 -0"/>
            <n d="1 -0 -0"/>
        </f>
        <f v="73 13 76" fn="1 -0 -0">
            <n d="1 -0 -0"/>
            <n d="1 -0 -0"/>
            <n d="1 -0 -0"/>
        </f>
        <f v="72 73 83" fn="1 0 -0">
            <n d="1 -0 -0"/>
            <n d="1 -0 -0"/>
            <n d="1 -0 -0"/>
        </f>
        <f v="71 72 12" fn="1 0 -0">
            <n d="1 -0 -0"/>
            <n d="1 -0 -0"/>
            <n d="1 -0 -0"/>
        </f>
        <f v="67 11 71" fn="1 -0 -0">
            <n d="1 -0 -0"/>
            <n d="1 -0 -0"/>
            <n d="1 -0 -0"/>
        </f>
        <f v="70 66 67" fn="1 -0 -0">
            <n d="1 -0 -0"/>
            <n d="1 -0 -0"/>
            <n d="1 -0 -0"/>
        </f>
        <f v="69 67 71" fn="1 -0 0">
            <n d="1 -0 -0"/>
            <n d="1 -0 -0"/>
            <n d="1 -0 -0"/>
        </f>
        <f v="70 65 66" fn="1 -0 -0">
            <n d="1 -0 -0"/>
            <n d="1 -0 -0"/>
            <n d="1 -0 -0"/>
        </f>
        <f v="70 0 65" fn="1 -0 -0">
            <n d="1 -0 -0"/>
            <n d="1 -0 -0"/>
            <n d="1 -0 -0"/>
        </f>
        <f v="68 69 71" fn="1 -0 -0">
            <n d="1 -0 -0"/>
            <n d="1 -0 -0"/>
            <n d="1 -0 -0"/>
        </f>
        <f v="69 70 67" fn="1 -0 -0">
            <n d="1 -0 -0"/>
            <n d="1 -0 -0"/>
            <n d="1 -0 -0"/>
        </f>
        <f v="68 71 12" fn="1 0 0">
            <n d="1 -0 -0"/>
            <n d="1 -0 -0"/>
            <n d="1 -0 -0"/>
        </f>
    </facets>
    <facets color="1e1e1e">
        <f v="91 17 96" fn="-1 -0 -0">
            <n d="-1 -0 -0"/>
            <n d="-1 -0 -0"/>
            <n d="-1 -0 -0"/>
        </f>
        <f v="100 19 101" fn="-1 0 0">
            <n d="-1 -0 -0"/>
            <n d="-1 -0 -0"/>
            <n d="-1 -0 -0"/>
        </f>
        <f v="89 101 102" fn="-1 0 0">
            <n d="-1 -0 -0"/>
            <n d="-1 -0 -0"/>
            <n d="-1 -0 -0"/>
        </f>
        <f v="89 100 101" fn="-1 0 0">
            <n d="-1 -0 -0"/>
            <n d="-1 -0 -0"/>
            <n d="-1 -0 -0"/>
        </f>
        <f v="89 99 100" fn="-1 0 0">
            <n d="-1 -0 -0"/>
            <n d="-1 -0 -0"/>
            <n d="-1 -0 -0"/>
        </f>
        <f v="91 98 99" fn="-1 0 0">
            <n d="-1 -0 -0"/>
            <n d="-1 -0 -0"/>
            <n d="-1 -0 -0"/>
        </f>
        <f v="95 18 98" fn="-1 -0 -0">
            <n d="-1 -0 -0"/>
            <n d="-1 -0 -0"/>
            <n d="-1 -0 -0"/>
        </f>
        <f v="91 95 98" fn="-1 -0 -0">
            <n d="-1 -0 -0"/>
            <n d="-1 -0 -0"/>
            <n d="-1 -0 -0"/>
        </f>
        <f v="94 6 49" fn="-1 -0 -0">
            <n d="-1 -0 -0"/>
            <n d="-1 -0 -0"/>
            <n d="-1 -0 -0"/>
        </f>
        <f v="94 48 47" fn="-1 -0 -0">
            <n d="-1 -0 -0"/>
            <n d="-1 -0 -0"/>
            <n d="-1 -0 -0"/>
        </f>
        <f v="47 5 97" fn="-1 0 0">
            <n d="-1 -0 -0"/>
            <n d="-1 -0 -0"/>
            <n d="-1 -0 -0"/>
        </f>
        <f v="17 97 96" fn="-1 -0 0">
            <n d="-1 -0 -0"/>
            <n d="-1 -0 -0"/>
            <n d="-1 -0 -0"/>
        </f>
        <f v="93 47 97" fn="-1 -0 0">
            <n d="-1 -0 -0"/>
            <n d="-1 -0 -0"/>
            <n d="-1 -0 -0"/>
        </f>
        <f v="94 49 48" fn="-1 -0 -0">
            <n d="-1 -0 -0"/>
            <n d="-1 -0 -0"/>
            <n d="-1 -0 -0"/>
        </f>
        <f v="61 103 10" fn="-1 0 0">
            <n d="-1 -0 -0"/>
            <n d="-1 -0 -0"/>
            <n d="-1 -0 -0"/>
        </f>
        <f v="93 94 47" fn="-1 -0 -0">
            <n d="-1 -0 -0"/>
            <n d="-1 -0 -0"/>
            <n d="-1 -0 -0"/>
        </f>
        <f v="92 93 97" fn="-1 -0 -0">
            <n d="-1 -0 -0"/>
            <n d="-1 -0 -0"/>
            <n d="-1 -0 -0"/>
        </f>
        <f v="17 92 97" fn="-1 -0 -0">
            <n d="-1 -0 -0"/>
            <n d="-1 -0 -0"/>
            <n d="-1 -0 -0"/>
        </f>
        <f v="91 96 95" fn="-1 -0 -0">
            <n d="-1 -0 -0"/>
            <n d="-1 -0 -0"/>
            <n d="-1 -0 -0"/>
        </f>
        <f v="90 91 99" fn="-1 -0 0">
            <n d="-1 -0 -0"/>
            <n d="-1 -0 -0"/>
            <n d="-1 -0 -0"/>
        </f>
        <f v="89 90 99" fn="-1 -0 -0">
            <n d="-1 -0 -0"/>
            <n d="-1 -0 -0"/>
            <n d="-1 -0 -0"/>
        </f>
        <f v="16 89 102" fn="-1 0 0">
            <n d="-1 -0 -0"/>
            <n d="-1 -0 -0"/>
            <n d="-1 -0 -0"/>
        </f>
        <f v="16 102 103" fn="-1 0 -0">
            <n d="-1 -0 -0"/>
            <n d="-1 -0 -0"/>
            <n d="-1 -0 -0"/>
        </f>
        <f v="86 16 103" fn="-1 -0 -0">
            <n d="-1 -0 -0"/>
            <n d="-1 -0 -0"/>
            <n d="-1 -0 -0"/>
        </f>
        <f v="87 86 103" fn="-1 -0 -0">
            <n d="-1 -0 -0"/>
            <n d="-1 -0 -0"/>
            <n d="-1 -0 -0"/>
        </f>
        <f v="60 59 88" fn="-1 -0 -0">
            <n d="-1 -0 -0"/>
            <n d="-1 -0 -0"/>
            <n d="-1 -0 -0"/>
        </f>
        <f v="59 9 88" fn="-1 0 0">
            <n d="-1 -0 -0"/>
            <n d="-1 -0 -0"/>
            <n d="-1 -0 -0"/>
        </f>
        <f v="61 88 87" fn="-1 0 0">
            <n d="-1 -0 -0"/>
            <n d="-1 -0 -0"/>
            <n d="-1 -0 -0"/>
        </f>
        <f v="61 60 88" fn="-1 -0 -0">
            <n d="-1 -0 -0"/>
            <n d="-1 -0 -0"/>
            <n d="-1 -0 -0"/>
        </f>
        <f v="61 87 103" fn="-1 -0 0">
            <n d="-1 -0 -0"/>
            <n d="-1 -0 -0"/>
            <n d="-1 -0 -0"/>
        </f>
    </facets>
    <facets color="1e1e1e">
        <f v="105 75 76" fn="0 0 1">
            <n d="-0 -0 1"/>
            <n d="-0 -0 1"/>
            <n d="-0 -0 1"/>
        </f>
        <f v="107 14 74" fn="0 0 1">
            <n d="-0 -0 1"/>
            <n d="-0 -0 1"/>
            <n d="-0 -0 1"/>
        </f>
        <f v="107 74 75" fn="-0 -0 1">
            <n d="-0 -0 1"/>
            <n d="-0 -0 1"/>
            <n d="-0 -0 1"/>
        </f>
        <f v="108 107 75" fn="-0 -0 1">
            <n d="-0 -0 1"/>
            <n d="-0 -0 1"/>
            <n d="-0 -0 1"/>
        </f>
        <f v="99 108 75" fn="-0 0 1">
            <n d="-0 -0 1"/>
            <n d="-0 -0 1"/>
            <n d="-0 -0 1"/>
        </f>
        <f v="98 109 108" fn="-0 -0 1">
            <n d="-0 -0 1"/>
            <n d="-0 -0 1"/>
            <n d="-0 -0 1"/>
        </f>
        <f v="98 18 109" fn="-0 -0 1">
            <n d="-0 -0 1"/>
            <n d="-0 -0 1"/>
            <n d="-0 -0 1"/>
        </f>
        <f v="99 98 108" fn="-0 -0 1">
            <n d="-0 -0 1"/>
            <n d="-0 -0 1"/>
            <n d="-0 -0 1"/>
        </f>
        <f v="105 99 75" fn="0 0 1">
            <n d="-0 -0 1"/>
            <n d="-0 -0 1"/>
            <n d="-0 -0 1"/>
        </f>
        <f v="106 100 99" fn="-0 -0 1">
            <n d="-0 -0 1"/>
            <n d="-0 -0 1"/>
            <n d="-0 -0 1"/>
        </f>
        <f v="106 19 100" fn="0 -0 1">
            <n d="-0 -0 1"/>
            <n d="-0 -0 1"/>
            <n d="-0 -0 1"/>
        </f>
        <f v="104 105 76" fn="0 0 1">
            <n d="-0 -0 1"/>
            <n d="-0 -0 1"/>
            <n d="-0 -0 1"/>
        </f>
        <f v="105 106 99" fn="0 -0 1">
            <n d="-0 -0 1"/>
            <n d="-0 -0 1"/>
            <n d="-0 -0 1"/>
        </f>
        <f v="104 76 13" fn="-0 0 1">
            <n d="-0 -0 1"/>
            <n d="-0 -0 1"/>
            <n d="-0 -0 1"/>
        </f>
    </facets>
    <facets color="1e1e1e">
        <f v="108 95 96" fn="-0 -1 -0">
            <n d="0 -1 0"/>
            <n d="0 -1 0"/>
            <n d="0 -1 0"/>
        </f>
        <f v="44 96 97" fn="0 -1 0">
            <n d="0 -1 0"/>
            <n d="0 -1 0"/>
            <n d="0 -1 0"/>
        </f>
        <f v="44 97 5" fn="0 -1 0">
            <n d="0 -1 0"/>
            <n d="0 -1 0"/>
            <n d="0 -1 0"/>
        </f>
        <f v="45 96 44" fn="0 -1 0">
            <n d="0 -1 0"/>
            <n d="0 -1 0"/>
            <n d="0 -1 0"/>
        </f>
        <f v="78 96 45" fn="-0 -1 -0">
            <n d="0 -1 0"/>
            <n d="0 -1 0"/>
            <n d="0 -1 0"/>
        </f>
        <f v="77 45 46" fn="0 -1 0">
            <n d="0 -1 0"/>
            <n d="0 -1 0"/>
            <n d="0 -1 0"/>
        </f>
        <f v="77 46 4" fn="0 -1 -0">
            <n d="0 -1 0"/>
            <n d="0 -1 0"/>
            <n d="0 -1 0"/>
        </f>
        <f v="78 45 77" fn="0 -1 -0">
            <n d="0 -1 0"/>
            <n d="0 -1 0"/>
            <n d="0 -1 0"/>
        </f>
        <f v="108 96 78" fn="-0 -1 -0">
            <n d="0 -1 0"/>
            <n d="0 -1 0"/>
            <n d="0 -1 0"/>
        </f>
        <f v="107 78 79" fn="0 -1 0">
            <n d="0 -1 0"/>
            <n d="0 -1 0"/>
            <n d="0 -1 0"/>
        </f>
        <f v="107 79 14" fn="0 -1 0">
            <n d="0 -1 0"/>
            <n d="0 -1 0"/>
            <n d="0 -1 0"/>
        </f>
        <f v="109 95 108" fn="0 -1 -0">
            <n d="0 -1 0"/>
            <n d="0 -1 0"/>
            <n d="0 -1 0"/>
        </f>
        <f v="108 78 107" fn="0 -1 0">
            <n d="0 -1 0"/>
            <n d="0 -1 0"/>
            <n d="0 -1 0"/>
        </f>
        <f v="109 18 95" fn="-0 -1 -0">
            <n d="0 -1 0"/>
            <n d="0 -1 0"/>
            <n d="0 -1 0"/>
        </f>
    </facets>
    <facets color="1e1e1e">
        <f v="102 63 62" fn="0 1 0">
            <n d="-0 1 -0"/>
            <n d="-0 1 -0"/>
            <n d="-0 1 -0"/>
        </f>
        <f v="71 64 63" fn="-0 1 -0">
            <n d="-0 1 -0"/>
            <n d="-0 1 -0"/>
            <n d="-0 1 -0"/>
        </f>
        <f v="71 11 64" fn="-0 1 0">
            <n d="-0 1 -0"/>
            <n d="-0 1 -0"/>
            <n d="-0 1 -0"/>
        </f>
        <f v="72 71 63" fn="-0 1 0">
            <n d="-0 1 -0"/>
            <n d="-0 1 -0"/>
            <n d="-0 1 -0"/>
        </f>
        <f v="105 72 63" fn="0 1 0">
            <n d="-0 1 -0"/>
            <n d="-0 1 -0"/>
            <n d="-0 1 -0"/>
        </f>
        <f v="104 73 72" fn="-0 1 -0">
            <n d="-0 1 -0"/>
            <n d="-0 1 -0"/>
            <n d="-0 1 -0"/>
        </f>
        <f v="104 13 73" fn="-0 1 -0">
            <n d="-0 1 -0"/>
            <n d="-0 1 -0"/>
            <n d="-0 1 -0"/>
        </f>
        <f v="105 104 72" fn="-0 1 -0">
            <n d="-0 1 -0"/>
            <n d="-0 1 -0"/>
            <n d="-0 1 -0"/>
        </f>
        <f v="102 105 63" fn="-0 1 0">
            <n d="-0 1 -0"/>
            <n d="-0 1 -0"/>
            <n d="-0 1 -0"/>
        </f>
        <f v="103 102 62" fn="-0 1 -0">
            <n d="-0 1 -0"/>
            <n d="-0 1 -0"/>
            <n d="-0 1 -0"/>
        </f>
        <f v="101 19 106" fn="0 1 0">
            <n d="-0 1 -0"/>
            <n d="-0 1 -0"/>
            <n d="-0 1 -0"/>
        </f>
        <f v="101 106 105" fn="-0 1 -0">
            <n d="-0 1 -0"/>
            <n d="-0 1 -0"/>
            <n d="-0 1 -0"/>
        </f>
        <f v="102 101 105" fn="-0 1 -0">
            <n d="-0 1 -0"/>
            <n d="-0 1 -0"/>
            <n d="-0 1 -0"/>
        </f>
        <f v="103 62 10" fn="0 1 0">
            <n d="-0 1 -0"/>
            <n d="-0 1 -0"/>
            <n d="-0 1 -0"/>
        </f>
    </facets>
    <facets color="b2b2b2">
        <f v="111 117 118" fn="0 0 1">
            <n d="5.42101086242751e-016 -0 1"/>
            <n d="5.42101086242751e-016 -0 1"/>
            <n d="5.42101086242751e-016 -0 1"/>
        </f>
        <f v="114 116 117" fn="0 0 1">
            <n d="5.42101086242751e-016 -0 1"/>
            <n d="5.42101086242751e-016 -0 1"/>
            <n d="5.42101086242751e-016 -0 1"/>
        </f>
        <f v="113 21 116" fn="0 -0 1">
            <n d="5.42101086242751e-016 -0 1"/>
            <n d="5.42101086242751e-016 -0 1"/>
            <n d="5.42101086242751e-016 -0 1"/>
        </f>
        <f v="114 113 116" fn="0 -0 1">
            <n d="5.42101086242751e-016 -0 1"/>
            <n d="5.42101086242751e-016 -0 1"/>
            <n d="5.42101086242751e-016 -0 1"/>
        </f>
        <f v="90 114 117" fn="0 0 1">
            <n d="5.42101086242751e-016 -0 1"/>
            <n d="5.42101086242751e-016 -0 1"/>
            <n d="5.42101086242751e-016 -0 1"/>
        </f>
        <f v="89 115 114" fn="-0 -0 1">
            <n d="5.42101086242751e-016 -0 1"/>
            <n d="5.42101086242751e-016 -0 1"/>
            <n d="5.42101086242751e-016 -0 1"/>
        </f>
        <f v="89 16 115" fn="-0 -0 1">
            <n d="5.42101086242751e-016 -0 1"/>
            <n d="5.42101086242751e-016 -0 1"/>
            <n d="5.42101086242751e-016 -0 1"/>
        </f>
        <f v="90 89 114" fn="-0 -0 1">
            <n d="5.42101086242751e-016 -0 1"/>
            <n d="5.42101086242751e-016 -0 1"/>
            <n d="5.42101086242751e-016 -0 1"/>
        </f>
        <f v="111 90 117" fn="0 -0 1">
            <n d="5.42101086242751e-016 -0 1"/>
            <n d="5.42101086242751e-016 -0 1"/>
            <n d="5.42101086242751e-016 -0 1"/>
        </f>
        <f v="110 111 118" fn="-0 -0 1">
            <n d="5.42101086242751e-016 -0 1"/>
            <n d="5.42101086242751e-016 -0 1"/>
            <n d="5.42101086242751e-016 -0 1"/>
        </f>
        <f v="112 17 91" fn="0 0 1">
            <n d="5.42101086242751e-016 -0 1"/>
            <n d="5.42101086242751e-016 -0 1"/>
            <n d="5.42101086242751e-016 -0 1"/>
        </f>
        <f v="111 91 90" fn="0 0 1">
            <n d="5.42101086242751e-016 -0 1"/>
            <n d="5.42101086242751e-016 -0 1"/>
            <n d="5.42101086242751e-016 -0 1"/>
        </f>
        <f v="111 112 91" fn="-0 -0 1">
            <n d="5.42101086242751e-016 -0 1"/>
            <n d="5.42101086242751e-016 -0 1"/>
            <n d="5.42101086242751e-016 -0 1"/>
        </f>
        <f v="110 118 20" fn="0 0 1">
            <n d="5.42101086242751e-016 -0 1"/>
            <n d="5.42101086242751e-016 -0 1"/>
            <n d="5.42101086242751e-016 -0 1"/>
        </f>
    </facets>
    <facets color="b2b2b2">
        <f v="119 54 55" fn="1 0 0">
            <n d="1 -0 8.67361737988396e-015"/>
            <n d="1 -0 8.67361737988396e-015"/>
            <n d="1 -0 8.67361737988396e-015"/>
        </f>
        <f v="125 53 54" fn="1 -0 -0">
            <n d="1 -0 8.67361737988396e-015"/>
            <n d="1 -0 8.67361737988396e-015"/>
            <n d="1 -0 8.67361737988396e-015"/>
        </f>
        <f v="125 8 53" fn="1 -0 -0">
            <n d="1 -0 8.67361737988396e-015"/>
            <n d="1 -0 8.67361737988396e-015"/>
            <n d="1 -0 8.67361737988396e-015"/>
        </f>
        <f v="126 125 54" fn="1 -0 -0">
            <n d="1 -0 8.67361737988396e-015"/>
            <n d="1 -0 8.67361737988396e-015"/>
            <n d="1 -0 8.67361737988396e-015"/>
        </f>
        <f v="120 126 54" fn="1 0 0">
            <n d="1 -0 8.67361737988396e-015"/>
            <n d="1 -0 8.67361737988396e-015"/>
            <n d="1 -0 8.67361737988396e-015"/>
        </f>
        <f v="122 127 126" fn="1 -0 -0">
            <n d="1 -0 8.67361737988396e-015"/>
            <n d="1 -0 8.67361737988396e-015"/>
            <n d="1 -0 8.67361737988396e-015"/>
        </f>
        <f v="122 23 127" fn="1 -0 -0">
            <n d="1 -0 8.67361737988396e-015"/>
            <n d="1 -0 8.67361737988396e-015"/>
            <n d="1 -0 8.67361737988396e-015"/>
        </f>
        <f v="123 122 126" fn="1 -0 -0">
            <n d="1 -0 8.67361737988396e-015"/>
            <n d="1 -0 8.67361737988396e-015"/>
            <n d="1 -0 8.67361737988396e-015"/>
        </f>
        <f v="120 123 126" fn="1 -0 -0">
            <n d="1 -0 8.67361737988396e-015"/>
            <n d="1 -0 8.67361737988396e-015"/>
            <n d="1 -0 8.67361737988396e-015"/>
        </f>
        <f v="119 120 54" fn="1 -0 -0">
            <n d="1 -0 8.67361737988396e-015"/>
            <n d="1 -0 8.67361737988396e-015"/>
            <n d="1 -0 8.67361737988396e-015"/>
        </f>
        <f v="121 22 124" fn="1 0 0">
            <n d="1 -0 8.67361737988396e-015"/>
            <n d="1 -0 8.67361737988396e-015"/>
            <n d="1 -0 8.67361737988396e-015"/>
        </f>
        <f v="120 124 123" fn="1 0 0">
            <n d="1 -0 8.67361737988396e-015"/>
            <n d="1 -0 8.67361737988396e-015"/>
            <n d="1 -0 8.67361737988396e-015"/>
        </f>
        <f v="120 121 124" fn="1 -0 -0">
            <n d="1 -0 8.67361737988396e-015"/>
            <n d="1 -0 8.67361737988396e-015"/>
            <n d="1 -0 8.67361737988396e-015"/>
        </f>
        <f v="119 55 7" fn="1 0 0">
            <n d="1 -0 8.67361737988396e-015"/>
            <n d="1 -0 8.67361737988396e-015"/>
            <n d="1 -0 8.67361737988396e-015"/>
        </f>
    </facets>
    <facets color="b2b2b2">
        <f v="129 123 124" fn="-2.77555756156289e-015 0 -1">
            <n d="-5.42101086242751e-016 -0 -1"/>
            <n d="-5.42101086242751e-016 -0 -1"/>
            <n d="-5.42101086242751e-016 -0 -1"/>
        </f>
        <f v="134 122 123" fn="-3.33066907387547e-015 -0 -1">
            <n d="-5.42101086242751e-016 -0 -1"/>
            <n d="-5.42101086242751e-016 -0 -1"/>
            <n d="-5.42101086242751e-016 -0 -1"/>
        </f>
        <f v="134 23 122" fn="-3.33066907387547e-015 -0 -1">
            <n d="-5.42101086242751e-016 -0 -1"/>
            <n d="-5.42101086242751e-016 -0 -1"/>
            <n d="-5.42101086242751e-016 -0 -1"/>
        </f>
        <f v="135 134 123" fn="-2.22044604925031e-015 1.58603289232166e-016 -1">
            <n d="-5.42101086242751e-016 -0 -1"/>
            <n d="-5.42101086242751e-016 -0 -1"/>
            <n d="-5.42101086242751e-016 -0 -1"/>
        </f>
        <f v="129 135 123" fn="-2.77555756156289e-015 0 -1">
            <n d="-5.42101086242751e-016 -0 -1"/>
            <n d="-5.42101086242751e-016 -0 -1"/>
            <n d="-5.42101086242751e-016 -0 -1"/>
        </f>
        <f v="132 136 135" fn="-1.11022302462516e-015 -3.1720657846433e-016 -1">
            <n d="-5.42101086242751e-016 -0 -1"/>
            <n d="-5.42101086242751e-016 -0 -1"/>
            <n d="-5.42101086242751e-016 -0 -1"/>
        </f>
        <f v="131 25 136" fn="-3.33066907387547e-015 0 -1">
            <n d="-5.42101086242751e-016 -0 -1"/>
            <n d="-5.42101086242751e-016 -0 -1"/>
            <n d="-5.42101086242751e-016 -0 -1"/>
        </f>
        <f v="132 131 136" fn="-3.33066907387547e-015 0 -1">
            <n d="-5.42101086242751e-016 -0 -1"/>
            <n d="-5.42101086242751e-016 -0 -1"/>
            <n d="-5.42101086242751e-016 -0 -1"/>
        </f>
        <f v="129 132 135" fn="-2.22044604925031e-015 0 -1">
            <n d="-5.42101086242751e-016 -0 -1"/>
            <n d="-5.42101086242751e-016 -0 -1"/>
            <n d="-5.42101086242751e-016 -0 -1"/>
        </f>
        <f v="128 129 124" fn="-2.22044604925031e-015 -3.17206578464331e-016 -1">
            <n d="-5.42101086242751e-016 -0 -1"/>
            <n d="-5.42101086242751e-016 -0 -1"/>
            <n d="-5.42101086242751e-016 -0 -1"/>
        </f>
        <f v="130 24 133" fn="-3.33066907387547e-015 0 -1">
            <n d="-5.42101086242751e-016 -0 -1"/>
            <n d="-5.42101086242751e-016 -0 -1"/>
            <n d="-5.42101086242751e-016 -0 -1"/>
        </f>
        <f v="130 133 132" fn="-3.33066907387547e-015 -0 -1">
            <n d="-5.42101086242751e-016 -0 -1"/>
            <n d="-5.42101086242751e-016 -0 -1"/>
            <n d="-5.42101086242751e-016 -0 -1"/>
        </f>
        <f v="129 130 132" fn="-1.11022302462516e-015 3.1720657846433e-016 -1">
            <n d="-5.42101086242751e-016 -0 -1"/>
            <n d="-5.42101086242751e-016 -0 -1"/>
            <n d="-5.42101086242751e-016 -0 -1"/>
        </f>
        <f v="128 124 22" fn="-3.33066907387547e-015 0 -1">
            <n d="-5.42101086242751e-016 -0 -1"/>
            <n d="-5.42101086242751e-016 -0 -1"/>
            <n d="-5.42101086242751e-016 -0 -1"/>
        </f>
    </facets>
    <facets color="b2b2b2">
        <f v="138 132 133" fn="-1 0 0">
            <n d="-1 -0 -0"/>
            <n d="-1 -0 -0"/>
            <n d="-1 -0 -0"/>
        </f>
        <f v="141 131 132" fn="-1 0 0">
            <n d="-1 -0 -0"/>
            <n d="-1 -0 -0"/>
            <n d="-1 -0 -0"/>
        </f>
        <f v="140 25 131" fn="-1 -0 -0">
            <n d="-1 -0 -0"/>
            <n d="-1 -0 -0"/>
            <n d="-1 -0 -0"/>
        </f>
        <f v="141 140 131" fn="-1 -0 -0">
            <n d="-1 -0 -0"/>
            <n d="-1 -0 -0"/>
            <n d="-1 -0 -0"/>
        </f>
        <f v="138 141 132" fn="-1 0 0">
            <n d="-1 -0 -0"/>
            <n d="-1 -0 -0"/>
            <n d="-1 -0 -0"/>
        </f>
        <f v="117 142 141" fn="-1 0 0">
            <n d="-1 -0 -0"/>
            <n d="-1 -0 -0"/>
            <n d="-1 -0 -0"/>
        </f>
        <f v="116 21 142" fn="-1 0 -0">
            <n d="-1 -0 -0"/>
            <n d="-1 -0 -0"/>
            <n d="-1 -0 -0"/>
        </f>
        <f v="117 116 142" fn="-1 0 -0">
            <n d="-1 -0 -0"/>
            <n d="-1 -0 -0"/>
            <n d="-1 -0 -0"/>
        </f>
        <f v="138 117 141" fn="-1 -0 -0">
            <n d="-1 -0 -0"/>
            <n d="-1 -0 -0"/>
            <n d="-1 -0 -0"/>
        </f>
        <f v="137 138 133" fn="-1 0 -0">
            <n d="-1 -0 -0"/>
            <n d="-1 -0 -0"/>
            <n d="-1 -0 -0"/>
        </f>
        <f v="139 20 118" fn="-1 0 0">
            <n d="-1 -0 -0"/>
            <n d="-1 -0 -0"/>
            <n d="-1 -0 -0"/>
        </f>
        <f v="139 118 117" fn="-1 -0 -0">
            <n d="-1 -0 -0"/>
            <n d="-1 -0 -0"/>
            <n d="-1 -0 -0"/>
        </f>
        <f v="138 139 117" fn="-1 -0 -0">
            <n d="-1 -0 -0"/>
            <n d="-1 -0 -0"/>
            <n d="-1 -0 -0"/>
        </f>
        <f v="137 133 24" fn="-1 0 0">
            <n d="-1 -0 -0"/>
            <n d="-1 -0 -0"/>
            <n d="-1 -0 -0"/>
        </f>
    </facets>
    <facets color="b2b2b2">
        <f v="142 21 113" fn="-0 1 -0">
            <n d="0 1 0"/>
            <n d="0 1 0"/>
            <n d="0 1 0"/>
        </f>
        <f v="142 113 114" fn="-0 1 -0">
            <n d="0 1 0"/>
            <n d="0 1 0"/>
            <n d="0 1 0"/>
        </f>
        <f v="86 114 115" fn="0 1 0">
            <n d="0 1 0"/>
            <n d="0 1 0"/>
            <n d="0 1 0"/>
        </f>
        <f v="86 115 16" fn="0 1 -0">
            <n d="0 1 0"/>
            <n d="0 1 0"/>
            <n d="0 1 0"/>
        </f>
        <f v="25 9 136" fn="-0 1 -0">
            <n d="0 1 0"/>
            <n d="0 1 0"/>
            <n d="0 1 0"/>
        </f>
        <f v="135 56 57" fn="-0 1 -0">
            <n d="0 1 0"/>
            <n d="0 1 0"/>
            <n d="0 1 0"/>
        </f>
        <f v="134 57 58" fn="-0 1 -0">
            <n d="0 1 0"/>
            <n d="0 1 0"/>
            <n d="0 1 0"/>
        </f>
        <f v="125 58 8" fn="0 1 -0">
            <n d="0 1 0"/>
            <n d="0 1 0"/>
            <n d="0 1 0"/>
        </f>
        <f v="126 58 125" fn="0 1 -0">
            <n d="0 1 0"/>
            <n d="0 1 0"/>
            <n d="0 1 0"/>
        </f>
        <f v="127 58 126" fn="0 1 -0">
            <n d="0 1 0"/>
            <n d="0 1 0"/>
            <n d="0 1 0"/>
        </f>
        <f v="23 58 127" fn="0 1 -0">
            <n d="0 1 0"/>
            <n d="0 1 0"/>
            <n d="0 1 0"/>
        </f>
        <f v="134 58 23" fn="-0 1 0">
            <n d="0 1 0"/>
            <n d="0 1 0"/>
            <n d="0 1 0"/>
        </f>
        <f v="136 9 56" fn="-0 1 -0">
            <n d="0 1 0"/>
            <n d="0 1 0"/>
            <n d="0 1 0"/>
        </f>
        <f v="135 57 134" fn="-0 1 0">
            <n d="0 1 0"/>
            <n d="0 1 0"/>
            <n d="0 1 0"/>
        </f>
        <f v="136 56 135" fn="-0 1 0">
            <n d="0 1 0"/>
            <n d="0 1 0"/>
            <n d="0 1 0"/>
        </f>
        <f v="140 88 9" fn="-0 1 -0">
            <n d="0 1 0"/>
            <n d="0 1 0"/>
            <n d="0 1 0"/>
        </f>
        <f v="141 87 88" fn="-0 1 -0">
            <n d="0 1 0"/>
            <n d="0 1 0"/>
            <n d="0 1 0"/>
        </f>
        <f v="140 9 25" fn="0 1 0">
            <n d="0 1 0"/>
            <n d="0 1 0"/>
            <n d="0 1 0"/>
        </f>
        <f v="141 88 140" fn="0 1 0">
            <n d="0 1 0"/>
            <n d="0 1 0"/>
            <n d="0 1 0"/>
        </f>
        <f v="142 86 87" fn="-0 1 -0">
            <n d="0 1 0"/>
            <n d="0 1 0"/>
            <n d="0 1 0"/>
        </f>
        <f v="142 87 141" fn="0 1 0">
            <n d="0 1 0"/>
            <n d="0 1 0"/>
            <n d="0 1 0"/>
        </f>
        <f v="142 114 86" fn="0 1 0">
            <n d="0 1 0"/>
            <n d="0 1 0"/>
            <n d="0 1 0"/>
        </f>
    </facets>
    <facets color="b2b2b2">
        <f v="139 93 92" fn="0 -1 0">
            <n d="-0 -1 -0"/>
            <n d="-0 -1 -0"/>
            <n d="-0 -1 -0"/>
        </f>
        <f v="24 130 6" fn="0 -1 0">
            <n d="-0 -1 -0"/>
            <n d="-0 -1 -0"/>
            <n d="-0 -1 -0"/>
        </f>
        <f v="129 51 50" fn="0 -1 0">
            <n d="-0 -1 -0"/>
            <n d="-0 -1 -0"/>
            <n d="-0 -1 -0"/>
        </f>
        <f v="128 52 51" fn="0 -1 0">
            <n d="-0 -1 -0"/>
            <n d="-0 -1 -0"/>
            <n d="-0 -1 -0"/>
        </f>
        <f v="119 7 52" fn="-0 -1 0">
            <n d="-0 -1 -0"/>
            <n d="-0 -1 -0"/>
            <n d="-0 -1 -0"/>
        </f>
        <f v="120 119 52" fn="-0 -1 0">
            <n d="-0 -1 -0"/>
            <n d="-0 -1 -0"/>
            <n d="-0 -1 -0"/>
        </f>
        <f v="121 120 52" fn="-0 -1 0">
            <n d="-0 -1 -0"/>
            <n d="-0 -1 -0"/>
            <n d="-0 -1 -0"/>
        </f>
        <f v="22 121 52" fn="-0 -1 0">
            <n d="-0 -1 -0"/>
            <n d="-0 -1 -0"/>
            <n d="-0 -1 -0"/>
        </f>
        <f v="128 22 52" fn="0 -1 -0">
            <n d="-0 -1 -0"/>
            <n d="-0 -1 -0"/>
            <n d="-0 -1 -0"/>
        </f>
        <f v="130 50 6" fn="0 -1 0">
            <n d="-0 -1 -0"/>
            <n d="-0 -1 -0"/>
            <n d="-0 -1 -0"/>
        </f>
        <f v="129 128 51" fn="0 -1 -0">
            <n d="-0 -1 -0"/>
            <n d="-0 -1 -0"/>
            <n d="-0 -1 -0"/>
        </f>
        <f v="130 129 50" fn="0 -1 -0">
            <n d="-0 -1 -0"/>
            <n d="-0 -1 -0"/>
            <n d="-0 -1 -0"/>
        </f>
        <f v="137 6 94" fn="0 -1 0">
            <n d="-0 -1 -0"/>
            <n d="-0 -1 -0"/>
            <n d="-0 -1 -0"/>
        </f>
        <f v="138 94 93" fn="0 -1 0">
            <n d="-0 -1 -0"/>
            <n d="-0 -1 -0"/>
            <n d="-0 -1 -0"/>
        </f>
        <f v="137 24 6" fn="-0 -1 -0">
            <n d="-0 -1 -0"/>
            <n d="-0 -1 -0"/>
            <n d="-0 -1 -0"/>
        </f>
        <f v="138 137 94" fn="-0 -1 -0">
            <n d="-0 -1 -0"/>
            <n d="-0 -1 -0"/>
            <n d="-0 -1 -0"/>
        </f>
        <f v="139 138 93" fn="-0 -1 -0">
            <n d="-0 -1 -0"/>
            <n d="-0 -1 -0"/>
            <n d="-0 -1 -0"/>
        </f>
        <f v="111 139 92" fn="0 -1 -0">
            <n d="-0 -1 -0"/>
            <n d="-0 -1 -0"/>
            <n d="-0 -1 -0"/>
        </f>
        <f v="111 110 139" fn="-0 -1 -0">
            <n d="-0 -1 -0"/>
            <n d="-0 -1 -0"/>
            <n d="-0 -1 -0"/>
        </f>
        <f v="110 20 139" fn="-0 -1 -0">
            <n d="-0 -1 -0"/>
            <n d="-0 -1 -0"/>
            <n d="-0 -1 -0"/>
        </f>
        <f v="112 111 92" fn="-0 -1 -0">
            <n d="-0 -1 -0"/>
            <n d="-0 -1 -0"/>
            <n d="-0 -1 -0"/>
        </f>
        <f v="112 92 17" fn="0 -1 0">
            <n d="-0 -1 -0"/>
            <n d="-0 -1 -0"/>
            <n d="-0 -1 -0"/>
        </f>
    </facets>
    <facets color="b2b2b2">
        <f v="85 145 144" fn="-0 -0 1">
            <n d="-5.42101086242751e-016 0 1"/>
            <n d="-5.42101086242751e-016 0 1"/>
            <n d="-5.42101086242751e-016 0 1"/>
        </f>
        <f v="148 144 143" fn="0 0 1">
            <n d="-5.42101086242751e-016 0 1"/>
            <n d="-5.42101086242751e-016 0 1"/>
            <n d="-5.42101086242751e-016 0 1"/>
        </f>
        <f v="148 143 26" fn="0 0 1">
            <n d="-5.42101086242751e-016 0 1"/>
            <n d="-5.42101086242751e-016 0 1"/>
            <n d="-5.42101086242751e-016 0 1"/>
        </f>
        <f v="147 144 148" fn="0 0 1">
            <n d="-5.42101086242751e-016 0 1"/>
            <n d="-5.42101086242751e-016 0 1"/>
            <n d="-5.42101086242751e-016 0 1"/>
        </f>
        <f v="150 144 147" fn="-0 -0 1">
            <n d="-5.42101086242751e-016 0 1"/>
            <n d="-5.42101086242751e-016 0 1"/>
            <n d="-5.42101086242751e-016 0 1"/>
        </f>
        <f v="150 147 146" fn="-0 -0 1">
            <n d="-5.42101086242751e-016 0 1"/>
            <n d="-5.42101086242751e-016 0 1"/>
            <n d="-5.42101086242751e-016 0 1"/>
        </f>
        <f v="149 146 27" fn="-0 0 1">
            <n d="-5.42101086242751e-016 0 1"/>
            <n d="-5.42101086242751e-016 0 1"/>
            <n d="-5.42101086242751e-016 0 1"/>
        </f>
        <f v="150 146 149" fn="-0 0 1">
            <n d="-5.42101086242751e-016 0 1"/>
            <n d="-5.42101086242751e-016 0 1"/>
            <n d="-5.42101086242751e-016 0 1"/>
        </f>
        <f v="84 144 150" fn="-0 -0 1">
            <n d="-5.42101086242751e-016 0 1"/>
            <n d="-5.42101086242751e-016 0 1"/>
            <n d="-5.42101086242751e-016 0 1"/>
        </f>
        <f v="83 150 151" fn="0 0 1">
            <n d="-5.42101086242751e-016 0 1"/>
            <n d="-5.42101086242751e-016 0 1"/>
            <n d="-5.42101086242751e-016 0 1"/>
        </f>
        <f v="83 151 12" fn="0 0 1">
            <n d="-5.42101086242751e-016 0 1"/>
            <n d="-5.42101086242751e-016 0 1"/>
            <n d="-5.42101086242751e-016 0 1"/>
        </f>
        <f v="85 144 84" fn="-0 0 1">
            <n d="-5.42101086242751e-016 0 1"/>
            <n d="-5.42101086242751e-016 0 1"/>
            <n d="-5.42101086242751e-016 0 1"/>
        </f>
        <f v="84 150 83" fn="0 0 1">
            <n d="-5.42101086242751e-016 0 1"/>
            <n d="-5.42101086242751e-016 0 1"/>
            <n d="-5.42101086242751e-016 0 1"/>
        </f>
        <f v="85 15 145" fn="-0 -0 1">
            <n d="-5.42101086242751e-016 0 1"/>
            <n d="-5.42101086242751e-016 0 1"/>
            <n d="-5.42101086242751e-016 0 1"/>
        </f>
    </facets>
    <facets color="b2b2b2">
        <f v="160 154 153" fn="-1 -0 -0">
            <n d="-1 0 8.67361737988396e-015"/>
            <n d="-1 0 8.67361737988396e-015"/>
            <n d="-1 0 8.67361737988396e-015"/>
        </f>
        <f v="36 153 152" fn="-1 -0 -0">
            <n d="-1 0 8.67361737988396e-015"/>
            <n d="-1 0 8.67361737988396e-015"/>
            <n d="-1 0 8.67361737988396e-015"/>
        </f>
        <f v="37 152 2" fn="-1 -0 0">
            <n d="-1 0 8.67361737988396e-015"/>
            <n d="-1 0 8.67361737988396e-015"/>
            <n d="-1 0 8.67361737988396e-015"/>
        </f>
        <f v="36 152 37" fn="-1 -0 0">
            <n d="-1 0 8.67361737988396e-015"/>
            <n d="-1 0 8.67361737988396e-015"/>
            <n d="-1 0 8.67361737988396e-015"/>
        </f>
        <f v="156 153 36" fn="-1 -0 -0">
            <n d="-1 0 8.67361737988396e-015"/>
            <n d="-1 0 8.67361737988396e-015"/>
            <n d="-1 0 8.67361737988396e-015"/>
        </f>
        <f v="155 36 35" fn="-1 0 0">
            <n d="-1 0 8.67361737988396e-015"/>
            <n d="-1 0 8.67361737988396e-015"/>
            <n d="-1 0 8.67361737988396e-015"/>
        </f>
        <f v="155 35 1" fn="-1 0 0">
            <n d="-1 0 8.67361737988396e-015"/>
            <n d="-1 0 8.67361737988396e-015"/>
            <n d="-1 0 8.67361737988396e-015"/>
        </f>
        <f v="156 36 155" fn="-1 0 0">
            <n d="-1 0 8.67361737988396e-015"/>
            <n d="-1 0 8.67361737988396e-015"/>
            <n d="-1 0 8.67361737988396e-015"/>
        </f>
        <f v="159 153 156" fn="-1 -0 0">
            <n d="-1 0 8.67361737988396e-015"/>
            <n d="-1 0 8.67361737988396e-015"/>
            <n d="-1 0 8.67361737988396e-015"/>
        </f>
        <f v="158 156 157" fn="-1 0 0">
            <n d="-1 0 8.67361737988396e-015"/>
            <n d="-1 0 8.67361737988396e-015"/>
            <n d="-1 0 8.67361737988396e-015"/>
        </f>
        <f v="158 157 29" fn="-1 0 0">
            <n d="-1 0 8.67361737988396e-015"/>
            <n d="-1 0 8.67361737988396e-015"/>
            <n d="-1 0 8.67361737988396e-015"/>
        </f>
        <f v="160 153 159" fn="-1 0 0">
            <n d="-1 0 8.67361737988396e-015"/>
            <n d="-1 0 8.67361737988396e-015"/>
            <n d="-1 0 8.67361737988396e-015"/>
        </f>
        <f v="159 156 158" fn="-1 0 0">
            <n d="-1 0 8.67361737988396e-015"/>
            <n d="-1 0 8.67361737988396e-015"/>
            <n d="-1 0 8.67361737988396e-015"/>
        </f>
        <f v="160 28 154" fn="-1 -0 -0">
            <n d="-1 0 8.67361737988396e-015"/>
            <n d="-1 0 8.67361737988396e-015"/>
            <n d="-1 0 8.67361737988396e-015"/>
        </f>
    </facets>
    <facets color="b2b2b2">
        <f v="168 163 162" fn="1.11022302462516e-015 3.1720657846433e-016 -1">
            <n d="5.42101086242751e-016 0 -1"/>
            <n d="5.42101086242751e-016 0 -1"/>
            <n d="5.42101086242751e-016 0 -1"/>
        </f>
        <f v="160 162 161" fn="2.22044604925031e-015 -3.17206578464331e-016 -1">
            <n d="5.42101086242751e-016 0 -1"/>
            <n d="5.42101086242751e-016 0 -1"/>
            <n d="5.42101086242751e-016 0 -1"/>
        </f>
        <f v="160 161 28" fn="3.33066907387547e-015 0 -1">
            <n d="5.42101086242751e-016 0 -1"/>
            <n d="5.42101086242751e-016 0 -1"/>
            <n d="5.42101086242751e-016 0 -1"/>
        </f>
        <f v="159 162 160" fn="2.77555756156289e-015 0 -1">
            <n d="5.42101086242751e-016 0 -1"/>
            <n d="5.42101086242751e-016 0 -1"/>
            <n d="5.42101086242751e-016 0 -1"/>
        </f>
        <f v="165 162 159" fn="2.77555756156289e-015 -0 -1">
            <n d="5.42101086242751e-016 0 -1"/>
            <n d="5.42101086242751e-016 0 -1"/>
            <n d="5.42101086242751e-016 0 -1"/>
        </f>
        <f v="164 159 158" fn="3.33066907387547e-015 0 -1">
            <n d="5.42101086242751e-016 0 -1"/>
            <n d="5.42101086242751e-016 0 -1"/>
            <n d="5.42101086242751e-016 0 -1"/>
        </f>
        <f v="164 158 29" fn="3.33066907387547e-015 0 -1">
            <n d="5.42101086242751e-016 0 -1"/>
            <n d="5.42101086242751e-016 0 -1"/>
            <n d="5.42101086242751e-016 0 -1"/>
        </f>
        <f v="165 159 164" fn="2.22044604925031e-015 1.58603289232166e-016 -1">
            <n d="5.42101086242751e-016 0 -1"/>
            <n d="5.42101086242751e-016 0 -1"/>
            <n d="5.42101086242751e-016 0 -1"/>
        </f>
        <f v="168 162 165" fn="2.22044604925031e-015 -0 -1">
            <n d="5.42101086242751e-016 0 -1"/>
            <n d="5.42101086242751e-016 0 -1"/>
            <n d="5.42101086242751e-016 0 -1"/>
        </f>
        <f v="168 165 166" fn="1.11022302462516e-015 -3.1720657846433e-016 -1">
            <n d="5.42101086242751e-016 0 -1"/>
            <n d="5.42101086242751e-016 0 -1"/>
            <n d="5.42101086242751e-016 0 -1"/>
        </f>
        <f v="167 166 31" fn="3.33066907387547e-015 0 -1">
            <n d="5.42101086242751e-016 0 -1"/>
            <n d="5.42101086242751e-016 0 -1"/>
            <n d="5.42101086242751e-016 0 -1"/>
        </f>
        <f v="169 163 168" fn="3.33066907387547e-015 0 -1">
            <n d="5.42101086242751e-016 0 -1"/>
            <n d="5.42101086242751e-016 0 -1"/>
            <n d="5.42101086242751e-016 0 -1"/>
        </f>
        <f v="168 166 167" fn="3.33066907387547e-015 0 -1">
            <n d="5.42101086242751e-016 0 -1"/>
            <n d="5.42101086242751e-016 0 -1"/>
            <n d="5.42101086242751e-016 0 -1"/>
        </f>
        <f v="169 30 163" fn="3.33066907387547e-015 -0 -1">
            <n d="5.42101086242751e-016 0 -1"/>
            <n d="5.42101086242751e-016 0 -1"/>
            <n d="5.42101086242751e-016 0 -1"/>
        </f>
    </facets>
    <facets color="b2b2b2">
        <f v="147 172 171" fn="1 -0 -0">
            <n d="1 0 0"/>
            <n d="1 0 0"/>
            <n d="1 0 0"/>
        </f>
        <f v="169 171 170" fn="1 0 0">
            <n d="1 0 0"/>
            <n d="1 0 0"/>
            <n d="1 0 0"/>
        </f>
        <f v="169 170 30" fn="1 0 0">
            <n d="1 0 0"/>
            <n d="1 0 0"/>
            <n d="1 0 0"/>
        </f>
        <f v="168 171 169" fn="1 0 0">
            <n d="1 0 0"/>
            <n d="1 0 0"/>
            <n d="1 0 0"/>
        </f>
        <f v="174 171 168" fn="1 0 -0">
            <n d="1 0 0"/>
            <n d="1 0 0"/>
            <n d="1 0 0"/>
        </f>
        <f v="174 168 167" fn="1 -0 -0">
            <n d="1 0 0"/>
            <n d="1 0 0"/>
            <n d="1 0 0"/>
        </f>
        <f v="173 167 31" fn="1 0 0">
            <n d="1 0 0"/>
            <n d="1 0 0"/>
            <n d="1 0 0"/>
        </f>
        <f v="174 167 173" fn="1 0 0">
            <n d="1 0 0"/>
            <n d="1 0 0"/>
            <n d="1 0 0"/>
        </f>
        <f v="147 171 174" fn="1 -0 0">
            <n d="1 0 0"/>
            <n d="1 0 0"/>
            <n d="1 0 0"/>
        </f>
        <f v="147 174 175" fn="1 -0 -0">
            <n d="1 0 0"/>
            <n d="1 0 0"/>
            <n d="1 0 0"/>
        </f>
        <f v="146 175 27" fn="1 -0 0">
            <n d="1 0 0"/>
            <n d="1 0 0"/>
            <n d="1 0 0"/>
        </f>
        <f v="148 172 147" fn="1 -0 0">
            <n d="1 0 0"/>
            <n d="1 0 0"/>
            <n d="1 0 0"/>
        </f>
        <f v="147 175 146" fn="1 -0 0">
            <n d="1 0 0"/>
            <n d="1 0 0"/>
            <n d="1 0 0"/>
        </f>
        <f v="148 26 172" fn="1 0 -0">
            <n d="1 0 0"/>
            <n d="1 0 0"/>
            <n d="1 0 0"/>
        </f>
    </facets>
    <facets color="b2b2b2">
        <f v="175 69 68" fn="0 1 0">
            <n d="-0 1 -0"/>
            <n d="-0 1 -0"/>
            <n d="-0 1 -0"/>
        </f>
        <f v="174 70 69" fn="0 1 0">
            <n d="-0 1 -0"/>
            <n d="-0 1 -0"/>
            <n d="-0 1 -0"/>
        </f>
        <f v="173 0 70" fn="0 1 0">
            <n d="-0 1 -0"/>
            <n d="-0 1 -0"/>
            <n d="-0 1 -0"/>
        </f>
        <f v="155 1 34" fn="0 1 0">
            <n d="-0 1 -0"/>
            <n d="-0 1 -0"/>
            <n d="-0 1 -0"/>
        </f>
        <f v="164 34 33" fn="0 1 -0">
            <n d="-0 1 -0"/>
            <n d="-0 1 -0"/>
            <n d="-0 1 -0"/>
        </f>
        <f v="156 155 34" fn="-0 1 -0">
            <n d="-0 1 -0"/>
            <n d="-0 1 -0"/>
            <n d="-0 1 -0"/>
        </f>
        <f v="157 156 34" fn="-0 1 -0">
            <n d="-0 1 -0"/>
            <n d="-0 1 -0"/>
            <n d="-0 1 -0"/>
        </f>
        <f v="165 33 32" fn="0 1 -0">
            <n d="-0 1 -0"/>
            <n d="-0 1 -0"/>
            <n d="-0 1 -0"/>
        </f>
        <f v="29 157 34" fn="-0 1 -0">
            <n d="-0 1 -0"/>
            <n d="-0 1 -0"/>
            <n d="-0 1 -0"/>
        </f>
        <f v="164 29 34" fn="0 1 -0">
            <n d="-0 1 -0"/>
            <n d="-0 1 -0"/>
            <n d="-0 1 -0"/>
        </f>
        <f v="166 32 0" fn="0 1 -0">
            <n d="-0 1 -0"/>
            <n d="-0 1 -0"/>
            <n d="-0 1 -0"/>
        </f>
        <f v="165 164 33" fn="0 1 -0">
            <n d="-0 1 -0"/>
            <n d="-0 1 -0"/>
            <n d="-0 1 -0"/>
        </f>
        <f v="166 165 32" fn="0 1 -0">
            <n d="-0 1 -0"/>
            <n d="-0 1 -0"/>
            <n d="-0 1 -0"/>
        </f>
        <f v="31 166 0" fn="0 1 -0">
            <n d="-0 1 -0"/>
            <n d="-0 1 -0"/>
            <n d="-0 1 -0"/>
        </f>
        <f v="173 31 0" fn="-0 1 0">
            <n d="-0 1 -0"/>
            <n d="-0 1 -0"/>
            <n d="-0 1 -0"/>
        </f>
        <f v="174 173 70" fn="-0 1 0">
            <n d="-0 1 -0"/>
            <n d="-0 1 -0"/>
            <n d="-0 1 -0"/>
        </f>
        <f v="175 174 69" fn="-0 1 0">
            <n d="-0 1 -0"/>
            <n d="-0 1 -0"/>
            <n d="-0 1 -0"/>
        </f>
        <f v="150 175 68" fn="0 1 0">
            <n d="-0 1 -0"/>
            <n d="-0 1 -0"/>
            <n d="-0 1 -0"/>
        </f>
        <f v="150 149 175" fn="-0 1 -0">
            <n d="-0 1 -0"/>
            <n d="-0 1 -0"/>
            <n d="-0 1 -0"/>
        </f>
        <f v="149 27 175" fn="-0 1 -0">
            <n d="-0 1 -0"/>
            <n d="-0 1 -0"/>
            <n d="-0 1 -0"/>
        </f>
        <f v="151 150 68" fn="-0 1 0">
            <n d="-0 1 -0"/>
            <n d="-0 1 -0"/>
            <n d="-0 1 -0"/>
        </f>
        <f v="151 68 12" fn="0 1 0">
            <n d="-0 1 -0"/>
            <n d="-0 1 -0"/>
            <n d="-0 1 -0"/>
        </f>
    </facets>
    <facets color="b2b2b2">
        <f v="172 26 143" fn="-0 -1 0">
            <n d="0 -1 0"/>
            <n d="0 -1 0"/>
            <n d="0 -1 0"/>
        </f>
        <f v="80 145 15" fn="-0 -1 -0">
            <n d="0 -1 0"/>
            <n d="0 -1 0"/>
            <n d="0 -1 0"/>
        </f>
        <f v="80 144 145" fn="-0 -1 -0">
            <n d="0 -1 0"/>
            <n d="0 -1 0"/>
            <n d="0 -1 0"/>
        </f>
        <f v="172 143 144" fn="-0 -1 -0">
            <n d="0 -1 0"/>
            <n d="0 -1 0"/>
            <n d="0 -1 0"/>
        </f>
        <f v="171 81 82" fn="-0 -1 -0">
            <n d="0 -1 0"/>
            <n d="0 -1 0"/>
            <n d="0 -1 0"/>
        </f>
        <f v="163 38 162" fn="-0 -1 0">
            <n d="0 -1 0"/>
            <n d="0 -1 0"/>
            <n d="0 -1 0"/>
        </f>
        <f v="152 40 2" fn="-0 -1 -0">
            <n d="0 -1 0"/>
            <n d="0 -1 0"/>
            <n d="0 -1 0"/>
        </f>
        <f v="161 39 40" fn="-0 -1 0">
            <n d="0 -1 0"/>
            <n d="0 -1 0"/>
            <n d="0 -1 0"/>
        </f>
        <f v="153 40 152" fn="0 -1 0">
            <n d="0 -1 0"/>
            <n d="0 -1 0"/>
            <n d="0 -1 0"/>
        </f>
        <f v="154 40 153" fn="0 -1 0">
            <n d="0 -1 0"/>
            <n d="0 -1 0"/>
            <n d="0 -1 0"/>
        </f>
        <f v="162 38 39" fn="-0 -1 0">
            <n d="0 -1 0"/>
            <n d="0 -1 0"/>
            <n d="0 -1 0"/>
        </f>
        <f v="28 40 154" fn="0 -1 0">
            <n d="0 -1 0"/>
            <n d="0 -1 0"/>
            <n d="0 -1 0"/>
        </f>
        <f v="161 40 28" fn="-0 -1 0">
            <n d="0 -1 0"/>
            <n d="0 -1 0"/>
            <n d="0 -1 0"/>
        </f>
        <f v="163 3 38" fn="-0 -1 0">
            <n d="0 -1 0"/>
            <n d="0 -1 0"/>
            <n d="0 -1 0"/>
        </f>
        <f v="162 39 161" fn="-0 -1 0">
            <n d="0 -1 0"/>
            <n d="0 -1 0"/>
            <n d="0 -1 0"/>
        </f>
        <f v="170 82 3" fn="-0 -1 -0">
            <n d="0 -1 0"/>
            <n d="0 -1 0"/>
            <n d="0 -1 0"/>
        </f>
        <f v="30 3 163" fn="-0 -1 0">
            <n d="0 -1 0"/>
            <n d="0 -1 0"/>
            <n d="0 -1 0"/>
        </f>
        <f v="170 3 30" fn="0 -1 -0">
            <n d="0 -1 0"/>
            <n d="0 -1 0"/>
            <n d="0 -1 0"/>
        </f>
        <f v="171 82 170" fn="0 -1 -0">
            <n d="0 -1 0"/>
            <n d="0 -1 0"/>
            <n d="0 -1 0"/>
        </f>
        <f v="172 80 81" fn="-0 -1 -0">
            <n d="0 -1 0"/>
            <n d="0 -1 0"/>
            <n d="0 -1 0"/>
        </f>
        <f v="172 81 171" fn="0 -1 -0">
            <n d="0 -1 0"/>
            <n d="0 -1 0"/>
            <n d="0 -1 0"/>
        </f>
        <f v="172 144 80" fn="0 -1 0">
            <n d="0 -1 0"/>
            <n d="0 -1 0"/>
            <n d="0 -1 0"/>
        </f>
    </facets>
</shell>
</step-assembly>
