<?xml version="1.0" encoding="UTF-8" ?>
<step-assembly root="id75">
<product id="id75" name="Assem1" shape="id23" children="id95 id95 id87"/>
<product id="id95" name="Base" shape="id34"/>
<product id="id87" name="Ferrite" shape="id28"/>
<shape id="id23" unit="mm 0.001000">
    <child ref="id28" xform="1 0 0 0 0 1 0 0 0 0 1 0 0 0 0 1"/>
    <child ref="id34" xform="1 0 0 0 0 1 0 0 0 0 1 0 7.58942e-016 -2.035 7.58942e-016 1"/>
    <child ref="id34" xform="-1 5.665e-017 -6.93889e-018 0 -5.665e-017 -1 3.69763e-017 0 -6.93889e-018 3.69763e-017 1 0 0 2.035 -2.71051e-016 1"/>
</shape>
<shape id="id28" unit="mm 0.001000">
    <child ref="id29" xform="1 0 0 0 0 1 0 0 0 0 1 0 0 0 0 1"/>
</shape>
<shape id="id29" unit="mm 0.001000" shell="id88"/>
<shape id="id34" unit="mm 0.001000">
    <child ref="id35" xform="1 0 0 0 0 1 0 0 0 0 1 0 0 0 0 1"/>
</shape>
<shape id="id35" unit="mm 0.001000" shell="id96"/>
<shell id="id88">
    <verts>
        <v p="-2.52 -2.035 -1.6"/>
        <v p="2.52 -2.035 -1.6"/>
        <v p="-2.52 2.035 -1.6"/>
        <v p="2.52 2.035 -1.6"/>
        <v p="2.54 -2.035 1.58"/>
        <v p="2.52 -2.035 1.6"/>
        <v p="2.54 2.035 1.58"/>
        <v p="2.52 2.035 1.6"/>
        <v p="-2.52 2.035 1.6"/>
        <v p="-2.52 -2.035 1.6"/>
        <v p="-2.54 -2.035 1.58"/>
        <v p="-2.54 -2.035 -1.58"/>
        <v p="-2.54 2.035 1.58"/>
        <v p="-2.54 2.035 -1.58"/>
        <v p="2.54 -2.035 -1.58"/>
        <v p="2.54 2.035 -1.58"/>
        <v p="-1.26 -2.035 -1.6"/>
        <v p="0 -2.035 -1.6"/>
        <v p="1.26 -2.035 -1.6"/>
        <v p="-2.52 -1.0175 -1.6"/>
        <v p="-2.52 0 -1.6"/>
        <v p="-2.52 1.0175 -1.6"/>
        <v p="1.26 2.035 -1.6"/>
        <v p="0 2.035 -1.6"/>
        <v p="-1.26 2.035 -1.6"/>
        <v p="2.52 1.0175 -1.6"/>
        <v p="2.52 0 -1.6"/>
        <v p="2.52 -1.0175 -1.6"/>
        <v p="2.53863753582133 -2.035 1.58725549850173"/>
        <v p="2.53419825040083 -2.035 1.59408579729924"/>
        <v p="2.5273973341987 -2.035 1.59858169655206"/>
        <v p="2.54 1.0175 1.58"/>
        <v p="2.54 0 1.58"/>
        <v p="2.54 -1.0175 1.58"/>
        <v p="2.52725549850173 2.035 1.59863753582133"/>
        <v p="2.53408579729924 2.035 1.59419825040083"/>
        <v p="2.53858169655206 2.035 1.5873973341987"/>
        <v p="2.52 -1.0175 1.6"/>
        <v p="2.52 0 1.6"/>
        <v p="2.52 1.0175 1.6"/>
        <v p="1.26 2.035 1.6"/>
        <v p="0 2.035 1.6"/>
        <v p="-1.26 2.035 1.6"/>
        <v p="-2.52 1.0175 1.6"/>
        <v p="-2.52 0 1.6"/>
        <v p="-2.52 -1.0175 1.6"/>
        <v p="-1.26 -2.035 1.6"/>
        <v p="0 -2.035 1.6"/>
        <v p="1.26 -2.035 1.6"/>
        <v p="-2.54 -2.035 0.79"/>
        <v p="-2.54 -2.035 0"/>
        <v p="-2.54 -2.035 -0.79"/>
        <v p="-2.54 -1.0175 1.58"/>
        <v p="-2.54 0 1.58"/>
        <v p="-2.54 1.0175 1.58"/>
        <v p="-2.54 2.035 0.79"/>
        <v p="-2.54 2.035 0"/>
        <v p="-2.54 2.035 -0.79"/>
        <v p="-2.54 1.0175 -1.58"/>
        <v p="-2.54 0 -1.58"/>
        <v p="-2.54 -1.0175 -1.58"/>
        <v p="-2.52725549850173 -2.035 1.59863753582133"/>
        <v p="-2.53408579729924 -2.035 1.59419825040083"/>
        <v p="-2.53858169655206 -2.035 1.5873973341987"/>
        <v p="-2.53863753582133 -2.035 -1.58725549850173"/>
        <v p="-2.53419825040083 -2.035 -1.59408579729924"/>
        <v p="-2.5273973341987 -2.035 -1.59858169655206"/>
        <v p="2.52725549850173 -2.035 -1.59863753582133"/>
        <v p="2.53408579729924 -2.035 -1.59419825040083"/>
        <v p="2.53858169655206 -2.035 -1.5873973341987"/>
        <v p="2.54 -2.035 0.79"/>
        <v p="2.54 -2.035 0"/>
        <v p="2.54 -2.035 -0.79"/>
        <v p="2.53863753582133 2.035 -1.58725549850173"/>
        <v p="2.53419825040083 2.035 -1.59408579729924"/>
        <v p="2.5273973341987 2.035 -1.59858169655206"/>
        <v p="2.54 -1.0175 -1.58"/>
        <v p="2.54 0 -1.58"/>
        <v p="2.54 1.0175 -1.58"/>
        <v p="-2.52725549850173 2.035 -1.59863753582133"/>
        <v p="-2.53408579729924 2.035 -1.59419825040083"/>
        <v p="-2.53858169655206 2.035 -1.5873973341987"/>
        <v p="-2.53863753582133 2.035 1.58725549850173"/>
        <v p="-2.53419825040083 2.035 1.59408579729924"/>
        <v p="-2.5273973341987 2.035 1.59858169655206"/>
        <v p="2.54 2.035 0.79"/>
        <v p="2.54 2.035 0"/>
        <v p="2.54 2.035 -0.79"/>
    </verts>
    <facets color="333333">
        <f v="18 26 27" fn="0 0 -1">
            <n d="-0 -0 -1"/>
            <n d="-0 -0 -1"/>
            <n d="-0 -0 -1"/>
        </f>
        <f v="22 25 26" fn="-0 -0 -1">
            <n d="-0 -0 -1"/>
            <n d="-0 -0 -1"/>
            <n d="-0 -0 -1"/>
        </f>
        <f v="22 3 25" fn="0 -0 -1">
            <n d="-0 -0 -1"/>
            <n d="-0 -0 -1"/>
            <n d="-0 -0 -1"/>
        </f>
        <f v="23 22 26" fn="0 -0 -1">
            <n d="-0 -0 -1"/>
            <n d="-0 -0 -1"/>
            <n d="-0 -0 -1"/>
        </f>
        <f v="17 23 26" fn="0 0 -1">
            <n d="-0 -0 -1"/>
            <n d="-0 -0 -1"/>
            <n d="-0 -0 -1"/>
        </f>
        <f v="21 24 23" fn="-0 -0 -1">
            <n d="-0 -0 -1"/>
            <n d="-0 -0 -1"/>
            <n d="-0 -0 -1"/>
        </f>
        <f v="21 2 24" fn="-0 -0 -1">
            <n d="-0 -0 -1"/>
            <n d="-0 -0 -1"/>
            <n d="-0 -0 -1"/>
        </f>
        <f v="20 21 23" fn="-0 -0 -1">
            <n d="-0 -0 -1"/>
            <n d="-0 -0 -1"/>
            <n d="-0 -0 -1"/>
        </f>
        <f v="17 20 23" fn="-0 0 -1">
            <n d="-0 -0 -1"/>
            <n d="-0 -0 -1"/>
            <n d="-0 -0 -1"/>
        </f>
        <f v="18 17 26" fn="-0 0 -1">
            <n d="-0 -0 -1"/>
            <n d="-0 -0 -1"/>
            <n d="-0 -0 -1"/>
        </f>
        <f v="16 0 19" fn="0 0 -1">
            <n d="-0 -0 -1"/>
            <n d="-0 -0 -1"/>
            <n d="-0 -0 -1"/>
        </f>
        <f v="17 19 20" fn="0 0 -1">
            <n d="-0 -0 -1"/>
            <n d="-0 -0 -1"/>
            <n d="-0 -0 -1"/>
        </f>
        <f v="17 16 19" fn="-0 -0 -1">
            <n d="-0 -0 -1"/>
            <n d="-0 -0 -1"/>
            <n d="-0 -0 -1"/>
        </f>
        <f v="18 27 1" fn="0 0 -1">
            <n d="-0 -0 -1"/>
            <n d="-0 -0 -1"/>
            <n d="-0 -0 -1"/>
        </f>
    </facets>
    <facets color="333333">
        <f v="37 30 29" fn="0.551463077860572 0.00284640376202186 0.834194444804189">
            <n d="-1.22460635382238e-016 -0 1"/>
            <n d="0.369866709934819 0 0.929084827602944"/>
            <n d="0.709912520041656 0 0.704289864961938"/>
        </f>
        <f v="33 29 28" fn="0.838463345302938 0.00276315953992863 0.544950991863271">
            <n d="1 0 1.83690953073357e-016"/>
            <n d="0.709912520041656 0 0.704289864961938"/>
            <n d="0.931876791066591 0 0.362774925086386"/>
        </f>
        <f v="33 28 4" fn="0.982821649910751 0 0.184557862110256">
            <n d="1 0 1.83690953073357e-016"/>
            <n d="0.931876791066591 0 0.362774925086386"/>
            <n d="1 0 1.83690953073357e-016"/>
        </f>
        <f v="32 29 33" fn="0.924638448270898 0 0.380846084368983">
            <n d="1 0 1.83690953073357e-016"/>
            <n d="0.709912520041656 0 0.704289864961938"/>
            <n d="1 0 1.83690953073357e-016"/>
        </f>
        <f v="38 29 32" fn="0.707103851786618 0.00287846783150101 0.707103851786618">
            <n d="-1.22460635382238e-016 -0 1"/>
            <n d="0.709912520041656 0 0.704289864961938"/>
            <n d="1 0 1.83690953073357e-016"/>
        </f>
        <f v="35 32 31" fn="0.923116965763804 -0 0.384519268072522">
            <n d="0.704289864961933 0 0.709912520041662"/>
            <n d="1 0 1.83690953073357e-016"/>
            <n d="1 0 1.83690953073357e-016"/>
        </f>
        <f v="36 31 6" fn="0.982111202360237 0 0.188301848632798">
            <n d="0.929084827602944 0 0.369866709934819"/>
            <n d="1 0 1.83690953073357e-016"/>
            <n d="1 0 1.83690953073357e-016"/>
        </f>
        <f v="35 31 36" fn="0.834194444804218 -0.0028464037620215 0.551463077860528">
            <n d="0.704289864961933 0 0.709912520041662"/>
            <n d="1 0 1.83690953073357e-016"/>
            <n d="0.929084827602944 0 0.369866709934819"/>
        </f>
        <f v="38 32 35" fn="0.707103851786618 -0.00287846783150125 0.707103851786618">
            <n d="-1.22460635382238e-016 -0 1"/>
            <n d="1 0 1.83690953073357e-016"/>
            <n d="0.704289864961933 0 0.709912520041662"/>
        </f>
        <f v="39 35 34" fn="0.544950991863264 -0.00276315953992899 0.838463345302943">
            <n d="-1.22460635382238e-016 -0 1"/>
            <n d="0.704289864961933 0 0.709912520041662"/>
            <n d="0.362774925086401 0 0.931876791066585"/>
        </f>
        <f v="39 34 7" fn="0.184557862110216 -0 0.982821649910759">
            <n d="-1.22460635382238e-016 -0 1"/>
            <n d="0.362774925086401 0 0.931876791066585"/>
            <n d="-1.22460635382238e-016 -0 1"/>
        </f>
        <f v="37 29 38" fn="0.384519268072545 -0 0.923116965763794">
            <n d="-1.22460635382238e-016 -0 1"/>
            <n d="0.709912520041656 0 0.704289864961938"/>
            <n d="-1.22460635382238e-016 -0 1"/>
        </f>
        <f v="38 35 39" fn="0.380846084368953 -0 0.92463844827091">
            <n d="-1.22460635382238e-016 -0 1"/>
            <n d="0.704289864961933 0 0.709912520041662"/>
            <n d="-1.22460635382238e-016 -0 1"/>
        </f>
        <f v="37 5 30" fn="0.188301848632798 0 0.982111202360237">
            <n d="-1.22460635382238e-016 -0 1"/>
            <n d="-1.22460635382238e-016 -0 1"/>
            <n d="0.369866709934819 0 0.929084827602944"/>
        </f>
    </facets>
    <facets color="333333">
        <f v="38 40 41" fn="-0 -0 1">
            <n d="0 0 1"/>
            <n d="0 0 1"/>
            <n d="0 0 1"/>
        </f>
        <f v="43 42 8" fn="-0 -0 1">
            <n d="0 0 1"/>
            <n d="0 0 1"/>
            <n d="0 0 1"/>
        </f>
        <f v="43 41 42" fn="0 0 1">
            <n d="0 0 1"/>
            <n d="0 0 1"/>
            <n d="0 0 1"/>
        </f>
        <f v="44 41 43" fn="0 0 1">
            <n d="0 0 1"/>
            <n d="0 0 1"/>
            <n d="0 0 1"/>
        </f>
        <f v="47 41 44" fn="-0 -0 1">
            <n d="0 0 1"/>
            <n d="0 0 1"/>
            <n d="0 0 1"/>
        </f>
        <f v="47 44 45" fn="-0 -0 1">
            <n d="0 0 1"/>
            <n d="0 0 1"/>
            <n d="0 0 1"/>
        </f>
        <f v="46 45 9" fn="0 0 1">
            <n d="0 0 1"/>
            <n d="0 0 1"/>
            <n d="0 0 1"/>
        </f>
        <f v="47 45 46" fn="0 0 1">
            <n d="0 0 1"/>
            <n d="0 0 1"/>
            <n d="0 0 1"/>
        </f>
        <f v="38 41 47" fn="0 -0 1">
            <n d="0 0 1"/>
            <n d="0 0 1"/>
            <n d="0 0 1"/>
        </f>
        <f v="39 40 38" fn="0 0 1">
            <n d="0 0 1"/>
            <n d="0 0 1"/>
            <n d="0 0 1"/>
        </f>
        <f v="37 48 5" fn="-0 0 1">
            <n d="0 0 1"/>
            <n d="0 0 1"/>
            <n d="0 0 1"/>
        </f>
        <f v="38 47 48" fn="-0 -0 1">
            <n d="0 0 1"/>
            <n d="0 0 1"/>
            <n d="0 0 1"/>
        </f>
        <f v="38 48 37" fn="0 0 1">
            <n d="0 0 1"/>
            <n d="0 0 1"/>
            <n d="0 0 1"/>
        </f>
        <f v="39 7 40" fn="-0 -0 1">
            <n d="0 0 1"/>
            <n d="0 0 1"/>
            <n d="0 0 1"/>
        </f>
    </facets>
    <facets color="333333">
        <f v="50 59 60" fn="-1 0 0">
            <n d="-1 -0 -0"/>
            <n d="-1 -0 -0"/>
            <n d="-1 -0 -0"/>
        </f>
        <f v="57 58 59" fn="-1 -0 -0">
            <n d="-1 -0 -0"/>
            <n d="-1 -0 -0"/>
            <n d="-1 -0 -0"/>
        </f>
        <f v="57 13 58" fn="-1 -0 -0">
            <n d="-1 -0 -0"/>
            <n d="-1 -0 -0"/>
            <n d="-1 -0 -0"/>
        </f>
        <f v="56 57 59" fn="-1 -0 -0">
            <n d="-1 -0 -0"/>
            <n d="-1 -0 -0"/>
            <n d="-1 -0 -0"/>
        </f>
        <f v="53 56 59" fn="-1 0 0">
            <n d="-1 -0 -0"/>
            <n d="-1 -0 -0"/>
            <n d="-1 -0 -0"/>
        </f>
        <f v="54 55 56" fn="-1 -0 -0">
            <n d="-1 -0 -0"/>
            <n d="-1 -0 -0"/>
            <n d="-1 -0 -0"/>
        </f>
        <f v="54 12 55" fn="-1 0 -0">
            <n d="-1 -0 -0"/>
            <n d="-1 -0 -0"/>
            <n d="-1 -0 -0"/>
        </f>
        <f v="53 54 56" fn="-1 0 -0">
            <n d="-1 -0 -0"/>
            <n d="-1 -0 -0"/>
            <n d="-1 -0 -0"/>
        </f>
        <f v="50 53 59" fn="-1 0 0">
            <n d="-1 -0 -0"/>
            <n d="-1 -0 -0"/>
            <n d="-1 -0 -0"/>
        </f>
        <f v="51 50 60" fn="-1 0 -0">
            <n d="-1 -0 -0"/>
            <n d="-1 -0 -0"/>
            <n d="-1 -0 -0"/>
        </f>
        <f v="49 10 52" fn="-1 0 0">
            <n d="-1 -0 -0"/>
            <n d="-1 -0 -0"/>
            <n d="-1 -0 -0"/>
        </f>
        <f v="49 52 53" fn="-1 -0 -0">
            <n d="-1 -0 -0"/>
            <n d="-1 -0 -0"/>
            <n d="-1 -0 -0"/>
        </f>
        <f v="50 49 53" fn="-1 -0 -0">
            <n d="-1 -0 -0"/>
            <n d="-1 -0 -0"/>
            <n d="-1 -0 -0"/>
        </f>
        <f v="51 60 11" fn="-1 0 0">
            <n d="-1 -0 -0"/>
            <n d="-1 -0 -0"/>
            <n d="-1 -0 -0"/>
        </f>
    </facets>
    <facets color="333333">
        <f v="29 30 5" fn="-0 -1 -0">
            <n d="-0 -1 -0"/>
            <n d="-0 -1 -0"/>
            <n d="-0 -1 -0"/>
        </f>
        <f v="28 29 5" fn="-0 -1 -0">
            <n d="-0 -1 -0"/>
            <n d="-0 -1 -0"/>
            <n d="-0 -1 -0"/>
        </f>
        <f v="4 28 5" fn="-0 -1 -0">
            <n d="-0 -1 -0"/>
            <n d="-0 -1 -0"/>
            <n d="-0 -1 -0"/>
        </f>
        <f v="48 4 5" fn="0 -1 0">
            <n d="-0 -1 -0"/>
            <n d="-0 -1 -0"/>
            <n d="-0 -1 -0"/>
        </f>
        <f v="47 71 70" fn="0 -1 0">
            <n d="-0 -1 -0"/>
            <n d="-0 -1 -0"/>
            <n d="-0 -1 -0"/>
        </f>
        <f v="18 14 72" fn="0 -1 0">
            <n d="-0 -1 -0"/>
            <n d="-0 -1 -0"/>
            <n d="-0 -1 -0"/>
        </f>
        <f v="1 69 14" fn="0 -1 0">
            <n d="-0 -1 -0"/>
            <n d="-0 -1 -0"/>
            <n d="-0 -1 -0"/>
        </f>
        <f v="1 68 69" fn="8.02829957181723e-014 -1 -1.18371326213459e-013">
            <n d="-0 -1 -0"/>
            <n d="-0 -1 -0"/>
            <n d="-0 -1 -0"/>
        </f>
        <f v="1 67 68" fn="-2.64179621635822e-014 -1 1.40682953649443e-013">
            <n d="-0 -1 -0"/>
            <n d="-0 -1 -0"/>
            <n d="-0 -1 -0"/>
        </f>
        <f v="18 1 14" fn="-0 -1 -0">
            <n d="-0 -1 -0"/>
            <n d="-0 -1 -0"/>
            <n d="-0 -1 -0"/>
        </f>
        <f v="17 72 71" fn="0 -1 0">
            <n d="-0 -1 -0"/>
            <n d="-0 -1 -0"/>
            <n d="-0 -1 -0"/>
        </f>
        <f v="17 18 72" fn="-0 -1 -0">
            <n d="-0 -1 -0"/>
            <n d="-0 -1 -0"/>
            <n d="-0 -1 -0"/>
        </f>
        <f v="50 17 71" fn="0 -1 0">
            <n d="-0 -1 -0"/>
            <n d="-0 -1 -0"/>
            <n d="-0 -1 -0"/>
        </f>
        <f v="51 16 17" fn="-0 -1 -0">
            <n d="-0 -1 -0"/>
            <n d="-0 -1 -0"/>
            <n d="-0 -1 -0"/>
        </f>
        <f v="11 0 16" fn="0 -1 0">
            <n d="-0 -1 -0"/>
            <n d="-0 -1 -0"/>
            <n d="-0 -1 -0"/>
        </f>
        <f v="65 66 0" fn="-0 -1 -0">
            <n d="-0 -1 -0"/>
            <n d="-0 -1 -0"/>
            <n d="-0 -1 -0"/>
        </f>
        <f v="64 65 0" fn="-0 -1 -0">
            <n d="-0 -1 -0"/>
            <n d="-0 -1 -0"/>
            <n d="-0 -1 -0"/>
        </f>
        <f v="11 64 0" fn="-0 -1 -0">
            <n d="-0 -1 -0"/>
            <n d="-0 -1 -0"/>
            <n d="-0 -1 -0"/>
        </f>
        <f v="51 11 16" fn="-0 -1 -0">
            <n d="-0 -1 -0"/>
            <n d="-0 -1 -0"/>
            <n d="-0 -1 -0"/>
        </f>
        <f v="50 51 17" fn="-0 -1 -0">
            <n d="-0 -1 -0"/>
            <n d="-0 -1 -0"/>
            <n d="-0 -1 -0"/>
        </f>
        <f v="47 50 71" fn="0 -1 -0">
            <n d="-0 -1 -0"/>
            <n d="-0 -1 -0"/>
            <n d="-0 -1 -0"/>
        </f>
        <f v="47 49 50" fn="0 -1 0">
            <n d="-0 -1 -0"/>
            <n d="-0 -1 -0"/>
            <n d="-0 -1 -0"/>
        </f>
        <f v="46 10 49" fn="0 -1 0">
            <n d="-0 -1 -0"/>
            <n d="-0 -1 -0"/>
            <n d="-0 -1 -0"/>
        </f>
        <f v="9 63 10" fn="0 -1 0">
            <n d="-0 -1 -0"/>
            <n d="-0 -1 -0"/>
            <n d="-0 -1 -0"/>
        </f>
        <f v="9 62 63" fn="-8.02829957181723e-014 -1 1.18371326213459e-013">
            <n d="-0 -1 -0"/>
            <n d="-0 -1 -0"/>
            <n d="-0 -1 -0"/>
        </f>
        <f v="9 61 62" fn="2.64179621635822e-014 -1 -1.40682953649443e-013">
            <n d="-0 -1 -0"/>
            <n d="-0 -1 -0"/>
            <n d="-0 -1 -0"/>
        </f>
        <f v="47 46 49" fn="-0 -1 -0">
            <n d="-0 -1 -0"/>
            <n d="-0 -1 -0"/>
            <n d="-0 -1 -0"/>
        </f>
        <f v="46 9 10" fn="-0 -1 -0">
            <n d="-0 -1 -0"/>
            <n d="-0 -1 -0"/>
            <n d="-0 -1 -0"/>
        </f>
        <f v="48 47 70" fn="-0 -1 -0">
            <n d="-0 -1 -0"/>
            <n d="-0 -1 -0"/>
            <n d="-0 -1 -0"/>
        </f>
        <f v="48 70 4" fn="-0 -1 -0">
            <n d="-0 -1 -0"/>
            <n d="-0 -1 -0"/>
            <n d="-0 -1 -0"/>
        </f>
    </facets>
    <facets color="333333">
        <f v="76 69 68" fn="0.834194444804218 0.0028464037620215 -0.551463077860528">
            <n d="1 0 -1.83690953073357e-016"/>
            <n d="0.929084827602944 0 -0.369866709934819"/>
            <n d="0.704289864961933 0 -0.709912520041662"/>
        </f>
        <f v="27 67 1" fn="0.184557862110216 -0 -0.982821649910759">
            <n d="-1.22460635382238e-016 0 -1"/>
            <n d="0.362774925086401 0 -0.931876791066585"/>
            <n d="-1.22460635382238e-016 0 -1"/>
        </f>
        <f v="27 68 67" fn="0.544950991863264 0.00276315953992899 -0.838463345302943">
            <n d="-1.22460635382238e-016 0 -1"/>
            <n d="0.704289864961933 0 -0.709912520041662"/>
            <n d="0.362774925086401 0 -0.931876791066585"/>
        </f>
        <f v="26 68 27" fn="0.380846084368953 0 -0.92463844827091">
            <n d="-1.22460635382238e-016 0 -1"/>
            <n d="0.704289864961933 0 -0.709912520041662"/>
            <n d="-1.22460635382238e-016 0 -1"/>
        </f>
        <f v="77 68 26" fn="0.707103851786618 0.00287846783150125 -0.707103851786618">
            <n d="1 0 -1.83690953073357e-016"/>
            <n d="0.704289864961933 0 -0.709912520041662"/>
            <n d="-1.22460635382238e-016 0 -1"/>
        </f>
        <f v="74 26 25" fn="0.384519268072545 -0 -0.923116965763794">
            <n d="0.709912520041656 0 -0.704289864961938"/>
            <n d="-1.22460635382238e-016 0 -1"/>
            <n d="-1.22460635382238e-016 0 -1"/>
        </f>
        <f v="75 25 3" fn="0.188301848632798 0 -0.982111202360237">
            <n d="0.369866709934819 0 -0.929084827602944"/>
            <n d="-1.22460635382238e-016 0 -1"/>
            <n d="-1.22460635382238e-016 0 -1"/>
        </f>
        <f v="74 25 75" fn="0.551463077860572 -0.00284640376202186 -0.834194444804189">
            <n d="0.709912520041656 0 -0.704289864961938"/>
            <n d="-1.22460635382238e-016 0 -1"/>
            <n d="0.369866709934819 0 -0.929084827602944"/>
        </f>
        <f v="77 26 74" fn="0.707103851786618 -0.00287846783150101 -0.707103851786618">
            <n d="1 0 -1.83690953073357e-016"/>
            <n d="-1.22460635382238e-016 0 -1"/>
            <n d="0.709912520041656 0 -0.704289864961938"/>
        </f>
        <f v="76 68 77" fn="0.923116965763804 0 -0.384519268072522">
            <n d="1 0 -1.83690953073357e-016"/>
            <n d="0.704289864961933 0 -0.709912520041662"/>
            <n d="1 0 -1.83690953073357e-016"/>
        </f>
        <f v="78 73 15" fn="0.982821649910751 -0 -0.184557862110256">
            <n d="1 0 -1.83690953073357e-016"/>
            <n d="0.931876791066591 0 -0.362774925086386"/>
            <n d="1 0 -1.83690953073357e-016"/>
        </f>
        <f v="78 74 73" fn="0.838463345302938 -0.00276315953992863 -0.544950991863271">
            <n d="1 0 -1.83690953073357e-016"/>
            <n d="0.709912520041656 0 -0.704289864961938"/>
            <n d="0.931876791066591 0 -0.362774925086386"/>
        </f>
        <f v="77 74 78" fn="0.924638448270898 0 -0.380846084368983">
            <n d="1 0 -1.83690953073357e-016"/>
            <n d="0.709912520041656 0 -0.704289864961938"/>
            <n d="1 0 -1.83690953073357e-016"/>
        </f>
        <f v="76 14 69" fn="0.982111202360237 -0 -0.188301848632798">
            <n d="1 0 -1.83690953073357e-016"/>
            <n d="1 0 -1.83690953073357e-016"/>
            <n d="0.929084827602944 0 -0.369866709934819"/>
        </f>
    </facets>
    <facets color="333333">
        <f v="58 81 80" fn="-0.834194444804218 -0.0028464037620215 -0.551463077860528">
            <n d="-1 0 -6.12303176911189e-017"/>
            <n d="-0.929084827602944 0 -0.369866709934819"/>
            <n d="-0.704289864961933 0 -0.709912520041662"/>
        </f>
        <f v="21 79 2" fn="-0.184557862110216 0 -0.982821649910759">
            <n d="0 0 -1"/>
            <n d="-0.362774925086401 0 -0.931876791066585"/>
            <n d="0 0 -1"/>
        </f>
        <f v="21 80 79" fn="-0.544950991863264 -0.00276315953992899 -0.838463345302943">
            <n d="0 0 -1"/>
            <n d="-0.704289864961933 0 -0.709912520041662"/>
            <n d="-0.362774925086401 0 -0.931876791066585"/>
        </f>
        <f v="20 80 21" fn="-0.380846084368953 0 -0.92463844827091">
            <n d="0 0 -1"/>
            <n d="-0.704289864961933 0 -0.709912520041662"/>
            <n d="0 0 -1"/>
        </f>
        <f v="59 80 20" fn="-0.707103851786618 -0.00287846783150125 -0.707103851786618">
            <n d="-1 0 -6.12303176911189e-017"/>
            <n d="-0.704289864961933 0 -0.709912520041662"/>
            <n d="0 0 -1"/>
        </f>
        <f v="65 20 19" fn="-0.384519268072545 -0 -0.923116965763794">
            <n d="-0.709912520041656 0 -0.704289864961938"/>
            <n d="0 0 -1"/>
            <n d="0 0 -1"/>
        </f>
        <f v="66 19 0" fn="-0.188301848632798 0 -0.982111202360237">
            <n d="-0.369866709934819 0 -0.929084827602944"/>
            <n d="0 0 -1"/>
            <n d="0 0 -1"/>
        </f>
        <f v="65 19 66" fn="-0.551463077860572 0.00284640376202186 -0.834194444804189">
            <n d="-0.709912520041656 0 -0.704289864961938"/>
            <n d="0 0 -1"/>
            <n d="-0.369866709934819 0 -0.929084827602944"/>
        </f>
        <f v="59 20 65" fn="-0.707103851786618 0.00287846783150101 -0.707103851786618">
            <n d="-1 0 -6.12303176911189e-017"/>
            <n d="0 0 -1"/>
            <n d="-0.709912520041656 0 -0.704289864961938"/>
        </f>
        <f v="58 80 59" fn="-0.923116965763804 -0 -0.384519268072522">
            <n d="-1 0 -6.12303176911189e-017"/>
            <n d="-0.704289864961933 0 -0.709912520041662"/>
            <n d="-1 0 -6.12303176911189e-017"/>
        </f>
        <f v="60 64 11" fn="-0.982821649910751 -0 -0.184557862110256">
            <n d="-1 0 -6.12303176911189e-017"/>
            <n d="-0.931876791066591 0 -0.362774925086386"/>
            <n d="-1 0 -6.12303176911189e-017"/>
        </f>
        <f v="60 65 64" fn="-0.838463345302938 0.00276315953992863 -0.544950991863271">
            <n d="-1 0 -6.12303176911189e-017"/>
            <n d="-0.709912520041656 0 -0.704289864961938"/>
            <n d="-0.931876791066591 0 -0.362774925086386"/>
        </f>
        <f v="59 65 60" fn="-0.924638448270898 -0 -0.380846084368983">
            <n d="-1 0 -6.12303176911189e-017"/>
            <n d="-0.709912520041656 0 -0.704289864961938"/>
            <n d="-1 0 -6.12303176911189e-017"/>
        </f>
        <f v="58 13 81" fn="-0.982111202360237 0 -0.188301848632798">
            <n d="-1 0 -6.12303176911189e-017"/>
            <n d="-1 0 -6.12303176911189e-017"/>
            <n d="-0.929084827602944 0 -0.369866709934819"/>
        </f>
    </facets>
    <facets color="333333">
        <f v="43 84 83" fn="-0.551463077860572 -0.00284640376202186 0.834194444804189">
            <n d="0 0 1"/>
            <n d="-0.369866709934819 0 0.929084827602944"/>
            <n d="-0.709912520041656 0 0.704289864961938"/>
        </f>
        <f v="54 83 82" fn="-0.838463345302938 -0.00276315953992863 0.544950991863271">
            <n d="-1 0 6.12303176911189e-017"/>
            <n d="-0.709912520041656 0 0.704289864961938"/>
            <n d="-0.931876791066591 0 0.362774925086386"/>
        </f>
        <f v="54 82 12" fn="-0.982821649910751 0 0.184557862110256">
            <n d="-1 0 6.12303176911189e-017"/>
            <n d="-0.931876791066591 0 0.362774925086386"/>
            <n d="-1 0 6.12303176911189e-017"/>
        </f>
        <f v="53 83 54" fn="-0.924638448270898 0 0.380846084368983">
            <n d="-1 0 6.12303176911189e-017"/>
            <n d="-0.709912520041656 0 0.704289864961938"/>
            <n d="-1 0 6.12303176911189e-017"/>
        </f>
        <f v="44 83 53" fn="-0.707103851786618 -0.00287846783150101 0.707103851786618">
            <n d="0 0 1"/>
            <n d="-0.709912520041656 0 0.704289864961938"/>
            <n d="-1 0 6.12303176911189e-017"/>
        </f>
        <f v="62 53 52" fn="-0.923116965763804 -0 0.384519268072522">
            <n d="-0.704289864961933 0 0.709912520041662"/>
            <n d="-1 0 6.12303176911189e-017"/>
            <n d="-1 0 6.12303176911189e-017"/>
        </f>
        <f v="63 52 10" fn="-0.982111202360237 0 0.188301848632798">
            <n d="-0.929084827602944 0 0.369866709934819"/>
            <n d="-1 0 6.12303176911189e-017"/>
            <n d="-1 0 6.12303176911189e-017"/>
        </f>
        <f v="62 52 63" fn="-0.834194444804218 0.0028464037620215 0.551463077860528">
            <n d="-0.704289864961933 0 0.709912520041662"/>
            <n d="-1 0 6.12303176911189e-017"/>
            <n d="-0.929084827602944 0 0.369866709934819"/>
        </f>
        <f v="44 53 62" fn="-0.707103851786618 0.00287846783150125 0.707103851786618">
            <n d="0 0 1"/>
            <n d="-1 0 6.12303176911189e-017"/>
            <n d="-0.704289864961933 0 0.709912520041662"/>
        </f>
        <f v="45 62 61" fn="-0.544950991863264 0.00276315953992899 0.838463345302943">
            <n d="0 0 1"/>
            <n d="-0.704289864961933 0 0.709912520041662"/>
            <n d="-0.362774925086401 0 0.931876791066585"/>
        </f>
        <f v="45 61 9" fn="-0.184557862110216 0 0.982821649910759">
            <n d="0 0 1"/>
            <n d="-0.362774925086401 0 0.931876791066585"/>
            <n d="0 0 1"/>
        </f>
        <f v="43 83 44" fn="-0.384519268072545 0 0.923116965763794">
            <n d="0 0 1"/>
            <n d="-0.709912520041656 0 0.704289864961938"/>
            <n d="0 0 1"/>
        </f>
        <f v="44 62 45" fn="-0.380846084368953 0 0.92463844827091">
            <n d="0 0 1"/>
            <n d="-0.704289864961933 0 0.709912520041662"/>
            <n d="0 0 1"/>
        </f>
        <f v="43 8 84" fn="-0.188301848632798 -0 0.982111202360237">
            <n d="0 0 1"/>
            <n d="0 0 1"/>
            <n d="-0.369866709934819 0 0.929084827602944"/>
        </f>
    </facets>
    <facets color="333333">
        <f v="2 81 13" fn="0 1 0">
            <n d="-0 1 -0"/>
            <n d="-0 1 -0"/>
            <n d="-0 1 -0"/>
        </f>
        <f v="2 80 81" fn="-8.02829957181723e-014 1 -1.18371326213459e-013">
            <n d="-0 1 -0"/>
            <n d="-0 1 -0"/>
            <n d="-0 1 -0"/>
        </f>
        <f v="2 79 80" fn="2.64179621635822e-014 1 1.40682953649443e-013">
            <n d="-0 1 -0"/>
            <n d="-0 1 -0"/>
            <n d="-0 1 -0"/>
        </f>
        <f v="24 2 13" fn="-0 1 -0">
            <n d="-0 1 -0"/>
            <n d="-0 1 -0"/>
            <n d="-0 1 -0"/>
        </f>
        <f v="57 23 24" fn="0 1 0">
            <n d="-0 1 -0"/>
            <n d="-0 1 -0"/>
            <n d="-0 1 -0"/>
        </f>
        <f v="87 22 23" fn="-0 1 -0">
            <n d="-0 1 -0"/>
            <n d="-0 1 -0"/>
            <n d="-0 1 -0"/>
        </f>
        <f v="15 3 22" fn="0 1 0">
            <n d="-0 1 -0"/>
            <n d="-0 1 -0"/>
            <n d="-0 1 -0"/>
        </f>
        <f v="74 75 3" fn="-0 1 -0">
            <n d="-0 1 -0"/>
            <n d="-0 1 -0"/>
            <n d="-0 1 -0"/>
        </f>
        <f v="73 74 3" fn="-0 1 -0">
            <n d="-0 1 -0"/>
            <n d="-0 1 -0"/>
            <n d="-0 1 -0"/>
        </f>
        <f v="15 73 3" fn="-0 1 -0">
            <n d="-0 1 -0"/>
            <n d="-0 1 -0"/>
            <n d="-0 1 -0"/>
        </f>
        <f v="87 15 22" fn="-0 1 0">
            <n d="-0 1 -0"/>
            <n d="-0 1 -0"/>
            <n d="-0 1 -0"/>
        </f>
        <f v="86 87 23" fn="-0 1 0">
            <n d="-0 1 -0"/>
            <n d="-0 1 -0"/>
            <n d="-0 1 -0"/>
        </f>
        <f v="41 86 23" fn="0 1 0">
            <n d="-0 1 -0"/>
            <n d="-0 1 -0"/>
            <n d="-0 1 -0"/>
        </f>
        <f v="41 85 86" fn="0 1 0">
            <n d="-0 1 -0"/>
            <n d="-0 1 -0"/>
            <n d="-0 1 -0"/>
        </f>
        <f v="40 6 85" fn="0 1 0">
            <n d="-0 1 -0"/>
            <n d="-0 1 -0"/>
            <n d="-0 1 -0"/>
        </f>
        <f v="7 36 6" fn="0 1 0">
            <n d="-0 1 -0"/>
            <n d="-0 1 -0"/>
            <n d="-0 1 -0"/>
        </f>
        <f v="7 35 36" fn="8.02829957181723e-014 1 1.18371326213459e-013">
            <n d="-0 1 -0"/>
            <n d="-0 1 -0"/>
            <n d="-0 1 -0"/>
        </f>
        <f v="7 34 35" fn="-2.64179621635822e-014 1 -1.40682953649443e-013">
            <n d="-0 1 -0"/>
            <n d="-0 1 -0"/>
            <n d="-0 1 -0"/>
        </f>
        <f v="40 7 6" fn="-0 1 -0">
            <n d="-0 1 -0"/>
            <n d="-0 1 -0"/>
            <n d="-0 1 -0"/>
        </f>
        <f v="41 40 85" fn="-0 1 -0">
            <n d="-0 1 -0"/>
            <n d="-0 1 -0"/>
            <n d="-0 1 -0"/>
        </f>
        <f v="56 41 23" fn="-0 1 0">
            <n d="-0 1 -0"/>
            <n d="-0 1 -0"/>
            <n d="-0 1 -0"/>
        </f>
        <f v="12 8 42" fn="0 1 0">
            <n d="-0 1 -0"/>
            <n d="-0 1 -0"/>
            <n d="-0 1 -0"/>
        </f>
        <f v="83 84 8" fn="-0 1 -0">
            <n d="-0 1 -0"/>
            <n d="-0 1 -0"/>
            <n d="-0 1 -0"/>
        </f>
        <f v="82 83 8" fn="-0 1 -0">
            <n d="-0 1 -0"/>
            <n d="-0 1 -0"/>
            <n d="-0 1 -0"/>
        </f>
        <f v="12 82 8" fn="-0 1 -0">
            <n d="-0 1 -0"/>
            <n d="-0 1 -0"/>
            <n d="-0 1 -0"/>
        </f>
        <f v="57 56 23" fn="-0 1 -0">
            <n d="-0 1 -0"/>
            <n d="-0 1 -0"/>
            <n d="-0 1 -0"/>
        </f>
        <f v="55 12 42" fn="0 1 0">
            <n d="-0 1 -0"/>
            <n d="-0 1 -0"/>
            <n d="-0 1 -0"/>
        </f>
        <f v="55 42 41" fn="-0 1 -0">
            <n d="-0 1 -0"/>
            <n d="-0 1 -0"/>
            <n d="-0 1 -0"/>
        </f>
        <f v="56 55 41" fn="-0 1 -0">
            <n d="-0 1 -0"/>
            <n d="-0 1 -0"/>
            <n d="-0 1 -0"/>
        </f>
        <f v="57 24 13" fn="0 1 0">
            <n d="-0 1 -0"/>
            <n d="-0 1 -0"/>
            <n d="-0 1 -0"/>
        </f>
    </facets>
    <facets color="333333">
        <f v="71 32 33" fn="1 0 0">
            <n d="1 -0 -0"/>
            <n d="1 -0 -0"/>
            <n d="1 -0 -0"/>
        </f>
        <f v="85 31 32" fn="1 -0 -0">
            <n d="1 -0 -0"/>
            <n d="1 -0 -0"/>
            <n d="1 -0 -0"/>
        </f>
        <f v="85 6 31" fn="1 -0 -0">
            <n d="1 -0 -0"/>
            <n d="1 -0 -0"/>
            <n d="1 -0 -0"/>
        </f>
        <f v="86 85 32" fn="1 -0 -0">
            <n d="1 -0 -0"/>
            <n d="1 -0 -0"/>
            <n d="1 -0 -0"/>
        </f>
        <f v="77 86 32" fn="1 0 0">
            <n d="1 -0 -0"/>
            <n d="1 -0 -0"/>
            <n d="1 -0 -0"/>
        </f>
        <f v="78 87 86" fn="1 -0 -0">
            <n d="1 -0 -0"/>
            <n d="1 -0 -0"/>
            <n d="1 -0 -0"/>
        </f>
        <f v="78 15 87" fn="1 -0 -0">
            <n d="1 -0 -0"/>
            <n d="1 -0 -0"/>
            <n d="1 -0 -0"/>
        </f>
        <f v="77 78 86" fn="1 -0 -0">
            <n d="1 -0 -0"/>
            <n d="1 -0 -0"/>
            <n d="1 -0 -0"/>
        </f>
        <f v="71 77 32" fn="1 -0 0">
            <n d="1 -0 -0"/>
            <n d="1 -0 -0"/>
            <n d="1 -0 -0"/>
        </f>
        <f v="70 71 33" fn="1 -0 -0">
            <n d="1 -0 -0"/>
            <n d="1 -0 -0"/>
            <n d="1 -0 -0"/>
        </f>
        <f v="72 14 76" fn="1 0 0">
            <n d="1 -0 -0"/>
            <n d="1 -0 -0"/>
            <n d="1 -0 -0"/>
        </f>
        <f v="72 76 77" fn="1 -0 -0">
            <n d="1 -0 -0"/>
            <n d="1 -0 -0"/>
            <n d="1 -0 -0"/>
        </f>
        <f v="71 72 77" fn="1 -0 -0">
            <n d="1 -0 -0"/>
            <n d="1 -0 -0"/>
            <n d="1 -0 -0"/>
        </f>
        <f v="70 33 4" fn="1 0 0">
            <n d="1 -0 -0"/>
            <n d="1 -0 -0"/>
            <n d="1 -0 -0"/>
        </f>
    </facets>
</shell>
<shell id="id96">
    <verts>
        <v p="-2.52 -0.74 1.6"/>
        <v p="2.52 -0.74 1.6"/>
        <v p="2.52 0 1.6"/>
        <v p="-2.52 0 1.6"/>
        <v p="-2.52 -0.76 1.58"/>
        <v p="-2.52 -0.76 -1.58"/>
        <v p="2.52 -0.76 -1.58"/>
        <v p="2.52 -0.76 1.58"/>
        <v p="2.54 -0.74 1.58"/>
        <v p="2.54 -0.74 -1.58"/>
        <v p="2.54 0 -1.58"/>
        <v p="2.54 0 1.58"/>
        <v p="-2.54 0 1.58"/>
        <v p="-2.54 0 -1.58"/>
        <v p="-2.54 -0.74 -1.58"/>
        <v p="-2.54 -0.74 1.58"/>
        <v p="-2.52 0 -1.6"/>
        <v p="2.52 0 -1.6"/>
        <v p="2.52 -0.74 -1.6"/>
        <v p="-2.52 -0.74 -1.6"/>
        <v p="-1.26 -0.74 1.6"/>
        <v p="0 -0.74 1.6"/>
        <v p="1.26 -0.74 1.6"/>
        <v p="2.52 -0.555 1.6"/>
        <v p="2.52 -0.37 1.6"/>
        <v p="2.52 -0.185 1.6"/>
        <v p="1.26 0 1.6"/>
        <v p="0 0 1.6"/>
        <v p="-1.26 0 1.6"/>
        <v p="-2.52 -0.185 1.6"/>
        <v p="-2.52 -0.37 1.6"/>
        <v p="-2.52 -0.555 1.6"/>
        <v p="-2.52 -0.76 0.79"/>
        <v p="-2.52 -0.76 0"/>
        <v p="-2.52 -0.76 -0.79"/>
        <v p="-1.26 -0.76 -1.58"/>
        <v p="0 -0.76 -1.58"/>
        <v p="1.26 -0.76 -1.58"/>
        <v p="2.52 -0.76 -0.79"/>
        <v p="2.52 -0.76 0"/>
        <v p="2.52 -0.76 0.79"/>
        <v p="1.26 -0.76 1.58"/>
        <v p="0 -0.76 1.58"/>
        <v p="-1.26 -0.76 1.58"/>
        <v p="2.54 -0.74 0.79"/>
        <v p="2.54 -0.74 0"/>
        <v p="2.54 -0.74 -0.79"/>
        <v p="2.54 -0.555 -1.58"/>
        <v p="2.54 -0.37 -1.58"/>
        <v p="2.54 -0.185 -1.58"/>
        <v p="2.54 0 -0.79"/>
        <v p="2.54 0 0"/>
        <v p="2.54 0 0.79"/>
        <v p="2.54 -0.185 1.58"/>
        <v p="2.54 -0.37 1.58"/>
        <v p="2.54 -0.555 1.58"/>
        <v p="-2.54 0 0.79"/>
        <v p="-2.54 0 0"/>
        <v p="-2.54 0 -0.79"/>
        <v p="-2.54 -0.185 -1.58"/>
        <v p="-2.54 -0.37 -1.58"/>
        <v p="-2.54 -0.555 -1.58"/>
        <v p="-2.54 -0.74 -0.79"/>
        <v p="-2.54 -0.74 0"/>
        <v p="-2.54 -0.74 0.79"/>
        <v p="-2.54 -0.555 1.58"/>
        <v p="-2.54 -0.37 1.58"/>
        <v p="-2.54 -0.185 1.58"/>
        <v p="-1.26 0 -1.6"/>
        <v p="0 0 -1.6"/>
        <v p="1.26 0 -1.6"/>
        <v p="2.52 -0.185 -1.6"/>
        <v p="2.52 -0.37 -1.6"/>
        <v p="2.52 -0.555 -1.6"/>
        <v p="1.26 -0.74 -1.6"/>
        <v p="0 -0.74 -1.6"/>
        <v p="-1.26 -0.74 -1.6"/>
        <v p="-2.52 -0.555 -1.6"/>
        <v p="-2.52 -0.37 -1.6"/>
        <v p="-2.52 -0.185 -1.6"/>
        <v p="2.53863753582133 -0.74 -1.58725549850173"/>
        <v p="2.53419825040083 -0.74 -1.59408579729924"/>
        <v p="2.5273973341987 -0.74 -1.59858169655206"/>
        <v p="2.53863753582133 0 -1.58725549850173"/>
        <v p="2.53419825040083 0 -1.59408579729924"/>
        <v p="2.5273973341987 0 -1.59858169655206"/>
        <v p="2.53858169655206 -0.747397334198697 -1.58"/>
        <v p="2.53408579729924 -0.754198250400833 -1.58"/>
        <v p="2.52725549850173 -0.758637535821332 -1.58"/>
        <v p="2.52 -0.758581696552059 -1.5873973341987"/>
        <v p="2.52 -0.754085797299239 -1.59419825040083"/>
        <v p="2.52 -0.747255498501727 -1.59863753582133"/>
        <v p="2.53863753582133 -0.747255498501727 1.58"/>
        <v p="2.53419825040083 -0.754085797299239 1.58"/>
        <v p="2.5273973341987 -0.758581696552059 1.58"/>
        <v p="-2.52 -0.758637535821332 -1.58725549850173"/>
        <v p="-2.52 -0.754198250400833 -1.59408579729924"/>
        <v p="-2.52 -0.747397334198696 -1.59858169655206"/>
        <v p="2.53858169655206 -0.74 1.5873973341987"/>
        <v p="2.53408579729924 -0.74 1.59419825040083"/>
        <v p="2.52725549850173 -0.74 1.59863753582133"/>
        <v p="2.52 -0.747397334198696 1.59858169655206"/>
        <v p="2.52 -0.754198250400833 1.59408579729924"/>
        <v p="2.52 -0.758637535821332 1.58725549850173"/>
        <v p="-2.5273973341987 -0.758581696552059 -1.58"/>
        <v p="-2.53419825040083 -0.754085797299239 -1.58"/>
        <v p="-2.53863753582133 -0.747255498501728 -1.58"/>
        <v p="-2.53858169655206 -0.74 -1.5873973341987"/>
        <v p="-2.53408579729924 -0.74 -1.59419825040083"/>
        <v p="-2.52725549850173 -0.74 -1.59863753582133"/>
        <v p="2.52725549850173 0 1.59863753582133"/>
        <v p="2.53408579729924 0 1.59419825040083"/>
        <v p="2.53858169655206 0 1.5873973341987"/>
        <v p="-2.52 -0.747255498501728 1.59863753582133"/>
        <v p="-2.52 -0.754085797299239 1.59419825040083"/>
        <v p="-2.52 -0.758581696552059 1.5873973341987"/>
        <v p="-2.52725549850173 -0.758637535821332 1.58"/>
        <v p="-2.53408579729924 -0.754198250400833 1.58"/>
        <v p="-2.53858169655206 -0.747397334198696 1.58"/>
        <v p="-2.52725549850173 0 -1.59863753582133"/>
        <v p="-2.53408579729924 0 -1.59419825040083"/>
        <v p="-2.53858169655206 0 -1.5873973341987"/>
        <v p="-2.5273973341987 -0.74 1.59858169655206"/>
        <v p="-2.53419825040083 -0.74 1.59408579729924"/>
        <v p="-2.53863753582133 -0.74 1.58725549850173"/>
        <v p="-2.53863753582133 0 1.58725549850173"/>
        <v p="-2.53419825040083 0 1.59408579729924"/>
        <v p="-2.5273973341987 0 1.59858169655206"/>
    </verts>
    <facets color="f9f9f9">
        <f v="21 30 31" fn="0 0 1">
            <n d="-0 -0 1"/>
            <n d="-0 -0 1"/>
            <n d="-0 -0 1"/>
        </f>
        <f v="27 29 30" fn="0 0 1">
            <n d="-0 -0 1"/>
            <n d="-0 -0 1"/>
            <n d="-0 -0 1"/>
        </f>
        <f v="28 3 29" fn="0 -0 1">
            <n d="-0 -0 1"/>
            <n d="-0 -0 1"/>
            <n d="-0 -0 1"/>
        </f>
        <f v="27 28 29" fn="0 -0 1">
            <n d="-0 -0 1"/>
            <n d="-0 -0 1"/>
            <n d="-0 -0 1"/>
        </f>
        <f v="24 27 30" fn="0 0 1">
            <n d="-0 -0 1"/>
            <n d="-0 -0 1"/>
            <n d="-0 -0 1"/>
        </f>
        <f v="25 26 27" fn="-0 -0 1">
            <n d="-0 -0 1"/>
            <n d="-0 -0 1"/>
            <n d="-0 -0 1"/>
        </f>
        <f v="25 2 26" fn="-0 -0 1">
            <n d="-0 -0 1"/>
            <n d="-0 -0 1"/>
            <n d="-0 -0 1"/>
        </f>
        <f v="24 25 27" fn="-0 -0 1">
            <n d="-0 -0 1"/>
            <n d="-0 -0 1"/>
            <n d="-0 -0 1"/>
        </f>
        <f v="21 24 30" fn="0 -0 1">
            <n d="-0 -0 1"/>
            <n d="-0 -0 1"/>
            <n d="-0 -0 1"/>
        </f>
        <f v="20 21 31" fn="-0 -0 1">
            <n d="-0 -0 1"/>
            <n d="-0 -0 1"/>
            <n d="-0 -0 1"/>
        </f>
        <f v="22 1 23" fn="0 0 1">
            <n d="-0 -0 1"/>
            <n d="-0 -0 1"/>
            <n d="-0 -0 1"/>
        </f>
        <f v="21 23 24" fn="0 0 1">
            <n d="-0 -0 1"/>
            <n d="-0 -0 1"/>
            <n d="-0 -0 1"/>
        </f>
        <f v="21 22 23" fn="-0 -0 1">
            <n d="-0 -0 1"/>
            <n d="-0 -0 1"/>
            <n d="-0 -0 1"/>
        </f>
        <f v="20 31 0" fn="0 0 1">
            <n d="-0 -0 1"/>
            <n d="-0 -0 1"/>
            <n d="-0 -0 1"/>
        </f>
    </facets>
    <facets color="f9f9f9">
        <f v="42 32 33" fn="-0 -1 -0">
            <n d="0 -1 0"/>
            <n d="0 -1 0"/>
            <n d="0 -1 0"/>
        </f>
        <f v="36 33 34" fn="-0 -1 -0">
            <n d="0 -1 0"/>
            <n d="0 -1 0"/>
            <n d="0 -1 0"/>
        </f>
        <f v="35 34 5" fn="0 -1 0">
            <n d="0 -1 0"/>
            <n d="0 -1 0"/>
            <n d="0 -1 0"/>
        </f>
        <f v="36 34 35" fn="0 -1 0">
            <n d="0 -1 0"/>
            <n d="0 -1 0"/>
            <n d="0 -1 0"/>
        </f>
        <f v="42 33 36" fn="-0 -1 -0">
            <n d="0 -1 0"/>
            <n d="0 -1 0"/>
            <n d="0 -1 0"/>
        </f>
        <f v="39 36 37" fn="-0 -1 -0">
            <n d="0 -1 0"/>
            <n d="0 -1 0"/>
            <n d="0 -1 0"/>
        </f>
        <f v="38 37 6" fn="0 -1 -0">
            <n d="0 -1 0"/>
            <n d="0 -1 0"/>
            <n d="0 -1 0"/>
        </f>
        <f v="39 37 38" fn="0 -1 -0">
            <n d="0 -1 0"/>
            <n d="0 -1 0"/>
            <n d="0 -1 0"/>
        </f>
        <f v="42 36 39" fn="0 -1 0">
            <n d="0 -1 0"/>
            <n d="0 -1 0"/>
            <n d="0 -1 0"/>
        </f>
        <f v="41 39 40" fn="0 -1 0">
            <n d="0 -1 0"/>
            <n d="0 -1 0"/>
            <n d="0 -1 0"/>
        </f>
        <f v="41 40 7" fn="0 -1 0">
            <n d="0 -1 0"/>
            <n d="0 -1 0"/>
            <n d="0 -1 0"/>
        </f>
        <f v="43 32 42" fn="0 -1 -0">
            <n d="0 -1 0"/>
            <n d="0 -1 0"/>
            <n d="0 -1 0"/>
        </f>
        <f v="42 39 41" fn="0 -1 0">
            <n d="0 -1 0"/>
            <n d="0 -1 0"/>
            <n d="0 -1 0"/>
        </f>
        <f v="43 4 32" fn="-0 -1 -0">
            <n d="0 -1 0"/>
            <n d="0 -1 0"/>
            <n d="0 -1 0"/>
        </f>
    </facets>
    <facets color="f9f9f9">
        <f v="45 54 55" fn="1 0 0">
            <n d="1 -0 -0"/>
            <n d="1 -0 -0"/>
            <n d="1 -0 -0"/>
        </f>
        <f v="51 53 54" fn="1 0 0">
            <n d="1 -0 -0"/>
            <n d="1 -0 -0"/>
            <n d="1 -0 -0"/>
        </f>
        <f v="52 11 53" fn="1 -0 -0">
            <n d="1 -0 -0"/>
            <n d="1 -0 -0"/>
            <n d="1 -0 -0"/>
        </f>
        <f v="51 52 53" fn="1 -0 -0">
            <n d="1 -0 -0"/>
            <n d="1 -0 -0"/>
            <n d="1 -0 -0"/>
        </f>
        <f v="48 51 54" fn="1 0 0">
            <n d="1 -0 -0"/>
            <n d="1 -0 -0"/>
            <n d="1 -0 -0"/>
        </f>
        <f v="49 50 51" fn="1 -0 -0">
            <n d="1 -0 -0"/>
            <n d="1 -0 -0"/>
            <n d="1 -0 -0"/>
        </f>
        <f v="49 10 50" fn="1 -0 -0">
            <n d="1 -0 -0"/>
            <n d="1 -0 -0"/>
            <n d="1 -0 -0"/>
        </f>
        <f v="48 49 51" fn="1 -0 -0">
            <n d="1 -0 -0"/>
            <n d="1 -0 -0"/>
            <n d="1 -0 -0"/>
        </f>
        <f v="45 48 54" fn="1 -0 0">
            <n d="1 -0 -0"/>
            <n d="1 -0 -0"/>
            <n d="1 -0 -0"/>
        </f>
        <f v="44 45 55" fn="1 -0 -0">
            <n d="1 -0 -0"/>
            <n d="1 -0 -0"/>
            <n d="1 -0 -0"/>
        </f>
        <f v="46 9 47" fn="1 0 0">
            <n d="1 -0 -0"/>
            <n d="1 -0 -0"/>
            <n d="1 -0 -0"/>
        </f>
        <f v="45 47 48" fn="1 0 0">
            <n d="1 -0 -0"/>
            <n d="1 -0 -0"/>
            <n d="1 -0 -0"/>
        </f>
        <f v="45 46 47" fn="1 -0 -0">
            <n d="1 -0 -0"/>
            <n d="1 -0 -0"/>
            <n d="1 -0 -0"/>
        </f>
        <f v="44 55 8" fn="1 0 0">
            <n d="1 -0 -0"/>
            <n d="1 -0 -0"/>
            <n d="1 -0 -0"/>
        </f>
    </facets>
    <facets color="f9f9f9">
        <f v="57 66 67" fn="-1 0 0">
            <n d="-1 -0 -0"/>
            <n d="-1 -0 -0"/>
            <n d="-1 -0 -0"/>
        </f>
        <f v="64 15 65" fn="-1 0 0">
            <n d="-1 -0 -0"/>
            <n d="-1 -0 -0"/>
            <n d="-1 -0 -0"/>
        </f>
        <f v="63 65 66" fn="-1 0 0">
            <n d="-1 -0 -0"/>
            <n d="-1 -0 -0"/>
            <n d="-1 -0 -0"/>
        </f>
        <f v="63 64 65" fn="-1 -0 -0">
            <n d="-1 -0 -0"/>
            <n d="-1 -0 -0"/>
            <n d="-1 -0 -0"/>
        </f>
        <f v="60 63 66" fn="-1 0 0">
            <n d="-1 -0 -0"/>
            <n d="-1 -0 -0"/>
            <n d="-1 -0 -0"/>
        </f>
        <f v="61 62 63" fn="-1 -0 -0">
            <n d="-1 -0 -0"/>
            <n d="-1 -0 -0"/>
            <n d="-1 -0 -0"/>
        </f>
        <f v="61 14 62" fn="-1 -0 -0">
            <n d="-1 -0 -0"/>
            <n d="-1 -0 -0"/>
            <n d="-1 -0 -0"/>
        </f>
        <f v="60 61 63" fn="-1 -0 -0">
            <n d="-1 -0 -0"/>
            <n d="-1 -0 -0"/>
            <n d="-1 -0 -0"/>
        </f>
        <f v="57 60 66" fn="-1 -0 0">
            <n d="-1 -0 -0"/>
            <n d="-1 -0 -0"/>
            <n d="-1 -0 -0"/>
        </f>
        <f v="57 59 60" fn="-1 0 0">
            <n d="-1 -0 -0"/>
            <n d="-1 -0 -0"/>
            <n d="-1 -0 -0"/>
        </f>
        <f v="58 13 59" fn="-1 -0 -0">
            <n d="-1 -0 -0"/>
            <n d="-1 -0 -0"/>
            <n d="-1 -0 -0"/>
        </f>
        <f v="56 57 67" fn="-1 -0 -0">
            <n d="-1 -0 -0"/>
            <n d="-1 -0 -0"/>
            <n d="-1 -0 -0"/>
        </f>
        <f v="57 58 59" fn="-1 -0 -0">
            <n d="-1 -0 -0"/>
            <n d="-1 -0 -0"/>
            <n d="-1 -0 -0"/>
        </f>
        <f v="56 67 12" fn="-1 0 0">
            <n d="-1 -0 -0"/>
            <n d="-1 -0 -0"/>
            <n d="-1 -0 -0"/>
        </f>
    </facets>
    <facets color="f9f9f9">
        <f v="69 78 79" fn="0 0 -1">
            <n d="-0 -0 -1"/>
            <n d="-0 -0 -1"/>
            <n d="-0 -0 -1"/>
        </f>
        <f v="76 19 77" fn="0 0 -1">
            <n d="-0 -0 -1"/>
            <n d="-0 -0 -1"/>
            <n d="-0 -0 -1"/>
        </f>
        <f v="75 77 78" fn="0 0 -1">
            <n d="-0 -0 -1"/>
            <n d="-0 -0 -1"/>
            <n d="-0 -0 -1"/>
        </f>
        <f v="75 76 77" fn="-0 -0 -1">
            <n d="-0 -0 -1"/>
            <n d="-0 -0 -1"/>
            <n d="-0 -0 -1"/>
        </f>
        <f v="72 75 78" fn="-0 0 -1">
            <n d="-0 -0 -1"/>
            <n d="-0 -0 -1"/>
            <n d="-0 -0 -1"/>
        </f>
        <f v="73 74 75" fn="-0 -0 -1">
            <n d="-0 -0 -1"/>
            <n d="-0 -0 -1"/>
            <n d="-0 -0 -1"/>
        </f>
        <f v="73 18 74" fn="-0 -0 -1">
            <n d="-0 -0 -1"/>
            <n d="-0 -0 -1"/>
            <n d="-0 -0 -1"/>
        </f>
        <f v="72 73 75" fn="-0 -0 -1">
            <n d="-0 -0 -1"/>
            <n d="-0 -0 -1"/>
            <n d="-0 -0 -1"/>
        </f>
        <f v="69 72 78" fn="0 -0 -1">
            <n d="-0 -0 -1"/>
            <n d="-0 -0 -1"/>
            <n d="-0 -0 -1"/>
        </f>
        <f v="69 71 72" fn="0 0 -1">
            <n d="-0 -0 -1"/>
            <n d="-0 -0 -1"/>
            <n d="-0 -0 -1"/>
        </f>
        <f v="70 17 71" fn="0 -0 -1">
            <n d="-0 -0 -1"/>
            <n d="-0 -0 -1"/>
            <n d="-0 -0 -1"/>
        </f>
        <f v="68 69 79" fn="0 -0 -1">
            <n d="-0 -0 -1"/>
            <n d="-0 -0 -1"/>
            <n d="-0 -0 -1"/>
        </f>
        <f v="69 70 71" fn="0 -0 -1">
            <n d="-0 -0 -1"/>
            <n d="-0 -0 -1"/>
            <n d="-0 -0 -1"/>
        </f>
        <f v="68 79 16" fn="-0 0 -1">
            <n d="-0 -0 -1"/>
            <n d="-0 -0 -1"/>
            <n d="-0 -0 -1"/>
        </f>
    </facets>
    <facets color="f9f9f9">
        <f v="47 80 81" fn="0.838369735971373 0.0151956807748688 -0.544890151400334">
            <n d="1 0 -1.83690953073357e-016"/>
            <n d="0.931876791066591 0 -0.362774925086386"/>
            <n d="0.709912520041656 0 -0.704289864961938"/>
        </f>
        <f v="73 82 18" fn="0.188301848632798 -0 -0.982111202360237">
            <n d="-1.22460635382238e-016 0 -1"/>
            <n d="0.369866709934819 0 -0.929084827602944"/>
            <n d="-1.22460635382238e-016 0 -1"/>
        </f>
        <f v="73 81 82" fn="0.551397745531272 0.0156533660029742 -0.834095617034287">
            <n d="-1.22460635382238e-016 0 -1"/>
            <n d="0.709912520041656 0 -0.704289864961938"/>
            <n d="0.369866709934819 0 -0.929084827602944"/>
        </f>
        <f v="72 81 73" fn="0.384519268072545 0 -0.923116965763794">
            <n d="-1.22460635382238e-016 0 -1"/>
            <n d="0.709912520041656 0 -0.704289864961938"/>
            <n d="-1.22460635382238e-016 0 -1"/>
        </f>
        <f v="48 81 72" fn="0.707018182942413 0.0158296550062507 -0.707018182942413">
            <n d="1 0 -1.83690953073357e-016"/>
            <n d="0.709912520041656 0 -0.704289864961938"/>
            <n d="-1.22460635382238e-016 0 -1"/>
        </f>
        <f v="84 72 71" fn="0.384519268072545 -0 -0.923116965763794">
            <n d="0.709912520041656 0 -0.704289864961938"/>
            <n d="-1.22460635382238e-016 0 -1"/>
            <n d="-1.22460635382238e-016 0 -1"/>
        </f>
        <f v="85 71 17" fn="0.188301848632798 0 -0.982111202360237">
            <n d="0.369866709934819 0 -0.929084827602944"/>
            <n d="-1.22460635382238e-016 0 -1"/>
            <n d="-1.22460635382238e-016 0 -1"/>
        </f>
        <f v="84 71 85" fn="0.551397745531272 -0.0156533660029742 -0.834095617034287">
            <n d="0.709912520041656 0 -0.704289864961938"/>
            <n d="-1.22460635382238e-016 0 -1"/>
            <n d="0.369866709934819 0 -0.929084827602944"/>
        </f>
        <f v="48 72 84" fn="0.707018182942413 -0.0158296550062507 -0.707018182942413">
            <n d="1 0 -1.83690953073357e-016"/>
            <n d="-1.22460635382238e-016 0 -1"/>
            <n d="0.709912520041656 0 -0.704289864961938"/>
        </f>
        <f v="47 81 48" fn="0.924638448270897 0 -0.380846084368983">
            <n d="1 0 -1.83690953073357e-016"/>
            <n d="0.709912520041656 0 -0.704289864961938"/>
            <n d="1 0 -1.83690953073357e-016"/>
        </f>
        <f v="49 83 10" fn="0.982821649910751 -0 -0.184557862110256">
            <n d="1 0 -1.83690953073357e-016"/>
            <n d="0.931876791066591 0 -0.362774925086386"/>
            <n d="1 0 -1.83690953073357e-016"/>
        </f>
        <f v="49 84 83" fn="0.838369735971373 -0.0151956807748689 -0.544890151400334">
            <n d="1 0 -1.83690953073357e-016"/>
            <n d="0.709912520041656 0 -0.704289864961938"/>
            <n d="0.931876791066591 0 -0.362774925086386"/>
        </f>
        <f v="48 84 49" fn="0.924638448270898 0 -0.380846084368983">
            <n d="1 0 -1.83690953073357e-016"/>
            <n d="0.709912520041656 0 -0.704289864961938"/>
            <n d="1 0 -1.83690953073357e-016"/>
        </f>
        <f v="47 9 80" fn="0.982821649910751 -0 -0.184557862110256">
            <n d="1 0 -1.83690953073357e-016"/>
            <n d="1 0 -1.83690953073357e-016"/>
            <n d="0.931876791066591 0 -0.362774925086386"/>
        </f>
    </facets>
    <facets color="f9f9f9">
        <f v="81 86 87" fn="0.731181759801586 -0.483364215917693 -0.481385779706598">
            <n d="0.709912520041656 -1.73872676540214e-016 -0.704289864961938"/>
            <n d="0.92908482760294 -0.369866709934828 0"/>
            <n d="0.704289864961932 -0.709912520041662 1.11022302462515e-014"/>
        </f>
        <f v="89 88 6" fn="0.181365898582165 -0.965823561478116 -0.185178991587093">
            <n d="-1.7066447746838e-016 -0.929084827602944 -0.369866709934821"/>
            <n d="0.3627749250864 -0.931876791066586 -1.11022302462514e-014"/>
            <n d="-1.83690953073357e-016 -1 0"/>
        </f>
        <f v="89 87 88" fn="0.479340027978679 -0.737514105667373 -0.475716387692345">
            <n d="-1.7066447746838e-016 -0.929084827602944 -0.369866709934821"/>
            <n d="0.704289864961932 -0.709912520041662 1.11022302462515e-014"/>
            <n d="0.3627749250864 -0.931876791066586 -1.11022302462514e-014"/>
        </f>
        <f v="90 87 89" fn="0.481385779706561 -0.731181759801627 -0.483364215917669">
            <n d="2.17643553980097e-014 -0.704289864961927 -0.709912520041667"/>
            <n d="0.704289864961932 -0.709912520041662 1.11022302462515e-014"/>
            <n d="-1.7066447746838e-016 -0.929084827602944 -0.369866709934821"/>
        </f>
        <f v="81 87 90" fn="0.577350269189644 -0.577350269189608 -0.577350269189626">
            <n d="0.709912520041656 -1.73872676540214e-016 -0.704289864961938"/>
            <n d="0.704289864961932 -0.709912520041662 1.11022302462515e-014"/>
            <n d="2.17643553980097e-014 -0.704289864961927 -0.709912520041667"/>
        </f>
        <f v="82 90 91" fn="0.475716387692205 -0.479340027978634 -0.737514105667494">
            <n d="0.369866709934819 -9.05882246107114e-017 -0.929084827602944"/>
            <n d="2.17643553980097e-014 -0.704289864961927 -0.709912520041667"/>
            <n d="-2.22990497889734e-014 -0.362774925086372 -0.931876791066596"/>
        </f>
        <f v="81 90 82" fn="0.483364215917719 -0.481385779706566 -0.73118175980159">
            <n d="0.709912520041656 -1.73872676540214e-016 -0.704289864961938"/>
            <n d="2.17643553980097e-014 -0.704289864961927 -0.709912520041667"/>
            <n d="0.369866709934819 -9.05882246107114e-017 -0.929084827602944"/>
        </f>
        <f v="82 91 18" fn="0.185178991587078 -0.181365898582198 -0.965823561478112">
            <n d="0.369866709934819 -9.05882246107114e-017 -0.929084827602944"/>
            <n d="-2.22990497889734e-014 -0.362774925086372 -0.931876791066596"/>
            <n d="0.000265203753549486 -0.000265203753549502 -0.999999929666967"/>
        </f>
        <f v="80 86 81" fn="0.73751410566742 -0.475716387692263 -0.479340027978688">
            <n d="0.931876791066591 -2.28236447863951e-016 -0.362774925086385"/>
            <n d="0.92908482760294 -0.369866709934828 0"/>
            <n d="0.709912520041656 -1.73872676540214e-016 -0.704289864961938"/>
        </f>
        <f v="80 9 86" fn="0.965823561478111 -0.185178991587072 -0.18136589858221">
            <n d="0.931876791066591 -2.28236447863951e-016 -0.362774925086385"/>
            <n d="1 -2.44921270764475e-016 0"/>
            <n d="0.92908482760294 -0.369866709934828 0"/>
        </f>
    </facets>
    <facets color="f9f9f9">
        <f v="44 92 93" fn="0.838461236335439 -0.544949621160548 -0.0035588705824541">
            <n d="1 -1.22460635382238e-016 -0"/>
            <n d="0.931876791066598 -0.362774925086368 -0"/>
            <n d="0.709912520041678 -0.704289864961916 -0"/>
        </f>
        <f v="40 94 7" fn="0.188301848632787 -0.982111202360239 -0">
            <n d="-6.12303176911189e-017 -1 0"/>
            <n d="0.369866709934838 -0.929084827602937 -0"/>
            <n d="-6.12303176911189e-017 -1 0"/>
        </f>
        <f v="40 93 94" fn="0.551461605943823 -0.834192218245794 -0.00366608619940864">
            <n d="-6.12303176911189e-017 -1 0"/>
            <n d="0.709912520041678 -0.704289864961916 -0"/>
            <n d="0.369866709934838 -0.929084827602937 -0"/>
        </f>
        <f v="39 93 40" fn="0.384519268072524 -0.923116965763803 0">
            <n d="-6.12303176911189e-017 -1 0"/>
            <n d="0.709912520041678 -0.704289864961916 -0"/>
            <n d="-6.12303176911189e-017 -1 0"/>
        </f>
        <f v="45 93 39" fn="0.707101921687047 -0.707101921687047 -0.00370738357472676">
            <n d="1 -1.22460635382238e-016 -0"/>
            <n d="0.709912520041678 -0.704289864961916 -0"/>
            <n d="-6.12303176911189e-017 -1 0"/>
        </f>
        <f v="87 39 38" fn="0.380846084368953 -0.92463844827091 -0">
            <n d="0.704289864961933 -0.709912520041662 -0"/>
            <n d="-6.12303176911189e-017 -1 0"/>
            <n d="-6.12303176911189e-017 -1 0"/>
        </f>
        <f v="88 38 6" fn="0.184557862110216 -0.982821649910759 0">
            <n d="0.362774925086401 -0.931876791066585 -0"/>
            <n d="-6.12303176911189e-017 -1 0"/>
            <n d="-6.12303176911189e-017 -1 0"/>
        </f>
        <f v="87 38 88" fn="0.544949621160592 -0.83846123633541 0.00355887058245478">
            <n d="0.704289864961933 -0.709912520041662 -0"/>
            <n d="-6.12303176911189e-017 -1 0"/>
            <n d="0.362774925086401 -0.931876791066585 -0"/>
        </f>
        <f v="45 39 87" fn="0.707101921687047 -0.707101921687047 0.00370738357472666">
            <n d="1 -1.22460635382238e-016 -0"/>
            <n d="-6.12303176911189e-017 -1 0"/>
            <n d="0.704289864961933 -0.709912520041662 -0"/>
        </f>
        <f v="46 87 86" fn="0.834192218245798 -0.551461605943816 0.00366608619940842">
            <n d="1 -1.22460635382238e-016 -0"/>
            <n d="0.704289864961933 -0.709912520041662 -0"/>
            <n d="0.92908482760294 -0.369866709934828 -0"/>
        </f>
        <f v="45 87 46" fn="0.923116965763804 -0.384519268072522 0">
            <n d="1 -1.22460635382238e-016 -0"/>
            <n d="0.704289864961933 -0.709912520041662 -0"/>
            <n d="1 -1.22460635382238e-016 -0"/>
        </f>
        <f v="46 86 9" fn="0.982111202360238 -0.188301848632792 0">
            <n d="1 -1.22460635382238e-016 -0"/>
            <n d="0.92908482760294 -0.369866709934828 -0"/>
            <n d="1 -1.22460635382238e-016 -0"/>
        </f>
        <f v="44 93 45" fn="0.924638448270918 -0.380846084368933 0">
            <n d="1 -1.22460635382238e-016 -0"/>
            <n d="0.709912520041678 -0.704289864961916 -0"/>
            <n d="1 -1.22460635382238e-016 -0"/>
        </f>
        <f v="44 8 92" fn="0.982821649910761 -0.184557862110204 -0">
            <n d="1 -1.22460635382238e-016 -0"/>
            <n d="1 -1.22460635382238e-016 -0"/>
            <n d="0.931876791066598 -0.362774925086368 -0"/>
        </f>
    </facets>
    <facets color="f9f9f9">
        <f v="35 95 96" fn="0.00223136394102171 -0.838464458817539 -0.54495171558109">
            <n d="0 -1 6.12303176911189e-017"/>
            <n d="0 -0.931876791066593 -0.362774925086382"/>
            <n d="0 -0.709912520041667 -0.704289864961927"/>
        </f>
        <f v="76 96 97" fn="0.00229858722967905 -0.551463855018712 -0.834195620406059">
            <n d="0 -1.22460635382238e-016 -1"/>
            <n d="0 -0.709912520041667 -0.704289864961927"/>
            <n d="0 -0.369866709934823 -0.929084827602942"/>
        </f>
        <f v="76 97 19" fn="-0 -0.188301848632795 -0.982111202360238">
            <n d="0 -1.22460635382238e-016 -1"/>
            <n d="0 -0.369866709934823 -0.929084827602942"/>
            <n d="0 -1.22460635382238e-016 -1"/>
        </f>
        <f v="75 96 76" fn="-0 -0.384519268072535 -0.923116965763799">
            <n d="0 -1.22460635382238e-016 -1"/>
            <n d="0 -0.709912520041667 -0.704289864961927"/>
            <n d="0 -1.22460635382238e-016 -1"/>
        </f>
        <f v="36 96 75" fn="0.00232448034887574 -0.707104870861143 -0.707104870861143">
            <n d="0 -1 6.12303176911189e-017"/>
            <n d="0 -0.709912520041667 -0.704289864961927"/>
            <n d="0 -1.22460635382238e-016 -1"/>
        </f>
        <f v="90 75 74" fn="-0 -0.380846084368958 -0.924638448270908">
            <n d="0 -0.704289864961927 -0.709912520041667"/>
            <n d="0 -1.22460635382238e-016 -1"/>
            <n d="0 -1.22460635382238e-016 -1"/>
        </f>
        <f v="91 74 18" fn="0 -0.184557862110233 -0.982821649910756">
            <n d="0 -0.362774925086372 -0.931876791066596"/>
            <n d="0 -1.22460635382238e-016 -1"/>
            <n d="0 -1.22460635382238e-016 -1"/>
        </f>
        <f v="90 74 91" fn="-0.00223136394102154 -0.544951715581078 -0.838464458817547">
            <n d="0 -0.704289864961927 -0.709912520041667"/>
            <n d="0 -1.22460635382238e-016 -1"/>
            <n d="0 -0.362774925086372 -0.931876791066596"/>
        </f>
        <f v="36 75 90" fn="-0.00232448034887574 -0.707104870861143 -0.707104870861143">
            <n d="0 -1 6.12303176911189e-017"/>
            <n d="0 -1.22460635382238e-016 -1"/>
            <n d="0 -0.704289864961927 -0.709912520041667"/>
        </f>
        <f v="36 90 37" fn="0 -0.923116965763799 -0.384519268072535">
            <n d="0 -1 6.12303176911189e-017"/>
            <n d="0 -0.704289864961927 -0.709912520041667"/>
            <n d="0 -1 6.12303176911189e-017"/>
        </f>
        <f v="37 90 89" fn="-0.00229858722967882 -0.834195620406069 -0.551463855018696">
            <n d="0 -1 6.12303176911189e-017"/>
            <n d="0 -0.704289864961927 -0.709912520041667"/>
            <n d="0 -0.929084827602944 -0.369866709934821"/>
        </f>
        <f v="37 89 6" fn="0 -0.982111202360235 -0.188301848632812">
            <n d="0 -1 6.12303176911189e-017"/>
            <n d="0 -0.929084827602944 -0.369866709934821"/>
            <n d="0 -1 6.12303176911189e-017"/>
        </f>
        <f v="35 96 36" fn="0 -0.924638448270908 -0.380846084368958">
            <n d="0 -1 6.12303176911189e-017"/>
            <n d="0 -0.709912520041667 -0.704289864961927"/>
            <n d="0 -1 6.12303176911189e-017"/>
        </f>
        <f v="35 5 95" fn="-0 -0.982821649910757 -0.184557862110227">
            <n d="0 -1 6.12303176911189e-017"/>
            <n d="0 -1 6.12303176911189e-017"/>
            <n d="0 -0.931876791066593 -0.362774925086382"/>
        </f>
    </facets>
    <facets color="f9f9f9">
        <f v="93 98 99" fn="0.731181759801625 -0.481385779706545 0.483364215917687">
            <n d="0.709912520041678 -0.704289864961916 1.11022302462514e-014"/>
            <n d="0.929084827602944 -2.27552636624507e-016 0.369866709934819"/>
            <n d="0.704289864961933 -1.72495568713017e-016 0.709912520041662"/>
        </f>
        <f v="101 99 100" fn="0.479340027978672 -0.475716387692314 0.737514105667398">
            <n d="-6.79411684580345e-017 -0.369866709934824 0.929084827602942"/>
            <n d="0.704289864961933 -1.72495568713017e-016 0.709912520041662"/>
            <n d="0.362774925086401 -5.56640191004486e-015 0.931876791066585"/>
        </f>
        <f v="101 100 1" fn="0.181365898582168 -0.185178991587076 0.965823561478118">
            <n d="-6.79411684580345e-017 -0.369866709934824 0.929084827602942"/>
            <n d="0.362774925086401 -5.56640191004486e-015 0.931876791066585"/>
            <n d="0.000265203753549492 -0.000265203753549496 0.999999929666967"/>
        </f>
        <f v="102 99 101" fn="0.481385779706566 -0.483364215917681 0.731181759801615">
            <n d="2.19381097987528e-014 -0.709912520041667 0.704289864961927"/>
            <n d="0.704289864961933 -1.72495568713017e-016 0.709912520041662"/>
            <n d="-6.79411684580345e-017 -0.369866709934824 0.929084827602942"/>
        </f>
        <f v="93 99 102" fn="0.577350269189626 -0.577350269189617 0.577350269189635">
            <n d="0.709912520041678 -0.704289864961916 1.11022302462514e-014"/>
            <n d="0.704289864961933 -1.72495568713017e-016 0.709912520041662"/>
            <n d="2.19381097987528e-014 -0.709912520041667 0.704289864961927"/>
        </f>
        <f v="92 98 93" fn="0.73751410566746 -0.479340027978634 0.475716387692256">
            <n d="0.931876791066598 -0.362774925086369 0"/>
            <n d="0.929084827602944 -2.27552636624507e-016 0.369866709934819"/>
            <n d="0.709912520041678 -0.704289864961916 1.11022302462514e-014"/>
        </f>
        <f v="94 103 7" fn="0.185178991587067 -0.965823561478117 0.181365898582182">
            <n d="0.369866709934838 -0.929084827602937 0"/>
            <n d="-1.71177335897964e-016 -0.931876791066593 0.362774925086382"/>
            <n d="-1.83690953073357e-016 -1 0"/>
        </f>
        <f v="94 102 103" fn="0.47571638769224 -0.737514105667456 0.479340027978656">
            <n d="0.369866709934838 -0.929084827602937 0"/>
            <n d="2.19381097987528e-014 -0.709912520041667 0.704289864961927"/>
            <n d="-1.71177335897964e-016 -0.931876791066593 0.362774925086382"/>
        </f>
        <f v="93 102 94" fn="0.483364215917685 -0.73118175980161 0.48138577970657">
            <n d="0.709912520041678 -0.704289864961916 1.11022302462514e-014"/>
            <n d="2.19381097987528e-014 -0.709912520041667 0.704289864961927"/>
            <n d="0.369866709934838 -0.929084827602937 0"/>
        </f>
        <f v="92 8 98" fn="0.965823561478119 -0.181365898582158 0.185178991587079">
            <n d="0.931876791066598 -0.362774925086369 0"/>
            <n d="1 -2.44921270764475e-016 0"/>
            <n d="0.929084827602944 -2.27552636624507e-016 0.369866709934819"/>
        </f>
    </facets>
    <facets color="f9f9f9">
        <f v="96 104 105" fn="-0.483364215917697 -0.731181759801604 -0.481385779706567">
            <n d="-2.21989188135631e-014 -0.709912520041667 -0.704289864961927"/>
            <n d="-0.369866709934819 -0.929084827602944 -1.11022302462516e-014"/>
            <n d="-0.709912520041678 -0.704289864961916 1.11022302462514e-014"/>
        </f>
        <f v="107 106 14" fn="-0.965823561478121 -0.18136589858215 -0.185178991587079">
            <n d="-0.929084827602944 1.13776318312253e-016 -0.369866709934819"/>
            <n d="-0.931876791066596 -0.362774925086373 -1.11022302462514e-014"/>
            <n d="-1 1.22460635382238e-016 0"/>
        </f>
        <f v="107 105 106" fn="-0.737514105667415 -0.479340027978659 -0.475716387692301">
            <n d="-0.929084827602944 1.13776318312253e-016 -0.369866709934819"/>
            <n d="-0.709912520041678 -0.704289864961916 1.11022302462514e-014"/>
            <n d="-0.931876791066596 -0.362774925086373 -1.11022302462514e-014"/>
        </f>
        <f v="108 105 107" fn="-0.73118175980162 -0.481385779706557 -0.483364215917684">
            <n d="-0.704289864961933 8.62477843565087e-017 -0.709912520041662"/>
            <n d="-0.709912520041678 -0.704289864961916 1.11022302462514e-014"/>
            <n d="-0.929084827602944 1.13776318312253e-016 -0.369866709934819"/>
        </f>
        <f v="96 105 108" fn="-0.577350269189632 -0.577350269189623 -0.577350269189623">
            <n d="-2.21989188135631e-014 -0.709912520041667 -0.704289864961927"/>
            <n d="-0.709912520041678 -0.704289864961916 1.11022302462514e-014"/>
            <n d="-0.704289864961933 8.62477843565087e-017 -0.709912520041662"/>
        </f>
        <f v="97 108 109" fn="-0.479340027978672 -0.475716387692314 -0.737514105667398">
            <n d="-6.79411684580345e-017 -0.369866709934824 -0.929084827602942"/>
            <n d="-0.704289864961933 8.62477843565087e-017 -0.709912520041662"/>
            <n d="-0.362774925086401 -5.43312496656438e-015 -0.931876791066585"/>
        </f>
        <f v="95 104 96" fn="-0.475716387692251 -0.737514105667451 -0.479340027978652">
            <n d="-1.71177335897964e-016 -0.931876791066593 -0.362774925086382"/>
            <n d="-0.369866709934819 -0.929084827602944 -1.11022302462516e-014"/>
            <n d="-2.21989188135631e-014 -0.709912520041667 -0.704289864961927"/>
        </f>
        <f v="97 109 19" fn="-0.181365898582168 -0.185178991587076 -0.965823561478118">
            <n d="-6.79411684580345e-017 -0.369866709934824 -0.929084827602942"/>
            <n d="-0.362774925086401 -5.43312496656438e-015 -0.931876791066585"/>
            <n d="-0.000265203753549492 -0.000265203753549496 -0.999999929666967"/>
        </f>
        <f v="96 108 97" fn="-0.481385779706566 -0.483364215917681 -0.731181759801615">
            <n d="-2.21989188135631e-014 -0.709912520041667 -0.704289864961927"/>
            <n d="-0.704289864961933 8.62477843565087e-017 -0.709912520041662"/>
            <n d="-6.79411684580345e-017 -0.369866709934824 -0.929084827602942"/>
        </f>
        <f v="95 5 104" fn="-0.185178991587073 -0.965823561478116 -0.181365898582182">
            <n d="-1.71177335897964e-016 -0.931876791066593 -0.362774925086382"/>
            <n d="-1.83690953073357e-016 -1 0"/>
            <n d="-0.369866709934819 -0.929084827602944 -1.11022302462516e-014"/>
        </f>
    </facets>
    <facets color="f9f9f9">
        <f v="53 112 111" fn="0.834095617034316 -0.0156533660029723 0.551397745531228">
            <n d="1 0 -1.83690953073357e-016"/>
            <n d="0.929084827602945 -0 0.369866709934818"/>
            <n d="0.704289864961933 -0 0.709912520041662"/>
        </f>
        <f v="25 111 110" fn="0.544890151400327 -0.0151956807748709 0.838369735971377">
            <n d="2.44921270764475e-016 -0 1"/>
            <n d="0.704289864961933 -0 0.709912520041662"/>
            <n d="0.362774925086402 -0 0.931876791066585"/>
        </f>
        <f v="25 110 2" fn="0.184557862110217 -0 0.982821649910759">
            <n d="2.44921270764475e-016 -0 1"/>
            <n d="0.362774925086402 -0 0.931876791066585"/>
            <n d="2.44921270764475e-016 -0 1"/>
        </f>
        <f v="24 111 25" fn="0.380846084368953 -0 0.92463844827091">
            <n d="2.44921270764475e-016 -0 1"/>
            <n d="0.704289864961933 -0 0.709912520041662"/>
            <n d="2.44921270764475e-016 -0 1"/>
        </f>
        <f v="54 111 24" fn="0.707018182942413 -0.015829655006252 0.707018182942413">
            <n d="1 0 -1.83690953073357e-016"/>
            <n d="0.704289864961933 -0 0.709912520041662"/>
            <n d="2.44921270764475e-016 -0 1"/>
        </f>
        <f v="99 24 23" fn="0.380846084368953 -0 0.92463844827091">
            <n d="0.704289864961933 -0 0.709912520041662"/>
            <n d="2.44921270764475e-016 -0 1"/>
            <n d="2.44921270764475e-016 -0 1"/>
        </f>
        <f v="100 23 1" fn="0.184557862110217 0 0.982821649910759">
            <n d="0.362774925086402 -0 0.931876791066585"/>
            <n d="2.44921270764475e-016 -0 1"/>
            <n d="2.44921270764475e-016 -0 1"/>
        </f>
        <f v="99 23 100" fn="0.544890151400327 0.0151956807748708 0.838369735971377">
            <n d="0.704289864961933 -0 0.709912520041662"/>
            <n d="2.44921270764475e-016 -0 1"/>
            <n d="0.362774925086402 -0 0.931876791066585"/>
        </f>
        <f v="54 24 99" fn="0.707018182942413 0.015829655006252 0.707018182942413">
            <n d="1 0 -1.83690953073357e-016"/>
            <n d="2.44921270764475e-016 -0 1"/>
            <n d="0.704289864961933 -0 0.709912520041662"/>
        </f>
        <f v="55 99 98" fn="0.834095617034316 0.0156533660029723 0.551397745531228">
            <n d="1 0 -1.83690953073357e-016"/>
            <n d="0.704289864961933 -0 0.709912520041662"/>
            <n d="0.929084827602945 -0 0.369866709934818"/>
        </f>
        <f v="55 98 8" fn="0.982111202360237 0 0.188301848632798">
            <n d="1 0 -1.83690953073357e-016"/>
            <n d="0.929084827602945 -0 0.369866709934818"/>
            <n d="1 0 -1.83690953073357e-016"/>
        </f>
        <f v="53 111 54" fn="0.923116965763804 0 0.384519268072522">
            <n d="1 0 -1.83690953073357e-016"/>
            <n d="0.704289864961933 -0 0.709912520041662"/>
            <n d="1 0 -1.83690953073357e-016"/>
        </f>
        <f v="54 99 55" fn="0.923116965763804 0 0.384519268072522">
            <n d="1 0 -1.83690953073357e-016"/>
            <n d="0.704289864961933 -0 0.709912520041662"/>
            <n d="1 0 -1.83690953073357e-016"/>
        </f>
        <f v="53 11 112" fn="0.982111202360237 -0 0.188301848632798">
            <n d="1 0 -1.83690953073357e-016"/>
            <n d="1 0 -1.83690953073357e-016"/>
            <n d="0.929084827602945 -0 0.369866709934818"/>
        </f>
    </facets>
    <facets color="f9f9f9">
        <f v="20 113 114" fn="0.00223136394102162 -0.544951715581084 0.838464458817544">
            <n d="0 -1.22460635382238e-016 1"/>
            <n d="0 -0.362774925086377 0.931876791066594"/>
            <n d="0 -0.704289864961927 0.709912520041667"/>
        </f>
        <f v="43 115 4" fn="-0 -0.982111202360238 0.188301848632792">
            <n d="0 -1 -6.12303176911189e-017"/>
            <n d="0 -0.92908482760294 0.369866709934828"/>
            <n d="0 -1 -6.12303176911189e-017"/>
        </f>
        <f v="43 114 115" fn="0.00229858722967914 -0.834195620406055 0.551463855018718">
            <n d="0 -1 -6.12303176911189e-017"/>
            <n d="0 -0.704289864961927 0.709912520041667"/>
            <n d="0 -0.92908482760294 0.369866709934828"/>
        </f>
        <f v="42 114 43" fn="0 -0.923116965763799 0.384519268072535">
            <n d="0 -1 -6.12303176911189e-017"/>
            <n d="0 -0.704289864961927 0.709912520041667"/>
            <n d="0 -1 -6.12303176911189e-017"/>
        </f>
        <f v="21 114 42" fn="0.00232448034887574 -0.707104870861143 0.707104870861143">
            <n d="0 -1.22460635382238e-016 1"/>
            <n d="0 -0.704289864961927 0.709912520041667"/>
            <n d="0 -1 -6.12303176911189e-017"/>
        </f>
        <f v="102 42 41" fn="-0 -0.924638448270908 0.380846084368958">
            <n d="0 -0.709912520041667 0.704289864961927"/>
            <n d="0 -1 -6.12303176911189e-017"/>
            <n d="0 -1 -6.12303176911189e-017"/>
        </f>
        <f v="103 41 7" fn="0 -0.982821649910757 0.184557862110227">
            <n d="0 -0.931876791066593 0.362774925086382"/>
            <n d="0 -1 -6.12303176911189e-017"/>
            <n d="0 -1 -6.12303176911189e-017"/>
        </f>
        <f v="102 41 103" fn="-0.00223136394102171 -0.838464458817539 0.54495171558109">
            <n d="0 -0.709912520041667 0.704289864961927"/>
            <n d="0 -1 -6.12303176911189e-017"/>
            <n d="0 -0.931876791066593 0.362774925086382"/>
        </f>
        <f v="21 42 102" fn="-0.00232448034887574 -0.707104870861143 0.707104870861143">
            <n d="0 -1.22460635382238e-016 1"/>
            <n d="0 -1 -6.12303176911189e-017"/>
            <n d="0 -0.709912520041667 0.704289864961927"/>
        </f>
        <f v="22 102 101" fn="-0.00229858722967905 -0.551463855018712 0.834195620406059">
            <n d="0 -1.22460635382238e-016 1"/>
            <n d="0 -0.709912520041667 0.704289864961927"/>
            <n d="0 -0.369866709934823 0.929084827602942"/>
        </f>
        <f v="21 102 22" fn="0 -0.384519268072535 0.923116965763799">
            <n d="0 -1.22460635382238e-016 1"/>
            <n d="0 -0.709912520041667 0.704289864961927"/>
            <n d="0 -1.22460635382238e-016 1"/>
        </f>
        <f v="22 101 1" fn="0 -0.188301848632795 0.982111202360238">
            <n d="0 -1.22460635382238e-016 1"/>
            <n d="0 -0.369866709934823 0.929084827602942"/>
            <n d="0 -1.22460635382238e-016 1"/>
        </f>
        <f v="20 114 21" fn="0 -0.380846084368958 0.924638448270908">
            <n d="0 -1.22460635382238e-016 1"/>
            <n d="0 -0.704289864961927 0.709912520041667"/>
            <n d="0 -1.22460635382238e-016 1"/>
        </f>
        <f v="20 0 113" fn="-0 -0.18455786211023 0.982821649910756">
            <n d="0 -1.22460635382238e-016 1"/>
            <n d="0 -1.22460635382238e-016 1"/>
            <n d="0 -0.362774925086377 0.931876791066594"/>
        </f>
    </facets>
    <facets color="f9f9f9">
        <f v="32 116 117" fn="-0.544949621160582 -0.838461236335417 -0.00355887058245456">
            <n d="6.12303176911189e-017 -1 0"/>
            <n d="-0.362774925086403 -0.931876791066585 0"/>
            <n d="-0.704289864961933 -0.709912520041662 0"/>
        </f>
        <f v="64 117 118" fn="-0.834192218245778 -0.551461605943848 -0.00366608619940915">
            <n d="-1 -1.22460635382238e-016 0"/>
            <n d="-0.704289864961933 -0.709912520041662 0"/>
            <n d="-0.929084827602945 -0.369866709934816 0"/>
        </f>
        <f v="64 118 15" fn="-0.982111202360249 -0.188301848632738 0">
            <n d="-1 -1.22460635382238e-016 0"/>
            <n d="-0.929084827602945 -0.369866709934816 0"/>
            <n d="-1 -1.22460635382238e-016 0"/>
        </f>
        <f v="63 117 64" fn="-0.923116965763804 -0.384519268072522 0">
            <n d="-1 -1.22460635382238e-016 0"/>
            <n d="-0.704289864961933 -0.709912520041662 0"/>
            <n d="-1 -1.22460635382238e-016 0"/>
        </f>
        <f v="33 117 63" fn="-0.707101921687047 -0.707101921687047 -0.00370738357472666">
            <n d="6.12303176911189e-017 -1 0"/>
            <n d="-0.704289864961933 -0.709912520041662 0"/>
            <n d="-1 -1.22460635382238e-016 0"/>
        </f>
        <f v="105 63 62" fn="-0.924638448270918 -0.380846084368933 -0">
            <n d="-0.709912520041678 -0.704289864961916 0"/>
            <n d="-1 -1.22460635382238e-016 0"/>
            <n d="-1 -1.22460635382238e-016 0"/>
        </f>
        <f v="106 62 14" fn="-0.982821649910762 -0.184557862110201 0">
            <n d="-0.931876791066596 -0.362774925086373 0"/>
            <n d="-1 -1.22460635382238e-016 0"/>
            <n d="-1 -1.22460635382238e-016 0"/>
        </f>
        <f v="105 62 106" fn="-0.838461236335435 -0.544949621160554 0.00355887058245424">
            <n d="-0.709912520041678 -0.704289864961916 0"/>
            <n d="-1 -1.22460635382238e-016 0"/>
            <n d="-0.931876791066596 -0.362774925086373 0"/>
        </f>
        <f v="33 63 105" fn="-0.707101921687047 -0.707101921687047 0.00370738357472676">
            <n d="6.12303176911189e-017 -1 0"/>
            <n d="-1 -1.22460635382238e-016 0"/>
            <n d="-0.709912520041678 -0.704289864961916 0"/>
        </f>
        <f v="33 105 34" fn="-0.384519268072524 -0.923116965763803 -0">
            <n d="6.12303176911189e-017 -1 0"/>
            <n d="-0.709912520041678 -0.704289864961916 0"/>
            <n d="6.12303176911189e-017 -1 0"/>
        </f>
        <f v="34 105 104" fn="-0.551461605943797 -0.834192218245811 0.00366608619940807">
            <n d="6.12303176911189e-017 -1 0"/>
            <n d="-0.709912520041678 -0.704289864961916 0"/>
            <n d="-0.369866709934819 -0.929084827602944 0"/>
        </f>
        <f v="34 104 5" fn="-0.188301848632798 -0.982111202360237 -0">
            <n d="6.12303176911189e-017 -1 0"/>
            <n d="-0.369866709934819 -0.929084827602944 0"/>
            <n d="6.12303176911189e-017 -1 0"/>
        </f>
        <f v="32 117 33" fn="-0.380846084368953 -0.92463844827091 -0">
            <n d="6.12303176911189e-017 -1 0"/>
            <n d="-0.704289864961933 -0.709912520041662 0"/>
            <n d="6.12303176911189e-017 -1 0"/>
        </f>
        <f v="32 4 116" fn="-0.184557862110231 -0.982821649910756 0">
            <n d="6.12303176911189e-017 -1 0"/>
            <n d="6.12303176911189e-017 -1 0"/>
            <n d="-0.362774925086403 -0.931876791066585 0"/>
        </f>
    </facets>
    <facets color="f9f9f9">
        <f v="59 121 120" fn="-0.834095617034316 -0.0156533660029723 -0.551397745531228">
            <n d="-1 0 6.12303176911189e-017"/>
            <n d="-0.929084827602944 0 -0.369866709934819"/>
            <n d="-0.704289864961933 0 -0.709912520041662"/>
        </f>
        <f v="79 120 119" fn="-0.544890151400327 -0.0151956807748709 -0.838369735971377">
            <n d="-1.22460635382238e-016 0 -1"/>
            <n d="-0.704289864961933 0 -0.709912520041662"/>
            <n d="-0.362774925086401 0 -0.931876791066585"/>
        </f>
        <f v="79 119 16" fn="-0.184557862110217 0 -0.982821649910759">
            <n d="-1.22460635382238e-016 0 -1"/>
            <n d="-0.362774925086401 0 -0.931876791066585"/>
            <n d="-1.22460635382238e-016 0 -1"/>
        </f>
        <f v="78 120 79" fn="-0.380846084368953 0 -0.92463844827091">
            <n d="-1.22460635382238e-016 0 -1"/>
            <n d="-0.704289864961933 0 -0.709912520041662"/>
            <n d="-1.22460635382238e-016 0 -1"/>
        </f>
        <f v="60 120 78" fn="-0.707018182942413 -0.015829655006252 -0.707018182942413">
            <n d="-1 0 6.12303176911189e-017"/>
            <n d="-0.704289864961933 0 -0.709912520041662"/>
            <n d="-1.22460635382238e-016 0 -1"/>
        </f>
        <f v="108 78 77" fn="-0.380846084368953 -0 -0.92463844827091">
            <n d="-0.704289864961933 0 -0.709912520041662"/>
            <n d="-1.22460635382238e-016 0 -1"/>
            <n d="-1.22460635382238e-016 0 -1"/>
        </f>
        <f v="109 77 19" fn="-0.184557862110217 0 -0.982821649910759">
            <n d="-0.362774925086401 0 -0.931876791066585"/>
            <n d="-1.22460635382238e-016 0 -1"/>
            <n d="-1.22460635382238e-016 0 -1"/>
        </f>
        <f v="108 77 109" fn="-0.544890151400327 0.0151956807748708 -0.838369735971377">
            <n d="-0.704289864961933 0 -0.709912520041662"/>
            <n d="-1.22460635382238e-016 0 -1"/>
            <n d="-0.362774925086401 0 -0.931876791066585"/>
        </f>
        <f v="60 78 108" fn="-0.707018182942413 0.015829655006252 -0.707018182942413">
            <n d="-1 0 6.12303176911189e-017"/>
            <n d="-1.22460635382238e-016 0 -1"/>
            <n d="-0.704289864961933 0 -0.709912520041662"/>
        </f>
        <f v="61 108 107" fn="-0.834095617034316 0.0156533660029723 -0.551397745531228">
            <n d="-1 0 6.12303176911189e-017"/>
            <n d="-0.704289864961933 0 -0.709912520041662"/>
            <n d="-0.929084827602944 0 -0.369866709934819"/>
        </f>
        <f v="61 107 14" fn="-0.982111202360237 -0 -0.188301848632798">
            <n d="-1 0 6.12303176911189e-017"/>
            <n d="-0.929084827602944 0 -0.369866709934819"/>
            <n d="-1 0 6.12303176911189e-017"/>
        </f>
        <f v="59 120 60" fn="-0.923116965763804 -0 -0.384519268072522">
            <n d="-1 0 6.12303176911189e-017"/>
            <n d="-0.704289864961933 0 -0.709912520041662"/>
            <n d="-1 0 6.12303176911189e-017"/>
        </f>
        <f v="60 108 61" fn="-0.923116965763804 -0 -0.384519268072522">
            <n d="-1 0 6.12303176911189e-017"/>
            <n d="-0.704289864961933 0 -0.709912520041662"/>
            <n d="-1 0 6.12303176911189e-017"/>
        </f>
        <f v="59 13 121" fn="-0.982111202360237 0 -0.188301848632798">
            <n d="-1 0 6.12303176911189e-017"/>
            <n d="-1 0 6.12303176911189e-017"/>
            <n d="-0.929084827602944 0 -0.369866709934819"/>
        </f>
    </facets>
    <facets color="f9f9f9">
        <f v="117 115 114" fn="-0.481385779706586 -0.731181759801573 0.483364215917724">
            <n d="-0.704289864961933 -0.709912520041661 -1.11022302462515e-014"/>
            <n d="-1.70664477468379e-016 -0.929084827602941 0.369866709934828"/>
            <n d="2.17643553980097e-014 -0.704289864961927 0.709912520041667"/>
        </f>
        <f v="122 114 113" fn="-0.475716387692296 -0.479340027978699 0.737514105667392">
            <n d="-0.369866709934838 -5.53933559649799e-015 0.929084827602937"/>
            <n d="2.17643553980097e-014 -0.704289864961927 0.709912520041667"/>
            <n d="-2.22990497889737e-014 -0.362774925086377 0.931876791066595"/>
        </f>
        <f v="122 113 0" fn="-0.185178991587065 -0.181365898582174 0.965823561478119">
            <n d="-0.369866709934838 -5.53933559649799e-015 0.929084827602937"/>
            <n d="-2.22990497889737e-014 -0.362774925086377 0.931876791066595"/>
            <n d="-0.0002652037535495 -0.000265203753549488 0.999999929666967"/>
        </f>
        <f v="123 114 122" fn="-0.483364215917693 -0.4813857797066 0.731181759801585">
            <n d="-0.709912520041678 8.69363382701095e-017 0.704289864961916"/>
            <n d="2.17643553980097e-014 -0.704289864961927 0.709912520041667"/>
            <n d="-0.369866709934838 -5.53933559649799e-015 0.929084827602937"/>
        </f>
        <f v="117 114 123" fn="-0.577350269189608 -0.577350269189644 0.577350269189626">
            <n d="-0.704289864961933 -0.709912520041661 -1.11022302462515e-014"/>
            <n d="2.17643553980097e-014 -0.704289864961927 0.709912520041667"/>
            <n d="-0.709912520041678 8.69363382701095e-017 0.704289864961916"/>
        </f>
        <f v="117 123 118" fn="-0.731181759801575 -0.483364215917725 0.481385779706584">
            <n d="-0.704289864961933 -0.709912520041661 -1.11022302462515e-014"/>
            <n d="-0.709912520041678 8.69363382701095e-017 0.704289864961916"/>
            <n d="-0.929084827602946 -0.369866709934816 0"/>
        </f>
        <f v="118 124 15" fn="-0.96582356147812 -0.185178991587018 0.181365898582218">
            <n d="-0.929084827602946 -0.369866709934816 0"/>
            <n d="-0.931876791066595 1.14118223931976e-016 0.362774925086376"/>
            <n d="-1 1.22460635382238e-016 0"/>
        </f>
        <f v="118 123 124" fn="-0.737514105667517 -0.475716387692164 0.479340027978638">
            <n d="-0.929084827602946 -0.369866709934816 0"/>
            <n d="-0.709912520041678 8.69363382701095e-017 0.704289864961916"/>
            <n d="-0.931876791066595 1.14118223931976e-016 0.362774925086376"/>
        </f>
        <f v="116 115 117" fn="-0.479340027978676 -0.73751410566741 0.475716387692292">
            <n d="-0.362774925086403 -0.931876791066584 0"/>
            <n d="-1.70664477468379e-016 -0.929084827602941 0.369866709934828"/>
            <n d="-0.704289864961933 -0.709912520041661 -1.11022302462515e-014"/>
        </f>
        <f v="116 4 115" fn="-0.181365898582185 -0.965823561478116 0.185178991587073">
            <n d="-0.362774925086403 -0.931876791066584 0"/>
            <n d="-1.83690953073357e-016 -1 0"/>
            <n d="-1.70664477468379e-016 -0.929084827602941 0.369866709934828"/>
        </f>
    </facets>
    <facets color="f9f9f9">
        <f v="65 124 123" fn="-0.838369735971431 0.0151956807748643 0.544890151400245">
            <n d="-1 0 6.12303176911189e-017"/>
            <n d="-0.931876791066595 0 0.362774925086376"/>
            <n d="-0.709912520041678 0 0.704289864961916"/>
        </f>
        <f v="31 122 0" fn="-0.188301848632787 -0 0.982111202360239">
            <n d="0 0 1"/>
            <n d="-0.369866709934838 0 0.929084827602937"/>
            <n d="0 0 1"/>
        </f>
        <f v="31 123 122" fn="-0.551397745531247 0.0156533660029744 0.834095617034304">
            <n d="0 0 1"/>
            <n d="-0.709912520041678 0 0.704289864961916"/>
            <n d="-0.369866709934838 0 0.929084827602937"/>
        </f>
        <f v="30 123 31" fn="-0.384519268072524 0 0.923116965763803">
            <n d="0 0 1"/>
            <n d="-0.709912520041678 0 0.704289864961916"/>
            <n d="0 0 1"/>
        </f>
        <f v="66 123 30" fn="-0.707018182942413 0.0158296550062524 0.707018182942413">
            <n d="-1 0 6.12303176911189e-017"/>
            <n d="-0.709912520041678 0 0.704289864961916"/>
            <n d="0 0 1"/>
        </f>
        <f v="126 30 29" fn="-0.384519268072545 -0 0.923116965763794">
            <n d="-0.709912520041656 0 0.704289864961938"/>
            <n d="0 0 1"/>
            <n d="0 0 1"/>
        </f>
        <f v="127 29 3" fn="-0.188301848632798 0 0.982111202360237">
            <n d="-0.369866709934819 0 0.929084827602944"/>
            <n d="0 0 1"/>
            <n d="0 0 1"/>
        </f>
        <f v="126 29 127" fn="-0.551397745531272 -0.0156533660029742 0.834095617034287">
            <n d="-0.709912520041656 0 0.704289864961938"/>
            <n d="0 0 1"/>
            <n d="-0.369866709934819 0 0.929084827602944"/>
        </f>
        <f v="66 30 126" fn="-0.707018182942413 -0.0158296550062507 0.707018182942413">
            <n d="-1 0 6.12303176911189e-017"/>
            <n d="0 0 1"/>
            <n d="-0.709912520041656 0 0.704289864961938"/>
        </f>
        <f v="67 126 125" fn="-0.838369735971373 -0.0151956807748689 0.544890151400334">
            <n d="-1 0 6.12303176911189e-017"/>
            <n d="-0.709912520041656 0 0.704289864961938"/>
            <n d="-0.931876791066591 0 0.362774925086386"/>
        </f>
        <f v="66 126 67" fn="-0.924638448270898 0 0.380846084368983">
            <n d="-1 0 6.12303176911189e-017"/>
            <n d="-0.709912520041656 0 0.704289864961938"/>
            <n d="-1 0 6.12303176911189e-017"/>
        </f>
        <f v="67 125 12" fn="-0.982821649910751 0 0.184557862110256">
            <n d="-1 0 6.12303176911189e-017"/>
            <n d="-0.931876791066591 0 0.362774925086386"/>
            <n d="-1 0 6.12303176911189e-017"/>
        </f>
        <f v="65 123 66" fn="-0.924638448270918 0 0.380846084368933">
            <n d="-1 0 6.12303176911189e-017"/>
            <n d="-0.709912520041678 0 0.704289864961916"/>
            <n d="-1 0 6.12303176911189e-017"/>
        </f>
        <f v="65 15 124" fn="-0.98282164991075 -0 0.184557862110262">
            <n d="-1 0 6.12303176911189e-017"/>
            <n d="-1 0 6.12303176911189e-017"/>
            <n d="-0.931876791066595 0 0.362774925086376"/>
        </f>
    </facets>
    <facets color="f9f9f9">
        <f v="2 112 11" fn="0 1 0">
            <n d="-0 1 -0"/>
            <n d="-0 1 -0"/>
            <n d="-0 1 -0"/>
        </f>
        <f v="2 111 112" fn="0 1 0">
            <n d="-0 1 -0"/>
            <n d="-0 1 -0"/>
            <n d="-0 1 -0"/>
        </f>
        <f v="2 110 111" fn="-0 1 -0">
            <n d="-0 1 -0"/>
            <n d="-0 1 -0"/>
            <n d="-0 1 -0"/>
        </f>
        <f v="26 2 11" fn="-0 1 0">
            <n d="-0 1 -0"/>
            <n d="-0 1 -0"/>
            <n d="-0 1 -0"/>
        </f>
        <f v="52 27 26" fn="0 1 0">
            <n d="-0 1 -0"/>
            <n d="-0 1 -0"/>
            <n d="-0 1 -0"/>
        </f>
        <f v="12 3 28" fn="0 1 0">
            <n d="-0 1 -0"/>
            <n d="-0 1 -0"/>
            <n d="-0 1 -0"/>
        </f>
        <f v="126 127 3" fn="-0 1 -0">
            <n d="-0 1 -0"/>
            <n d="-0 1 -0"/>
            <n d="-0 1 -0"/>
        </f>
        <f v="125 126 3" fn="-0 1 -0">
            <n d="-0 1 -0"/>
            <n d="-0 1 -0"/>
            <n d="-0 1 -0"/>
        </f>
        <f v="12 125 3" fn="-0 1 -0">
            <n d="-0 1 -0"/>
            <n d="-0 1 -0"/>
            <n d="-0 1 -0"/>
        </f>
        <f v="56 12 28" fn="0 1 0">
            <n d="-0 1 -0"/>
            <n d="-0 1 -0"/>
            <n d="-0 1 -0"/>
        </f>
        <f v="56 28 27" fn="-0 1 -0">
            <n d="-0 1 -0"/>
            <n d="-0 1 -0"/>
            <n d="-0 1 -0"/>
        </f>
        <f v="57 56 27" fn="-0 1 -0">
            <n d="-0 1 -0"/>
            <n d="-0 1 -0"/>
            <n d="-0 1 -0"/>
        </f>
        <f v="69 57 27" fn="0 1 -0">
            <n d="-0 1 -0"/>
            <n d="-0 1 -0"/>
            <n d="-0 1 -0"/>
        </f>
        <f v="69 58 57" fn="0 1 0">
            <n d="-0 1 -0"/>
            <n d="-0 1 -0"/>
            <n d="-0 1 -0"/>
        </f>
        <f v="68 13 58" fn="0 1 0">
            <n d="-0 1 -0"/>
            <n d="-0 1 -0"/>
            <n d="-0 1 -0"/>
        </f>
        <f v="16 121 13" fn="0 1 0">
            <n d="-0 1 -0"/>
            <n d="-0 1 -0"/>
            <n d="-0 1 -0"/>
        </f>
        <f v="16 120 121" fn="0 1 0">
            <n d="-0 1 -0"/>
            <n d="-0 1 -0"/>
            <n d="-0 1 -0"/>
        </f>
        <f v="16 119 120" fn="-0 1 -0">
            <n d="-0 1 -0"/>
            <n d="-0 1 -0"/>
            <n d="-0 1 -0"/>
        </f>
        <f v="68 16 13" fn="-0 1 -0">
            <n d="-0 1 -0"/>
            <n d="-0 1 -0"/>
            <n d="-0 1 -0"/>
        </f>
        <f v="69 68 58" fn="-0 1 -0">
            <n d="-0 1 -0"/>
            <n d="-0 1 -0"/>
            <n d="-0 1 -0"/>
        </f>
        <f v="51 69 27" fn="0 1 0">
            <n d="-0 1 -0"/>
            <n d="-0 1 -0"/>
            <n d="-0 1 -0"/>
        </f>
        <f v="10 17 70" fn="0 1 0">
            <n d="-0 1 -0"/>
            <n d="-0 1 -0"/>
            <n d="-0 1 -0"/>
        </f>
        <f v="84 85 17" fn="-0 1 -0">
            <n d="-0 1 -0"/>
            <n d="-0 1 -0"/>
            <n d="-0 1 -0"/>
        </f>
        <f v="83 84 17" fn="-0 1 -0">
            <n d="-0 1 -0"/>
            <n d="-0 1 -0"/>
            <n d="-0 1 -0"/>
        </f>
        <f v="10 83 17" fn="-0 1 -0">
            <n d="-0 1 -0"/>
            <n d="-0 1 -0"/>
            <n d="-0 1 -0"/>
        </f>
        <f v="52 51 27" fn="0 1 0">
            <n d="-0 1 -0"/>
            <n d="-0 1 -0"/>
            <n d="-0 1 -0"/>
        </f>
        <f v="50 10 70" fn="0 1 0">
            <n d="-0 1 -0"/>
            <n d="-0 1 -0"/>
            <n d="-0 1 -0"/>
        </f>
        <f v="50 70 69" fn="-0 1 -0">
            <n d="-0 1 -0"/>
            <n d="-0 1 -0"/>
            <n d="-0 1 -0"/>
        </f>
        <f v="51 50 69" fn="-0 1 0">
            <n d="-0 1 -0"/>
            <n d="-0 1 -0"/>
            <n d="-0 1 -0"/>
        </f>
        <f v="52 26 11" fn="0 1 -0">
            <n d="-0 1 -0"/>
            <n d="-0 1 -0"/>
            <n d="-0 1 -0"/>
        </f>
    </facets>
</shell>
</step-assembly>
