<?xml version="1.0" encoding="UTF-8" ?>
<step-assembly root="id75">
<product id="id75" name="Assem1" shape="id23" children="id95 id95 id87"/>
<product id="id95" name="Base" shape="id34"/>
<product id="id87" name="Ferrite" shape="id28"/>
<shape id="id23" unit="mm 0.001000">
    <child ref="id28" xform="1 0 0 0 0 1 0 0 0 0 1 0 0 0 0 1"/>
    <child ref="id34" xform="1 0 0 0 0 1 0 0 0 0 1 0 7.58942e-016 -2.035 7.58942e-016 1"/>
    <child ref="id34" xform="-1 5.665e-017 -6.93889e-018 0 -5.665e-017 -1 3.69763e-017 0 -6.93889e-018 3.69763e-017 1 0 0 2.035 -2.71051e-016 1"/>
</shape>
<shape id="id28" unit="mm 0.001000">
    <child ref="id29" xform="1 0 0 0 0 1 0 0 0 0 1 0 0 0 0 1"/>
</shape>
<shape id="id29" unit="mm 0.001000" shell="id88"/>
<shape id="id34" unit="mm 0.001000">
    <child ref="id35" xform="1 0 0 0 0 1 0 0 0 0 1 0 0 0 0 1"/>
</shape>
<shape id="id35" unit="mm 0.001000" shell="id96"/>
<shell id="id88">
    <verts>
        <v p="-2.52 -2.035 -0.9"/>
        <v p="2.52 -2.035 -0.9"/>
        <v p="-2.52 2.035 -0.9"/>
        <v p="2.52 2.035 -0.9"/>
        <v p="2.54 -2.035 0.88"/>
        <v p="2.52 -2.035 0.9"/>
        <v p="2.54 2.035 0.88"/>
        <v p="2.52 2.035 0.9"/>
        <v p="-2.52 2.035 0.9"/>
        <v p="-2.52 -2.035 0.9"/>
        <v p="-2.54 -2.035 0.88"/>
        <v p="-2.54 -2.035 -0.88"/>
        <v p="-2.54 2.035 0.88"/>
        <v p="-2.54 2.035 -0.88"/>
        <v p="2.54 -2.035 -0.88"/>
        <v p="2.54 2.035 -0.88"/>
        <v p="-1.26 -2.035 -0.9"/>
        <v p="0 -2.035 -0.9"/>
        <v p="1.26 -2.035 -0.9"/>
        <v p="-2.52 -1.0175 -0.9"/>
        <v p="-2.52 0 -0.9"/>
        <v p="-2.52 1.0175 -0.9"/>
        <v p="1.26 2.035 -0.9"/>
        <v p="0 2.035 -0.9"/>
        <v p="-1.26 2.035 -0.9"/>
        <v p="2.52 1.0175 -0.9"/>
        <v p="2.52 0 -0.9"/>
        <v p="2.52 -1.0175 -0.9"/>
        <v p="2.53863753582133 -2.035 0.887255498501728"/>
        <v p="2.53419825040083 -2.035 0.894085797299239"/>
        <v p="2.5273973341987 -2.035 0.898581696552059"/>
        <v p="2.54 1.0175 0.88"/>
        <v p="2.54 0 0.88"/>
        <v p="2.54 -1.0175 0.88"/>
        <v p="2.52725549850173 2.035 0.898637535821332"/>
        <v p="2.53408579729924 2.035 0.894198250400833"/>
        <v p="2.53858169655206 2.035 0.887397334198696"/>
        <v p="2.52 -1.0175 0.9"/>
        <v p="2.52 0 0.9"/>
        <v p="2.52 1.0175 0.9"/>
        <v p="1.26 2.035 0.9"/>
        <v p="0 2.035 0.9"/>
        <v p="-1.26 2.035 0.9"/>
        <v p="-2.52 1.0175 0.9"/>
        <v p="-2.52 0 0.9"/>
        <v p="-2.52 -1.0175 0.9"/>
        <v p="-1.26 -2.035 0.9"/>
        <v p="0 -2.035 0.9"/>
        <v p="1.26 -2.035 0.9"/>
        <v p="-2.54 -2.035 0.44"/>
        <v p="-2.54 -2.035 0"/>
        <v p="-2.54 -2.035 -0.44"/>
        <v p="-2.54 -1.0175 0.88"/>
        <v p="-2.54 0 0.88"/>
        <v p="-2.54 1.0175 0.88"/>
        <v p="-2.54 2.035 0.44"/>
        <v p="-2.54 2.035 0"/>
        <v p="-2.54 2.035 -0.44"/>
        <v p="-2.54 1.0175 -0.88"/>
        <v p="-2.54 0 -0.88"/>
        <v p="-2.54 -1.0175 -0.88"/>
        <v p="-2.52725549850173 -2.035 0.898637535821332"/>
        <v p="-2.53408579729924 -2.035 0.894198250400833"/>
        <v p="-2.53858169655206 -2.035 0.887397334198696"/>
        <v p="-2.53863753582133 -2.035 -0.887255498501728"/>
        <v p="-2.53419825040083 -2.035 -0.894085797299239"/>
        <v p="-2.5273973341987 -2.035 -0.898581696552059"/>
        <v p="2.52725549850173 -2.035 -0.898637535821332"/>
        <v p="2.53408579729924 -2.035 -0.894198250400833"/>
        <v p="2.53858169655206 -2.035 -0.887397334198696"/>
        <v p="2.54 -2.035 0.44"/>
        <v p="2.54 -2.035 0"/>
        <v p="2.54 -2.035 -0.44"/>
        <v p="2.53863753582133 2.035 -0.887255498501728"/>
        <v p="2.53419825040083 2.035 -0.894085797299239"/>
        <v p="2.5273973341987 2.035 -0.898581696552059"/>
        <v p="2.54 -1.0175 -0.88"/>
        <v p="2.54 0 -0.88"/>
        <v p="2.54 1.0175 -0.88"/>
        <v p="-2.52725549850173 2.035 -0.898637535821332"/>
        <v p="-2.53408579729924 2.035 -0.894198250400833"/>
        <v p="-2.53858169655206 2.035 -0.887397334198696"/>
        <v p="-2.53863753582133 2.035 0.887255498501728"/>
        <v p="-2.53419825040083 2.035 0.894085797299239"/>
        <v p="-2.5273973341987 2.035 0.898581696552059"/>
        <v p="2.54 2.035 0.44"/>
        <v p="2.54 2.035 0"/>
        <v p="2.54 2.035 -0.44"/>
    </verts>
    <facets color="333333">
        <f v="18 26 27" fn="0 0 -1">
            <n d="-0 -0 -1"/>
            <n d="-0 -0 -1"/>
            <n d="-0 -0 -1"/>
        </f>
        <f v="22 25 26" fn="-0 -0 -1">
            <n d="-0 -0 -1"/>
            <n d="-0 -0 -1"/>
            <n d="-0 -0 -1"/>
        </f>
        <f v="22 3 25" fn="0 -0 -1">
            <n d="-0 -0 -1"/>
            <n d="-0 -0 -1"/>
            <n d="-0 -0 -1"/>
        </f>
        <f v="23 22 26" fn="0 -0 -1">
            <n d="-0 -0 -1"/>
            <n d="-0 -0 -1"/>
            <n d="-0 -0 -1"/>
        </f>
        <f v="17 23 26" fn="0 0 -1">
            <n d="-0 -0 -1"/>
            <n d="-0 -0 -1"/>
            <n d="-0 -0 -1"/>
        </f>
        <f v="21 24 23" fn="-0 -0 -1">
            <n d="-0 -0 -1"/>
            <n d="-0 -0 -1"/>
            <n d="-0 -0 -1"/>
        </f>
        <f v="21 2 24" fn="-0 -0 -1">
            <n d="-0 -0 -1"/>
            <n d="-0 -0 -1"/>
            <n d="-0 -0 -1"/>
        </f>
        <f v="20 21 23" fn="-0 -0 -1">
            <n d="-0 -0 -1"/>
            <n d="-0 -0 -1"/>
            <n d="-0 -0 -1"/>
        </f>
        <f v="17 20 23" fn="-0 0 -1">
            <n d="-0 -0 -1"/>
            <n d="-0 -0 -1"/>
            <n d="-0 -0 -1"/>
        </f>
        <f v="18 17 26" fn="-0 0 -1">
            <n d="-0 -0 -1"/>
            <n d="-0 -0 -1"/>
            <n d="-0 -0 -1"/>
        </f>
        <f v="16 0 19" fn="0 0 -1">
            <n d="-0 -0 -1"/>
            <n d="-0 -0 -1"/>
            <n d="-0 -0 -1"/>
        </f>
        <f v="17 19 20" fn="0 0 -1">
            <n d="-0 -0 -1"/>
            <n d="-0 -0 -1"/>
            <n d="-0 -0 -1"/>
        </f>
        <f v="17 16 19" fn="-0 -0 -1">
            <n d="-0 -0 -1"/>
            <n d="-0 -0 -1"/>
            <n d="-0 -0 -1"/>
        </f>
        <f v="18 27 1" fn="0 0 -1">
            <n d="-0 -0 -1"/>
            <n d="-0 -0 -1"/>
            <n d="-0 -0 -1"/>
        </f>
    </facets>
    <facets color="333333">
        <f v="37 30 29" fn="0.551463077860547 0.00284640376202189 0.834194444804205">
            <n d="-1.22460635382238e-016 -0 1"/>
            <n d="0.369866709934838 0 0.929084827602937"/>
            <n d="0.709912520041678 0 0.704289864961916"/>
        </f>
        <f v="33 29 28" fn="0.838463345302992 0.0027631595399279 0.544950991863188">
            <n d="1 0 1.83690953073357e-016"/>
            <n d="0.709912520041678 0 0.704289864961916"/>
            <n d="0.931876791066593 0 0.362774925086381"/>
        </f>
        <f v="33 28 4" fn="0.982821649910751 0 0.184557862110259">
            <n d="1 0 1.83690953073357e-016"/>
            <n d="0.931876791066593 0 0.362774925086381"/>
            <n d="1 0 1.83690953073357e-016"/>
        </f>
        <f v="32 29 33" fn="0.924638448270918 0 0.380846084368933">
            <n d="1 0 1.83690953073357e-016"/>
            <n d="0.709912520041678 0 0.704289864961916"/>
            <n d="1 0 1.83690953073357e-016"/>
        </f>
        <f v="38 29 32" fn="0.707103851786618 0.00287846783150132 0.707103851786618">
            <n d="-1.22460635382238e-016 -0 1"/>
            <n d="0.709912520041678 0 0.704289864961916"/>
            <n d="1 0 1.83690953073357e-016"/>
        </f>
        <f v="35 32 31" fn="0.923116965763794 -0 0.384519268072547">
            <n d="0.704289864961921 0 0.709912520041673"/>
            <n d="1 0 1.83690953073357e-016"/>
            <n d="1 0 1.83690953073357e-016"/>
        </f>
        <f v="36 31 6" fn="0.982111202360237 0 0.188301848632798">
            <n d="0.929084827602944 0 0.369866709934819"/>
            <n d="1 0 1.83690953073357e-016"/>
            <n d="1 0 1.83690953073357e-016"/>
        </f>
        <f v="35 31 36" fn="0.834194444804193 -0.00284640376202181 0.551463077860565">
            <n d="0.704289864961921 0 0.709912520041673"/>
            <n d="1 0 1.83690953073357e-016"/>
            <n d="0.929084827602944 0 0.369866709934819"/>
        </f>
        <f v="38 32 35" fn="0.707103851786618 -0.00287846783150109 0.707103851786618">
            <n d="-1.22460635382238e-016 -0 1"/>
            <n d="1 0 1.83690953073357e-016"/>
            <n d="0.704289864961921 0 0.709912520041673"/>
        </f>
        <f v="39 35 34" fn="0.544950991863245 -0.00276315953992842 0.838463345302955">
            <n d="-1.22460635382238e-016 -0 1"/>
            <n d="0.704289864961921 0 0.709912520041673"/>
            <n d="0.362774925086385 0 0.931876791066591"/>
        </f>
        <f v="39 34 7" fn="0.184557862110256 -0 0.982821649910751">
            <n d="-1.22460635382238e-016 -0 1"/>
            <n d="0.362774925086385 0 0.931876791066591"/>
            <n d="-1.22460635382238e-016 -0 1"/>
        </f>
        <f v="37 29 38" fn="0.384519268072524 -0 0.923116965763803">
            <n d="-1.22460635382238e-016 -0 1"/>
            <n d="0.709912520041678 0 0.704289864961916"/>
            <n d="-1.22460635382238e-016 -0 1"/>
        </f>
        <f v="38 35 39" fn="0.380846084368963 -0 0.924638448270906">
            <n d="-1.22460635382238e-016 -0 1"/>
            <n d="0.704289864961921 0 0.709912520041673"/>
            <n d="-1.22460635382238e-016 -0 1"/>
        </f>
        <f v="37 5 30" fn="0.188301848632787 0 0.982111202360239">
            <n d="-1.22460635382238e-016 -0 1"/>
            <n d="-1.22460635382238e-016 -0 1"/>
            <n d="0.369866709934838 0 0.929084827602937"/>
        </f>
    </facets>
    <facets color="333333">
        <f v="38 40 41" fn="-0 -0 1">
            <n d="0 0 1"/>
            <n d="0 0 1"/>
            <n d="0 0 1"/>
        </f>
        <f v="43 42 8" fn="-0 -0 1">
            <n d="0 0 1"/>
            <n d="0 0 1"/>
            <n d="0 0 1"/>
        </f>
        <f v="43 41 42" fn="0 0 1">
            <n d="0 0 1"/>
            <n d="0 0 1"/>
            <n d="0 0 1"/>
        </f>
        <f v="44 41 43" fn="0 0 1">
            <n d="0 0 1"/>
            <n d="0 0 1"/>
            <n d="0 0 1"/>
        </f>
        <f v="47 41 44" fn="-0 -0 1">
            <n d="0 0 1"/>
            <n d="0 0 1"/>
            <n d="0 0 1"/>
        </f>
        <f v="47 44 45" fn="-0 -0 1">
            <n d="0 0 1"/>
            <n d="0 0 1"/>
            <n d="0 0 1"/>
        </f>
        <f v="46 45 9" fn="0 0 1">
            <n d="0 0 1"/>
            <n d="0 0 1"/>
            <n d="0 0 1"/>
        </f>
        <f v="47 45 46" fn="0 0 1">
            <n d="0 0 1"/>
            <n d="0 0 1"/>
            <n d="0 0 1"/>
        </f>
        <f v="38 41 47" fn="0 -0 1">
            <n d="0 0 1"/>
            <n d="0 0 1"/>
            <n d="0 0 1"/>
        </f>
        <f v="39 40 38" fn="0 0 1">
            <n d="0 0 1"/>
            <n d="0 0 1"/>
            <n d="0 0 1"/>
        </f>
        <f v="37 48 5" fn="-0 0 1">
            <n d="0 0 1"/>
            <n d="0 0 1"/>
            <n d="0 0 1"/>
        </f>
        <f v="38 47 48" fn="-0 -0 1">
            <n d="0 0 1"/>
            <n d="0 0 1"/>
            <n d="0 0 1"/>
        </f>
        <f v="38 48 37" fn="0 0 1">
            <n d="0 0 1"/>
            <n d="0 0 1"/>
            <n d="0 0 1"/>
        </f>
        <f v="39 7 40" fn="-0 -0 1">
            <n d="0 0 1"/>
            <n d="0 0 1"/>
            <n d="0 0 1"/>
        </f>
    </facets>
    <facets color="333333">
        <f v="50 59 60" fn="-1 0 0">
            <n d="-1 -0 -0"/>
            <n d="-1 -0 -0"/>
            <n d="-1 -0 -0"/>
        </f>
        <f v="57 58 59" fn="-1 -0 -0">
            <n d="-1 -0 -0"/>
            <n d="-1 -0 -0"/>
            <n d="-1 -0 -0"/>
        </f>
        <f v="57 13 58" fn="-1 -0 -0">
            <n d="-1 -0 -0"/>
            <n d="-1 -0 -0"/>
            <n d="-1 -0 -0"/>
        </f>
        <f v="56 57 59" fn="-1 -0 -0">
            <n d="-1 -0 -0"/>
            <n d="-1 -0 -0"/>
            <n d="-1 -0 -0"/>
        </f>
        <f v="53 56 59" fn="-1 0 0">
            <n d="-1 -0 -0"/>
            <n d="-1 -0 -0"/>
            <n d="-1 -0 -0"/>
        </f>
        <f v="54 55 56" fn="-1 -0 -0">
            <n d="-1 -0 -0"/>
            <n d="-1 -0 -0"/>
            <n d="-1 -0 -0"/>
        </f>
        <f v="54 12 55" fn="-1 0 -0">
            <n d="-1 -0 -0"/>
            <n d="-1 -0 -0"/>
            <n d="-1 -0 -0"/>
        </f>
        <f v="53 54 56" fn="-1 0 -0">
            <n d="-1 -0 -0"/>
            <n d="-1 -0 -0"/>
            <n d="-1 -0 -0"/>
        </f>
        <f v="50 53 59" fn="-1 0 0">
            <n d="-1 -0 -0"/>
            <n d="-1 -0 -0"/>
            <n d="-1 -0 -0"/>
        </f>
        <f v="51 50 60" fn="-1 0 -0">
            <n d="-1 -0 -0"/>
            <n d="-1 -0 -0"/>
            <n d="-1 -0 -0"/>
        </f>
        <f v="49 10 52" fn="-1 0 0">
            <n d="-1 -0 -0"/>
            <n d="-1 -0 -0"/>
            <n d="-1 -0 -0"/>
        </f>
        <f v="49 52 53" fn="-1 -0 -0">
            <n d="-1 -0 -0"/>
            <n d="-1 -0 -0"/>
            <n d="-1 -0 -0"/>
        </f>
        <f v="50 49 53" fn="-1 -0 -0">
            <n d="-1 -0 -0"/>
            <n d="-1 -0 -0"/>
            <n d="-1 -0 -0"/>
        </f>
        <f v="51 60 11" fn="-1 0 0">
            <n d="-1 -0 -0"/>
            <n d="-1 -0 -0"/>
            <n d="-1 -0 -0"/>
        </f>
    </facets>
    <facets color="333333">
        <f v="29 30 5" fn="-0 -1 -0">
            <n d="-0 -1 -0"/>
            <n d="-0 -1 -0"/>
            <n d="-0 -1 -0"/>
        </f>
        <f v="28 29 5" fn="-0 -1 -0">
            <n d="-0 -1 -0"/>
            <n d="-0 -1 -0"/>
            <n d="-0 -1 -0"/>
        </f>
        <f v="4 28 5" fn="-0 -1 -0">
            <n d="-0 -1 -0"/>
            <n d="-0 -1 -0"/>
            <n d="-0 -1 -0"/>
        </f>
        <f v="47 71 70" fn="0 -1 0">
            <n d="-0 -1 -0"/>
            <n d="-0 -1 -0"/>
            <n d="-0 -1 -0"/>
        </f>
        <f v="18 14 72" fn="0 -1 0">
            <n d="-0 -1 -0"/>
            <n d="-0 -1 -0"/>
            <n d="-0 -1 -0"/>
        </f>
        <f v="1 69 14" fn="0 -1 0">
            <n d="-0 -1 -0"/>
            <n d="-0 -1 -0"/>
            <n d="-0 -1 -0"/>
        </f>
        <f v="1 68 69" fn="0 -1 0">
            <n d="-0 -1 -0"/>
            <n d="-0 -1 -0"/>
            <n d="-0 -1 -0"/>
        </f>
        <f v="1 67 68" fn="-0 -1 -0">
            <n d="-0 -1 -0"/>
            <n d="-0 -1 -0"/>
            <n d="-0 -1 -0"/>
        </f>
        <f v="18 1 14" fn="-0 -1 -0">
            <n d="-0 -1 -0"/>
            <n d="-0 -1 -0"/>
            <n d="-0 -1 -0"/>
        </f>
        <f v="17 72 71" fn="0 -1 0">
            <n d="-0 -1 -0"/>
            <n d="-0 -1 -0"/>
            <n d="-0 -1 -0"/>
        </f>
        <f v="17 18 72" fn="-0 -1 -0">
            <n d="-0 -1 -0"/>
            <n d="-0 -1 -0"/>
            <n d="-0 -1 -0"/>
        </f>
        <f v="50 17 71" fn="0 -1 0">
            <n d="-0 -1 -0"/>
            <n d="-0 -1 -0"/>
            <n d="-0 -1 -0"/>
        </f>
        <f v="51 16 17" fn="-0 -1 -0">
            <n d="-0 -1 -0"/>
            <n d="-0 -1 -0"/>
            <n d="-0 -1 -0"/>
        </f>
        <f v="11 0 16" fn="0 -1 0">
            <n d="-0 -1 -0"/>
            <n d="-0 -1 -0"/>
            <n d="-0 -1 -0"/>
        </f>
        <f v="65 66 0" fn="-0 -1 -0">
            <n d="-0 -1 -0"/>
            <n d="-0 -1 -0"/>
            <n d="-0 -1 -0"/>
        </f>
        <f v="64 65 0" fn="-0 -1 -0">
            <n d="-0 -1 -0"/>
            <n d="-0 -1 -0"/>
            <n d="-0 -1 -0"/>
        </f>
        <f v="11 64 0" fn="-0 -1 -0">
            <n d="-0 -1 -0"/>
            <n d="-0 -1 -0"/>
            <n d="-0 -1 -0"/>
        </f>
        <f v="51 11 16" fn="-0 -1 -0">
            <n d="-0 -1 -0"/>
            <n d="-0 -1 -0"/>
            <n d="-0 -1 -0"/>
        </f>
        <f v="50 51 17" fn="-0 -1 -0">
            <n d="-0 -1 -0"/>
            <n d="-0 -1 -0"/>
            <n d="-0 -1 -0"/>
        </f>
        <f v="47 50 71" fn="0 -1 -0">
            <n d="-0 -1 -0"/>
            <n d="-0 -1 -0"/>
            <n d="-0 -1 -0"/>
        </f>
        <f v="47 49 50" fn="0 -1 0">
            <n d="-0 -1 -0"/>
            <n d="-0 -1 -0"/>
            <n d="-0 -1 -0"/>
        </f>
        <f v="46 10 49" fn="0 -1 0">
            <n d="-0 -1 -0"/>
            <n d="-0 -1 -0"/>
            <n d="-0 -1 -0"/>
        </f>
        <f v="9 63 10" fn="0 -1 0">
            <n d="-0 -1 -0"/>
            <n d="-0 -1 -0"/>
            <n d="-0 -1 -0"/>
        </f>
        <f v="9 62 63" fn="0 -1 0">
            <n d="-0 -1 -0"/>
            <n d="-0 -1 -0"/>
            <n d="-0 -1 -0"/>
        </f>
        <f v="9 61 62" fn="-0 -1 -0">
            <n d="-0 -1 -0"/>
            <n d="-0 -1 -0"/>
            <n d="-0 -1 -0"/>
        </f>
        <f v="47 46 49" fn="-0 -1 -0">
            <n d="-0 -1 -0"/>
            <n d="-0 -1 -0"/>
            <n d="-0 -1 -0"/>
        </f>
        <f v="46 9 10" fn="-0 -1 -0">
            <n d="-0 -1 -0"/>
            <n d="-0 -1 -0"/>
            <n d="-0 -1 -0"/>
        </f>
        <f v="48 70 4" fn="0 -1 0">
            <n d="-0 -1 -0"/>
            <n d="-0 -1 -0"/>
            <n d="-0 -1 -0"/>
        </f>
        <f v="48 47 70" fn="-0 -1 -0">
            <n d="-0 -1 -0"/>
            <n d="-0 -1 -0"/>
            <n d="-0 -1 -0"/>
        </f>
        <f v="48 4 5" fn="0 -1 0">
            <n d="-0 -1 -0"/>
            <n d="-0 -1 -0"/>
            <n d="-0 -1 -0"/>
        </f>
    </facets>
    <facets color="333333">
        <f v="76 69 68" fn="0.834194444804193 0.00284640376202181 -0.551463077860566">
            <n d="1 0 -1.83690953073357e-016"/>
            <n d="0.929084827602944 0 -0.369866709934819"/>
            <n d="0.704289864961921 0 -0.709912520041673"/>
        </f>
        <f v="27 67 1" fn="0.184557862110256 -0 -0.982821649910751">
            <n d="-1.22460635382238e-016 0 -1"/>
            <n d="0.362774925086385 0 -0.931876791066591"/>
            <n d="-1.22460635382238e-016 0 -1"/>
        </f>
        <f v="27 68 67" fn="0.544950991863245 0.00276315953992842 -0.838463345302955">
            <n d="-1.22460635382238e-016 0 -1"/>
            <n d="0.704289864961921 0 -0.709912520041673"/>
            <n d="0.362774925086385 0 -0.931876791066591"/>
        </f>
        <f v="26 68 27" fn="0.380846084368963 0 -0.924638448270906">
            <n d="-1.22460635382238e-016 0 -1"/>
            <n d="0.704289864961921 0 -0.709912520041673"/>
            <n d="-1.22460635382238e-016 0 -1"/>
        </f>
        <f v="77 68 26" fn="0.707103851786618 0.00287846783150109 -0.707103851786618">
            <n d="1 0 -1.83690953073357e-016"/>
            <n d="0.704289864961921 0 -0.709912520041673"/>
            <n d="-1.22460635382238e-016 0 -1"/>
        </f>
        <f v="74 26 25" fn="0.384519268072524 -0 -0.923116965763803">
            <n d="0.709912520041678 0 -0.704289864961916"/>
            <n d="-1.22460635382238e-016 0 -1"/>
            <n d="-1.22460635382238e-016 0 -1"/>
        </f>
        <f v="75 25 3" fn="0.188301848632787 0 -0.982111202360239">
            <n d="0.369866709934838 0 -0.929084827602937"/>
            <n d="-1.22460635382238e-016 0 -1"/>
            <n d="-1.22460635382238e-016 0 -1"/>
        </f>
        <f v="74 25 75" fn="0.551463077860547 -0.0028464037620219 -0.834194444804205">
            <n d="0.709912520041678 0 -0.704289864961916"/>
            <n d="-1.22460635382238e-016 0 -1"/>
            <n d="0.369866709934838 0 -0.929084827602937"/>
        </f>
        <f v="77 26 74" fn="0.707103851786618 -0.00287846783150132 -0.707103851786618">
            <n d="1 0 -1.83690953073357e-016"/>
            <n d="-1.22460635382238e-016 0 -1"/>
            <n d="0.709912520041678 0 -0.704289864961916"/>
        </f>
        <f v="76 68 77" fn="0.923116965763794 0 -0.384519268072547">
            <n d="1 0 -1.83690953073357e-016"/>
            <n d="0.704289864961921 0 -0.709912520041673"/>
            <n d="1 0 -1.83690953073357e-016"/>
        </f>
        <f v="78 73 15" fn="0.982821649910751 -0 -0.184557862110259">
            <n d="1 0 -1.83690953073357e-016"/>
            <n d="0.931876791066593 0 -0.362774925086381"/>
            <n d="1 0 -1.83690953073357e-016"/>
        </f>
        <f v="78 74 73" fn="0.838463345302992 -0.0027631595399279 -0.544950991863188">
            <n d="1 0 -1.83690953073357e-016"/>
            <n d="0.709912520041678 0 -0.704289864961916"/>
            <n d="0.931876791066593 0 -0.362774925086381"/>
        </f>
        <f v="77 74 78" fn="0.924638448270918 0 -0.380846084368933">
            <n d="1 0 -1.83690953073357e-016"/>
            <n d="0.709912520041678 0 -0.704289864961916"/>
            <n d="1 0 -1.83690953073357e-016"/>
        </f>
        <f v="76 14 69" fn="0.982111202360237 -0 -0.188301848632798">
            <n d="1 0 -1.83690953073357e-016"/>
            <n d="1 0 -1.83690953073357e-016"/>
            <n d="0.929084827602944 0 -0.369866709934819"/>
        </f>
    </facets>
    <facets color="333333">
        <f v="58 81 80" fn="-0.834194444804193 -0.00284640376202181 -0.551463077860566">
            <n d="-1 0 -6.12303176911189e-017"/>
            <n d="-0.929084827602944 0 -0.369866709934819"/>
            <n d="-0.704289864961921 0 -0.709912520041673"/>
        </f>
        <f v="21 79 2" fn="-0.184557862110256 0 -0.982821649910751">
            <n d="0 0 -1"/>
            <n d="-0.362774925086386 0 -0.931876791066591"/>
            <n d="0 0 -1"/>
        </f>
        <f v="21 80 79" fn="-0.544950991863245 -0.00276315953992842 -0.838463345302955">
            <n d="0 0 -1"/>
            <n d="-0.704289864961921 0 -0.709912520041673"/>
            <n d="-0.362774925086386 0 -0.931876791066591"/>
        </f>
        <f v="20 80 21" fn="-0.380846084368963 0 -0.924638448270906">
            <n d="0 0 -1"/>
            <n d="-0.704289864961921 0 -0.709912520041673"/>
            <n d="0 0 -1"/>
        </f>
        <f v="59 80 20" fn="-0.707103851786618 -0.00287846783150109 -0.707103851786618">
            <n d="-1 0 -6.12303176911189e-017"/>
            <n d="-0.704289864961921 0 -0.709912520041673"/>
            <n d="0 0 -1"/>
        </f>
        <f v="65 20 19" fn="-0.384519268072524 -0 -0.923116965763803">
            <n d="-0.709912520041678 0 -0.704289864961916"/>
            <n d="0 0 -1"/>
            <n d="0 0 -1"/>
        </f>
        <f v="66 19 0" fn="-0.188301848632787 0 -0.982111202360239">
            <n d="-0.369866709934838 0 -0.929084827602937"/>
            <n d="0 0 -1"/>
            <n d="0 0 -1"/>
        </f>
        <f v="65 19 66" fn="-0.551463077860547 0.0028464037620219 -0.834194444804205">
            <n d="-0.709912520041678 0 -0.704289864961916"/>
            <n d="0 0 -1"/>
            <n d="-0.369866709934838 0 -0.929084827602937"/>
        </f>
        <f v="59 20 65" fn="-0.707103851786618 0.00287846783150132 -0.707103851786618">
            <n d="-1 0 -6.12303176911189e-017"/>
            <n d="0 0 -1"/>
            <n d="-0.709912520041678 0 -0.704289864961916"/>
        </f>
        <f v="58 80 59" fn="-0.923116965763794 -0 -0.384519268072547">
            <n d="-1 0 -6.12303176911189e-017"/>
            <n d="-0.704289864961921 0 -0.709912520041673"/>
            <n d="-1 0 -6.12303176911189e-017"/>
        </f>
        <f v="60 64 11" fn="-0.982821649910751 -0 -0.184557862110259">
            <n d="-1 0 -6.12303176911189e-017"/>
            <n d="-0.931876791066593 0 -0.362774925086381"/>
            <n d="-1 0 -6.12303176911189e-017"/>
        </f>
        <f v="60 65 64" fn="-0.838463345302992 0.0027631595399279 -0.544950991863188">
            <n d="-1 0 -6.12303176911189e-017"/>
            <n d="-0.709912520041678 0 -0.704289864961916"/>
            <n d="-0.931876791066593 0 -0.362774925086381"/>
        </f>
        <f v="59 65 60" fn="-0.924638448270918 -0 -0.380846084368933">
            <n d="-1 0 -6.12303176911189e-017"/>
            <n d="-0.709912520041678 0 -0.704289864961916"/>
            <n d="-1 0 -6.12303176911189e-017"/>
        </f>
        <f v="58 13 81" fn="-0.982111202360237 0 -0.188301848632798">
            <n d="-1 0 -6.12303176911189e-017"/>
            <n d="-1 0 -6.12303176911189e-017"/>
            <n d="-0.929084827602944 0 -0.369866709934819"/>
        </f>
    </facets>
    <facets color="333333">
        <f v="43 84 83" fn="-0.551463077860547 -0.00284640376202189 0.834194444804205">
            <n d="0 0 1"/>
            <n d="-0.369866709934838 0 0.929084827602937"/>
            <n d="-0.709912520041678 0 0.704289864961916"/>
        </f>
        <f v="54 83 82" fn="-0.838463345302992 -0.0027631595399279 0.544950991863188">
            <n d="-1 0 6.12303176911189e-017"/>
            <n d="-0.709912520041678 0 0.704289864961916"/>
            <n d="-0.931876791066593 0 0.362774925086381"/>
        </f>
        <f v="54 82 12" fn="-0.982821649910751 0 0.184557862110259">
            <n d="-1 0 6.12303176911189e-017"/>
            <n d="-0.931876791066593 0 0.362774925086381"/>
            <n d="-1 0 6.12303176911189e-017"/>
        </f>
        <f v="53 83 54" fn="-0.924638448270918 0 0.380846084368933">
            <n d="-1 0 6.12303176911189e-017"/>
            <n d="-0.709912520041678 0 0.704289864961916"/>
            <n d="-1 0 6.12303176911189e-017"/>
        </f>
        <f v="44 83 53" fn="-0.707103851786618 -0.00287846783150132 0.707103851786618">
            <n d="0 0 1"/>
            <n d="-0.709912520041678 0 0.704289864961916"/>
            <n d="-1 0 6.12303176911189e-017"/>
        </f>
        <f v="62 53 52" fn="-0.923116965763794 -0 0.384519268072547">
            <n d="-0.704289864961921 0 0.709912520041673"/>
            <n d="-1 0 6.12303176911189e-017"/>
            <n d="-1 0 6.12303176911189e-017"/>
        </f>
        <f v="63 52 10" fn="-0.982111202360237 0 0.188301848632798">
            <n d="-0.929084827602944 0 0.369866709934819"/>
            <n d="-1 0 6.12303176911189e-017"/>
            <n d="-1 0 6.12303176911189e-017"/>
        </f>
        <f v="62 52 63" fn="-0.834194444804193 0.00284640376202181 0.551463077860565">
            <n d="-0.704289864961921 0 0.709912520041673"/>
            <n d="-1 0 6.12303176911189e-017"/>
            <n d="-0.929084827602944 0 0.369866709934819"/>
        </f>
        <f v="44 53 62" fn="-0.707103851786618 0.00287846783150109 0.707103851786618">
            <n d="0 0 1"/>
            <n d="-1 0 6.12303176911189e-017"/>
            <n d="-0.704289864961921 0 0.709912520041673"/>
        </f>
        <f v="45 62 61" fn="-0.544950991863245 0.00276315953992842 0.838463345302955">
            <n d="0 0 1"/>
            <n d="-0.704289864961921 0 0.709912520041673"/>
            <n d="-0.362774925086386 0 0.931876791066591"/>
        </f>
        <f v="45 61 9" fn="-0.184557862110256 0 0.982821649910751">
            <n d="0 0 1"/>
            <n d="-0.362774925086386 0 0.931876791066591"/>
            <n d="0 0 1"/>
        </f>
        <f v="43 83 44" fn="-0.384519268072524 0 0.923116965763803">
            <n d="0 0 1"/>
            <n d="-0.709912520041678 0 0.704289864961916"/>
            <n d="0 0 1"/>
        </f>
        <f v="44 62 45" fn="-0.380846084368963 0 0.924638448270906">
            <n d="0 0 1"/>
            <n d="-0.704289864961921 0 0.709912520041673"/>
            <n d="0 0 1"/>
        </f>
        <f v="43 8 84" fn="-0.188301848632787 -0 0.982111202360239">
            <n d="0 0 1"/>
            <n d="0 0 1"/>
            <n d="-0.369866709934838 0 0.929084827602937"/>
        </f>
    </facets>
    <facets color="333333">
        <f v="2 81 13" fn="0 1 0">
            <n d="-0 1 -0"/>
            <n d="-0 1 -0"/>
            <n d="-0 1 -0"/>
        </f>
        <f v="2 80 81" fn="0 1 0">
            <n d="-0 1 -0"/>
            <n d="-0 1 -0"/>
            <n d="-0 1 -0"/>
        </f>
        <f v="2 79 80" fn="-0 1 -0">
            <n d="-0 1 -0"/>
            <n d="-0 1 -0"/>
            <n d="-0 1 -0"/>
        </f>
        <f v="24 2 13" fn="-0 1 -0">
            <n d="-0 1 -0"/>
            <n d="-0 1 -0"/>
            <n d="-0 1 -0"/>
        </f>
        <f v="57 23 24" fn="0 1 0">
            <n d="-0 1 -0"/>
            <n d="-0 1 -0"/>
            <n d="-0 1 -0"/>
        </f>
        <f v="87 22 23" fn="-0 1 -0">
            <n d="-0 1 -0"/>
            <n d="-0 1 -0"/>
            <n d="-0 1 -0"/>
        </f>
        <f v="15 3 22" fn="0 1 0">
            <n d="-0 1 -0"/>
            <n d="-0 1 -0"/>
            <n d="-0 1 -0"/>
        </f>
        <f v="74 75 3" fn="-0 1 -0">
            <n d="-0 1 -0"/>
            <n d="-0 1 -0"/>
            <n d="-0 1 -0"/>
        </f>
        <f v="73 74 3" fn="-0 1 -0">
            <n d="-0 1 -0"/>
            <n d="-0 1 -0"/>
            <n d="-0 1 -0"/>
        </f>
        <f v="15 73 3" fn="-0 1 -0">
            <n d="-0 1 -0"/>
            <n d="-0 1 -0"/>
            <n d="-0 1 -0"/>
        </f>
        <f v="87 15 22" fn="-0 1 0">
            <n d="-0 1 -0"/>
            <n d="-0 1 -0"/>
            <n d="-0 1 -0"/>
        </f>
        <f v="86 87 23" fn="-0 1 0">
            <n d="-0 1 -0"/>
            <n d="-0 1 -0"/>
            <n d="-0 1 -0"/>
        </f>
        <f v="56 86 23" fn="-0 1 0">
            <n d="-0 1 -0"/>
            <n d="-0 1 -0"/>
            <n d="-0 1 -0"/>
        </f>
        <f v="41 85 86" fn="0 1 0">
            <n d="-0 1 -0"/>
            <n d="-0 1 -0"/>
            <n d="-0 1 -0"/>
        </f>
        <f v="40 6 85" fn="0 1 0">
            <n d="-0 1 -0"/>
            <n d="-0 1 -0"/>
            <n d="-0 1 -0"/>
        </f>
        <f v="7 36 6" fn="0 1 0">
            <n d="-0 1 -0"/>
            <n d="-0 1 -0"/>
            <n d="-0 1 -0"/>
        </f>
        <f v="7 35 36" fn="0 1 0">
            <n d="-0 1 -0"/>
            <n d="-0 1 -0"/>
            <n d="-0 1 -0"/>
        </f>
        <f v="7 34 35" fn="-0 1 -0">
            <n d="-0 1 -0"/>
            <n d="-0 1 -0"/>
            <n d="-0 1 -0"/>
        </f>
        <f v="40 7 6" fn="-0 1 -0">
            <n d="-0 1 -0"/>
            <n d="-0 1 -0"/>
            <n d="-0 1 -0"/>
        </f>
        <f v="41 40 85" fn="-0 1 -0">
            <n d="-0 1 -0"/>
            <n d="-0 1 -0"/>
            <n d="-0 1 -0"/>
        </f>
        <f v="56 41 86" fn="-0 1 -0">
            <n d="-0 1 -0"/>
            <n d="-0 1 -0"/>
            <n d="-0 1 -0"/>
        </f>
        <f v="12 8 42" fn="0 1 0">
            <n d="-0 1 -0"/>
            <n d="-0 1 -0"/>
            <n d="-0 1 -0"/>
        </f>
        <f v="83 84 8" fn="-0 1 -0">
            <n d="-0 1 -0"/>
            <n d="-0 1 -0"/>
            <n d="-0 1 -0"/>
        </f>
        <f v="82 83 8" fn="-0 1 -0">
            <n d="-0 1 -0"/>
            <n d="-0 1 -0"/>
            <n d="-0 1 -0"/>
        </f>
        <f v="12 82 8" fn="-0 1 -0">
            <n d="-0 1 -0"/>
            <n d="-0 1 -0"/>
            <n d="-0 1 -0"/>
        </f>
        <f v="57 56 23" fn="-0 1 -0">
            <n d="-0 1 -0"/>
            <n d="-0 1 -0"/>
            <n d="-0 1 -0"/>
        </f>
        <f v="55 12 42" fn="0 1 0">
            <n d="-0 1 -0"/>
            <n d="-0 1 -0"/>
            <n d="-0 1 -0"/>
        </f>
        <f v="55 42 41" fn="-0 1 -0">
            <n d="-0 1 -0"/>
            <n d="-0 1 -0"/>
            <n d="-0 1 -0"/>
        </f>
        <f v="56 55 41" fn="-0 1 -0">
            <n d="-0 1 -0"/>
            <n d="-0 1 -0"/>
            <n d="-0 1 -0"/>
        </f>
        <f v="57 24 13" fn="0 1 0">
            <n d="-0 1 -0"/>
            <n d="-0 1 -0"/>
            <n d="-0 1 -0"/>
        </f>
    </facets>
    <facets color="333333">
        <f v="71 32 33" fn="1 0 0">
            <n d="1 -0 -0"/>
            <n d="1 -0 -0"/>
            <n d="1 -0 -0"/>
        </f>
        <f v="85 31 32" fn="1 -0 -0">
            <n d="1 -0 -0"/>
            <n d="1 -0 -0"/>
            <n d="1 -0 -0"/>
        </f>
        <f v="85 6 31" fn="1 -0 -0">
            <n d="1 -0 -0"/>
            <n d="1 -0 -0"/>
            <n d="1 -0 -0"/>
        </f>
        <f v="86 85 32" fn="1 -0 -0">
            <n d="1 -0 -0"/>
            <n d="1 -0 -0"/>
            <n d="1 -0 -0"/>
        </f>
        <f v="77 86 32" fn="1 0 0">
            <n d="1 -0 -0"/>
            <n d="1 -0 -0"/>
            <n d="1 -0 -0"/>
        </f>
        <f v="78 87 86" fn="1 -0 -0">
            <n d="1 -0 -0"/>
            <n d="1 -0 -0"/>
            <n d="1 -0 -0"/>
        </f>
        <f v="78 15 87" fn="1 -0 -0">
            <n d="1 -0 -0"/>
            <n d="1 -0 -0"/>
            <n d="1 -0 -0"/>
        </f>
        <f v="77 78 86" fn="1 -0 -0">
            <n d="1 -0 -0"/>
            <n d="1 -0 -0"/>
            <n d="1 -0 -0"/>
        </f>
        <f v="71 77 32" fn="1 -0 0">
            <n d="1 -0 -0"/>
            <n d="1 -0 -0"/>
            <n d="1 -0 -0"/>
        </f>
        <f v="70 71 33" fn="1 -0 -0">
            <n d="1 -0 -0"/>
            <n d="1 -0 -0"/>
            <n d="1 -0 -0"/>
        </f>
        <f v="72 14 76" fn="1 0 0">
            <n d="1 -0 -0"/>
            <n d="1 -0 -0"/>
            <n d="1 -0 -0"/>
        </f>
        <f v="72 76 77" fn="1 -0 -0">
            <n d="1 -0 -0"/>
            <n d="1 -0 -0"/>
            <n d="1 -0 -0"/>
        </f>
        <f v="71 72 77" fn="1 -0 -0">
            <n d="1 -0 -0"/>
            <n d="1 -0 -0"/>
            <n d="1 -0 -0"/>
        </f>
        <f v="70 33 4" fn="1 0 0">
            <n d="1 -0 -0"/>
            <n d="1 -0 -0"/>
            <n d="1 -0 -0"/>
        </f>
    </facets>
</shell>
<shell id="id96">
    <verts>
        <v p="-2.52 -0.74 0.9"/>
        <v p="2.52 -0.74 0.9"/>
        <v p="2.52 0 0.9"/>
        <v p="-2.52 0 0.9"/>
        <v p="-2.52 -0.76 0.88"/>
        <v p="-2.52 -0.76 -0.88"/>
        <v p="2.52 -0.76 -0.88"/>
        <v p="2.52 -0.76 0.88"/>
        <v p="2.54 -0.74 0.88"/>
        <v p="2.54 -0.74 -0.88"/>
        <v p="2.54 0 -0.88"/>
        <v p="2.54 0 0.88"/>
        <v p="-2.54 0 0.88"/>
        <v p="-2.54 0 -0.88"/>
        <v p="-2.54 -0.74 -0.88"/>
        <v p="-2.54 -0.74 0.88"/>
        <v p="-2.52 0 -0.9"/>
        <v p="2.52 0 -0.9"/>
        <v p="2.52 -0.74 -0.9"/>
        <v p="-2.52 -0.74 -0.9"/>
        <v p="-1.26 -0.74 0.9"/>
        <v p="0 -0.74 0.9"/>
        <v p="1.26 -0.74 0.9"/>
        <v p="2.52 -0.555 0.9"/>
        <v p="2.52 -0.37 0.9"/>
        <v p="2.52 -0.185 0.9"/>
        <v p="1.26 0 0.9"/>
        <v p="0 0 0.9"/>
        <v p="-1.26 0 0.9"/>
        <v p="-2.52 -0.185 0.9"/>
        <v p="-2.52 -0.37 0.9"/>
        <v p="-2.52 -0.555 0.9"/>
        <v p="-2.52 -0.76 0.44"/>
        <v p="-2.52 -0.76 0"/>
        <v p="-2.52 -0.76 -0.44"/>
        <v p="-1.26 -0.76 -0.88"/>
        <v p="0 -0.76 -0.88"/>
        <v p="1.26 -0.76 -0.88"/>
        <v p="2.52 -0.76 -0.44"/>
        <v p="2.52 -0.76 0"/>
        <v p="2.52 -0.76 0.44"/>
        <v p="1.26 -0.76 0.88"/>
        <v p="0 -0.76 0.88"/>
        <v p="-1.26 -0.76 0.88"/>
        <v p="2.54 -0.74 0.44"/>
        <v p="2.54 -0.74 0"/>
        <v p="2.54 -0.74 -0.44"/>
        <v p="2.54 -0.555 -0.88"/>
        <v p="2.54 -0.37 -0.88"/>
        <v p="2.54 -0.185 -0.88"/>
        <v p="2.54 0 -0.44"/>
        <v p="2.54 0 0"/>
        <v p="2.54 0 0.44"/>
        <v p="2.54 -0.185 0.88"/>
        <v p="2.54 -0.37 0.88"/>
        <v p="2.54 -0.555 0.88"/>
        <v p="-2.54 0 0.44"/>
        <v p="-2.54 0 0"/>
        <v p="-2.54 0 -0.44"/>
        <v p="-2.54 -0.185 -0.88"/>
        <v p="-2.54 -0.37 -0.88"/>
        <v p="-2.54 -0.555 -0.88"/>
        <v p="-2.54 -0.74 -0.44"/>
        <v p="-2.54 -0.74 0"/>
        <v p="-2.54 -0.74 0.44"/>
        <v p="-2.54 -0.555 0.88"/>
        <v p="-2.54 -0.37 0.88"/>
        <v p="-2.54 -0.185 0.88"/>
        <v p="-1.26 0 -0.9"/>
        <v p="0 0 -0.9"/>
        <v p="1.26 0 -0.9"/>
        <v p="2.52 -0.185 -0.9"/>
        <v p="2.52 -0.37 -0.9"/>
        <v p="2.52 -0.555 -0.9"/>
        <v p="1.26 -0.74 -0.9"/>
        <v p="0 -0.74 -0.9"/>
        <v p="-1.26 -0.74 -0.9"/>
        <v p="-2.52 -0.555 -0.9"/>
        <v p="-2.52 -0.37 -0.9"/>
        <v p="-2.52 -0.185 -0.9"/>
        <v p="2.53863753582133 -0.74 -0.887255498501728"/>
        <v p="2.53419825040083 -0.74 -0.894085797299239"/>
        <v p="2.5273973341987 -0.74 -0.898581696552059"/>
        <v p="2.53863753582133 0 -0.887255498501728"/>
        <v p="2.53419825040083 0 -0.894085797299239"/>
        <v p="2.5273973341987 0 -0.898581696552059"/>
        <v p="2.53858169655206 -0.747397334198697 -0.88"/>
        <v p="2.53408579729924 -0.754198250400833 -0.88"/>
        <v p="2.52725549850173 -0.758637535821332 -0.88"/>
        <v p="2.52 -0.758581696552059 -0.887397334198696"/>
        <v p="2.52 -0.754085797299239 -0.894198250400833"/>
        <v p="2.52 -0.747255498501727 -0.898637535821332"/>
        <v p="2.53863753582133 -0.747255498501727 0.88"/>
        <v p="2.53419825040083 -0.754085797299239 0.88"/>
        <v p="2.5273973341987 -0.758581696552059 0.88"/>
        <v p="-2.52 -0.758637535821332 -0.887255498501728"/>
        <v p="-2.52 -0.754198250400834 -0.894085797299239"/>
        <v p="-2.52 -0.747397334198697 -0.898581696552059"/>
        <v p="2.53858169655206 -0.74 0.887397334198696"/>
        <v p="2.53408579729924 -0.74 0.894198250400833"/>
        <v p="2.52725549850173 -0.74 0.898637535821332"/>
        <v p="2.52 -0.747397334198697 0.898581696552059"/>
        <v p="2.52 -0.754198250400834 0.894085797299239"/>
        <v p="2.52 -0.758637535821332 0.887255498501727"/>
        <v p="-2.5273973341987 -0.758581696552059 -0.88"/>
        <v p="-2.53419825040083 -0.754085797299239 -0.88"/>
        <v p="-2.53863753582133 -0.747255498501728 -0.88"/>
        <v p="-2.53858169655206 -0.74 -0.887397334198696"/>
        <v p="-2.53408579729924 -0.74 -0.894198250400833"/>
        <v p="-2.52725549850173 -0.74 -0.898637535821332"/>
        <v p="2.52725549850173 0 0.898637535821332"/>
        <v p="2.53408579729924 0 0.894198250400833"/>
        <v p="2.53858169655206 0 0.887397334198696"/>
        <v p="-2.52 -0.747255498501728 0.898637535821332"/>
        <v p="-2.52 -0.754085797299239 0.894198250400833"/>
        <v p="-2.52 -0.758581696552059 0.887397334198696"/>
        <v p="-2.52725549850173 -0.758637535821332 0.88"/>
        <v p="-2.53408579729924 -0.754198250400833 0.88"/>
        <v p="-2.53858169655206 -0.747397334198696 0.88"/>
        <v p="-2.52725549850173 0 -0.898637535821332"/>
        <v p="-2.53408579729924 0 -0.894198250400833"/>
        <v p="-2.53858169655206 0 -0.887397334198696"/>
        <v p="-2.5273973341987 -0.74 0.898581696552059"/>
        <v p="-2.53419825040083 -0.74 0.894085797299239"/>
        <v p="-2.53863753582133 -0.74 0.887255498501727"/>
        <v p="-2.53863753582133 0 0.887255498501728"/>
        <v p="-2.53419825040083 0 0.894085797299239"/>
        <v p="-2.5273973341987 0 0.898581696552059"/>
    </verts>
    <facets color="f9f9f9">
        <f v="21 30 31" fn="0 0 1">
            <n d="-0 -0 1"/>
            <n d="-0 -0 1"/>
            <n d="-0 -0 1"/>
        </f>
        <f v="27 29 30" fn="0 0 1">
            <n d="-0 -0 1"/>
            <n d="-0 -0 1"/>
            <n d="-0 -0 1"/>
        </f>
        <f v="28 3 29" fn="0 -0 1">
            <n d="-0 -0 1"/>
            <n d="-0 -0 1"/>
            <n d="-0 -0 1"/>
        </f>
        <f v="27 28 29" fn="0 -0 1">
            <n d="-0 -0 1"/>
            <n d="-0 -0 1"/>
            <n d="-0 -0 1"/>
        </f>
        <f v="24 27 30" fn="0 0 1">
            <n d="-0 -0 1"/>
            <n d="-0 -0 1"/>
            <n d="-0 -0 1"/>
        </f>
        <f v="25 26 27" fn="-0 -0 1">
            <n d="-0 -0 1"/>
            <n d="-0 -0 1"/>
            <n d="-0 -0 1"/>
        </f>
        <f v="25 2 26" fn="-0 -0 1">
            <n d="-0 -0 1"/>
            <n d="-0 -0 1"/>
            <n d="-0 -0 1"/>
        </f>
        <f v="24 25 27" fn="-0 -0 1">
            <n d="-0 -0 1"/>
            <n d="-0 -0 1"/>
            <n d="-0 -0 1"/>
        </f>
        <f v="21 24 30" fn="0 -0 1">
            <n d="-0 -0 1"/>
            <n d="-0 -0 1"/>
            <n d="-0 -0 1"/>
        </f>
        <f v="20 21 31" fn="-0 -0 1">
            <n d="-0 -0 1"/>
            <n d="-0 -0 1"/>
            <n d="-0 -0 1"/>
        </f>
        <f v="22 1 23" fn="0 0 1">
            <n d="-0 -0 1"/>
            <n d="-0 -0 1"/>
            <n d="-0 -0 1"/>
        </f>
        <f v="21 23 24" fn="0 0 1">
            <n d="-0 -0 1"/>
            <n d="-0 -0 1"/>
            <n d="-0 -0 1"/>
        </f>
        <f v="21 22 23" fn="-0 -0 1">
            <n d="-0 -0 1"/>
            <n d="-0 -0 1"/>
            <n d="-0 -0 1"/>
        </f>
        <f v="20 31 0" fn="0 0 1">
            <n d="-0 -0 1"/>
            <n d="-0 -0 1"/>
            <n d="-0 -0 1"/>
        </f>
    </facets>
    <facets color="f9f9f9">
        <f v="42 32 33" fn="-0 -1 -0">
            <n d="0 -1 0"/>
            <n d="0 -1 0"/>
            <n d="0 -1 0"/>
        </f>
        <f v="36 33 34" fn="-0 -1 -0">
            <n d="0 -1 0"/>
            <n d="0 -1 0"/>
            <n d="0 -1 0"/>
        </f>
        <f v="35 34 5" fn="0 -1 0">
            <n d="0 -1 0"/>
            <n d="0 -1 0"/>
            <n d="0 -1 0"/>
        </f>
        <f v="36 34 35" fn="0 -1 0">
            <n d="0 -1 0"/>
            <n d="0 -1 0"/>
            <n d="0 -1 0"/>
        </f>
        <f v="39 33 36" fn="-0 -1 -0">
            <n d="0 -1 0"/>
            <n d="0 -1 0"/>
            <n d="0 -1 0"/>
        </f>
        <f v="39 36 37" fn="-0 -1 -0">
            <n d="0 -1 0"/>
            <n d="0 -1 0"/>
            <n d="0 -1 0"/>
        </f>
        <f v="38 37 6" fn="0 -1 -0">
            <n d="0 -1 0"/>
            <n d="0 -1 0"/>
            <n d="0 -1 0"/>
        </f>
        <f v="39 37 38" fn="0 -1 -0">
            <n d="0 -1 0"/>
            <n d="0 -1 0"/>
            <n d="0 -1 0"/>
        </f>
        <f v="42 33 39" fn="-0 -1 -0">
            <n d="0 -1 0"/>
            <n d="0 -1 0"/>
            <n d="0 -1 0"/>
        </f>
        <f v="41 39 40" fn="0 -1 0">
            <n d="0 -1 0"/>
            <n d="0 -1 0"/>
            <n d="0 -1 0"/>
        </f>
        <f v="41 40 7" fn="0 -1 0">
            <n d="0 -1 0"/>
            <n d="0 -1 0"/>
            <n d="0 -1 0"/>
        </f>
        <f v="43 32 42" fn="0 -1 -0">
            <n d="0 -1 0"/>
            <n d="0 -1 0"/>
            <n d="0 -1 0"/>
        </f>
        <f v="42 39 41" fn="0 -1 0">
            <n d="0 -1 0"/>
            <n d="0 -1 0"/>
            <n d="0 -1 0"/>
        </f>
        <f v="43 4 32" fn="-0 -1 -0">
            <n d="0 -1 0"/>
            <n d="0 -1 0"/>
            <n d="0 -1 0"/>
        </f>
    </facets>
    <facets color="f9f9f9">
        <f v="45 54 55" fn="1 0 0">
            <n d="1 -0 -0"/>
            <n d="1 -0 -0"/>
            <n d="1 -0 -0"/>
        </f>
        <f v="52 53 54" fn="1 -0 -0">
            <n d="1 -0 -0"/>
            <n d="1 -0 -0"/>
            <n d="1 -0 -0"/>
        </f>
        <f v="52 11 53" fn="1 -0 -0">
            <n d="1 -0 -0"/>
            <n d="1 -0 -0"/>
            <n d="1 -0 -0"/>
        </f>
        <f v="51 52 54" fn="1 -0 -0">
            <n d="1 -0 -0"/>
            <n d="1 -0 -0"/>
            <n d="1 -0 -0"/>
        </f>
        <f v="45 51 54" fn="1 0 0">
            <n d="1 -0 -0"/>
            <n d="1 -0 -0"/>
            <n d="1 -0 -0"/>
        </f>
        <f v="48 50 51" fn="1 0 0">
            <n d="1 -0 -0"/>
            <n d="1 -0 -0"/>
            <n d="1 -0 -0"/>
        </f>
        <f v="49 10 50" fn="1 -0 -0">
            <n d="1 -0 -0"/>
            <n d="1 -0 -0"/>
            <n d="1 -0 -0"/>
        </f>
        <f v="48 49 50" fn="1 -0 -0">
            <n d="1 -0 -0"/>
            <n d="1 -0 -0"/>
            <n d="1 -0 -0"/>
        </f>
        <f v="45 48 51" fn="1 -0 -0">
            <n d="1 -0 -0"/>
            <n d="1 -0 -0"/>
            <n d="1 -0 -0"/>
        </f>
        <f v="44 45 55" fn="1 -0 -0">
            <n d="1 -0 -0"/>
            <n d="1 -0 -0"/>
            <n d="1 -0 -0"/>
        </f>
        <f v="46 9 47" fn="1 0 0">
            <n d="1 -0 -0"/>
            <n d="1 -0 -0"/>
            <n d="1 -0 -0"/>
        </f>
        <f v="45 47 48" fn="1 0 0">
            <n d="1 -0 -0"/>
            <n d="1 -0 -0"/>
            <n d="1 -0 -0"/>
        </f>
        <f v="45 46 47" fn="1 -0 -0">
            <n d="1 -0 -0"/>
            <n d="1 -0 -0"/>
            <n d="1 -0 -0"/>
        </f>
        <f v="44 55 8" fn="1 0 0">
            <n d="1 -0 -0"/>
            <n d="1 -0 -0"/>
            <n d="1 -0 -0"/>
        </f>
    </facets>
    <facets color="f9f9f9">
        <f v="56 66 67" fn="-1 0 0">
            <n d="-1 -0 -0"/>
            <n d="-1 -0 -0"/>
            <n d="-1 -0 -0"/>
        </f>
        <f v="64 15 65" fn="-1 0 0">
            <n d="-1 -0 -0"/>
            <n d="-1 -0 -0"/>
            <n d="-1 -0 -0"/>
        </f>
        <f v="63 65 66" fn="-1 0 0">
            <n d="-1 -0 -0"/>
            <n d="-1 -0 -0"/>
            <n d="-1 -0 -0"/>
        </f>
        <f v="63 64 65" fn="-1 -0 -0">
            <n d="-1 -0 -0"/>
            <n d="-1 -0 -0"/>
            <n d="-1 -0 -0"/>
        </f>
        <f v="57 63 66" fn="-1 0 0">
            <n d="-1 -0 -0"/>
            <n d="-1 -0 -0"/>
            <n d="-1 -0 -0"/>
        </f>
        <f v="61 62 63" fn="-1 -0 -0">
            <n d="-1 -0 -0"/>
            <n d="-1 -0 -0"/>
            <n d="-1 -0 -0"/>
        </f>
        <f v="61 14 62" fn="-1 -0 -0">
            <n d="-1 -0 -0"/>
            <n d="-1 -0 -0"/>
            <n d="-1 -0 -0"/>
        </f>
        <f v="60 61 63" fn="-1 -0 -0">
            <n d="-1 -0 -0"/>
            <n d="-1 -0 -0"/>
            <n d="-1 -0 -0"/>
        </f>
        <f v="57 60 63" fn="-1 -0 -0">
            <n d="-1 -0 -0"/>
            <n d="-1 -0 -0"/>
            <n d="-1 -0 -0"/>
        </f>
        <f v="58 59 60" fn="-1 -0 -0">
            <n d="-1 -0 -0"/>
            <n d="-1 -0 -0"/>
            <n d="-1 -0 -0"/>
        </f>
        <f v="58 13 59" fn="-1 -0 -0">
            <n d="-1 -0 -0"/>
            <n d="-1 -0 -0"/>
            <n d="-1 -0 -0"/>
        </f>
        <f v="56 57 66" fn="-1 -0 -0">
            <n d="-1 -0 -0"/>
            <n d="-1 -0 -0"/>
            <n d="-1 -0 -0"/>
        </f>
        <f v="57 58 60" fn="-1 -0 -0">
            <n d="-1 -0 -0"/>
            <n d="-1 -0 -0"/>
            <n d="-1 -0 -0"/>
        </f>
        <f v="56 67 12" fn="-1 0 0">
            <n d="-1 -0 -0"/>
            <n d="-1 -0 -0"/>
            <n d="-1 -0 -0"/>
        </f>
    </facets>
    <facets color="f9f9f9">
        <f v="69 78 79" fn="0 0 -1">
            <n d="-0 -0 -1"/>
            <n d="-0 -0 -1"/>
            <n d="-0 -0 -1"/>
        </f>
        <f v="76 19 77" fn="0 0 -1">
            <n d="-0 -0 -1"/>
            <n d="-0 -0 -1"/>
            <n d="-0 -0 -1"/>
        </f>
        <f v="75 77 78" fn="0 0 -1">
            <n d="-0 -0 -1"/>
            <n d="-0 -0 -1"/>
            <n d="-0 -0 -1"/>
        </f>
        <f v="75 76 77" fn="-0 -0 -1">
            <n d="-0 -0 -1"/>
            <n d="-0 -0 -1"/>
            <n d="-0 -0 -1"/>
        </f>
        <f v="72 75 78" fn="-0 0 -1">
            <n d="-0 -0 -1"/>
            <n d="-0 -0 -1"/>
            <n d="-0 -0 -1"/>
        </f>
        <f v="73 74 75" fn="-0 -0 -1">
            <n d="-0 -0 -1"/>
            <n d="-0 -0 -1"/>
            <n d="-0 -0 -1"/>
        </f>
        <f v="73 18 74" fn="-0 -0 -1">
            <n d="-0 -0 -1"/>
            <n d="-0 -0 -1"/>
            <n d="-0 -0 -1"/>
        </f>
        <f v="72 73 75" fn="-0 -0 -1">
            <n d="-0 -0 -1"/>
            <n d="-0 -0 -1"/>
            <n d="-0 -0 -1"/>
        </f>
        <f v="69 72 78" fn="0 -0 -1">
            <n d="-0 -0 -1"/>
            <n d="-0 -0 -1"/>
            <n d="-0 -0 -1"/>
        </f>
        <f v="69 71 72" fn="0 0 -1">
            <n d="-0 -0 -1"/>
            <n d="-0 -0 -1"/>
            <n d="-0 -0 -1"/>
        </f>
        <f v="70 17 71" fn="0 -0 -1">
            <n d="-0 -0 -1"/>
            <n d="-0 -0 -1"/>
            <n d="-0 -0 -1"/>
        </f>
        <f v="68 69 79" fn="0 -0 -1">
            <n d="-0 -0 -1"/>
            <n d="-0 -0 -1"/>
            <n d="-0 -0 -1"/>
        </f>
        <f v="69 70 71" fn="0 -0 -1">
            <n d="-0 -0 -1"/>
            <n d="-0 -0 -1"/>
            <n d="-0 -0 -1"/>
        </f>
        <f v="68 79 16" fn="-0 0 -1">
            <n d="-0 -0 -1"/>
            <n d="-0 -0 -1"/>
            <n d="-0 -0 -1"/>
        </f>
    </facets>
    <facets color="f9f9f9">
        <f v="47 80 81" fn="0.838369735971427 0.0151956807748649 -0.544890151400251">
            <n d="1 0 -1.83690953073357e-016"/>
            <n d="0.931876791066593 0 -0.362774925086381"/>
            <n d="0.709912520041678 0 -0.704289864961916"/>
        </f>
        <f v="73 82 18" fn="0.188301848632787 -0 -0.982111202360239">
            <n d="-1.22460635382238e-016 0 -1"/>
            <n d="0.369866709934838 0 -0.929084827602937"/>
            <n d="-1.22460635382238e-016 0 -1"/>
        </f>
        <f v="73 81 82" fn="0.551397745531247 0.0156533660029744 -0.834095617034303">
            <n d="-1.22460635382238e-016 0 -1"/>
            <n d="0.709912520041678 0 -0.704289864961916"/>
            <n d="0.369866709934838 0 -0.929084827602937"/>
        </f>
        <f v="72 81 73" fn="0.384519268072524 0 -0.923116965763803">
            <n d="-1.22460635382238e-016 0 -1"/>
            <n d="0.709912520041678 0 -0.704289864961916"/>
            <n d="-1.22460635382238e-016 0 -1"/>
        </f>
        <f v="48 81 72" fn="0.707018182942413 0.0158296550062524 -0.707018182942413">
            <n d="1 0 -1.83690953073357e-016"/>
            <n d="0.709912520041678 0 -0.704289864961916"/>
            <n d="-1.22460635382238e-016 0 -1"/>
        </f>
        <f v="84 72 71" fn="0.384519268072524 -0 -0.923116965763803">
            <n d="0.709912520041678 0 -0.704289864961916"/>
            <n d="-1.22460635382238e-016 0 -1"/>
            <n d="-1.22460635382238e-016 0 -1"/>
        </f>
        <f v="85 71 17" fn="0.188301848632787 0 -0.982111202360239">
            <n d="0.369866709934838 0 -0.929084827602937"/>
            <n d="-1.22460635382238e-016 0 -1"/>
            <n d="-1.22460635382238e-016 0 -1"/>
        </f>
        <f v="84 71 85" fn="0.551397745531247 -0.0156533660029744 -0.834095617034304">
            <n d="0.709912520041678 0 -0.704289864961916"/>
            <n d="-1.22460635382238e-016 0 -1"/>
            <n d="0.369866709934838 0 -0.929084827602937"/>
        </f>
        <f v="48 72 84" fn="0.707018182942413 -0.0158296550062524 -0.707018182942413">
            <n d="1 0 -1.83690953073357e-016"/>
            <n d="-1.22460635382238e-016 0 -1"/>
            <n d="0.709912520041678 0 -0.704289864961916"/>
        </f>
        <f v="49 84 83" fn="0.838369735971427 -0.0151956807748649 -0.544890151400251">
            <n d="1 0 -1.83690953073357e-016"/>
            <n d="0.709912520041678 0 -0.704289864961916"/>
            <n d="0.931876791066593 0 -0.362774925086381"/>
        </f>
        <f v="48 84 49" fn="0.924638448270918 0 -0.380846084368933">
            <n d="1 0 -1.83690953073357e-016"/>
            <n d="0.709912520041678 0 -0.704289864961916"/>
            <n d="1 0 -1.83690953073357e-016"/>
        </f>
        <f v="49 83 10" fn="0.982821649910751 0 -0.184557862110259">
            <n d="1 0 -1.83690953073357e-016"/>
            <n d="0.931876791066593 0 -0.362774925086381"/>
            <n d="1 0 -1.83690953073357e-016"/>
        </f>
        <f v="47 81 48" fn="0.924638448270918 0 -0.380846084368933">
            <n d="1 0 -1.83690953073357e-016"/>
            <n d="0.709912520041678 0 -0.704289864961916"/>
            <n d="1 0 -1.83690953073357e-016"/>
        </f>
        <f v="47 9 80" fn="0.982821649910751 -0 -0.184557862110259">
            <n d="1 0 -1.83690953073357e-016"/>
            <n d="1 0 -1.83690953073357e-016"/>
            <n d="0.931876791066593 0 -0.362774925086381"/>
        </f>
    </facets>
    <facets color="f9f9f9">
        <f v="81 86 87" fn="0.731181759801607 -0.483364215917699 -0.481385779706561">
            <n d="0.709912520041678 -1.73872676540219e-016 -0.704289864961916"/>
            <n d="0.92908482760294 -0.369866709934828 0"/>
            <n d="0.704289864961932 -0.709912520041662 5.55111512312574e-015"/>
        </f>
        <f v="89 88 6" fn="0.181365898582173 -0.965823561478115 -0.18517899158709">
            <n d="-1.7066447746838e-016 -0.929084827602942 -0.369866709934825"/>
            <n d="0.3627749250864 -0.931876791066586 5.5511151231257e-015"/>
            <n d="-1.83690953073357e-016 -1 0"/>
        </f>
        <f v="89 87 88" fn="0.479340027978669 -0.737514105667405 -0.475716387692307">
            <n d="-1.7066447746838e-016 -0.929084827602942 -0.369866709934825"/>
            <n d="0.704289864961932 -0.709912520041662 5.55111512312574e-015"/>
            <n d="0.3627749250864 -0.931876791066586 5.5511151231257e-015"/>
        </f>
        <f v="90 87 89" fn="0.481385779706562 -0.731181759801622 -0.483364215917674">
            <n d="2.17643553980097e-014 -0.704289864961927 -0.709912520041667"/>
            <n d="0.704289864961932 -0.709912520041662 5.55111512312574e-015"/>
            <n d="-1.7066447746838e-016 -0.929084827602942 -0.369866709934825"/>
        </f>
        <f v="81 87 90" fn="0.57735026918963 -0.57735026918963 -0.577350269189617">
            <n d="0.709912520041678 -1.73872676540219e-016 -0.704289864961916"/>
            <n d="0.704289864961932 -0.709912520041662 5.55111512312574e-015"/>
            <n d="2.17643553980097e-014 -0.704289864961927 -0.709912520041667"/>
        </f>
        <f v="82 90 91" fn="0.475716387692183 -0.47934002797864 -0.737514105667504">
            <n d="0.369866709934838 -9.05882246107161e-017 -0.929084827602937"/>
            <n d="2.17643553980097e-014 -0.704289864961927 -0.709912520041667"/>
            <n d="-2.22990497889734e-014 -0.362774925086372 -0.931876791066596"/>
        </f>
        <f v="81 90 82" fn="0.483364215917696 -0.481385779706573 -0.731181759801601">
            <n d="0.709912520041678 -1.73872676540219e-016 -0.704289864961916"/>
            <n d="2.17643553980097e-014 -0.704289864961927 -0.709912520041667"/>
            <n d="0.369866709934838 -9.05882246107161e-017 -0.929084827602937"/>
        </f>
        <f v="82 91 18" fn="0.185178991587067 -0.181365898582198 -0.965823561478114">
            <n d="0.369866709934838 -9.05882246107161e-017 -0.929084827602937"/>
            <n d="-2.22990497889734e-014 -0.362774925086372 -0.931876791066596"/>
            <n d="0.000265203753549486 -0.000265203753549502 -0.999999929666967"/>
        </f>
        <f v="80 9 86" fn="0.96582356147811 -0.185178991587072 -0.181365898582216">
            <n d="0.931876791066593 5.5654735416493e-015 -0.362774925086381"/>
            <n d="1 -2.44921270764475e-016 0"/>
            <n d="0.92908482760294 -0.369866709934828 0"/>
        </f>
        <f v="80 86 81" fn="0.737514105667503 -0.475716387692193 -0.47934002797863">
            <n d="0.931876791066593 5.5654735416493e-015 -0.362774925086381"/>
            <n d="0.92908482760294 -0.369866709934828 0"/>
            <n d="0.709912520041678 -1.73872676540219e-016 -0.704289864961916"/>
        </f>
    </facets>
    <facets color="f9f9f9">
        <f v="44 92 93" fn="0.838449429431947 -0.544941947379929 -0.00638970038526825">
            <n d="1 -1.22460635382238e-016 -0"/>
            <n d="0.931876791066598 -0.362774925086368 -0"/>
            <n d="0.709912520041678 -0.704289864961916 -0"/>
        </f>
        <f v="40 94 7" fn="0.188301848632787 -0.982111202360239 -0">
            <n d="-6.12303176911189e-017 -1 0"/>
            <n d="0.369866709934838 -0.929084827602937 -0"/>
            <n d="-6.12303176911189e-017 -1 0"/>
        </f>
        <f v="40 93 94" fn="0.551453365536142 -0.834179753037178 -0.00658219277257192">
            <n d="-6.12303176911189e-017 -1 0"/>
            <n d="0.709912520041678 -0.704289864961916 -0"/>
            <n d="0.369866709934838 -0.929084827602937 -0"/>
        </f>
        <f v="39 93 40" fn="0.384519268072524 -0.923116965763803 0">
            <n d="-6.12303176911189e-017 -1 0"/>
            <n d="0.709912520041678 -0.704289864961916 -0"/>
            <n d="-6.12303176911189e-017 -1 0"/>
        </f>
        <f v="45 93 39" fn="0.707091116185928 -0.707091116185928 -0.00665633697134272">
            <n d="1 -1.22460635382238e-016 -0"/>
            <n d="0.709912520041678 -0.704289864961916 -0"/>
            <n d="-6.12303176911189e-017 -1 0"/>
        </f>
        <f v="87 39 38" fn="0.380846084368953 -0.92463844827091 -0">
            <n d="0.704289864961933 -0.709912520041662 -0"/>
            <n d="-6.12303176911189e-017 -1 0"/>
            <n d="-6.12303176911189e-017 -1 0"/>
        </f>
        <f v="88 38 6" fn="0.184557862110216 -0.982821649910759 0">
            <n d="0.362774925086401 -0.931876791066585 -0"/>
            <n d="-6.12303176911189e-017 -1 0"/>
            <n d="-6.12303176911189e-017 -1 0"/>
        </f>
        <f v="87 38 88" fn="0.544941947379973 -0.838449429431918 0.00638970038526946">
            <n d="0.704289864961933 -0.709912520041662 -0"/>
            <n d="-6.12303176911189e-017 -1 0"/>
            <n d="0.362774925086401 -0.931876791066585 -0"/>
        </f>
        <f v="45 39 87" fn="0.707091116185928 -0.707091116185928 0.00665633697134254">
            <n d="1 -1.22460635382238e-016 -0"/>
            <n d="-6.12303176911189e-017 -1 0"/>
            <n d="0.704289864961933 -0.709912520041662 -0"/>
        </f>
        <f v="46 87 86" fn="0.834179753037182 -0.551453365536136 0.00658219277257152">
            <n d="1 -1.22460635382238e-016 -0"/>
            <n d="0.704289864961933 -0.709912520041662 -0"/>
            <n d="0.92908482760294 -0.369866709934828 -0"/>
        </f>
        <f v="45 87 46" fn="0.923116965763804 -0.384519268072522 0">
            <n d="1 -1.22460635382238e-016 -0"/>
            <n d="0.704289864961933 -0.709912520041662 -0"/>
            <n d="1 -1.22460635382238e-016 -0"/>
        </f>
        <f v="46 86 9" fn="0.982111202360238 -0.188301848632792 0">
            <n d="1 -1.22460635382238e-016 -0"/>
            <n d="0.92908482760294 -0.369866709934828 -0"/>
            <n d="1 -1.22460635382238e-016 -0"/>
        </f>
        <f v="44 93 45" fn="0.924638448270918 -0.380846084368933 0">
            <n d="1 -1.22460635382238e-016 -0"/>
            <n d="0.709912520041678 -0.704289864961916 -0"/>
            <n d="1 -1.22460635382238e-016 -0"/>
        </f>
        <f v="44 8 92" fn="0.982821649910761 -0.184557862110204 -0">
            <n d="1 -1.22460635382238e-016 -0"/>
            <n d="1 -1.22460635382238e-016 -0"/>
            <n d="0.931876791066598 -0.362774925086368 -0"/>
        </f>
    </facets>
    <facets color="f9f9f9">
        <f v="35 95 96" fn="0.0022313639410215 -0.838464458817556 -0.544951715581065">
            <n d="0 -1 6.12303176911189e-017"/>
            <n d="0 -0.931876791066595 -0.362774925086377"/>
            <n d="0 -0.709912520041672 -0.704289864961922"/>
        </f>
        <f v="76 96 97" fn="0.00229858722967906 -0.551463855018705 -0.834195620406063">
            <n d="0 -1.22460635382238e-016 -1"/>
            <n d="0 -0.709912520041672 -0.704289864961922"/>
            <n d="0 -0.369866709934828 -0.92908482760294"/>
        </f>
        <f v="76 97 19" fn="-0 -0.188301848632792 -0.982111202360238">
            <n d="0 -1.22460635382238e-016 -1"/>
            <n d="0 -0.369866709934828 -0.92908482760294"/>
            <n d="0 -1.22460635382238e-016 -1"/>
        </f>
        <f v="75 96 76" fn="-0 -0.38451926807253 -0.923116965763801">
            <n d="0 -1.22460635382238e-016 -1"/>
            <n d="0 -0.709912520041672 -0.704289864961922"/>
            <n d="0 -1.22460635382238e-016 -1"/>
        </f>
        <f v="36 96 75" fn="0.0023244803488758 -0.707104870861143 -0.707104870861143">
            <n d="0 -1 6.12303176911189e-017"/>
            <n d="0 -0.709912520041672 -0.704289864961922"/>
            <n d="0 -1.22460635382238e-016 -1"/>
        </f>
        <f v="90 75 74" fn="-0 -0.380846084368958 -0.924638448270908">
            <n d="0 -0.704289864961927 -0.709912520041667"/>
            <n d="0 -1.22460635382238e-016 -1"/>
            <n d="0 -1.22460635382238e-016 -1"/>
        </f>
        <f v="91 74 18" fn="0 -0.184557862110233 -0.982821649910756">
            <n d="0 -0.362774925086372 -0.931876791066596"/>
            <n d="0 -1.22460635382238e-016 -1"/>
            <n d="0 -1.22460635382238e-016 -1"/>
        </f>
        <f v="90 74 91" fn="-0.00223136394102154 -0.544951715581078 -0.838464458817547">
            <n d="0 -0.704289864961927 -0.709912520041667"/>
            <n d="0 -1.22460635382238e-016 -1"/>
            <n d="0 -0.362774925086372 -0.931876791066596"/>
        </f>
        <f v="36 75 90" fn="-0.00232448034887574 -0.707104870861143 -0.707104870861143">
            <n d="0 -1 6.12303176911189e-017"/>
            <n d="0 -1.22460635382238e-016 -1"/>
            <n d="0 -0.704289864961927 -0.709912520041667"/>
        </f>
        <f v="36 90 37" fn="0 -0.923116965763799 -0.384519268072535">
            <n d="0 -1 6.12303176911189e-017"/>
            <n d="0 -0.704289864961927 -0.709912520041667"/>
            <n d="0 -1 6.12303176911189e-017"/>
        </f>
        <f v="37 90 89" fn="-0.00229858722967891 -0.834195620406065 -0.551463855018702">
            <n d="0 -1 6.12303176911189e-017"/>
            <n d="0 -0.704289864961927 -0.709912520041667"/>
            <n d="0 -0.929084827602942 -0.369866709934825"/>
        </f>
        <f v="37 89 6" fn="0 -0.982111202360235 -0.188301848632809">
            <n d="0 -1 6.12303176911189e-017"/>
            <n d="0 -0.929084827602942 -0.369866709934825"/>
            <n d="0 -1 6.12303176911189e-017"/>
        </f>
        <f v="35 96 36" fn="0 -0.924638448270913 -0.380846084368946">
            <n d="0 -1 6.12303176911189e-017"/>
            <n d="0 -0.709912520041672 -0.704289864961922"/>
            <n d="0 -1 6.12303176911189e-017"/>
        </f>
        <f v="35 5 95" fn="-0 -0.982821649910756 -0.18455786211023">
            <n d="0 -1 6.12303176911189e-017"/>
            <n d="0 -1 6.12303176911189e-017"/>
            <n d="0 -0.931876791066595 -0.362774925086377"/>
        </f>
    </facets>
    <facets color="f9f9f9">
        <f v="92 8 98" fn="0.96582356147813 -0.181365898582166 0.185178991587018">
            <n d="0.931876791066598 -0.362774925086369 -1.11022302462514e-014"/>
            <n d="1 -2.44921270764475e-016 0"/>
            <n d="0.929084827602947 -1.09550628579452e-014 0.369866709934811"/>
        </f>
        <f v="93 98 99" fn="0.73118175980155 -0.481385779706596 0.483364215917749">
            <n d="0.709912520041678 -0.704289864961916 -5.5511151231257e-015"/>
            <n d="0.929084827602947 -1.09550628579452e-014 0.369866709934811"/>
            <n d="0.704289864961921 -1.72495568713015e-016 0.709912520041673"/>
        </f>
        <f v="101 99 100" fn="0.479340027978685 -0.475716387692243 0.737514105667435">
            <n d="2.22705776667551e-014 -0.369866709934833 0.929084827602939"/>
            <n d="0.704289864961921 -1.72495568713015e-016 0.709912520041673"/>
            <n d="0.362774925086384 -5.56640191004459e-015 0.931876791066592"/>
        </f>
        <f v="101 100 1" fn="0.181365898582194 -0.185178991587059 0.965823561478117">
            <n d="2.22705776667551e-014 -0.369866709934833 0.929084827602939"/>
            <n d="0.362774925086384 -5.56640191004459e-015 0.931876791066592"/>
            <n d="0.0002652037535495 -0.000265203753549488 0.999999929666967"/>
        </f>
        <f v="102 99 101" fn="0.4813857797066 -0.483364215917693 0.731181759801585">
            <n d="2.1938109798753e-014 -0.709912520041673 0.704289864961921"/>
            <n d="0.704289864961921 -1.72495568713015e-016 0.709912520041673"/>
            <n d="2.22705776667551e-014 -0.369866709934833 0.929084827602939"/>
        </f>
        <f v="93 99 102" fn="0.577350269189642 -0.577350269189606 0.577350269189629">
            <n d="0.709912520041678 -0.704289864961916 -5.5511151231257e-015"/>
            <n d="0.704289864961921 -1.72495568713015e-016 0.709912520041673"/>
            <n d="2.1938109798753e-014 -0.709912520041673 0.704289864961921"/>
        </f>
        <f v="93 102 94" fn="0.483364215917703 -0.731181759801601 0.481385779706565">
            <n d="0.709912520041678 -0.704289864961916 -5.5511151231257e-015"/>
            <n d="2.1938109798753e-014 -0.709912520041673 0.704289864961921"/>
            <n d="0.369866709934838 -0.929084827602937 0"/>
        </f>
        <f v="94 103 7" fn="0.185178991587066 -0.965823561478111 0.181365898582215">
            <n d="0.369866709934838 -0.929084827602937 0"/>
            <n d="-2.25183444383063e-014 -0.931876791066598 0.362774925086369"/>
            <n d="-1.83690953073357e-016 -1 0"/>
        </f>
        <f v="94 102 103" fn="0.475716387692145 -0.737514105667541 0.47934002797862">
            <n d="0.369866709934838 -0.929084827602937 0"/>
            <n d="2.1938109798753e-014 -0.709912520041673 0.704289864961921"/>
            <n d="-2.25183444383063e-014 -0.931876791066598 0.362774925086369"/>
        </f>
        <f v="92 98 93" fn="0.73751410566748 -0.479340027978655 0.475716387692203">
            <n d="0.931876791066598 -0.362774925086369 -1.11022302462514e-014"/>
            <n d="0.929084827602947 -1.09550628579452e-014 0.369866709934811"/>
            <n d="0.709912520041678 -0.704289864961916 -5.5511151231257e-015"/>
        </f>
    </facets>
    <facets color="f9f9f9">
        <f v="96 104 105" fn="-0.483364215917686 -0.731181759801623 -0.481385779706548">
            <n d="-2.21989188135633e-014 -0.709912520041673 -0.704289864961921"/>
            <n d="-0.369866709934819 -0.929084827602944 0"/>
            <n d="-0.709912520041678 -0.704289864961916 5.5511151231257e-015"/>
        </f>
        <f v="107 106 14" fn="-0.965823561478132 -0.181365898582155 -0.185178991587018">
            <n d="-0.929084827602947 -1.10263304499824e-014 -0.369866709934811"/>
            <n d="-0.931876791066596 -0.362774925086373 -5.5511151231257e-015"/>
            <n d="-1 1.22460635382238e-016 0"/>
        </f>
        <f v="107 105 106" fn="-0.737514105667449 -0.479340027978665 -0.475716387692242">
            <n d="-0.929084827602947 -1.10263304499824e-014 -0.369866709934811"/>
            <n d="-0.709912520041678 -0.704289864961916 5.5511151231257e-015"/>
            <n d="-0.931876791066596 -0.362774925086373 -5.5511151231257e-015"/>
        </f>
        <f v="108 105 107" fn="-0.73118175980155 -0.481385779706596 -0.483364215917749">
            <n d="-0.704289864961921 8.62477843565073e-017 -0.709912520041673"/>
            <n d="-0.709912520041678 -0.704289864961916 5.5511151231257e-015"/>
            <n d="-0.929084827602947 -1.10263304499824e-014 -0.369866709934811"/>
        </f>
        <f v="96 105 108" fn="-0.577350269189642 -0.577350269189606 -0.577350269189629">
            <n d="-2.21989188135633e-014 -0.709912520041673 -0.704289864961921"/>
            <n d="-0.709912520041678 -0.704289864961916 5.5511151231257e-015"/>
            <n d="-0.704289864961921 8.62477843565073e-017 -0.709912520041673"/>
        </f>
        <f v="97 108 109" fn="-0.479340027978676 -0.475716387692271 -0.737514105667423">
            <n d="-6.79411684580354e-017 -0.369866709934828 -0.92908482760294"/>
            <n d="-0.704289864961921 8.62477843565073e-017 -0.709912520041673"/>
            <n d="-0.362774925086384 -5.43312496656412e-015 -0.931876791066592"/>
        </f>
        <f v="97 109 19" fn="-0.181365898582193 -0.185178991587072 -0.965823561478114">
            <n d="-6.79411684580354e-017 -0.369866709934828 -0.92908482760294"/>
            <n d="-0.362774925086384 -5.43312496656412e-015 -0.931876791066592"/>
            <n d="-0.000265203753549492 -0.000265203753549496 -0.999999929666967"/>
        </f>
        <f v="96 108 97" fn="-0.481385779706579 -0.483364215917672 -0.731181759801613">
            <n d="-2.21989188135633e-014 -0.709912520041673 -0.704289864961921"/>
            <n d="-0.704289864961921 8.62477843565073e-017 -0.709912520041673"/>
            <n d="-6.79411684580354e-017 -0.369866709934828 -0.92908482760294"/>
        </f>
        <f v="95 104 96" fn="-0.475716387692279 -0.737514105667439 -0.479340027978644">
            <n d="-2.25183444383063e-014 -0.931876791066595 -0.362774925086377"/>
            <n d="-0.369866709934819 -0.929084827602944 0"/>
            <n d="-2.21989188135633e-014 -0.709912520041673 -0.704289864961921"/>
        </f>
        <f v="95 5 104" fn="-0.185178991587078 -0.965823561478117 -0.181365898582173">
            <n d="-2.25183444383063e-014 -0.931876791066595 -0.362774925086377"/>
            <n d="-1.83690953073357e-016 -1 0"/>
            <n d="-0.369866709934819 -0.929084827602944 0"/>
        </f>
    </facets>
    <facets color="f9f9f9">
        <f v="53 112 111" fn="0.834095617034291 -0.015653366002974 0.551397745531266">
            <n d="1 0 -1.83690953073357e-016"/>
            <n d="0.929084827602945 -0 0.369866709934818"/>
            <n d="0.704289864961922 -0 0.709912520041672"/>
        </f>
        <f v="25 111 110" fn="0.544890151400308 -0.0151956807748677 0.83836973597139">
            <n d="2.44921270764475e-016 -0 1"/>
            <n d="0.704289864961922 -0 0.709912520041672"/>
            <n d="0.362774925086386 -0 0.931876791066591"/>
        </f>
        <f v="25 110 2" fn="0.184557862110256 -0 0.982821649910751">
            <n d="2.44921270764475e-016 -0 1"/>
            <n d="0.362774925086386 -0 0.931876791066591"/>
            <n d="2.44921270764475e-016 -0 1"/>
        </f>
        <f v="24 111 25" fn="0.380846084368964 -0 0.924638448270906">
            <n d="2.44921270764475e-016 -0 1"/>
            <n d="0.704289864961922 -0 0.709912520041672"/>
            <n d="2.44921270764475e-016 -0 1"/>
        </f>
        <f v="54 111 24" fn="0.707018182942413 -0.0158296550062511 0.707018182942413">
            <n d="1 0 -1.83690953073357e-016"/>
            <n d="0.704289864961922 -0 0.709912520041672"/>
            <n d="2.44921270764475e-016 -0 1"/>
        </f>
        <f v="99 24 23" fn="0.380846084368964 -0 0.924638448270906">
            <n d="0.704289864961922 -0 0.709912520041672"/>
            <n d="2.44921270764475e-016 -0 1"/>
            <n d="2.44921270764475e-016 -0 1"/>
        </f>
        <f v="100 23 1" fn="0.184557862110242 0 0.982821649910754">
            <n d="0.362774925086383 -0 0.931876791066592"/>
            <n d="2.44921270764475e-016 -0 1"/>
            <n d="2.44921270764475e-016 -0 1"/>
        </f>
        <f v="99 23 100" fn="0.544890151400317 0.0151956807748686 0.838369735971384">
            <n d="0.704289864961922 -0 0.709912520041672"/>
            <n d="2.44921270764475e-016 -0 1"/>
            <n d="0.362774925086383 -0 0.931876791066592"/>
        </f>
        <f v="54 24 99" fn="0.707018182942413 0.0158296550062511 0.707018182942413">
            <n d="1 0 -1.83690953073357e-016"/>
            <n d="2.44921270764475e-016 -0 1"/>
            <n d="0.704289864961922 -0 0.709912520041672"/>
        </f>
        <f v="55 99 98" fn="0.834095617034266 0.0156533660029776 0.551397745531303">
            <n d="1 0 -1.83690953073357e-016"/>
            <n d="0.704289864961922 -0 0.709912520041672"/>
            <n d="0.929084827602947 -0 0.369866709934811"/>
        </f>
        <f v="55 98 8" fn="0.982111202360248 0 0.188301848632741">
            <n d="1 0 -1.83690953073357e-016"/>
            <n d="0.929084827602947 -0 0.369866709934811"/>
            <n d="1 0 -1.83690953073357e-016"/>
        </f>
        <f v="53 111 54" fn="0.923116965763793 0 0.384519268072547">
            <n d="1 0 -1.83690953073357e-016"/>
            <n d="0.704289864961922 -0 0.709912520041672"/>
            <n d="1 0 -1.83690953073357e-016"/>
        </f>
        <f v="54 99 55" fn="0.923116965763793 0 0.384519268072547">
            <n d="1 0 -1.83690953073357e-016"/>
            <n d="0.704289864961922 -0 0.709912520041672"/>
            <n d="1 0 -1.83690953073357e-016"/>
        </f>
        <f v="53 11 112" fn="0.982111202360237 -0 0.188301848632798">
            <n d="1 0 -1.83690953073357e-016"/>
            <n d="1 0 -1.83690953073357e-016"/>
            <n d="0.929084827602945 -0 0.369866709934818"/>
        </f>
    </facets>
    <facets color="f9f9f9">
        <f v="20 113 114" fn="0.00223136394102162 -0.544951715581084 0.838464458817544">
            <n d="0 -1.22460635382238e-016 1"/>
            <n d="0 -0.362774925086377 0.931876791066594"/>
            <n d="0 -0.704289864961927 0.709912520041667"/>
        </f>
        <f v="43 115 4" fn="-0 -0.982111202360238 0.188301848632795">
            <n d="0 -1 -6.12303176911189e-017"/>
            <n d="0 -0.929084827602942 0.369866709934823"/>
            <n d="0 -1 -6.12303176911189e-017"/>
        </f>
        <f v="43 114 115" fn="0.00229858722967905 -0.834195620406059 0.551463855018711">
            <n d="0 -1 -6.12303176911189e-017"/>
            <n d="0 -0.704289864961927 0.709912520041667"/>
            <n d="0 -0.929084827602942 0.369866709934823"/>
        </f>
        <f v="42 114 43" fn="0 -0.923116965763799 0.384519268072535">
            <n d="0 -1 -6.12303176911189e-017"/>
            <n d="0 -0.704289864961927 0.709912520041667"/>
            <n d="0 -1 -6.12303176911189e-017"/>
        </f>
        <f v="21 114 42" fn="0.00232448034887574 -0.707104870861143 0.707104870861143">
            <n d="0 -1.22460635382238e-016 1"/>
            <n d="0 -0.704289864961927 0.709912520041667"/>
            <n d="0 -1 -6.12303176911189e-017"/>
        </f>
        <f v="102 42 41" fn="-0 -0.924638448270913 0.380846084368946">
            <n d="0 -0.709912520041672 0.704289864961922"/>
            <n d="0 -1 -6.12303176911189e-017"/>
            <n d="0 -1 -6.12303176911189e-017"/>
        </f>
        <f v="103 41 7" fn="0 -0.982821649910753 0.18455786211025">
            <n d="0 -0.931876791066598 0.362774925086369"/>
            <n d="0 -1 -6.12303176911189e-017"/>
            <n d="0 -1 -6.12303176911189e-017"/>
        </f>
        <f v="102 41 103" fn="-0.00223136394102119 -0.83846445881757 0.544951715581043">
            <n d="0 -0.709912520041672 0.704289864961922"/>
            <n d="0 -1 -6.12303176911189e-017"/>
            <n d="0 -0.931876791066598 0.362774925086369"/>
        </f>
        <f v="21 42 102" fn="-0.0023244803488758 -0.707104870861143 0.707104870861143">
            <n d="0 -1.22460635382238e-016 1"/>
            <n d="0 -1 -6.12303176911189e-017"/>
            <n d="0 -0.709912520041672 0.704289864961922"/>
        </f>
        <f v="22 102 101" fn="-0.00229858722967915 -0.551463855018712 0.834195620406059">
            <n d="0 -1.22460635382238e-016 1"/>
            <n d="0 -0.709912520041672 0.704289864961922"/>
            <n d="0 -0.369866709934833 0.929084827602939"/>
        </f>
        <f v="21 102 22" fn="0 -0.38451926807253 0.923116965763801">
            <n d="0 -1.22460635382238e-016 1"/>
            <n d="0 -0.709912520041672 0.704289864961922"/>
            <n d="0 -1.22460635382238e-016 1"/>
        </f>
        <f v="22 101 1" fn="0 -0.188301848632789 0.982111202360239">
            <n d="0 -1.22460635382238e-016 1"/>
            <n d="0 -0.369866709934833 0.929084827602939"/>
            <n d="0 -1.22460635382238e-016 1"/>
        </f>
        <f v="20 114 21" fn="0 -0.380846084368958 0.924638448270908">
            <n d="0 -1.22460635382238e-016 1"/>
            <n d="0 -0.704289864961927 0.709912520041667"/>
            <n d="0 -1.22460635382238e-016 1"/>
        </f>
        <f v="20 0 113" fn="-0 -0.18455786211023 0.982821649910756">
            <n d="0 -1.22460635382238e-016 1"/>
            <n d="0 -1.22460635382238e-016 1"/>
            <n d="0 -0.362774925086377 0.931876791066594"/>
        </f>
    </facets>
    <facets color="f9f9f9">
        <f v="32 116 117" fn="-0.544941947379963 -0.838449429431925 -0.00638970038526907">
            <n d="6.12303176911189e-017 -1 0"/>
            <n d="-0.362774925086403 -0.931876791066585 0"/>
            <n d="-0.704289864961933 -0.709912520041662 0"/>
        </f>
        <f v="64 117 118" fn="-0.834179753037161 -0.551453365536167 -0.00658219277257282">
            <n d="-1 -1.22460635382238e-016 0"/>
            <n d="-0.704289864961933 -0.709912520041662 0"/>
            <n d="-0.929084827602945 -0.369866709934816 0"/>
        </f>
        <f v="64 118 15" fn="-0.982111202360249 -0.188301848632738 0">
            <n d="-1 -1.22460635382238e-016 0"/>
            <n d="-0.929084827602945 -0.369866709934816 0"/>
            <n d="-1 -1.22460635382238e-016 0"/>
        </f>
        <f v="63 117 64" fn="-0.923116965763804 -0.384519268072522 0">
            <n d="-1 -1.22460635382238e-016 0"/>
            <n d="-0.704289864961933 -0.709912520041662 0"/>
            <n d="-1 -1.22460635382238e-016 0"/>
        </f>
        <f v="33 117 63" fn="-0.707091116185928 -0.707091116185928 -0.00665633697134254">
            <n d="6.12303176911189e-017 -1 0"/>
            <n d="-0.704289864961933 -0.709912520041662 0"/>
            <n d="-1 -1.22460635382238e-016 0"/>
        </f>
        <f v="105 63 62" fn="-0.924638448270918 -0.380846084368933 -0">
            <n d="-0.709912520041678 -0.704289864961916 0"/>
            <n d="-1 -1.22460635382238e-016 0"/>
            <n d="-1 -1.22460635382238e-016 0"/>
        </f>
        <f v="106 62 14" fn="-0.982821649910762 -0.184557862110201 0">
            <n d="-0.931876791066596 -0.362774925086373 0"/>
            <n d="-1 -1.22460635382238e-016 0"/>
            <n d="-1 -1.22460635382238e-016 0"/>
        </f>
        <f v="105 62 106" fn="-0.838449429431943 -0.544941947379935 0.0063897003852685">
            <n d="-0.709912520041678 -0.704289864961916 0"/>
            <n d="-1 -1.22460635382238e-016 0"/>
            <n d="-0.931876791066596 -0.362774925086373 0"/>
        </f>
        <f v="33 63 105" fn="-0.707091116185928 -0.707091116185928 0.00665633697134272">
            <n d="6.12303176911189e-017 -1 0"/>
            <n d="-1 -1.22460635382238e-016 0"/>
            <n d="-0.709912520041678 -0.704289864961916 0"/>
        </f>
        <f v="33 105 34" fn="-0.384519268072524 -0.923116965763803 -0">
            <n d="6.12303176911189e-017 -1 0"/>
            <n d="-0.709912520041678 -0.704289864961916 0"/>
            <n d="6.12303176911189e-017 -1 0"/>
        </f>
        <f v="34 105 104" fn="-0.551453365536117 -0.834179753037194 0.00658219277257089">
            <n d="6.12303176911189e-017 -1 0"/>
            <n d="-0.709912520041678 -0.704289864961916 0"/>
            <n d="-0.369866709934819 -0.929084827602944 0"/>
        </f>
        <f v="34 104 5" fn="-0.188301848632798 -0.982111202360237 -0">
            <n d="6.12303176911189e-017 -1 0"/>
            <n d="-0.369866709934819 -0.929084827602944 0"/>
            <n d="6.12303176911189e-017 -1 0"/>
        </f>
        <f v="32 117 33" fn="-0.380846084368953 -0.92463844827091 -0">
            <n d="6.12303176911189e-017 -1 0"/>
            <n d="-0.704289864961933 -0.709912520041662 0"/>
            <n d="6.12303176911189e-017 -1 0"/>
        </f>
        <f v="32 4 116" fn="-0.184557862110231 -0.982821649910756 0">
            <n d="6.12303176911189e-017 -1 0"/>
            <n d="6.12303176911189e-017 -1 0"/>
            <n d="-0.362774925086403 -0.931876791066585 0"/>
        </f>
    </facets>
    <facets color="f9f9f9">
        <f v="59 121 120" fn="-0.834095617034291 -0.015653366002974 -0.551397745531266">
            <n d="-1 0 6.12303176911189e-017"/>
            <n d="-0.929084827602944 0 -0.369866709934819"/>
            <n d="-0.704289864961921 0 -0.709912520041673"/>
        </f>
        <f v="79 120 119" fn="-0.544890151400308 -0.0151956807748677 -0.83836973597139">
            <n d="-1.22460635382238e-016 0 -1"/>
            <n d="-0.704289864961921 0 -0.709912520041673"/>
            <n d="-0.362774925086385 0 -0.931876791066591"/>
        </f>
        <f v="79 119 16" fn="-0.184557862110256 0 -0.982821649910751">
            <n d="-1.22460635382238e-016 0 -1"/>
            <n d="-0.362774925086385 0 -0.931876791066591"/>
            <n d="-1.22460635382238e-016 0 -1"/>
        </f>
        <f v="78 120 79" fn="-0.380846084368964 0 -0.924638448270906">
            <n d="-1.22460635382238e-016 0 -1"/>
            <n d="-0.704289864961921 0 -0.709912520041673"/>
            <n d="-1.22460635382238e-016 0 -1"/>
        </f>
        <f v="60 120 78" fn="-0.707018182942413 -0.0158296550062511 -0.707018182942413">
            <n d="-1 0 6.12303176911189e-017"/>
            <n d="-0.704289864961921 0 -0.709912520041673"/>
            <n d="-1.22460635382238e-016 0 -1"/>
        </f>
        <f v="108 78 77" fn="-0.380846084368964 -0 -0.924638448270906">
            <n d="-0.704289864961921 0 -0.709912520041673"/>
            <n d="-1.22460635382238e-016 0 -1"/>
            <n d="-1.22460635382238e-016 0 -1"/>
        </f>
        <f v="109 77 19" fn="-0.184557862110242 0 -0.982821649910754">
            <n d="-0.362774925086384 0 -0.931876791066592"/>
            <n d="-1.22460635382238e-016 0 -1"/>
            <n d="-1.22460635382238e-016 0 -1"/>
        </f>
        <f v="108 77 109" fn="-0.544890151400317 0.0151956807748686 -0.838369735971384">
            <n d="-0.704289864961921 0 -0.709912520041673"/>
            <n d="-1.22460635382238e-016 0 -1"/>
            <n d="-0.362774925086384 0 -0.931876791066592"/>
        </f>
        <f v="60 78 108" fn="-0.707018182942413 0.0158296550062511 -0.707018182942413">
            <n d="-1 0 6.12303176911189e-017"/>
            <n d="-1.22460635382238e-016 0 -1"/>
            <n d="-0.704289864961921 0 -0.709912520041673"/>
        </f>
        <f v="61 108 107" fn="-0.834095617034266 0.0156533660029776 -0.551397745531303">
            <n d="-1 0 6.12303176911189e-017"/>
            <n d="-0.704289864961921 0 -0.709912520041673"/>
            <n d="-0.929084827602947 0 -0.369866709934811"/>
        </f>
        <f v="61 107 14" fn="-0.982111202360248 -0 -0.188301848632741">
            <n d="-1 0 6.12303176911189e-017"/>
            <n d="-0.929084827602947 0 -0.369866709934811"/>
            <n d="-1 0 6.12303176911189e-017"/>
        </f>
        <f v="59 120 60" fn="-0.923116965763793 -0 -0.384519268072547">
            <n d="-1 0 6.12303176911189e-017"/>
            <n d="-0.704289864961921 0 -0.709912520041673"/>
            <n d="-1 0 6.12303176911189e-017"/>
        </f>
        <f v="60 108 61" fn="-0.923116965763793 -0 -0.384519268072547">
            <n d="-1 0 6.12303176911189e-017"/>
            <n d="-0.704289864961921 0 -0.709912520041673"/>
            <n d="-1 0 6.12303176911189e-017"/>
        </f>
        <f v="59 13 121" fn="-0.982111202360237 0 -0.188301848632798">
            <n d="-1 0 6.12303176911189e-017"/>
            <n d="-1 0 6.12303176911189e-017"/>
            <n d="-0.929084827602944 0 -0.369866709934819"/>
        </f>
    </facets>
    <facets color="f9f9f9">
        <f v="117 115 114" fn="-0.481385779706574 -0.731181759801583 0.483364215917723">
            <n d="-0.704289864961933 -0.709912520041661 5.55111512312574e-015"/>
            <n d="-1.7066447746838e-016 -0.929084827602942 0.369866709934823"/>
            <n d="2.17643553980097e-014 -0.704289864961927 0.709912520041667"/>
        </f>
        <f v="122 114 113" fn="-0.475716387692296 -0.479340027978699 0.737514105667392">
            <n d="-0.369866709934838 -5.53933559649799e-015 0.929084827602937"/>
            <n d="2.17643553980097e-014 -0.704289864961927 0.709912520041667"/>
            <n d="-2.22990497889737e-014 -0.362774925086377 0.931876791066595"/>
        </f>
        <f v="122 113 0" fn="-0.185178991587065 -0.181365898582174 0.965823561478119">
            <n d="-0.369866709934838 -5.53933559649799e-015 0.929084827602937"/>
            <n d="-2.22990497889737e-014 -0.362774925086377 0.931876791066595"/>
            <n d="-0.0002652037535495 -0.000265203753549488 0.999999929666967"/>
        </f>
        <f v="123 114 122" fn="-0.483364215917693 -0.4813857797066 0.731181759801585">
            <n d="-0.709912520041678 8.69363382701095e-017 0.704289864961916"/>
            <n d="2.17643553980097e-014 -0.704289864961927 0.709912520041667"/>
            <n d="-0.369866709934838 -5.53933559649799e-015 0.929084827602937"/>
        </f>
        <f v="117 114 123" fn="-0.577350269189603 -0.577350269189639 0.577350269189635">
            <n d="-0.704289864961933 -0.709912520041661 5.55111512312574e-015"/>
            <n d="2.17643553980097e-014 -0.704289864961927 0.709912520041667"/>
            <n d="-0.709912520041678 8.69363382701095e-017 0.704289864961916"/>
        </f>
        <f v="118 124 15" fn="-0.96582356147813 -0.185178991587018 0.181365898582166">
            <n d="-0.929084827602946 -0.369866709934816 5.55111512312566e-015"/>
            <n d="-0.9318767910666 5.49399178562289e-015 0.362774925086364"/>
            <n d="-1 1.22460635382238e-016 0"/>
        </f>
        <f v="118 123 124" fn="-0.737514105667486 -0.475716387692199 0.479340027978651">
            <n d="-0.929084827602946 -0.369866709934816 5.55111512312566e-015"/>
            <n d="-0.709912520041678 8.69363382701095e-017 0.704289864961916"/>
            <n d="-0.9318767910666 5.49399178562289e-015 0.362774925086364"/>
        </f>
        <f v="117 123 118" fn="-0.731181759801582 -0.483364215917714 0.481385779706584">
            <n d="-0.704289864961933 -0.709912520041661 5.55111512312574e-015"/>
            <n d="-0.709912520041678 8.69363382701095e-017 0.704289864961916"/>
            <n d="-0.929084827602946 -0.369866709934816 5.55111512312566e-015"/>
        </f>
        <f v="116 115 117" fn="-0.479340027978667 -0.737514105667408 0.475716387692304">
            <n d="-0.362774925086403 -0.931876791066584 1.11022302462515e-014"/>
            <n d="-1.7066447746838e-016 -0.929084827602942 0.369866709934823"/>
            <n d="-0.704289864961933 -0.709912520041661 5.55111512312574e-015"/>
        </f>
        <f v="116 4 115" fn="-0.18136589858218 -0.965823561478116 0.185178991587076">
            <n d="-0.362774925086403 -0.931876791066584 1.11022302462515e-014"/>
            <n d="-1.83690953073357e-016 -1 0"/>
            <n d="-1.7066447746838e-016 -0.929084827602942 0.369866709934823"/>
        </f>
    </facets>
    <facets color="f9f9f9">
        <f v="65 124 123" fn="-0.83836973597141 0.0151956807748674 0.544890151400277">
            <n d="-1 0 6.12303176911189e-017"/>
            <n d="-0.9318767910666 0 0.362774925086364"/>
            <n d="-0.709912520041678 0 0.704289864961916"/>
        </f>
        <f v="31 122 0" fn="-0.188301848632787 -0 0.982111202360239">
            <n d="0 0 1"/>
            <n d="-0.369866709934838 0 0.929084827602937"/>
            <n d="0 0 1"/>
        </f>
        <f v="31 123 122" fn="-0.551397745531247 0.0156533660029744 0.834095617034304">
            <n d="0 0 1"/>
            <n d="-0.709912520041678 0 0.704289864961916"/>
            <n d="-0.369866709934838 0 0.929084827602937"/>
        </f>
        <f v="30 123 31" fn="-0.384519268072524 0 0.923116965763803">
            <n d="0 0 1"/>
            <n d="-0.709912520041678 0 0.704289864961916"/>
            <n d="0 0 1"/>
        </f>
        <f v="66 123 30" fn="-0.707018182942413 0.0158296550062524 0.707018182942413">
            <n d="-1 0 6.12303176911189e-017"/>
            <n d="-0.709912520041678 0 0.704289864961916"/>
            <n d="0 0 1"/>
        </f>
        <f v="126 30 29" fn="-0.384519268072524 -0 0.923116965763803">
            <n d="-0.709912520041678 0 0.704289864961916"/>
            <n d="0 0 1"/>
            <n d="0 0 1"/>
        </f>
        <f v="127 29 3" fn="-0.188301848632787 0 0.982111202360239">
            <n d="-0.369866709934838 0 0.929084827602937"/>
            <n d="0 0 1"/>
            <n d="0 0 1"/>
        </f>
        <f v="126 29 127" fn="-0.551397745531247 -0.0156533660029744 0.834095617034304">
            <n d="-0.709912520041678 0 0.704289864961916"/>
            <n d="0 0 1"/>
            <n d="-0.369866709934838 0 0.929084827602937"/>
        </f>
        <f v="66 30 126" fn="-0.707018182942413 -0.0158296550062524 0.707018182942413">
            <n d="-1 0 6.12303176911189e-017"/>
            <n d="0 0 1"/>
            <n d="-0.709912520041678 0 0.704289864961916"/>
        </f>
        <f v="67 126 125" fn="-0.838369735971427 -0.0151956807748649 0.544890151400251">
            <n d="-1 0 6.12303176911189e-017"/>
            <n d="-0.709912520041678 0 0.704289864961916"/>
            <n d="-0.931876791066593 0 0.362774925086381"/>
        </f>
        <f v="66 126 67" fn="-0.924638448270918 0 0.380846084368933">
            <n d="-1 0 6.12303176911189e-017"/>
            <n d="-0.709912520041678 0 0.704289864961916"/>
            <n d="-1 0 6.12303176911189e-017"/>
        </f>
        <f v="67 125 12" fn="-0.982821649910751 0 0.184557862110259">
            <n d="-1 0 6.12303176911189e-017"/>
            <n d="-0.931876791066593 0 0.362774925086381"/>
            <n d="-1 0 6.12303176911189e-017"/>
        </f>
        <f v="65 123 66" fn="-0.924638448270918 0 0.380846084368933">
            <n d="-1 0 6.12303176911189e-017"/>
            <n d="-0.709912520041678 0 0.704289864961916"/>
            <n d="-1 0 6.12303176911189e-017"/>
        </f>
        <f v="65 15 124" fn="-0.982821649910761 -0 0.184557862110207">
            <n d="-1 0 6.12303176911189e-017"/>
            <n d="-1 0 6.12303176911189e-017"/>
            <n d="-0.9318767910666 0 0.362774925086364"/>
        </f>
    </facets>
    <facets color="f9f9f9">
        <f v="2 112 11" fn="0 1 0">
            <n d="-0 1 -0"/>
            <n d="-0 1 -0"/>
            <n d="-0 1 -0"/>
        </f>
        <f v="2 111 112" fn="0 1 0">
            <n d="-0 1 -0"/>
            <n d="-0 1 -0"/>
            <n d="-0 1 -0"/>
        </f>
        <f v="2 110 111" fn="-0 1 -0">
            <n d="-0 1 -0"/>
            <n d="-0 1 -0"/>
            <n d="-0 1 -0"/>
        </f>
        <f v="26 2 11" fn="-0 1 0">
            <n d="-0 1 -0"/>
            <n d="-0 1 -0"/>
            <n d="-0 1 -0"/>
        </f>
        <f v="52 27 26" fn="0 1 0">
            <n d="-0 1 -0"/>
            <n d="-0 1 -0"/>
            <n d="-0 1 -0"/>
        </f>
        <f v="12 3 28" fn="0 1 0">
            <n d="-0 1 -0"/>
            <n d="-0 1 -0"/>
            <n d="-0 1 -0"/>
        </f>
        <f v="126 127 3" fn="-0 1 -0">
            <n d="-0 1 -0"/>
            <n d="-0 1 -0"/>
            <n d="-0 1 -0"/>
        </f>
        <f v="125 126 3" fn="-0 1 -0">
            <n d="-0 1 -0"/>
            <n d="-0 1 -0"/>
            <n d="-0 1 -0"/>
        </f>
        <f v="12 125 3" fn="-0 1 -0">
            <n d="-0 1 -0"/>
            <n d="-0 1 -0"/>
            <n d="-0 1 -0"/>
        </f>
        <f v="56 12 28" fn="0 1 0">
            <n d="-0 1 -0"/>
            <n d="-0 1 -0"/>
            <n d="-0 1 -0"/>
        </f>
        <f v="56 28 27" fn="-0 1 -0">
            <n d="-0 1 -0"/>
            <n d="-0 1 -0"/>
            <n d="-0 1 -0"/>
        </f>
        <f v="57 56 27" fn="-0 1 -0">
            <n d="-0 1 -0"/>
            <n d="-0 1 -0"/>
            <n d="-0 1 -0"/>
        </f>
        <f v="51 57 27" fn="0 1 0">
            <n d="-0 1 -0"/>
            <n d="-0 1 -0"/>
            <n d="-0 1 -0"/>
        </f>
        <f v="69 58 57" fn="0 1 0">
            <n d="-0 1 -0"/>
            <n d="-0 1 -0"/>
            <n d="-0 1 -0"/>
        </f>
        <f v="68 13 58" fn="0 1 0">
            <n d="-0 1 -0"/>
            <n d="-0 1 -0"/>
            <n d="-0 1 -0"/>
        </f>
        <f v="16 121 13" fn="0 1 0">
            <n d="-0 1 -0"/>
            <n d="-0 1 -0"/>
            <n d="-0 1 -0"/>
        </f>
        <f v="16 120 121" fn="0 1 0">
            <n d="-0 1 -0"/>
            <n d="-0 1 -0"/>
            <n d="-0 1 -0"/>
        </f>
        <f v="16 119 120" fn="-0 1 -0">
            <n d="-0 1 -0"/>
            <n d="-0 1 -0"/>
            <n d="-0 1 -0"/>
        </f>
        <f v="68 16 13" fn="-0 1 -0">
            <n d="-0 1 -0"/>
            <n d="-0 1 -0"/>
            <n d="-0 1 -0"/>
        </f>
        <f v="69 68 58" fn="-0 1 -0">
            <n d="-0 1 -0"/>
            <n d="-0 1 -0"/>
            <n d="-0 1 -0"/>
        </f>
        <f v="51 69 57" fn="0 1 -0">
            <n d="-0 1 -0"/>
            <n d="-0 1 -0"/>
            <n d="-0 1 -0"/>
        </f>
        <f v="10 17 70" fn="0 1 0">
            <n d="-0 1 -0"/>
            <n d="-0 1 -0"/>
            <n d="-0 1 -0"/>
        </f>
        <f v="84 85 17" fn="-0 1 -0">
            <n d="-0 1 -0"/>
            <n d="-0 1 -0"/>
            <n d="-0 1 -0"/>
        </f>
        <f v="83 84 17" fn="-0 1 -0">
            <n d="-0 1 -0"/>
            <n d="-0 1 -0"/>
            <n d="-0 1 -0"/>
        </f>
        <f v="10 83 17" fn="-0 1 -0">
            <n d="-0 1 -0"/>
            <n d="-0 1 -0"/>
            <n d="-0 1 -0"/>
        </f>
        <f v="52 51 27" fn="0 1 0">
            <n d="-0 1 -0"/>
            <n d="-0 1 -0"/>
            <n d="-0 1 -0"/>
        </f>
        <f v="50 10 70" fn="0 1 0">
            <n d="-0 1 -0"/>
            <n d="-0 1 -0"/>
            <n d="-0 1 -0"/>
        </f>
        <f v="50 70 69" fn="-0 1 -0">
            <n d="-0 1 -0"/>
            <n d="-0 1 -0"/>
            <n d="-0 1 -0"/>
        </f>
        <f v="51 50 69" fn="-0 1 0">
            <n d="-0 1 -0"/>
            <n d="-0 1 -0"/>
            <n d="-0 1 -0"/>
        </f>
        <f v="52 26 11" fn="0 1 -0">
            <n d="-0 1 -0"/>
            <n d="-0 1 -0"/>
            <n d="-0 1 -0"/>
        </f>
    </facets>
</shell>
</step-assembly>
