<?xml version="1.0" encoding="UTF-8" ?>
<step-assembly root="id72">
<product id="id72" name="1" shape="id30"/>
<shape id="id30" unit="mm 0.001000" shell="id73"/>
<shell id="id73">
    <verts>
        <v p="0.6 0.7 -0.575"/>
        <v p="-0.6 0.7 -0.575"/>
        <v p="0.6 -0.7 -0.575"/>
        <v p="-0.6 -0.7 -0.575"/>
        <v p="0.6 0.7 0.575"/>
        <v p="0.6 -0.7 0.575"/>
        <v p="-0.6 0.7 0.575"/>
        <v p="-0.6 -0.7 0.575"/>
        <v p="0.625 1 -0.6"/>
        <v p="-0.625 1 -0.6"/>
        <v p="-0.625 1 0.6"/>
        <v p="0.625 1 0.6"/>
        <v p="-0.625 -1 0.6"/>
        <v p="-0.625 -1 -0.6"/>
        <v p="0.625 -1 -0.6"/>
        <v p="0.625 -1 0.6"/>
        <v p="-0.625 -0.7 0.6"/>
        <v p="-0.625 -0.7 -0.6"/>
        <v p="0.625 -0.7 -0.6"/>
        <v p="0.625 -0.7 0.6"/>
        <v p="0.625 0.7 -0.6"/>
        <v p="-0.625 0.7 -0.6"/>
        <v p="-0.625 0.7 0.6"/>
        <v p="0.625 0.7 0.6"/>
        <v p="0.3 0.7 -0.575"/>
        <v p="0 0.7 -0.575"/>
        <v p="-0.3 0.7 -0.575"/>
        <v p="0.6 -0.35 -0.575"/>
        <v p="0.6 0 -0.575"/>
        <v p="0.6 0.35 -0.575"/>
        <v p="-0.3 -0.7 -0.575"/>
        <v p="0 -0.7 -0.575"/>
        <v p="0.3 -0.7 -0.575"/>
        <v p="-0.6 -0.35 -0.575"/>
        <v p="-0.6 0 -0.575"/>
        <v p="-0.6 0.35 -0.575"/>
        <v p="0.6 0.7 0.2875"/>
        <v p="0.6 0.7 0"/>
        <v p="0.6 0.7 -0.2875"/>
        <v p="0.6 -0.35 0.575"/>
        <v p="0.6 0 0.575"/>
        <v p="0.6 0.35 0.575"/>
        <v p="0.6 -0.7 -0.2875"/>
        <v p="0.6 -0.7 0"/>
        <v p="0.6 -0.7 0.2875"/>
        <v p="-0.6 0.7 -0.2875"/>
        <v p="-0.6 0.7 0"/>
        <v p="-0.6 0.7 0.2875"/>
        <v p="-0.6 -0.7 0.2875"/>
        <v p="-0.6 -0.7 0"/>
        <v p="-0.6 -0.7 -0.2875"/>
        <v p="-0.6 -0.35 0.575"/>
        <v p="-0.6 0 0.575"/>
        <v p="-0.6 0.35 0.575"/>
        <v p="-0.3 0.7 0.575"/>
        <v p="0 0.7 0.575"/>
        <v p="0.3 0.7 0.575"/>
        <v p="0.3 -0.7 0.575"/>
        <v p="0 -0.7 0.575"/>
        <v p="-0.3 -0.7 0.575"/>
        <v p="0.3125 1 -0.6"/>
        <v p="0 1 -0.6"/>
        <v p="-0.3125 1 -0.6"/>
        <v p="-0.625 1 -0.3"/>
        <v p="-0.625 1 0"/>
        <v p="-0.625 1 0.3"/>
        <v p="-0.3125 1 0.6"/>
        <v p="0 1 0.6"/>
        <v p="0.3125 1 0.6"/>
        <v p="0.625 1 0.3"/>
        <v p="0.625 1 0"/>
        <v p="0.625 1 -0.3"/>
        <v p="-0.625 -1 0.3"/>
        <v p="-0.625 -1 0"/>
        <v p="-0.625 -1 -0.3"/>
        <v p="-0.3125 -1 -0.6"/>
        <v p="0 -1 -0.6"/>
        <v p="0.3125 -1 -0.6"/>
        <v p="0.625 -1 -0.3"/>
        <v p="0.625 -1 0"/>
        <v p="0.625 -1 0.3"/>
        <v p="0.3125 -1 0.6"/>
        <v p="0 -1 0.6"/>
        <v p="-0.3125 -1 0.6"/>
        <v p="-0.625 -0.775 0.6"/>
        <v p="-0.625 -0.85 0.6"/>
        <v p="-0.625 -0.925 0.6"/>
        <v p="-0.625 -0.7 0.3"/>
        <v p="-0.625 -0.7 0"/>
        <v p="-0.625 -0.7 -0.3"/>
        <v p="-0.625 -0.775 -0.6"/>
        <v p="-0.625 -0.85 -0.6"/>
        <v p="-0.625 -0.925 -0.6"/>
        <v p="-0.3125 -0.7 -0.6"/>
        <v p="0 -0.7 -0.6"/>
        <v p="0.3125 -0.7 -0.6"/>
        <v p="0.625 -0.775 -0.6"/>
        <v p="0.625 -0.85 -0.6"/>
        <v p="0.625 -0.925 -0.6"/>
        <v p="0.625 -0.7 -0.3"/>
        <v p="0.625 -0.7 0"/>
        <v p="0.625 -0.7 0.3"/>
        <v p="0.625 -0.775 0.6"/>
        <v p="0.625 -0.85 0.6"/>
        <v p="0.625 -0.925 0.6"/>
        <v p="0.3125 -0.7 0.6"/>
        <v p="0 -0.7 0.6"/>
        <v p="-0.3125 -0.7 0.6"/>
        <v p="0.625 0.775 -0.6"/>
        <v p="0.625 0.85 -0.6"/>
        <v p="0.625 0.925 -0.6"/>
        <v p="0.3125 0.7 -0.6"/>
        <v p="0 0.7 -0.6"/>
        <v p="-0.3125 0.7 -0.6"/>
        <v p="-0.625 0.775 -0.6"/>
        <v p="-0.625 0.85 -0.6"/>
        <v p="-0.625 0.925 -0.6"/>
        <v p="-0.625 0.7 -0.3"/>
        <v p="-0.625 0.7 0"/>
        <v p="-0.625 0.7 0.3"/>
        <v p="-0.625 0.775 0.6"/>
        <v p="-0.625 0.85 0.6"/>
        <v p="-0.625 0.925 0.6"/>
        <v p="-0.3125 0.7 0.6"/>
        <v p="0 0.7 0.6"/>
        <v p="0.3125 0.7 0.6"/>
        <v p="0.625 0.775 0.6"/>
        <v p="0.625 0.85 0.6"/>
        <v p="0.625 0.925 0.6"/>
        <v p="0.625 0.7 0.3"/>
        <v p="0.625 0.7 0"/>
        <v p="0.625 0.7 -0.3"/>
    </verts>
    <facets color="333333">
        <f v="25 34 35" fn="0 0 -1">
            <n d="-0 -0 -1"/>
            <n d="-0 -0 -1"/>
            <n d="-0 -0 -1"/>
        </f>
        <f v="30 3 33" fn="0 0 -1">
            <n d="-0 -0 -1"/>
            <n d="-0 -0 -1"/>
            <n d="-0 -0 -1"/>
        </f>
        <f v="30 33 34" fn="-0 -0 -1">
            <n d="-0 -0 -1"/>
            <n d="-0 -0 -1"/>
            <n d="-0 -0 -1"/>
        </f>
        <f v="31 30 34" fn="-0 -0 -1">
            <n d="-0 -0 -1"/>
            <n d="-0 -0 -1"/>
            <n d="-0 -0 -1"/>
        </f>
        <f v="25 31 34" fn="0 -0 -1">
            <n d="-0 -0 -1"/>
            <n d="-0 -0 -1"/>
            <n d="-0 -0 -1"/>
        </f>
        <f v="27 32 31" fn="-0 -0 -1">
            <n d="-0 -0 -1"/>
            <n d="-0 -0 -1"/>
            <n d="-0 -0 -1"/>
        </f>
        <f v="27 2 32" fn="-0 -0 -1">
            <n d="-0 -0 -1"/>
            <n d="-0 -0 -1"/>
            <n d="-0 -0 -1"/>
        </f>
        <f v="28 27 31" fn="-0 -0 -1">
            <n d="-0 -0 -1"/>
            <n d="-0 -0 -1"/>
            <n d="-0 -0 -1"/>
        </f>
        <f v="25 28 31" fn="-0 -0 -1">
            <n d="-0 -0 -1"/>
            <n d="-0 -0 -1"/>
            <n d="-0 -0 -1"/>
        </f>
        <f v="24 29 28" fn="-0 -0 -1">
            <n d="-0 -0 -1"/>
            <n d="-0 -0 -1"/>
            <n d="-0 -0 -1"/>
        </f>
        <f v="24 0 29" fn="0 -0 -1">
            <n d="-0 -0 -1"/>
            <n d="-0 -0 -1"/>
            <n d="-0 -0 -1"/>
        </f>
        <f v="26 25 35" fn="0 -0 -1">
            <n d="-0 -0 -1"/>
            <n d="-0 -0 -1"/>
            <n d="-0 -0 -1"/>
        </f>
        <f v="25 24 28" fn="0 -0 -1">
            <n d="-0 -0 -1"/>
            <n d="-0 -0 -1"/>
            <n d="-0 -0 -1"/>
        </f>
        <f v="26 35 1" fn="-0 0 -1">
            <n d="-0 -0 -1"/>
            <n d="-0 -0 -1"/>
            <n d="-0 -0 -1"/>
        </f>
    </facets>
    <facets color="333333">
        <f v="37 28 29" fn="1 0 0">
            <n d="1 -0 -0"/>
            <n d="1 -0 -0"/>
            <n d="1 -0 -0"/>
        </f>
        <f v="42 2 27" fn="1 0 0">
            <n d="1 -0 -0"/>
            <n d="1 -0 -0"/>
            <n d="1 -0 -0"/>
        </f>
        <f v="43 27 28" fn="1 0 0">
            <n d="1 -0 -0"/>
            <n d="1 -0 -0"/>
            <n d="1 -0 -0"/>
        </f>
        <f v="43 42 27" fn="1 -0 -0">
            <n d="1 -0 -0"/>
            <n d="1 -0 -0"/>
            <n d="1 -0 -0"/>
        </f>
        <f v="40 43 28" fn="1 0 0">
            <n d="1 -0 -0"/>
            <n d="1 -0 -0"/>
            <n d="1 -0 -0"/>
        </f>
        <f v="39 44 43" fn="1 -0 -0">
            <n d="1 -0 -0"/>
            <n d="1 -0 -0"/>
            <n d="1 -0 -0"/>
        </f>
        <f v="39 5 44" fn="1 0 -0">
            <n d="1 -0 -0"/>
            <n d="1 -0 -0"/>
            <n d="1 -0 -0"/>
        </f>
        <f v="40 39 43" fn="1 0 -0">
            <n d="1 -0 -0"/>
            <n d="1 -0 -0"/>
            <n d="1 -0 -0"/>
        </f>
        <f v="37 40 28" fn="1 0 0">
            <n d="1 -0 -0"/>
            <n d="1 -0 -0"/>
            <n d="1 -0 -0"/>
        </f>
        <f v="37 41 40" fn="1 0 0">
            <n d="1 -0 -0"/>
            <n d="1 -0 -0"/>
            <n d="1 -0 -0"/>
        </f>
        <f v="36 4 41" fn="1 -0 -0">
            <n d="1 -0 -0"/>
            <n d="1 -0 -0"/>
            <n d="1 -0 -0"/>
        </f>
        <f v="38 37 29" fn="1 0 -0">
            <n d="1 -0 -0"/>
            <n d="1 -0 -0"/>
            <n d="1 -0 -0"/>
        </f>
        <f v="37 36 41" fn="1 -0 -0">
            <n d="1 -0 -0"/>
            <n d="1 -0 -0"/>
            <n d="1 -0 -0"/>
        </f>
        <f v="38 29 0" fn="1 0 0">
            <n d="1 -0 -0"/>
            <n d="1 -0 -0"/>
            <n d="1 -0 -0"/>
        </f>
    </facets>
    <facets color="333333">
        <f v="46 52 53" fn="-1 0 0">
            <n d="-1 -0 -0"/>
            <n d="-1 -0 -0"/>
            <n d="-1 -0 -0"/>
        </f>
        <f v="48 7 51" fn="-1 0 0">
            <n d="-1 -0 -0"/>
            <n d="-1 -0 -0"/>
            <n d="-1 -0 -0"/>
        </f>
        <f v="49 51 52" fn="-1 0 0">
            <n d="-1 -0 -0"/>
            <n d="-1 -0 -0"/>
            <n d="-1 -0 -0"/>
        </f>
        <f v="49 48 51" fn="-1 -0 -0">
            <n d="-1 -0 -0"/>
            <n d="-1 -0 -0"/>
            <n d="-1 -0 -0"/>
        </f>
        <f v="34 49 52" fn="-1 0 0">
            <n d="-1 -0 -0"/>
            <n d="-1 -0 -0"/>
            <n d="-1 -0 -0"/>
        </f>
        <f v="33 50 49" fn="-1 -0 -0">
            <n d="-1 -0 -0"/>
            <n d="-1 -0 -0"/>
            <n d="-1 -0 -0"/>
        </f>
        <f v="33 3 50" fn="-1 -0 -0">
            <n d="-1 -0 -0"/>
            <n d="-1 -0 -0"/>
            <n d="-1 -0 -0"/>
        </f>
        <f v="34 33 49" fn="-1 -0 -0">
            <n d="-1 -0 -0"/>
            <n d="-1 -0 -0"/>
            <n d="-1 -0 -0"/>
        </f>
        <f v="46 34 52" fn="-1 -0 0">
            <n d="-1 -0 -0"/>
            <n d="-1 -0 -0"/>
            <n d="-1 -0 -0"/>
        </f>
        <f v="46 35 34" fn="-1 0 0">
            <n d="-1 -0 -0"/>
            <n d="-1 -0 -0"/>
            <n d="-1 -0 -0"/>
        </f>
        <f v="45 1 35" fn="-1 -0 -0">
            <n d="-1 -0 -0"/>
            <n d="-1 -0 -0"/>
            <n d="-1 -0 -0"/>
        </f>
        <f v="47 46 53" fn="-1 -0 -0">
            <n d="-1 -0 -0"/>
            <n d="-1 -0 -0"/>
            <n d="-1 -0 -0"/>
        </f>
        <f v="46 45 35" fn="-1 -0 -0">
            <n d="-1 -0 -0"/>
            <n d="-1 -0 -0"/>
            <n d="-1 -0 -0"/>
        </f>
        <f v="47 53 6" fn="-1 0 0">
            <n d="-1 -0 -0"/>
            <n d="-1 -0 -0"/>
            <n d="-1 -0 -0"/>
        </f>
    </facets>
    <facets color="333333">
        <f v="55 40 41" fn="0 0 1">
            <n d="-0 -0 1"/>
            <n d="-0 -0 1"/>
            <n d="-0 -0 1"/>
        </f>
        <f v="57 5 39" fn="0 0 1">
            <n d="-0 -0 1"/>
            <n d="-0 -0 1"/>
            <n d="-0 -0 1"/>
        </f>
        <f v="57 39 40" fn="-0 -0 1">
            <n d="-0 -0 1"/>
            <n d="-0 -0 1"/>
            <n d="-0 -0 1"/>
        </f>
        <f v="58 57 40" fn="-0 -0 1">
            <n d="-0 -0 1"/>
            <n d="-0 -0 1"/>
            <n d="-0 -0 1"/>
        </f>
        <f v="55 58 40" fn="0 0 1">
            <n d="-0 -0 1"/>
            <n d="-0 -0 1"/>
            <n d="-0 -0 1"/>
        </f>
        <f v="51 59 58" fn="-0 -0 1">
            <n d="-0 -0 1"/>
            <n d="-0 -0 1"/>
            <n d="-0 -0 1"/>
        </f>
        <f v="51 7 59" fn="-0 -0 1">
            <n d="-0 -0 1"/>
            <n d="-0 -0 1"/>
            <n d="-0 -0 1"/>
        </f>
        <f v="52 51 58" fn="-0 -0 1">
            <n d="-0 -0 1"/>
            <n d="-0 -0 1"/>
            <n d="-0 -0 1"/>
        </f>
        <f v="55 52 58" fn="-0 0 1">
            <n d="-0 -0 1"/>
            <n d="-0 -0 1"/>
            <n d="-0 -0 1"/>
        </f>
        <f v="54 53 52" fn="-0 -0 1">
            <n d="-0 -0 1"/>
            <n d="-0 -0 1"/>
            <n d="-0 -0 1"/>
        </f>
        <f v="54 6 53" fn="0 -0 1">
            <n d="-0 -0 1"/>
            <n d="-0 -0 1"/>
            <n d="-0 -0 1"/>
        </f>
        <f v="56 55 41" fn="0 0 1">
            <n d="-0 -0 1"/>
            <n d="-0 -0 1"/>
            <n d="-0 -0 1"/>
        </f>
        <f v="55 54 52" fn="0 -0 1">
            <n d="-0 -0 1"/>
            <n d="-0 -0 1"/>
            <n d="-0 -0 1"/>
        </f>
        <f v="56 41 4" fn="-0 0 1">
            <n d="-0 -0 1"/>
            <n d="-0 -0 1"/>
            <n d="-0 -0 1"/>
        </f>
    </facets>
    <facets color="f9f9f9">
        <f v="60 70 71" fn="0 1 0">
            <n d="-0 1 -0"/>
            <n d="-0 1 -0"/>
            <n d="-0 1 -0"/>
        </f>
        <f v="68 11 69" fn="-0 1 0">
            <n d="-0 1 -0"/>
            <n d="-0 1 -0"/>
            <n d="-0 1 -0"/>
        </f>
        <f v="68 69 70" fn="-0 1 -0">
            <n d="-0 1 -0"/>
            <n d="-0 1 -0"/>
            <n d="-0 1 -0"/>
        </f>
        <f v="67 68 70" fn="-0 1 -0">
            <n d="-0 1 -0"/>
            <n d="-0 1 -0"/>
            <n d="-0 1 -0"/>
        </f>
        <f v="61 67 70" fn="0 1 0">
            <n d="-0 1 -0"/>
            <n d="-0 1 -0"/>
            <n d="-0 1 -0"/>
        </f>
        <f v="65 66 67" fn="-0 1 -0">
            <n d="-0 1 -0"/>
            <n d="-0 1 -0"/>
            <n d="-0 1 -0"/>
        </f>
        <f v="65 10 66" fn="-0 1 -0">
            <n d="-0 1 -0"/>
            <n d="-0 1 -0"/>
            <n d="-0 1 -0"/>
        </f>
        <f v="64 65 67" fn="-0 1 -0">
            <n d="-0 1 -0"/>
            <n d="-0 1 -0"/>
            <n d="-0 1 -0"/>
        </f>
        <f v="61 64 67" fn="-0 1 -0">
            <n d="-0 1 -0"/>
            <n d="-0 1 -0"/>
            <n d="-0 1 -0"/>
        </f>
        <f v="60 61 70" fn="-0 1 -0">
            <n d="-0 1 -0"/>
            <n d="-0 1 -0"/>
            <n d="-0 1 -0"/>
        </f>
        <f v="62 9 63" fn="0 1 0">
            <n d="-0 1 -0"/>
            <n d="-0 1 -0"/>
            <n d="-0 1 -0"/>
        </f>
        <f v="61 63 64" fn="0 1 0">
            <n d="-0 1 -0"/>
            <n d="-0 1 -0"/>
            <n d="-0 1 -0"/>
        </f>
        <f v="61 62 63" fn="-0 1 -0">
            <n d="-0 1 -0"/>
            <n d="-0 1 -0"/>
            <n d="-0 1 -0"/>
        </f>
        <f v="60 71 8" fn="0 1 0">
            <n d="-0 1 -0"/>
            <n d="-0 1 -0"/>
            <n d="-0 1 -0"/>
        </f>
    </facets>
    <facets color="f9f9f9">
        <f v="82 72 73" fn="-0 -1 -0">
            <n d="0 -1 0"/>
            <n d="0 -1 0"/>
            <n d="0 -1 0"/>
        </f>
        <f v="76 73 74" fn="-0 -1 -0">
            <n d="0 -1 0"/>
            <n d="0 -1 0"/>
            <n d="0 -1 0"/>
        </f>
        <f v="75 74 13" fn="0 -1 0">
            <n d="0 -1 0"/>
            <n d="0 -1 0"/>
            <n d="0 -1 0"/>
        </f>
        <f v="76 74 75" fn="0 -1 0">
            <n d="0 -1 0"/>
            <n d="0 -1 0"/>
            <n d="0 -1 0"/>
        </f>
        <f v="82 73 76" fn="-0 -1 -0">
            <n d="0 -1 0"/>
            <n d="0 -1 0"/>
            <n d="0 -1 0"/>
        </f>
        <f v="79 76 77" fn="-0 -1 -0">
            <n d="0 -1 0"/>
            <n d="0 -1 0"/>
            <n d="0 -1 0"/>
        </f>
        <f v="78 77 14" fn="0 -1 -0">
            <n d="0 -1 0"/>
            <n d="0 -1 0"/>
            <n d="0 -1 0"/>
        </f>
        <f v="79 77 78" fn="0 -1 -0">
            <n d="0 -1 0"/>
            <n d="0 -1 0"/>
            <n d="0 -1 0"/>
        </f>
        <f v="82 76 79" fn="0 -1 0">
            <n d="0 -1 0"/>
            <n d="0 -1 0"/>
            <n d="0 -1 0"/>
        </f>
        <f v="81 79 80" fn="0 -1 0">
            <n d="0 -1 0"/>
            <n d="0 -1 0"/>
            <n d="0 -1 0"/>
        </f>
        <f v="81 80 15" fn="0 -1 0">
            <n d="0 -1 0"/>
            <n d="0 -1 0"/>
            <n d="0 -1 0"/>
        </f>
        <f v="83 72 82" fn="0 -1 -0">
            <n d="0 -1 0"/>
            <n d="0 -1 0"/>
            <n d="0 -1 0"/>
        </f>
        <f v="82 79 81" fn="0 -1 0">
            <n d="0 -1 0"/>
            <n d="0 -1 0"/>
            <n d="0 -1 0"/>
        </f>
        <f v="83 12 72" fn="-0 -1 -0">
            <n d="0 -1 0"/>
            <n d="0 -1 0"/>
            <n d="0 -1 0"/>
        </f>
    </facets>
    <facets color="f9f9f9">
        <f v="91 74 73" fn="-1 -0 -0">
            <n d="-1 0 -9.03501810404587e-017"/>
            <n d="-1 0 -9.03501810404587e-017"/>
            <n d="-1 0 -9.03501810404587e-017"/>
        </f>
        <f v="85 73 72" fn="-1 -0 -0">
            <n d="-1 0 -9.03501810404587e-017"/>
            <n d="-1 0 -9.03501810404587e-017"/>
            <n d="-1 0 -9.03501810404587e-017"/>
        </f>
        <f v="86 72 12" fn="-1 -0 0">
            <n d="-1 0 -9.03501810404587e-017"/>
            <n d="-1 0 -9.03501810404587e-017"/>
            <n d="-1 0 -9.03501810404587e-017"/>
        </f>
        <f v="85 72 86" fn="-1 -0 0">
            <n d="-1 0 -9.03501810404587e-017"/>
            <n d="-1 0 -9.03501810404587e-017"/>
            <n d="-1 0 -9.03501810404587e-017"/>
        </f>
        <f v="88 73 85" fn="-1 -0 -0">
            <n d="-1 0 -9.03501810404587e-017"/>
            <n d="-1 0 -9.03501810404587e-017"/>
            <n d="-1 0 -9.03501810404587e-017"/>
        </f>
        <f v="87 85 84" fn="-1 0 0">
            <n d="-1 0 -9.03501810404587e-017"/>
            <n d="-1 0 -9.03501810404587e-017"/>
            <n d="-1 0 -9.03501810404587e-017"/>
        </f>
        <f v="87 84 16" fn="-1 0 0">
            <n d="-1 0 -9.03501810404587e-017"/>
            <n d="-1 0 -9.03501810404587e-017"/>
            <n d="-1 0 -9.03501810404587e-017"/>
        </f>
        <f v="88 85 87" fn="-1 0 0">
            <n d="-1 0 -9.03501810404587e-017"/>
            <n d="-1 0 -9.03501810404587e-017"/>
            <n d="-1 0 -9.03501810404587e-017"/>
        </f>
        <f v="91 73 88" fn="-1 -0 0">
            <n d="-1 0 -9.03501810404587e-017"/>
            <n d="-1 0 -9.03501810404587e-017"/>
            <n d="-1 0 -9.03501810404587e-017"/>
        </f>
        <f v="91 88 89" fn="-1 -0 -0">
            <n d="-1 0 -9.03501810404587e-017"/>
            <n d="-1 0 -9.03501810404587e-017"/>
            <n d="-1 0 -9.03501810404587e-017"/>
        </f>
        <f v="90 89 17" fn="-1 0 0">
            <n d="-1 0 -9.03501810404587e-017"/>
            <n d="-1 0 -9.03501810404587e-017"/>
            <n d="-1 0 -9.03501810404587e-017"/>
        </f>
        <f v="92 74 91" fn="-1 0 0">
            <n d="-1 0 -9.03501810404587e-017"/>
            <n d="-1 0 -9.03501810404587e-017"/>
            <n d="-1 0 -9.03501810404587e-017"/>
        </f>
        <f v="91 89 90" fn="-1 0 0">
            <n d="-1 0 -9.03501810404587e-017"/>
            <n d="-1 0 -9.03501810404587e-017"/>
            <n d="-1 0 -9.03501810404587e-017"/>
        </f>
        <f v="92 13 74" fn="-1 -0 -0">
            <n d="-1 0 -9.03501810404587e-017"/>
            <n d="-1 0 -9.03501810404587e-017"/>
            <n d="-1 0 -9.03501810404587e-017"/>
        </f>
    </facets>
    <facets color="f9f9f9">
        <f v="97 77 76" fn="-0 -0 -1">
            <n d="0 0 -1"/>
            <n d="0 0 -1"/>
            <n d="0 0 -1"/>
        </f>
        <f v="91 76 75" fn="-0 -0 -1">
            <n d="0 0 -1"/>
            <n d="0 0 -1"/>
            <n d="0 0 -1"/>
        </f>
        <f v="92 75 13" fn="0 0 -1">
            <n d="0 0 -1"/>
            <n d="0 0 -1"/>
            <n d="0 0 -1"/>
        </f>
        <f v="91 75 92" fn="0 0 -1">
            <n d="0 0 -1"/>
            <n d="0 0 -1"/>
            <n d="0 0 -1"/>
        </f>
        <f v="94 76 91" fn="-0 -0 -1">
            <n d="0 0 -1"/>
            <n d="0 0 -1"/>
            <n d="0 0 -1"/>
        </f>
        <f v="93 91 90" fn="0 0 -1">
            <n d="0 0 -1"/>
            <n d="0 0 -1"/>
            <n d="0 0 -1"/>
        </f>
        <f v="93 90 17" fn="-0 0 -1">
            <n d="0 0 -1"/>
            <n d="0 0 -1"/>
            <n d="0 0 -1"/>
        </f>
        <f v="94 91 93" fn="-0 0 -1">
            <n d="0 0 -1"/>
            <n d="0 0 -1"/>
            <n d="0 0 -1"/>
        </f>
        <f v="97 76 94" fn="-0 -0 -1">
            <n d="0 0 -1"/>
            <n d="0 0 -1"/>
            <n d="0 0 -1"/>
        </f>
        <f v="97 94 95" fn="-0 -0 -1">
            <n d="0 0 -1"/>
            <n d="0 0 -1"/>
            <n d="0 0 -1"/>
        </f>
        <f v="96 95 18" fn="0 0 -1">
            <n d="0 0 -1"/>
            <n d="0 0 -1"/>
            <n d="0 0 -1"/>
        </f>
        <f v="98 77 97" fn="-0 0 -1">
            <n d="0 0 -1"/>
            <n d="0 0 -1"/>
            <n d="0 0 -1"/>
        </f>
        <f v="97 95 96" fn="0 0 -1">
            <n d="0 0 -1"/>
            <n d="0 0 -1"/>
            <n d="0 0 -1"/>
        </f>
        <f v="98 14 77" fn="-0 -0 -1">
            <n d="0 0 -1"/>
            <n d="0 0 -1"/>
            <n d="0 0 -1"/>
        </f>
    </facets>
    <facets color="f9f9f9">
        <f v="103 80 79" fn="1 -0 -0">
            <n d="1 0 0"/>
            <n d="1 0 0"/>
            <n d="1 0 0"/>
        </f>
        <f v="97 79 78" fn="1 -0 -0">
            <n d="1 0 0"/>
            <n d="1 0 0"/>
            <n d="1 0 0"/>
        </f>
        <f v="98 78 14" fn="1 0 0">
            <n d="1 0 0"/>
            <n d="1 0 0"/>
            <n d="1 0 0"/>
        </f>
        <f v="97 78 98" fn="1 0 0">
            <n d="1 0 0"/>
            <n d="1 0 0"/>
            <n d="1 0 0"/>
        </f>
        <f v="100 79 97" fn="1 0 -0">
            <n d="1 0 0"/>
            <n d="1 0 0"/>
            <n d="1 0 0"/>
        </f>
        <f v="99 97 96" fn="1 0 0">
            <n d="1 0 0"/>
            <n d="1 0 0"/>
            <n d="1 0 0"/>
        </f>
        <f v="99 96 18" fn="1 0 0">
            <n d="1 0 0"/>
            <n d="1 0 0"/>
            <n d="1 0 0"/>
        </f>
        <f v="100 97 99" fn="1 0 0">
            <n d="1 0 0"/>
            <n d="1 0 0"/>
            <n d="1 0 0"/>
        </f>
        <f v="103 79 100" fn="1 -0 0">
            <n d="1 0 0"/>
            <n d="1 0 0"/>
            <n d="1 0 0"/>
        </f>
        <f v="103 100 101" fn="1 -0 -0">
            <n d="1 0 0"/>
            <n d="1 0 0"/>
            <n d="1 0 0"/>
        </f>
        <f v="102 101 19" fn="1 -0 0">
            <n d="1 0 0"/>
            <n d="1 0 0"/>
            <n d="1 0 0"/>
        </f>
        <f v="104 80 103" fn="1 -0 0">
            <n d="1 0 0"/>
            <n d="1 0 0"/>
            <n d="1 0 0"/>
        </f>
        <f v="103 101 102" fn="1 -0 0">
            <n d="1 0 0"/>
            <n d="1 0 0"/>
            <n d="1 0 0"/>
        </f>
        <f v="104 15 80" fn="1 0 -0">
            <n d="1 0 0"/>
            <n d="1 0 0"/>
            <n d="1 0 0"/>
        </f>
    </facets>
    <facets color="f9f9f9">
        <f v="85 83 82" fn="-0 -0 1">
            <n d="0 0 1"/>
            <n d="0 0 1"/>
            <n d="0 0 1"/>
        </f>
        <f v="103 82 81" fn="-0 -0 1">
            <n d="0 0 1"/>
            <n d="0 0 1"/>
            <n d="0 0 1"/>
        </f>
        <f v="104 81 15" fn="0 0 1">
            <n d="0 0 1"/>
            <n d="0 0 1"/>
            <n d="0 0 1"/>
        </f>
        <f v="103 81 104" fn="0 0 1">
            <n d="0 0 1"/>
            <n d="0 0 1"/>
            <n d="0 0 1"/>
        </f>
        <f v="106 82 103" fn="-0 -0 1">
            <n d="0 0 1"/>
            <n d="0 0 1"/>
            <n d="0 0 1"/>
        </f>
        <f v="105 103 102" fn="0 0 1">
            <n d="0 0 1"/>
            <n d="0 0 1"/>
            <n d="0 0 1"/>
        </f>
        <f v="105 102 19" fn="-0 0 1">
            <n d="0 0 1"/>
            <n d="0 0 1"/>
            <n d="0 0 1"/>
        </f>
        <f v="106 103 105" fn="-0 0 1">
            <n d="0 0 1"/>
            <n d="0 0 1"/>
            <n d="0 0 1"/>
        </f>
        <f v="85 82 106" fn="-0 -0 1">
            <n d="0 0 1"/>
            <n d="0 0 1"/>
            <n d="0 0 1"/>
        </f>
        <f v="85 106 107" fn="-0 -0 1">
            <n d="0 0 1"/>
            <n d="0 0 1"/>
            <n d="0 0 1"/>
        </f>
        <f v="84 107 16" fn="0 0 1">
            <n d="0 0 1"/>
            <n d="0 0 1"/>
            <n d="0 0 1"/>
        </f>
        <f v="86 83 85" fn="-0 0 1">
            <n d="0 0 1"/>
            <n d="0 0 1"/>
            <n d="0 0 1"/>
        </f>
        <f v="85 107 84" fn="0 0 1">
            <n d="0 0 1"/>
            <n d="0 0 1"/>
            <n d="0 0 1"/>
        </f>
        <f v="86 12 83" fn="-0 -0 1">
            <n d="0 0 1"/>
            <n d="0 0 1"/>
            <n d="0 0 1"/>
        </f>
    </facets>
    <facets color="f9f9f9">
        <f v="30 94 93" fn="0 1 0">
            <n d="-0 1 -0"/>
            <n d="-0 1 -0"/>
            <n d="-0 1 -0"/>
        </f>
        <f v="32 2 95" fn="-0 1 0">
            <n d="-0 1 -0"/>
            <n d="-0 1 -0"/>
            <n d="-0 1 -0"/>
        </f>
        <f v="42 43 100" fn="-0 1 -0">
            <n d="-0 1 -0"/>
            <n d="-0 1 -0"/>
            <n d="-0 1 -0"/>
        </f>
        <f v="57 105 5" fn="-0 1 -0">
            <n d="-0 1 -0"/>
            <n d="-0 1 -0"/>
            <n d="-0 1 -0"/>
        </f>
        <f v="5 105 19" fn="0 1 -0">
            <n d="-0 1 -0"/>
            <n d="-0 1 -0"/>
            <n d="-0 1 -0"/>
        </f>
        <f v="43 44 100" fn="0 1 0">
            <n d="-0 1 -0"/>
            <n d="-0 1 -0"/>
            <n d="-0 1 -0"/>
        </f>
        <f v="49 50 88" fn="0 1 0">
            <n d="-0 1 -0"/>
            <n d="-0 1 -0"/>
            <n d="-0 1 -0"/>
        </f>
        <f v="59 7 107" fn="0 1 0">
            <n d="-0 1 -0"/>
            <n d="-0 1 -0"/>
            <n d="-0 1 -0"/>
        </f>
        <f v="48 49 88" fn="-0 1 0">
            <n d="-0 1 -0"/>
            <n d="-0 1 -0"/>
            <n d="-0 1 -0"/>
        </f>
        <f v="3 93 17" fn="0 1 0">
            <n d="-0 1 -0"/>
            <n d="-0 1 -0"/>
            <n d="-0 1 -0"/>
        </f>
        <f v="44 5 101" fn="0 1 0">
            <n d="-0 1 -0"/>
            <n d="-0 1 -0"/>
            <n d="-0 1 -0"/>
        </f>
        <f v="5 19 101" fn="-0 1 -0">
            <n d="-0 1 -0"/>
            <n d="-0 1 -0"/>
            <n d="-0 1 -0"/>
        </f>
        <f v="57 106 105" fn="0 1 -0">
            <n d="-0 1 -0"/>
            <n d="-0 1 -0"/>
            <n d="-0 1 -0"/>
        </f>
        <f v="44 101 100" fn="-0 1 -0">
            <n d="-0 1 -0"/>
            <n d="-0 1 -0"/>
            <n d="-0 1 -0"/>
        </f>
        <f v="42 100 99" fn="-0 1 0">
            <n d="-0 1 -0"/>
            <n d="-0 1 -0"/>
            <n d="-0 1 -0"/>
        </f>
        <f v="31 32 94" fn="-0 1 0">
            <n d="-0 1 -0"/>
            <n d="-0 1 -0"/>
            <n d="-0 1 -0"/>
        </f>
        <f v="2 99 18" fn="-0 1 0">
            <n d="-0 1 -0"/>
            <n d="-0 1 -0"/>
            <n d="-0 1 -0"/>
        </f>
        <f v="2 42 99" fn="-0 1 -0">
            <n d="-0 1 -0"/>
            <n d="-0 1 -0"/>
            <n d="-0 1 -0"/>
        </f>
        <f v="2 18 95" fn="0 1 0">
            <n d="-0 1 -0"/>
            <n d="-0 1 -0"/>
            <n d="-0 1 -0"/>
        </f>
        <f v="32 95 94" fn="-0 1 0">
            <n d="-0 1 -0"/>
            <n d="-0 1 -0"/>
            <n d="-0 1 -0"/>
        </f>
        <f v="30 31 94" fn="-0 1 -0">
            <n d="-0 1 -0"/>
            <n d="-0 1 -0"/>
            <n d="-0 1 -0"/>
        </f>
        <f v="50 3 89" fn="0 1 0">
            <n d="-0 1 -0"/>
            <n d="-0 1 -0"/>
            <n d="-0 1 -0"/>
        </f>
        <f v="3 30 93" fn="-0 1 -0">
            <n d="-0 1 -0"/>
            <n d="-0 1 -0"/>
            <n d="-0 1 -0"/>
        </f>
        <f v="3 17 89" fn="0 1 0">
            <n d="-0 1 -0"/>
            <n d="-0 1 -0"/>
            <n d="-0 1 -0"/>
        </f>
        <f v="50 89 88" fn="0 1 -0">
            <n d="-0 1 -0"/>
            <n d="-0 1 -0"/>
            <n d="-0 1 -0"/>
        </f>
        <f v="48 88 87" fn="0 1 0">
            <n d="-0 1 -0"/>
            <n d="-0 1 -0"/>
            <n d="-0 1 -0"/>
        </f>
        <f v="58 59 106" fn="0 1 -0">
            <n d="-0 1 -0"/>
            <n d="-0 1 -0"/>
            <n d="-0 1 -0"/>
        </f>
        <f v="7 87 16" fn="0 1 0">
            <n d="-0 1 -0"/>
            <n d="-0 1 -0"/>
            <n d="-0 1 -0"/>
        </f>
        <f v="7 48 87" fn="-0 1 0">
            <n d="-0 1 -0"/>
            <n d="-0 1 -0"/>
            <n d="-0 1 -0"/>
        </f>
        <f v="7 16 107" fn="0 1 -0">
            <n d="-0 1 -0"/>
            <n d="-0 1 -0"/>
            <n d="-0 1 -0"/>
        </f>
        <f v="59 107 106" fn="-0 1 -0">
            <n d="-0 1 -0"/>
            <n d="-0 1 -0"/>
            <n d="-0 1 -0"/>
        </f>
        <f v="57 58 106" fn="-0 1 -0">
            <n d="-0 1 -0"/>
            <n d="-0 1 -0"/>
            <n d="-0 1 -0"/>
        </f>
    </facets>
    <facets color="f9f9f9">
        <f v="115 62 61" fn="-0 -0 -1">
            <n d="0 0 -1"/>
            <n d="0 0 -1"/>
            <n d="0 0 -1"/>
        </f>
        <f v="110 60 8" fn="-0 0 -1">
            <n d="0 0 -1"/>
            <n d="0 0 -1"/>
            <n d="0 0 -1"/>
        </f>
        <f v="109 61 60" fn="-0 -0 -1">
            <n d="0 0 -1"/>
            <n d="0 0 -1"/>
            <n d="0 0 -1"/>
        </f>
        <f v="109 60 110" fn="0 0 -1">
            <n d="0 0 -1"/>
            <n d="0 0 -1"/>
            <n d="0 0 -1"/>
        </f>
        <f v="112 61 109" fn="-0 -0 -1">
            <n d="0 0 -1"/>
            <n d="0 0 -1"/>
            <n d="0 0 -1"/>
        </f>
        <f v="111 109 108" fn="0 0 -1">
            <n d="0 0 -1"/>
            <n d="0 0 -1"/>
            <n d="0 0 -1"/>
        </f>
        <f v="111 108 20" fn="0 0 -1">
            <n d="0 0 -1"/>
            <n d="0 0 -1"/>
            <n d="0 0 -1"/>
        </f>
        <f v="112 109 111" fn="0 0 -1">
            <n d="0 0 -1"/>
            <n d="0 0 -1"/>
            <n d="0 0 -1"/>
        </f>
        <f v="115 61 112" fn="0 -0 -1">
            <n d="0 0 -1"/>
            <n d="0 0 -1"/>
            <n d="0 0 -1"/>
        </f>
        <f v="116 62 115" fn="0 0 -1">
            <n d="0 0 -1"/>
            <n d="0 0 -1"/>
            <n d="0 0 -1"/>
        </f>
        <f v="114 113 21" fn="-0 -0 -1">
            <n d="0 0 -1"/>
            <n d="0 0 -1"/>
            <n d="0 0 -1"/>
        </f>
        <f v="115 112 113" fn="-0 -0 -1">
            <n d="0 0 -1"/>
            <n d="0 0 -1"/>
            <n d="0 0 -1"/>
        </f>
        <f v="115 113 114" fn="0 0 -1">
            <n d="0 0 -1"/>
            <n d="0 0 -1"/>
            <n d="0 0 -1"/>
        </f>
        <f v="116 9 62" fn="-0 -0 -1">
            <n d="0 0 -1"/>
            <n d="0 0 -1"/>
            <n d="0 0 -1"/>
        </f>
    </facets>
    <facets color="f9f9f9">
        <f v="121 65 64" fn="-1 -0 -0">
            <n d="-1 0 -9.03501810404587e-017"/>
            <n d="-1 0 -9.03501810404587e-017"/>
            <n d="-1 0 -9.03501810404587e-017"/>
        </f>
        <f v="116 63 9" fn="-1 -0 -0">
            <n d="-1 0 -9.03501810404587e-017"/>
            <n d="-1 0 -9.03501810404587e-017"/>
            <n d="-1 0 -9.03501810404587e-017"/>
        </f>
        <f v="115 64 63" fn="-1 -0 -0">
            <n d="-1 0 -9.03501810404587e-017"/>
            <n d="-1 0 -9.03501810404587e-017"/>
            <n d="-1 0 -9.03501810404587e-017"/>
        </f>
        <f v="115 63 116" fn="-1 0 0">
            <n d="-1 0 -9.03501810404587e-017"/>
            <n d="-1 0 -9.03501810404587e-017"/>
            <n d="-1 0 -9.03501810404587e-017"/>
        </f>
        <f v="118 64 115" fn="-1 0 -0">
            <n d="-1 0 -9.03501810404587e-017"/>
            <n d="-1 0 -9.03501810404587e-017"/>
            <n d="-1 0 -9.03501810404587e-017"/>
        </f>
        <f v="117 115 114" fn="-1 0 0">
            <n d="-1 0 -9.03501810404587e-017"/>
            <n d="-1 0 -9.03501810404587e-017"/>
            <n d="-1 0 -9.03501810404587e-017"/>
        </f>
        <f v="117 114 21" fn="-1 0 0">
            <n d="-1 0 -9.03501810404587e-017"/>
            <n d="-1 0 -9.03501810404587e-017"/>
            <n d="-1 0 -9.03501810404587e-017"/>
        </f>
        <f v="118 115 117" fn="-1 0 0">
            <n d="-1 0 -9.03501810404587e-017"/>
            <n d="-1 0 -9.03501810404587e-017"/>
            <n d="-1 0 -9.03501810404587e-017"/>
        </f>
        <f v="121 64 118" fn="-1 -0 -0">
            <n d="-1 0 -9.03501810404587e-017"/>
            <n d="-1 0 -9.03501810404587e-017"/>
            <n d="-1 0 -9.03501810404587e-017"/>
        </f>
        <f v="122 65 121" fn="-1 -0 -0">
            <n d="-1 0 -9.03501810404587e-017"/>
            <n d="-1 0 -9.03501810404587e-017"/>
            <n d="-1 0 -9.03501810404587e-017"/>
        </f>
        <f v="120 119 22" fn="-1 -0 -0">
            <n d="-1 0 -9.03501810404587e-017"/>
            <n d="-1 0 -9.03501810404587e-017"/>
            <n d="-1 0 -9.03501810404587e-017"/>
        </f>
        <f v="121 118 119" fn="-1 -0 -0">
            <n d="-1 0 -9.03501810404587e-017"/>
            <n d="-1 0 -9.03501810404587e-017"/>
            <n d="-1 0 -9.03501810404587e-017"/>
        </f>
        <f v="121 119 120" fn="-1 -0 0">
            <n d="-1 0 -9.03501810404587e-017"/>
            <n d="-1 0 -9.03501810404587e-017"/>
            <n d="-1 0 -9.03501810404587e-017"/>
        </f>
        <f v="122 10 65" fn="-1 0 -0">
            <n d="-1 0 -9.03501810404587e-017"/>
            <n d="-1 0 -9.03501810404587e-017"/>
            <n d="-1 0 -9.03501810404587e-017"/>
        </f>
    </facets>
    <facets color="f9f9f9">
        <f v="127 68 67" fn="-0 -0 1">
            <n d="0 0 1"/>
            <n d="0 0 1"/>
            <n d="0 0 1"/>
        </f>
        <f v="122 66 10" fn="-0 -0 1">
            <n d="0 0 1"/>
            <n d="0 0 1"/>
            <n d="0 0 1"/>
        </f>
        <f v="121 67 66" fn="-0 -0 1">
            <n d="0 0 1"/>
            <n d="0 0 1"/>
            <n d="0 0 1"/>
        </f>
        <f v="121 66 122" fn="0 0 1">
            <n d="0 0 1"/>
            <n d="0 0 1"/>
            <n d="0 0 1"/>
        </f>
        <f v="124 67 121" fn="-0 -0 1">
            <n d="0 0 1"/>
            <n d="0 0 1"/>
            <n d="0 0 1"/>
        </f>
        <f v="123 121 120" fn="0 0 1">
            <n d="0 0 1"/>
            <n d="0 0 1"/>
            <n d="0 0 1"/>
        </f>
        <f v="123 120 22" fn="0 0 1">
            <n d="0 0 1"/>
            <n d="0 0 1"/>
            <n d="0 0 1"/>
        </f>
        <f v="124 121 123" fn="0 0 1">
            <n d="0 0 1"/>
            <n d="0 0 1"/>
            <n d="0 0 1"/>
        </f>
        <f v="127 67 124" fn="0 -0 1">
            <n d="0 0 1"/>
            <n d="0 0 1"/>
            <n d="0 0 1"/>
        </f>
        <f v="128 68 127" fn="0 0 1">
            <n d="0 0 1"/>
            <n d="0 0 1"/>
            <n d="0 0 1"/>
        </f>
        <f v="126 125 23" fn="-0 0 1">
            <n d="0 0 1"/>
            <n d="0 0 1"/>
            <n d="0 0 1"/>
        </f>
        <f v="127 124 125" fn="-0 -0 1">
            <n d="0 0 1"/>
            <n d="0 0 1"/>
            <n d="0 0 1"/>
        </f>
        <f v="127 125 126" fn="0 0 1">
            <n d="0 0 1"/>
            <n d="0 0 1"/>
            <n d="0 0 1"/>
        </f>
        <f v="128 11 68" fn="-0 -0 1">
            <n d="0 0 1"/>
            <n d="0 0 1"/>
            <n d="0 0 1"/>
        </f>
    </facets>
    <facets color="f9f9f9">
        <f v="109 71 70" fn="1 -0 -0">
            <n d="1 0 0"/>
            <n d="1 0 0"/>
            <n d="1 0 0"/>
        </f>
        <f v="128 69 11" fn="1 -0 -0">
            <n d="1 0 0"/>
            <n d="1 0 0"/>
            <n d="1 0 0"/>
        </f>
        <f v="127 70 69" fn="1 -0 -0">
            <n d="1 0 0"/>
            <n d="1 0 0"/>
            <n d="1 0 0"/>
        </f>
        <f v="127 69 128" fn="1 -0 0">
            <n d="1 0 0"/>
            <n d="1 0 0"/>
            <n d="1 0 0"/>
        </f>
        <f v="130 70 127" fn="1 -0 -0">
            <n d="1 0 0"/>
            <n d="1 0 0"/>
            <n d="1 0 0"/>
        </f>
        <f v="129 127 126" fn="1 0 0">
            <n d="1 0 0"/>
            <n d="1 0 0"/>
            <n d="1 0 0"/>
        </f>
        <f v="129 126 23" fn="1 0 0">
            <n d="1 0 0"/>
            <n d="1 0 0"/>
            <n d="1 0 0"/>
        </f>
        <f v="130 127 129" fn="1 0 0">
            <n d="1 0 0"/>
            <n d="1 0 0"/>
            <n d="1 0 0"/>
        </f>
        <f v="109 70 130" fn="1 -0 -0">
            <n d="1 0 0"/>
            <n d="1 0 0"/>
            <n d="1 0 0"/>
        </f>
        <f v="110 71 109" fn="1 0 -0">
            <n d="1 0 0"/>
            <n d="1 0 0"/>
            <n d="1 0 0"/>
        </f>
        <f v="108 131 20" fn="1 -0 -0">
            <n d="1 0 0"/>
            <n d="1 0 0"/>
            <n d="1 0 0"/>
        </f>
        <f v="109 130 131" fn="1 -0 -0">
            <n d="1 0 0"/>
            <n d="1 0 0"/>
            <n d="1 0 0"/>
        </f>
        <f v="109 131 108" fn="1 0 0">
            <n d="1 0 0"/>
            <n d="1 0 0"/>
            <n d="1 0 0"/>
        </f>
        <f v="110 8 71" fn="1 -0 -0">
            <n d="1 0 0"/>
            <n d="1 0 0"/>
            <n d="1 0 0"/>
        </f>
    </facets>
    <facets color="f9f9f9">
        <f v="45 118 117" fn="-0 -1 0">
            <n d="-0 -1 -0"/>
            <n d="-0 -1 -0"/>
            <n d="-0 -1 -0"/>
        </f>
        <f v="47 6 119" fn="0 -1 0">
            <n d="-0 -1 -0"/>
            <n d="-0 -1 -0"/>
            <n d="-0 -1 -0"/>
        </f>
        <f v="46 47 118" fn="0 -1 0">
            <n d="-0 -1 -0"/>
            <n d="-0 -1 -0"/>
            <n d="-0 -1 -0"/>
        </f>
        <f v="56 4 125" fn="0 -1 0">
            <n d="-0 -1 -0"/>
            <n d="-0 -1 -0"/>
            <n d="-0 -1 -0"/>
        </f>
        <f v="36 37 130" fn="-0 -1 -0">
            <n d="-0 -1 -0"/>
            <n d="-0 -1 -0"/>
            <n d="-0 -1 -0"/>
        </f>
        <f v="24 111 0" fn="0 -1 -0">
            <n d="-0 -1 -0"/>
            <n d="-0 -1 -0"/>
            <n d="-0 -1 -0"/>
        </f>
        <f v="0 111 20" fn="0 -1 -0">
            <n d="-0 -1 -0"/>
            <n d="-0 -1 -0"/>
            <n d="-0 -1 -0"/>
        </f>
        <f v="45 46 118" fn="-0 -1 0">
            <n d="-0 -1 -0"/>
            <n d="-0 -1 -0"/>
            <n d="-0 -1 -0"/>
        </f>
        <f v="37 38 130" fn="0 -1 0">
            <n d="-0 -1 -0"/>
            <n d="-0 -1 -0"/>
            <n d="-0 -1 -0"/>
        </f>
        <f v="1 117 21" fn="-0 -1 0">
            <n d="-0 -1 -0"/>
            <n d="-0 -1 -0"/>
            <n d="-0 -1 -0"/>
        </f>
        <f v="38 0 131" fn="0 -1 0">
            <n d="-0 -1 -0"/>
            <n d="-0 -1 -0"/>
            <n d="-0 -1 -0"/>
        </f>
        <f v="0 20 131" fn="0 -1 -0">
            <n d="-0 -1 -0"/>
            <n d="-0 -1 -0"/>
            <n d="-0 -1 -0"/>
        </f>
        <f v="24 112 111" fn="0 -1 -0">
            <n d="-0 -1 -0"/>
            <n d="-0 -1 -0"/>
            <n d="-0 -1 -0"/>
        </f>
        <f v="38 131 130" fn="0 -1 -0">
            <n d="-0 -1 -0"/>
            <n d="-0 -1 -0"/>
            <n d="-0 -1 -0"/>
        </f>
        <f v="36 130 129" fn="0 -1 0">
            <n d="-0 -1 -0"/>
            <n d="-0 -1 -0"/>
            <n d="-0 -1 -0"/>
        </f>
        <f v="55 56 124" fn="0 -1 0">
            <n d="-0 -1 -0"/>
            <n d="-0 -1 -0"/>
            <n d="-0 -1 -0"/>
        </f>
        <f v="4 129 23" fn="0 -1 0">
            <n d="-0 -1 -0"/>
            <n d="-0 -1 -0"/>
            <n d="-0 -1 -0"/>
        </f>
        <f v="4 36 129" fn="-0 -1 -0">
            <n d="-0 -1 -0"/>
            <n d="-0 -1 -0"/>
            <n d="-0 -1 -0"/>
        </f>
        <f v="4 23 125" fn="0 -1 0">
            <n d="-0 -1 -0"/>
            <n d="-0 -1 -0"/>
            <n d="-0 -1 -0"/>
        </f>
        <f v="56 125 124" fn="-0 -1 0">
            <n d="-0 -1 -0"/>
            <n d="-0 -1 -0"/>
            <n d="-0 -1 -0"/>
        </f>
        <f v="54 124 123" fn="0 -1 0">
            <n d="-0 -1 -0"/>
            <n d="-0 -1 -0"/>
            <n d="-0 -1 -0"/>
        </f>
        <f v="54 55 124" fn="-0 -1 -0">
            <n d="-0 -1 -0"/>
            <n d="-0 -1 -0"/>
            <n d="-0 -1 -0"/>
        </f>
        <f v="6 123 22" fn="0 -1 0">
            <n d="-0 -1 -0"/>
            <n d="-0 -1 -0"/>
            <n d="-0 -1 -0"/>
        </f>
        <f v="6 54 123" fn="-0 -1 -0">
            <n d="-0 -1 -0"/>
            <n d="-0 -1 -0"/>
            <n d="-0 -1 -0"/>
        </f>
        <f v="6 22 119" fn="-0 -1 0">
            <n d="-0 -1 -0"/>
            <n d="-0 -1 -0"/>
            <n d="-0 -1 -0"/>
        </f>
        <f v="47 119 118" fn="-0 -1 -0">
            <n d="-0 -1 -0"/>
            <n d="-0 -1 -0"/>
            <n d="-0 -1 -0"/>
        </f>
        <f v="25 26 112" fn="-0 -1 -0">
            <n d="-0 -1 -0"/>
            <n d="-0 -1 -0"/>
            <n d="-0 -1 -0"/>
        </f>
        <f v="26 1 113" fn="-0 -1 0">
            <n d="-0 -1 -0"/>
            <n d="-0 -1 -0"/>
            <n d="-0 -1 -0"/>
        </f>
        <f v="1 45 117" fn="-0 -1 0">
            <n d="-0 -1 -0"/>
            <n d="-0 -1 -0"/>
            <n d="-0 -1 -0"/>
        </f>
        <f v="1 21 113" fn="0 -1 -0">
            <n d="-0 -1 -0"/>
            <n d="-0 -1 -0"/>
            <n d="-0 -1 -0"/>
        </f>
        <f v="26 113 112" fn="-0 -1 -0">
            <n d="-0 -1 -0"/>
            <n d="-0 -1 -0"/>
            <n d="-0 -1 -0"/>
        </f>
        <f v="24 25 112" fn="-0 -1 -0">
            <n d="-0 -1 -0"/>
            <n d="-0 -1 -0"/>
            <n d="-0 -1 -0"/>
        </f>
    </facets>
</shell>
</step-assembly>
